org,metric,period,previous_count,current_count,change,change_pct,change_per_week,programs,city,state,previous_at,current_at,elapsed_days,from_zero,ranking_eligible,source_url
aacounty,totalRegisteredCameras,previous,1026,1026,0,0.0,0.0,Connect Anne Arundel,Anne Arundel County,MD,2026-09-15T23:08:16Z,2026-09-15T23:17:27Z,0.006377,False,False,https://api.fususone.com/api/public/organizations/aacounty/stats/
aacounty,totalIntegratedCameras,previous,3664,3664,0,0.0,0.0,Connect Anne Arundel,Anne Arundel County,MD,2026-09-15T23:08:16Z,2026-09-15T23:17:27Z,0.006377,False,False,https://api.fususone.com/api/public/organizations/aacounty/stats/
aacounty,totalOwnedCameras,previous,2372,2372,0,0.0,0.0,Connect Anne Arundel,Anne Arundel County,MD,2026-09-15T23:08:16Z,2026-09-15T23:17:27Z,0.006377,False,False,https://api.fususone.com/api/public/organizations/aacounty/stats/
aacounty,totalSharedCameras,previous,534,534,0,0.0,0.0,Connect Anne Arundel,Anne Arundel County,MD,2026-09-15T23:08:16Z,2026-09-15T23:17:27Z,0.006377,False,False,https://api.fususone.com/api/public/organizations/aacounty/stats/
aacounty,totalMaxCameras,previous,1500,1500,0,0.0,0.0,Connect Anne Arundel,Anne Arundel County,MD,2026-09-15T23:08:16Z,2026-09-15T23:17:27Z,0.006377,False,False,https://api.fususone.com/api/public/organizations/aacounty/stats/
aacounty,subscribedCameras,previous,2336,2336,0,0.0,0.0,Connect Anne Arundel,Anne Arundel County,MD,2026-09-15T23:08:16Z,2026-09-15T23:17:27Z,0.006377,False,False,https://api.fususone.com/api/public/organizations/aacounty/stats/
accpd,totalRegisteredCameras,previous,68,68,0,0.0,0.0,Connect Athens-Clarke County,Athens-Clarke County,GA,2026-09-15T23:08:17Z,2026-09-15T23:17:28Z,0.006377,False,False,https://api.fususone.com/api/public/organizations/accpd/stats/
accpd,totalIntegratedCameras,previous,4308,4308,0,0.0,0.0,Connect Athens-Clarke County,Athens-Clarke County,GA,2026-09-15T23:08:17Z,2026-09-15T23:17:28Z,0.006377,False,False,https://api.fususone.com/api/public/organizations/accpd/stats/
accpd,totalOwnedCameras,previous,1827,1827,0,0.0,0.0,Connect Athens-Clarke County,Athens-Clarke County,GA,2026-09-15T23:08:17Z,2026-09-15T23:17:28Z,0.006377,False,False,https://api.fususone.com/api/public/organizations/accpd/stats/
accpd,totalSharedCameras,previous,297,297,0,0.0,0.0,Connect Athens-Clarke County,Athens-Clarke County,GA,2026-09-15T23:08:17Z,2026-09-15T23:17:28Z,0.006377,False,False,https://api.fususone.com/api/public/organizations/accpd/stats/
accpd,totalMaxCameras,previous,500,500,0,0.0,0.0,Connect Athens-Clarke County,Athens-Clarke County,GA,2026-09-15T23:08:17Z,2026-09-15T23:17:28Z,0.006377,False,False,https://api.fususone.com/api/public/organizations/accpd/stats/
accpd,subscribedCameras,previous,526,526,0,0.0,0.0,Connect Athens-Clarke County,Athens-Clarke County,GA,2026-09-15T23:08:17Z,2026-09-15T23:17:28Z,0.006377,False,False,https://api.fususone.com/api/public/organizations/accpd/stats/
acworthga,totalRegisteredCameras,previous,150,150,0,0.0,0.0,Connect Acworth,Acworth,GA,2026-09-15T23:08:18Z,2026-09-15T23:17:29Z,0.006377,False,False,https://api.fususone.com/api/public/organizations/acworthga/stats/
acworthga,totalIntegratedCameras,previous,10580,10580,0,0.0,0.0,Connect Acworth,Acworth,GA,2026-09-15T23:08:18Z,2026-09-15T23:17:29Z,0.006377,False,False,https://api.fususone.com/api/public/organizations/acworthga/stats/
acworthga,totalOwnedCameras,previous,237,237,0,0.0,0.0,Connect Acworth,Acworth,GA,2026-09-15T23:08:18Z,2026-09-15T23:17:29Z,0.006377,False,False,https://api.fususone.com/api/public/organizations/acworthga/stats/
acworthga,totalSharedCameras,previous,451,451,0,0.0,0.0,Connect Acworth,Acworth,GA,2026-09-15T23:08:18Z,2026-09-15T23:17:29Z,0.006377,False,False,https://api.fususone.com/api/public/organizations/acworthga/stats/
acworthga,totalMaxCameras,previous,500,500,0,0.0,0.0,Connect Acworth,Acworth,GA,2026-09-15T23:08:18Z,2026-09-15T23:17:29Z,0.006377,False,False,https://api.fususone.com/api/public/organizations/acworthga/stats/
acworthga,subscribedCameras,previous,237,237,0,0.0,0.0,Connect Acworth,Acworth,GA,2026-09-15T23:08:18Z,2026-09-15T23:17:29Z,0.006377,False,False,https://api.fususone.com/api/public/organizations/acworthga/stats/
adamscsoco,totalRegisteredCameras,previous,156,156,0,0.0,0.0,Connect Adams County,Adams County,CO,2026-09-15T23:08:19Z,2026-09-15T23:17:30Z,0.006377,False,False,https://api.fususone.com/api/public/organizations/adamscsoco/stats/
adamscsoco,totalIntegratedCameras,previous,166,166,0,0.0,0.0,Connect Adams County,Adams County,CO,2026-09-15T23:08:19Z,2026-09-15T23:17:30Z,0.006377,False,False,https://api.fususone.com/api/public/organizations/adamscsoco/stats/
adamscsoco,totalOwnedCameras,previous,166,166,0,0.0,0.0,Connect Adams County,Adams County,CO,2026-09-15T23:08:19Z,2026-09-15T23:17:30Z,0.006377,False,False,https://api.fususone.com/api/public/organizations/adamscsoco/stats/
adamscsoco,totalSharedCameras,previous,0,0,0,,0.0,Connect Adams County,Adams County,CO,2026-09-15T23:08:19Z,2026-09-15T23:17:30Z,0.006377,True,False,https://api.fususone.com/api/public/organizations/adamscsoco/stats/
adamscsoco,totalMaxCameras,previous,1500,1500,0,0.0,0.0,Connect Adams County,Adams County,CO,2026-09-15T23:08:19Z,2026-09-15T23:17:30Z,0.006377,False,False,https://api.fususone.com/api/public/organizations/adamscsoco/stats/
adamscsoco,subscribedCameras,previous,166,166,0,0.0,0.0,Connect Adams County,Adams County,CO,2026-09-15T23:08:19Z,2026-09-15T23:17:30Z,0.006377,False,False,https://api.fususone.com/api/public/organizations/adamscsoco/stats/
alachuasheriff,totalRegisteredCameras,previous,0,0,0,,0.0,Connect Alachua County,Alachua County,FL,2026-09-15T23:08:20Z,2026-09-15T23:17:31Z,0.006377,True,False,https://api.fususone.com/api/public/organizations/alachuasheriff/stats/
alachuasheriff,totalIntegratedCameras,previous,216,216,0,0.0,0.0,Connect Alachua County,Alachua County,FL,2026-09-15T23:08:20Z,2026-09-15T23:17:31Z,0.006377,False,False,https://api.fususone.com/api/public/organizations/alachuasheriff/stats/
alachuasheriff,totalOwnedCameras,previous,160,160,0,0.0,0.0,Connect Alachua County,Alachua County,FL,2026-09-15T23:08:20Z,2026-09-15T23:17:31Z,0.006377,False,False,https://api.fususone.com/api/public/organizations/alachuasheriff/stats/
alachuasheriff,totalSharedCameras,previous,0,0,0,,0.0,Connect Alachua County,Alachua County,FL,2026-09-15T23:08:20Z,2026-09-15T23:17:31Z,0.006377,True,False,https://api.fususone.com/api/public/organizations/alachuasheriff/stats/
alachuasheriff,totalMaxCameras,previous,850,850,0,0.0,0.0,Connect Alachua County,Alachua County,FL,2026-09-15T23:08:20Z,2026-09-15T23:17:31Z,0.006377,False,False,https://api.fususone.com/api/public/organizations/alachuasheriff/stats/
alachuasheriff,subscribedCameras,previous,143,143,0,0.0,0.0,Connect Alachua County,Alachua County,FL,2026-09-15T23:08:20Z,2026-09-15T23:17:31Z,0.006377,False,False,https://api.fususone.com/api/public/organizations/alachuasheriff/stats/
albanypolice,totalRegisteredCameras,previous,725,725,0,0.0,0.0,Connect Albany,Albany,GA,2026-09-15T23:08:21Z,2026-09-15T23:17:32Z,0.006377,False,False,https://api.fususone.com/api/public/organizations/albanypolice/stats/
albanypolice,totalIntegratedCameras,previous,13935,13935,0,0.0,0.0,Connect Albany,Albany,GA,2026-09-15T23:08:21Z,2026-09-15T23:17:32Z,0.006377,False,False,https://api.fususone.com/api/public/organizations/albanypolice/stats/
albanypolice,totalOwnedCameras,previous,1154,1154,0,0.0,0.0,Connect Albany,Albany,GA,2026-09-15T23:08:21Z,2026-09-15T23:17:32Z,0.006377,False,False,https://api.fususone.com/api/public/organizations/albanypolice/stats/
albanypolice,totalSharedCameras,previous,3414,3414,0,0.0,0.0,Connect Albany,Albany,GA,2026-09-15T23:08:21Z,2026-09-15T23:17:32Z,0.006377,False,False,https://api.fususone.com/api/public/organizations/albanypolice/stats/
albanypolice,totalMaxCameras,previous,6634,6634,0,0.0,0.0,Connect Albany,Albany,GA,2026-09-15T23:08:21Z,2026-09-15T23:17:32Z,0.006377,False,False,https://api.fususone.com/api/public/organizations/albanypolice/stats/
albanypolice,subscribedCameras,previous,1140,1140,0,0.0,0.0,Connect Albany,Albany,GA,2026-09-15T23:08:21Z,2026-09-15T23:17:32Z,0.006377,False,False,https://api.fususone.com/api/public/organizations/albanypolice/stats/
alpharetta,totalRegisteredCameras,previous,0,0,0,,0.0,Connect Alpharetta,Alpharetta,GA,2026-09-15T23:08:22Z,2026-09-15T23:17:33Z,0.006377,True,False,https://api.fususone.com/api/public/organizations/alpharetta/stats/
alpharetta,totalIntegratedCameras,previous,0,0,0,,0.0,Connect Alpharetta,Alpharetta,GA,2026-09-15T23:08:22Z,2026-09-15T23:17:33Z,0.006377,True,False,https://api.fususone.com/api/public/organizations/alpharetta/stats/
alpharetta,totalOwnedCameras,previous,0,0,0,,0.0,Connect Alpharetta,Alpharetta,GA,2026-09-15T23:08:22Z,2026-09-15T23:17:33Z,0.006377,True,False,https://api.fususone.com/api/public/organizations/alpharetta/stats/
alpharetta,totalSharedCameras,previous,0,0,0,,0.0,Connect Alpharetta,Alpharetta,GA,2026-09-15T23:08:22Z,2026-09-15T23:17:33Z,0.006377,True,False,https://api.fususone.com/api/public/organizations/alpharetta/stats/
alpharetta,totalMaxCameras,previous,2500,2500,0,0.0,0.0,Connect Alpharetta,Alpharetta,GA,2026-09-15T23:08:22Z,2026-09-15T23:17:33Z,0.006377,False,False,https://api.fususone.com/api/public/organizations/alpharetta/stats/
alpharetta,subscribedCameras,previous,0,0,0,,0.0,Connect Alpharetta,Alpharetta,GA,2026-09-15T23:08:22Z,2026-09-15T23:17:33Z,0.006377,True,False,https://api.fususone.com/api/public/organizations/alpharetta/stats/
alsipil,totalRegisteredCameras,previous,737,737,0,0.0,0.0,Connect Alsip,Alsip,IL,2026-09-15T23:08:23Z,2026-09-15T23:17:34Z,0.006377,False,False,https://api.fususone.com/api/public/organizations/alsipil/stats/
alsipil,totalIntegratedCameras,previous,977,977,0,0.0,0.0,Connect Alsip,Alsip,IL,2026-09-15T23:08:23Z,2026-09-15T23:17:34Z,0.006377,False,False,https://api.fususone.com/api/public/organizations/alsipil/stats/
alsipil,totalOwnedCameras,previous,930,930,0,0.0,0.0,Connect Alsip,Alsip,IL,2026-09-15T23:08:23Z,2026-09-15T23:17:34Z,0.006377,False,False,https://api.fususone.com/api/public/organizations/alsipil/stats/
alsipil,totalSharedCameras,previous,26,26,0,0.0,0.0,Connect Alsip,Alsip,IL,2026-09-15T23:08:23Z,2026-09-15T23:17:34Z,0.006377,False,False,https://api.fususone.com/api/public/organizations/alsipil/stats/
alsipil,totalMaxCameras,previous,1500,1500,0,0.0,0.0,Connect Alsip,Alsip,IL,2026-09-15T23:08:23Z,2026-09-15T23:17:34Z,0.006377,False,False,https://api.fususone.com/api/public/organizations/alsipil/stats/
alsipil,subscribedCameras,previous,979,979,0,0.0,0.0,Connect Alsip,Alsip,IL,2026-09-15T23:08:23Z,2026-09-15T23:17:34Z,0.006377,False,False,https://api.fususone.com/api/public/organizations/alsipil/stats/
altoonapd,totalRegisteredCameras,previous,345,345,0,0.0,0.0,Connect Altoona,Altoona,IA,2026-09-15T23:08:24Z,2026-09-15T23:17:35Z,0.006377,False,False,https://api.fususone.com/api/public/organizations/altoonapd/stats/
altoonapd,totalIntegratedCameras,previous,605,605,0,0.0,0.0,Connect Altoona,Altoona,IA,2026-09-15T23:08:24Z,2026-09-15T23:17:35Z,0.006377,False,False,https://api.fususone.com/api/public/organizations/altoonapd/stats/
altoonapd,totalOwnedCameras,previous,605,605,0,0.0,0.0,Connect Altoona,Altoona,IA,2026-09-15T23:08:24Z,2026-09-15T23:17:35Z,0.006377,False,False,https://api.fususone.com/api/public/organizations/altoonapd/stats/
altoonapd,totalSharedCameras,previous,0,0,0,,0.0,Connect Altoona,Altoona,IA,2026-09-15T23:08:24Z,2026-09-15T23:17:35Z,0.006377,True,False,https://api.fususone.com/api/public/organizations/altoonapd/stats/
altoonapd,totalMaxCameras,previous,925,925,0,0.0,0.0,Connect Altoona,Altoona,IA,2026-09-15T23:08:24Z,2026-09-15T23:17:35Z,0.006377,False,False,https://api.fususone.com/api/public/organizations/altoonapd/stats/
altoonapd,subscribedCameras,previous,595,595,0,0.0,0.0,Connect Altoona,Altoona,IA,2026-09-15T23:08:24Z,2026-09-15T23:17:35Z,0.006377,False,False,https://api.fususone.com/api/public/organizations/altoonapd/stats/
amarillopd,totalRegisteredCameras,previous,32,32,0,0.0,0.0,Connect Amarillo,Amarillo,TX,2026-09-15T23:08:25Z,2026-09-15T23:17:36Z,0.006377,False,False,https://api.fususone.com/api/public/organizations/amarillopd/stats/
amarillopd,totalIntegratedCameras,previous,491,491,0,0.0,0.0,Connect Amarillo,Amarillo,TX,2026-09-15T23:08:25Z,2026-09-15T23:17:36Z,0.006377,False,False,https://api.fususone.com/api/public/organizations/amarillopd/stats/
amarillopd,totalOwnedCameras,previous,491,491,0,0.0,0.0,Connect Amarillo,Amarillo,TX,2026-09-15T23:08:25Z,2026-09-15T23:17:36Z,0.006377,False,False,https://api.fususone.com/api/public/organizations/amarillopd/stats/
amarillopd,totalSharedCameras,previous,0,0,0,,0.0,Connect Amarillo,Amarillo,TX,2026-09-15T23:08:25Z,2026-09-15T23:17:36Z,0.006377,True,False,https://api.fususone.com/api/public/organizations/amarillopd/stats/
amarillopd,totalMaxCameras,previous,500,500,0,0.0,0.0,Connect Amarillo,Amarillo,TX,2026-09-15T23:08:25Z,2026-09-15T23:17:36Z,0.006377,False,False,https://api.fususone.com/api/public/organizations/amarillopd/stats/
amarillopd,subscribedCameras,previous,483,483,0,0.0,0.0,Connect Amarillo,Amarillo,TX,2026-09-15T23:08:25Z,2026-09-15T23:17:36Z,0.006377,False,False,https://api.fususone.com/api/public/organizations/amarillopd/stats/
anaheim,totalRegisteredCameras,previous,424,424,0,0.0,0.0,Connect Anaheim,Anaheim,CA,2026-09-15T23:08:26Z,2026-09-15T23:17:37Z,0.006377,False,False,https://api.fususone.com/api/public/organizations/anaheim/stats/
anaheim,totalIntegratedCameras,previous,714,714,0,0.0,0.0,Connect Anaheim,Anaheim,CA,2026-09-15T23:08:26Z,2026-09-15T23:17:37Z,0.006377,False,False,https://api.fususone.com/api/public/organizations/anaheim/stats/
anaheim,totalOwnedCameras,previous,667,667,0,0.0,0.0,Connect Anaheim,Anaheim,CA,2026-09-15T23:08:26Z,2026-09-15T23:17:37Z,0.006377,False,False,https://api.fususone.com/api/public/organizations/anaheim/stats/
anaheim,totalSharedCameras,previous,3,3,0,0.0,0.0,Connect Anaheim,Anaheim,CA,2026-09-15T23:08:26Z,2026-09-15T23:17:37Z,0.006377,False,False,https://api.fususone.com/api/public/organizations/anaheim/stats/
anaheim,totalMaxCameras,previous,1500,1500,0,0.0,0.0,Connect Anaheim,Anaheim,CA,2026-09-15T23:08:26Z,2026-09-15T23:17:37Z,0.006377,False,False,https://api.fususone.com/api/public/organizations/anaheim/stats/
anaheim,subscribedCameras,previous,636,636,0,0.0,0.0,Connect Anaheim,Anaheim,CA,2026-09-15T23:08:26Z,2026-09-15T23:17:37Z,0.006377,False,False,https://api.fususone.com/api/public/organizations/anaheim/stats/
anchoragepdak,totalRegisteredCameras,previous,269,269,0,0.0,0.0,Safe Anchorage,Anchorage,AK,2026-09-15T23:08:27Z,2026-09-15T23:17:38Z,0.006377,False,False,https://api.fususone.com/api/public/organizations/anchoragepdak/stats/
anchoragepdak,totalIntegratedCameras,previous,40,40,0,0.0,0.0,Safe Anchorage,Anchorage,AK,2026-09-15T23:08:27Z,2026-09-15T23:17:38Z,0.006377,False,False,https://api.fususone.com/api/public/organizations/anchoragepdak/stats/
anchoragepdak,totalOwnedCameras,previous,18,18,0,0.0,0.0,Safe Anchorage,Anchorage,AK,2026-09-15T23:08:27Z,2026-09-15T23:17:38Z,0.006377,False,False,https://api.fususone.com/api/public/organizations/anchoragepdak/stats/
anchoragepdak,totalSharedCameras,previous,22,22,0,0.0,0.0,Safe Anchorage,Anchorage,AK,2026-09-15T23:08:27Z,2026-09-15T23:17:38Z,0.006377,False,False,https://api.fususone.com/api/public/organizations/anchoragepdak/stats/
anchoragepdak,totalMaxCameras,previous,0,0,0,,0.0,Safe Anchorage,Anchorage,AK,2026-09-15T23:08:27Z,2026-09-15T23:17:38Z,0.006377,True,False,https://api.fususone.com/api/public/organizations/anchoragepdak/stats/
anchoragepdak,subscribedCameras,previous,18,18,0,0.0,0.0,Safe Anchorage,Anchorage,AK,2026-09-15T23:08:27Z,2026-09-15T23:17:38Z,0.006377,False,False,https://api.fususone.com/api/public/organizations/anchoragepdak/stats/
anokacountysomn,totalRegisteredCameras,previous,374,374,0,0.0,0.0,Anoka County Real Time Crime Center,Anoka County,MN,2026-09-15T23:08:28Z,2026-09-15T23:17:39Z,0.006377,False,False,https://api.fususone.com/api/public/organizations/anokacountysomn/stats/
anokacountysomn,totalIntegratedCameras,previous,2674,2674,0,0.0,0.0,Anoka County Real Time Crime Center,Anoka County,MN,2026-09-15T23:08:28Z,2026-09-15T23:17:39Z,0.006377,False,False,https://api.fususone.com/api/public/organizations/anokacountysomn/stats/
anokacountysomn,totalOwnedCameras,previous,635,635,0,0.0,0.0,Anoka County Real Time Crime Center,Anoka County,MN,2026-09-15T23:08:28Z,2026-09-15T23:17:39Z,0.006377,False,False,https://api.fususone.com/api/public/organizations/anokacountysomn/stats/
anokacountysomn,totalSharedCameras,previous,1721,1721,0,0.0,0.0,Anoka County Real Time Crime Center,Anoka County,MN,2026-09-15T23:08:28Z,2026-09-15T23:17:39Z,0.006377,False,False,https://api.fususone.com/api/public/organizations/anokacountysomn/stats/
anokacountysomn,totalMaxCameras,previous,500,500,0,0.0,0.0,Anoka County Real Time Crime Center,Anoka County,MN,2026-09-15T23:08:28Z,2026-09-15T23:17:39Z,0.006377,False,False,https://api.fususone.com/api/public/organizations/anokacountysomn/stats/
anokacountysomn,subscribedCameras,previous,634,634,0,0.0,0.0,Anoka County Real Time Crime Center,Anoka County,MN,2026-09-15T23:08:28Z,2026-09-15T23:17:39Z,0.006377,False,False,https://api.fususone.com/api/public/organizations/anokacountysomn/stats/
apachejunctionpdaz,totalRegisteredCameras,previous,0,0,0,,0.0,Connect Apache Junction,Apache Junction,AZ,2026-09-15T23:08:29Z,2026-09-15T23:17:40Z,0.006377,True,False,https://api.fususone.com/api/public/organizations/apachejunctionpdaz/stats/
apachejunctionpdaz,totalIntegratedCameras,previous,199,199,0,0.0,0.0,Connect Apache Junction,Apache Junction,AZ,2026-09-15T23:08:29Z,2026-09-15T23:17:40Z,0.006377,False,False,https://api.fususone.com/api/public/organizations/apachejunctionpdaz/stats/
apachejunctionpdaz,totalOwnedCameras,previous,199,199,0,0.0,0.0,Connect Apache Junction,Apache Junction,AZ,2026-09-15T23:08:29Z,2026-09-15T23:17:40Z,0.006377,False,False,https://api.fususone.com/api/public/organizations/apachejunctionpdaz/stats/
apachejunctionpdaz,totalSharedCameras,previous,0,0,0,,0.0,Connect Apache Junction,Apache Junction,AZ,2026-09-15T23:08:29Z,2026-09-15T23:17:40Z,0.006377,True,False,https://api.fususone.com/api/public/organizations/apachejunctionpdaz/stats/
apachejunctionpdaz,totalMaxCameras,previous,225,225,0,0.0,0.0,Connect Apache Junction,Apache Junction,AZ,2026-09-15T23:08:29Z,2026-09-15T23:17:40Z,0.006377,False,False,https://api.fususone.com/api/public/organizations/apachejunctionpdaz/stats/
apachejunctionpdaz,subscribedCameras,previous,191,191,0,0.0,0.0,Connect Apache Junction,Apache Junction,AZ,2026-09-15T23:08:29Z,2026-09-15T23:17:40Z,0.006377,False,False,https://api.fususone.com/api/public/organizations/apachejunctionpdaz/stats/
apopkapd,totalRegisteredCameras,previous,174,174,0,0.0,0.0,Connect Apopka,Apopka,FL,2026-09-15T23:08:30Z,2026-09-15T23:17:41Z,0.006377,False,False,https://api.fususone.com/api/public/organizations/apopkapd/stats/
apopkapd,totalIntegratedCameras,previous,7852,7852,0,0.0,0.0,Connect Apopka,Apopka,FL,2026-09-15T23:08:30Z,2026-09-15T23:17:41Z,0.006377,False,False,https://api.fususone.com/api/public/organizations/apopkapd/stats/
apopkapd,totalOwnedCameras,previous,224,224,0,0.0,0.0,Connect Apopka,Apopka,FL,2026-09-15T23:08:30Z,2026-09-15T23:17:41Z,0.006377,False,False,https://api.fususone.com/api/public/organizations/apopkapd/stats/
apopkapd,totalSharedCameras,previous,6894,6894,0,0.0,0.0,Connect Apopka,Apopka,FL,2026-09-15T23:08:30Z,2026-09-15T23:17:41Z,0.006377,False,False,https://api.fususone.com/api/public/organizations/apopkapd/stats/
apopkapd,totalMaxCameras,previous,500,500,0,0.0,0.0,Connect Apopka,Apopka,FL,2026-09-15T23:08:30Z,2026-09-15T23:17:41Z,0.006377,False,False,https://api.fususone.com/api/public/organizations/apopkapd/stats/
apopkapd,subscribedCameras,previous,221,221,0,0.0,0.0,Connect Apopka,Apopka,FL,2026-09-15T23:08:30Z,2026-09-15T23:17:41Z,0.006377,False,False,https://api.fususone.com/api/public/organizations/apopkapd/stats/
arlingtonheightspd,totalRegisteredCameras,previous,652,652,0,0.0,0.0,Connect Arlington Heights,Arlington Heights,IL,2026-09-15T23:08:31Z,2026-09-15T23:17:42Z,0.006377,False,False,https://api.fususone.com/api/public/organizations/arlingtonheightspd/stats/
arlingtonheightspd,totalIntegratedCameras,previous,1142,1142,0,0.0,0.0,Connect Arlington Heights,Arlington Heights,IL,2026-09-15T23:08:31Z,2026-09-15T23:17:42Z,0.006377,False,False,https://api.fususone.com/api/public/organizations/arlingtonheightspd/stats/
arlingtonheightspd,totalOwnedCameras,previous,379,379,0,0.0,0.0,Connect Arlington Heights,Arlington Heights,IL,2026-09-15T23:08:31Z,2026-09-15T23:17:42Z,0.006377,False,False,https://api.fususone.com/api/public/organizations/arlingtonheightspd/stats/
arlingtonheightspd,totalSharedCameras,previous,763,763,0,0.0,0.0,Connect Arlington Heights,Arlington Heights,IL,2026-09-15T23:08:31Z,2026-09-15T23:17:42Z,0.006377,False,False,https://api.fususone.com/api/public/organizations/arlingtonheightspd/stats/
arlingtonheightspd,totalMaxCameras,previous,1500,1500,0,0.0,0.0,Connect Arlington Heights,Arlington Heights,IL,2026-09-15T23:08:31Z,2026-09-15T23:17:42Z,0.006377,False,False,https://api.fususone.com/api/public/organizations/arlingtonheightspd/stats/
arlingtonheightspd,subscribedCameras,previous,363,363,0,0.0,0.0,Connect Arlington Heights,Arlington Heights,IL,2026-09-15T23:08:31Z,2026-09-15T23:17:42Z,0.006377,False,False,https://api.fususone.com/api/public/organizations/arlingtonheightspd/stats/
artesianmpd,totalRegisteredCameras,previous,57,57,0,0.0,0.0,Connect Artesia,Artesia,MN,2026-09-15T23:08:32Z,2026-09-15T23:17:43Z,0.006377,False,False,https://api.fususone.com/api/public/organizations/artesianmpd/stats/
artesianmpd,totalIntegratedCameras,previous,209,209,0,0.0,0.0,Connect Artesia,Artesia,MN,2026-09-15T23:08:32Z,2026-09-15T23:17:43Z,0.006377,False,False,https://api.fususone.com/api/public/organizations/artesianmpd/stats/
artesianmpd,totalOwnedCameras,previous,209,209,0,0.0,0.0,Connect Artesia,Artesia,MN,2026-09-15T23:08:32Z,2026-09-15T23:17:43Z,0.006377,False,False,https://api.fususone.com/api/public/organizations/artesianmpd/stats/
artesianmpd,totalSharedCameras,previous,0,0,0,,0.0,Connect Artesia,Artesia,MN,2026-09-15T23:08:32Z,2026-09-15T23:17:43Z,0.006377,True,False,https://api.fususone.com/api/public/organizations/artesianmpd/stats/
artesianmpd,totalMaxCameras,previous,0,0,0,,0.0,Connect Artesia,Artesia,MN,2026-09-15T23:08:32Z,2026-09-15T23:17:43Z,0.006377,True,False,https://api.fususone.com/api/public/organizations/artesianmpd/stats/
artesianmpd,subscribedCameras,previous,207,207,0,0.0,0.0,Connect Artesia,Artesia,MN,2026-09-15T23:08:32Z,2026-09-15T23:17:43Z,0.006377,False,False,https://api.fususone.com/api/public/organizations/artesianmpd/stats/
ashevillepdnc,totalRegisteredCameras,previous,11,11,0,0.0,0.0,Connect Asheville,Asheville,NC,2026-09-15T23:08:33Z,2026-09-15T23:17:44Z,0.006377,False,False,https://api.fususone.com/api/public/organizations/ashevillepdnc/stats/
ashevillepdnc,totalIntegratedCameras,previous,19,19,0,0.0,0.0,Connect Asheville,Asheville,NC,2026-09-15T23:08:33Z,2026-09-15T23:17:44Z,0.006377,False,False,https://api.fususone.com/api/public/organizations/ashevillepdnc/stats/
ashevillepdnc,totalOwnedCameras,previous,19,19,0,0.0,0.0,Connect Asheville,Asheville,NC,2026-09-15T23:08:33Z,2026-09-15T23:17:44Z,0.006377,False,False,https://api.fususone.com/api/public/organizations/ashevillepdnc/stats/
ashevillepdnc,totalSharedCameras,previous,0,0,0,,0.0,Connect Asheville,Asheville,NC,2026-09-15T23:08:33Z,2026-09-15T23:17:44Z,0.006377,True,False,https://api.fususone.com/api/public/organizations/ashevillepdnc/stats/
ashevillepdnc,totalMaxCameras,previous,500,500,0,0.0,0.0,Connect Asheville,Asheville,NC,2026-09-15T23:08:33Z,2026-09-15T23:17:44Z,0.006377,False,False,https://api.fususone.com/api/public/organizations/ashevillepdnc/stats/
ashevillepdnc,subscribedCameras,previous,7,7,0,0.0,0.0,Connect Asheville,Asheville,NC,2026-09-15T23:08:33Z,2026-09-15T23:17:44Z,0.006377,False,False,https://api.fususone.com/api/public/organizations/ashevillepdnc/stats/
ashlandpdal,totalRegisteredCameras,previous,8,8,0,0.0,0.0,Connect Ashland,Ashland,AL,2026-09-15T23:08:34Z,2026-09-15T23:17:45Z,0.006377,False,False,https://api.fususone.com/api/public/organizations/ashlandpdal/stats/
ashlandpdal,totalIntegratedCameras,previous,673,673,0,0.0,0.0,Connect Ashland,Ashland,AL,2026-09-15T23:08:34Z,2026-09-15T23:17:45Z,0.006377,False,False,https://api.fususone.com/api/public/organizations/ashlandpdal/stats/
ashlandpdal,totalOwnedCameras,previous,49,49,0,0.0,0.0,Connect Ashland,Ashland,AL,2026-09-15T23:08:34Z,2026-09-15T23:17:45Z,0.006377,False,False,https://api.fususone.com/api/public/organizations/ashlandpdal/stats/
ashlandpdal,totalSharedCameras,previous,624,624,0,0.0,0.0,Connect Ashland,Ashland,AL,2026-09-15T23:08:34Z,2026-09-15T23:17:45Z,0.006377,False,False,https://api.fususone.com/api/public/organizations/ashlandpdal/stats/
ashlandpdal,totalMaxCameras,previous,125,125,0,0.0,0.0,Connect Ashland,Ashland,AL,2026-09-15T23:08:34Z,2026-09-15T23:17:45Z,0.006377,False,False,https://api.fususone.com/api/public/organizations/ashlandpdal/stats/
ashlandpdal,subscribedCameras,previous,49,49,0,0.0,0.0,Connect Ashland,Ashland,AL,2026-09-15T23:08:34Z,2026-09-15T23:17:45Z,0.006377,False,False,https://api.fususone.com/api/public/organizations/ashlandpdal/stats/
auroragov,totalRegisteredCameras,previous,55,55,0,0.0,0.0,Connect Aurora,Aurora,CO,2026-09-15T23:08:35Z,2026-09-15T23:17:46Z,0.006377,False,False,https://api.fususone.com/api/public/organizations/auroragov/stats/
auroragov,totalIntegratedCameras,previous,930,930,0,0.0,0.0,Connect Aurora,Aurora,CO,2026-09-15T23:08:35Z,2026-09-15T23:17:46Z,0.006377,False,False,https://api.fususone.com/api/public/organizations/auroragov/stats/
auroragov,totalOwnedCameras,previous,930,930,0,0.0,0.0,Connect Aurora,Aurora,CO,2026-09-15T23:08:35Z,2026-09-15T23:17:46Z,0.006377,False,False,https://api.fususone.com/api/public/organizations/auroragov/stats/
auroragov,totalSharedCameras,previous,0,0,0,,0.0,Connect Aurora,Aurora,CO,2026-09-15T23:08:35Z,2026-09-15T23:17:46Z,0.006377,True,False,https://api.fususone.com/api/public/organizations/auroragov/stats/
auroragov,totalMaxCameras,previous,10000,10000,0,0.0,0.0,Connect Aurora,Aurora,CO,2026-09-15T23:08:35Z,2026-09-15T23:17:46Z,0.006377,False,False,https://api.fususone.com/api/public/organizations/auroragov/stats/
auroragov,subscribedCameras,previous,930,930,0,0.0,0.0,Connect Aurora,Aurora,CO,2026-09-15T23:08:35Z,2026-09-15T23:17:46Z,0.006377,False,False,https://api.fususone.com/api/public/organizations/auroragov/stats/
baltimorecountypd,totalRegisteredCameras,previous,4,4,0,0.0,0.0,Connect Baltimore County,Baltimore County,MD,2026-09-15T23:08:36Z,2026-09-15T23:17:47Z,0.006377,False,False,https://api.fususone.com/api/public/organizations/baltimorecountypd/stats/
baltimorecountypd,totalIntegratedCameras,previous,592,592,0,0.0,0.0,Connect Baltimore County,Baltimore County,MD,2026-09-15T23:08:36Z,2026-09-15T23:17:47Z,0.006377,False,False,https://api.fususone.com/api/public/organizations/baltimorecountypd/stats/
baltimorecountypd,totalOwnedCameras,previous,531,531,0,0.0,0.0,Connect Baltimore County,Baltimore County,MD,2026-09-15T23:08:36Z,2026-09-15T23:17:47Z,0.006377,False,False,https://api.fususone.com/api/public/organizations/baltimorecountypd/stats/
baltimorecountypd,totalSharedCameras,previous,61,61,0,0.0,0.0,Connect Baltimore County,Baltimore County,MD,2026-09-15T23:08:36Z,2026-09-15T23:17:47Z,0.006377,False,False,https://api.fususone.com/api/public/organizations/baltimorecountypd/stats/
baltimorecountypd,totalMaxCameras,previous,5000,5000,0,0.0,0.0,Connect Baltimore County,Baltimore County,MD,2026-09-15T23:08:36Z,2026-09-15T23:17:47Z,0.006377,False,False,https://api.fususone.com/api/public/organizations/baltimorecountypd/stats/
baltimorecountypd,subscribedCameras,previous,500,500,0,0.0,0.0,Connect Baltimore County,Baltimore County,MD,2026-09-15T23:08:36Z,2026-09-15T23:17:47Z,0.006377,False,False,https://api.fususone.com/api/public/organizations/baltimorecountypd/stats/
bartowfl,totalRegisteredCameras,previous,0,0,0,,0.0,Connect Bartow,Bartow,FL,2026-09-15T23:08:37Z,2026-09-15T23:17:48Z,0.006377,True,False,https://api.fususone.com/api/public/organizations/bartowfl/stats/
bartowfl,totalIntegratedCameras,previous,34,34,0,0.0,0.0,Connect Bartow,Bartow,FL,2026-09-15T23:08:37Z,2026-09-15T23:17:48Z,0.006377,False,False,https://api.fususone.com/api/public/organizations/bartowfl/stats/
bartowfl,totalOwnedCameras,previous,34,34,0,0.0,0.0,Connect Bartow,Bartow,FL,2026-09-15T23:08:37Z,2026-09-15T23:17:48Z,0.006377,False,False,https://api.fususone.com/api/public/organizations/bartowfl/stats/
bartowfl,totalSharedCameras,previous,0,0,0,,0.0,Connect Bartow,Bartow,FL,2026-09-15T23:08:37Z,2026-09-15T23:17:48Z,0.006377,True,False,https://api.fususone.com/api/public/organizations/bartowfl/stats/
bartowfl,totalMaxCameras,previous,0,0,0,,0.0,Connect Bartow,Bartow,FL,2026-09-15T23:08:37Z,2026-09-15T23:17:48Z,0.006377,True,False,https://api.fususone.com/api/public/organizations/bartowfl/stats/
bartowfl,subscribedCameras,previous,32,32,0,0.0,0.0,Connect Bartow,Bartow,FL,2026-09-15T23:08:37Z,2026-09-15T23:17:48Z,0.006377,False,False,https://api.fususone.com/api/public/organizations/bartowfl/stats/
baycounty,totalRegisteredCameras,previous,1709,1709,0,0.0,0.0,Connect Bay County,Bay County,FL,2026-09-15T23:08:38Z,2026-09-15T23:17:49Z,0.006377,False,False,https://api.fususone.com/api/public/organizations/baycounty/stats/
baycounty,totalIntegratedCameras,previous,1504,1504,0,0.0,0.0,Connect Bay County,Bay County,FL,2026-09-15T23:08:38Z,2026-09-15T23:17:49Z,0.006377,False,False,https://api.fususone.com/api/public/organizations/baycounty/stats/
baycounty,totalOwnedCameras,previous,1150,1150,0,0.0,0.0,Connect Bay County,Bay County,FL,2026-09-15T23:08:38Z,2026-09-15T23:17:49Z,0.006377,False,False,https://api.fususone.com/api/public/organizations/baycounty/stats/
baycounty,totalSharedCameras,previous,289,289,0,0.0,0.0,Connect Bay County,Bay County,FL,2026-09-15T23:08:38Z,2026-09-15T23:17:49Z,0.006377,False,False,https://api.fususone.com/api/public/organizations/baycounty/stats/
baycounty,totalMaxCameras,previous,1500,1500,0,0.0,0.0,Connect Bay County,Bay County,FL,2026-09-15T23:08:38Z,2026-09-15T23:17:49Z,0.006377,False,False,https://api.fususone.com/api/public/organizations/baycounty/stats/
baycounty,subscribedCameras,previous,1122,1122,0,0.0,0.0,Connect Bay County,Bay County,FL,2026-09-15T23:08:38Z,2026-09-15T23:17:49Z,0.006377,False,False,https://api.fususone.com/api/public/organizations/baycounty/stats/
beaumonttx,totalRegisteredCameras,previous,4033,4033,0,0.0,0.0,Connect Southeast Texas,Southeast Texas,TX,2026-09-15T23:08:39Z,2026-09-15T23:17:50Z,0.006377,False,False,https://api.fususone.com/api/public/organizations/beaumonttx/stats/
beaumonttx,totalIntegratedCameras,previous,3793,3793,0,0.0,0.0,Connect Southeast Texas,Southeast Texas,TX,2026-09-15T23:08:39Z,2026-09-15T23:17:50Z,0.006377,False,False,https://api.fususone.com/api/public/organizations/beaumonttx/stats/
beaumonttx,totalOwnedCameras,previous,1529,1529,0,0.0,0.0,Connect Southeast Texas,Southeast Texas,TX,2026-09-15T23:08:39Z,2026-09-15T23:17:50Z,0.006377,False,False,https://api.fususone.com/api/public/organizations/beaumonttx/stats/
beaumonttx,totalSharedCameras,previous,2094,2094,0,0.0,0.0,Connect Southeast Texas,Southeast Texas,TX,2026-09-15T23:08:39Z,2026-09-15T23:17:50Z,0.006377,False,False,https://api.fususone.com/api/public/organizations/beaumonttx/stats/
beaumonttx,totalMaxCameras,previous,4500,4500,0,0.0,0.0,Connect Southeast Texas,Southeast Texas,TX,2026-09-15T23:08:39Z,2026-09-15T23:17:50Z,0.006377,False,False,https://api.fususone.com/api/public/organizations/beaumonttx/stats/
beaumonttx,subscribedCameras,previous,755,755,0,0.0,0.0,Connect Southeast Texas,Southeast Texas,TX,2026-09-15T23:08:39Z,2026-09-15T23:17:50Z,0.006377,False,False,https://api.fususone.com/api/public/organizations/beaumonttx/stats/
bedfordparkpd,totalRegisteredCameras,previous,126,126,0,0.0,0.0,Connect Bedford Park,Bedford Park,IL,2026-09-15T23:08:40Z,2026-09-15T23:17:51Z,0.006377,False,False,https://api.fususone.com/api/public/organizations/bedfordparkpd/stats/
bedfordparkpd,totalIntegratedCameras,previous,282,282,0,0.0,0.0,Connect Bedford Park,Bedford Park,IL,2026-09-15T23:08:40Z,2026-09-15T23:17:51Z,0.006377,False,False,https://api.fususone.com/api/public/organizations/bedfordparkpd/stats/
bedfordparkpd,totalOwnedCameras,previous,217,217,0,0.0,0.0,Connect Bedford Park,Bedford Park,IL,2026-09-15T23:08:40Z,2026-09-15T23:17:51Z,0.006377,False,False,https://api.fususone.com/api/public/organizations/bedfordparkpd/stats/
bedfordparkpd,totalSharedCameras,previous,3,3,0,0.0,0.0,Connect Bedford Park,Bedford Park,IL,2026-09-15T23:08:40Z,2026-09-15T23:17:51Z,0.006377,False,False,https://api.fususone.com/api/public/organizations/bedfordparkpd/stats/
bedfordparkpd,totalMaxCameras,previous,500,500,0,0.0,0.0,Connect Bedford Park,Bedford Park,IL,2026-09-15T23:08:40Z,2026-09-15T23:17:51Z,0.006377,False,False,https://api.fususone.com/api/public/organizations/bedfordparkpd/stats/
bedfordparkpd,subscribedCameras,previous,200,200,0,0.0,0.0,Connect Bedford Park,Bedford Park,IL,2026-09-15T23:08:40Z,2026-09-15T23:17:51Z,0.006377,False,False,https://api.fususone.com/api/public/organizations/bedfordparkpd/stats/
bendpd,totalRegisteredCameras,previous,774,774,0,0.0,0.0,Connect Bend,Bend,OR,2026-09-15T23:08:41Z,2026-09-15T23:17:52Z,0.006377,False,False,https://api.fususone.com/api/public/organizations/bendpd/stats/
bendpd,totalIntegratedCameras,previous,322,322,0,0.0,0.0,Connect Bend,Bend,OR,2026-09-15T23:08:41Z,2026-09-15T23:17:52Z,0.006377,False,False,https://api.fususone.com/api/public/organizations/bendpd/stats/
bendpd,totalOwnedCameras,previous,254,254,0,0.0,0.0,Connect Bend,Bend,OR,2026-09-15T23:08:41Z,2026-09-15T23:17:52Z,0.006377,False,False,https://api.fususone.com/api/public/organizations/bendpd/stats/
bendpd,totalSharedCameras,previous,68,68,0,0.0,0.0,Connect Bend,Bend,OR,2026-09-15T23:08:41Z,2026-09-15T23:17:52Z,0.006377,False,False,https://api.fususone.com/api/public/organizations/bendpd/stats/
bendpd,totalMaxCameras,previous,150,150,0,0.0,0.0,Connect Bend,Bend,OR,2026-09-15T23:08:41Z,2026-09-15T23:17:52Z,0.006377,False,False,https://api.fususone.com/api/public/organizations/bendpd/stats/
bendpd,subscribedCameras,previous,210,210,0,0.0,0.0,Connect Bend,Bend,OR,2026-09-15T23:08:41Z,2026-09-15T23:17:52Z,0.006377,False,False,https://api.fususone.com/api/public/organizations/bendpd/stats/
bensalem,totalRegisteredCameras,previous,1174,1174,0,0.0,0.0,Connect Bensalem,Bensalem,PA,2026-09-15T23:08:42Z,2026-09-15T23:17:53Z,0.006377,False,False,https://api.fususone.com/api/public/organizations/bensalem/stats/
bensalem,totalIntegratedCameras,previous,1006,1006,0,0.0,0.0,Connect Bensalem,Bensalem,PA,2026-09-15T23:08:42Z,2026-09-15T23:17:53Z,0.006377,False,False,https://api.fususone.com/api/public/organizations/bensalem/stats/
bensalem,totalOwnedCameras,previous,990,990,0,0.0,0.0,Connect Bensalem,Bensalem,PA,2026-09-15T23:08:42Z,2026-09-15T23:17:53Z,0.006377,False,False,https://api.fususone.com/api/public/organizations/bensalem/stats/
bensalem,totalSharedCameras,previous,16,16,0,0.0,0.0,Connect Bensalem,Bensalem,PA,2026-09-15T23:08:42Z,2026-09-15T23:17:53Z,0.006377,False,False,https://api.fususone.com/api/public/organizations/bensalem/stats/
bensalem,totalMaxCameras,previous,1500,1500,0,0.0,0.0,Connect Bensalem,Bensalem,PA,2026-09-15T23:08:42Z,2026-09-15T23:17:53Z,0.006377,False,False,https://api.fususone.com/api/public/organizations/bensalem/stats/
bensalem,subscribedCameras,previous,978,978,0,0.0,0.0,Connect Bensalem,Bensalem,PA,2026-09-15T23:08:42Z,2026-09-15T23:17:53Z,0.006377,False,False,https://api.fususone.com/api/public/organizations/bensalem/stats/
bernalillo,totalRegisteredCameras,previous,216,216,0,0.0,0.0,Connect Bernalillo County,Bernalillo County,NM,2026-09-15T23:08:43Z,2026-09-15T23:17:54Z,0.006377,False,False,https://api.fususone.com/api/public/organizations/bernalillo/stats/
bernalillo,totalIntegratedCameras,previous,453,453,0,0.0,0.0,Connect Bernalillo County,Bernalillo County,NM,2026-09-15T23:08:43Z,2026-09-15T23:17:54Z,0.006377,False,False,https://api.fususone.com/api/public/organizations/bernalillo/stats/
bernalillo,totalOwnedCameras,previous,373,373,0,0.0,0.0,Connect Bernalillo County,Bernalillo County,NM,2026-09-15T23:08:43Z,2026-09-15T23:17:54Z,0.006377,False,False,https://api.fususone.com/api/public/organizations/bernalillo/stats/
bernalillo,totalSharedCameras,previous,80,80,0,0.0,0.0,Connect Bernalillo County,Bernalillo County,NM,2026-09-15T23:08:43Z,2026-09-15T23:17:54Z,0.006377,False,False,https://api.fususone.com/api/public/organizations/bernalillo/stats/
bernalillo,totalMaxCameras,previous,500,500,0,0.0,0.0,Connect Bernalillo County,Bernalillo County,NM,2026-09-15T23:08:43Z,2026-09-15T23:17:54Z,0.006377,False,False,https://api.fususone.com/api/public/organizations/bernalillo/stats/
bernalillo,subscribedCameras,previous,293,293,0,0.0,0.0,Connect Bernalillo County,Bernalillo County,NM,2026-09-15T23:08:43Z,2026-09-15T23:17:54Z,0.006377,False,False,https://api.fususone.com/api/public/organizations/bernalillo/stats/
beverlyhillspd,totalRegisteredCameras,previous,520,520,0,0.0,0.0,Beverly Hills Connect,Beverly Hills,CA,2026-09-15T23:08:44Z,2026-09-15T23:17:55Z,0.006377,False,False,https://api.fususone.com/api/public/organizations/beverlyhillspd/stats/
beverlyhillspd,totalIntegratedCameras,previous,1883,1883,0,0.0,0.0,Beverly Hills Connect,Beverly Hills,CA,2026-09-15T23:08:44Z,2026-09-15T23:17:55Z,0.006377,False,False,https://api.fususone.com/api/public/organizations/beverlyhillspd/stats/
beverlyhillspd,totalOwnedCameras,previous,1782,1782,0,0.0,0.0,Beverly Hills Connect,Beverly Hills,CA,2026-09-15T23:08:44Z,2026-09-15T23:17:55Z,0.006377,False,False,https://api.fususone.com/api/public/organizations/beverlyhillspd/stats/
beverlyhillspd,totalSharedCameras,previous,101,101,0,0.0,0.0,Beverly Hills Connect,Beverly Hills,CA,2026-09-15T23:08:44Z,2026-09-15T23:17:55Z,0.006377,False,False,https://api.fususone.com/api/public/organizations/beverlyhillspd/stats/
beverlyhillspd,totalMaxCameras,previous,1750,1750,0,0.0,0.0,Beverly Hills Connect,Beverly Hills,CA,2026-09-15T23:08:44Z,2026-09-15T23:17:55Z,0.006377,False,False,https://api.fususone.com/api/public/organizations/beverlyhillspd/stats/
beverlyhillspd,subscribedCameras,previous,1776,1776,0,0.0,0.0,Beverly Hills Connect,Beverly Hills,CA,2026-09-15T23:08:44Z,2026-09-15T23:17:55Z,0.006377,False,False,https://api.fususone.com/api/public/organizations/beverlyhillspd/stats/
biloxi,totalRegisteredCameras,previous,157,157,0,0.0,0.0,Connect Biloxi,Biloxi,MS,2026-09-15T23:08:45Z,2026-09-15T23:17:56Z,0.006377,False,False,https://api.fususone.com/api/public/organizations/biloxi/stats/
biloxi,totalIntegratedCameras,previous,846,846,0,0.0,0.0,Connect Biloxi,Biloxi,MS,2026-09-15T23:08:45Z,2026-09-15T23:17:56Z,0.006377,False,False,https://api.fususone.com/api/public/organizations/biloxi/stats/
biloxi,totalOwnedCameras,previous,423,423,0,0.0,0.0,Connect Biloxi,Biloxi,MS,2026-09-15T23:08:45Z,2026-09-15T23:17:56Z,0.006377,False,False,https://api.fususone.com/api/public/organizations/biloxi/stats/
biloxi,totalSharedCameras,previous,373,373,0,0.0,0.0,Connect Biloxi,Biloxi,MS,2026-09-15T23:08:45Z,2026-09-15T23:17:56Z,0.006377,False,False,https://api.fususone.com/api/public/organizations/biloxi/stats/
biloxi,totalMaxCameras,previous,1000,1000,0,0.0,0.0,Connect Biloxi,Biloxi,MS,2026-09-15T23:08:45Z,2026-09-15T23:17:56Z,0.006377,False,False,https://api.fususone.com/api/public/organizations/biloxi/stats/
biloxi,subscribedCameras,previous,416,416,0,0.0,0.0,Connect Biloxi,Biloxi,MS,2026-09-15T23:08:45Z,2026-09-15T23:17:56Z,0.006377,False,False,https://api.fususone.com/api/public/organizations/biloxi/stats/
birminghampd,totalRegisteredCameras,previous,773,773,0,0.0,0.0,Connect Birmingham,Birmingham,AL,2026-09-15T23:08:46Z,2026-09-15T23:17:57Z,0.006377,False,False,https://api.fususone.com/api/public/organizations/birminghampd/stats/
birminghampd,totalIntegratedCameras,previous,948,948,0,0.0,0.0,Connect Birmingham,Birmingham,AL,2026-09-15T23:08:46Z,2026-09-15T23:17:57Z,0.006377,False,False,https://api.fususone.com/api/public/organizations/birminghampd/stats/
birminghampd,totalOwnedCameras,previous,280,280,0,0.0,0.0,Connect Birmingham,Birmingham,AL,2026-09-15T23:08:46Z,2026-09-15T23:17:57Z,0.006377,False,False,https://api.fususone.com/api/public/organizations/birminghampd/stats/
birminghampd,totalSharedCameras,previous,212,212,0,0.0,0.0,Connect Birmingham,Birmingham,AL,2026-09-15T23:08:46Z,2026-09-15T23:17:57Z,0.006377,False,False,https://api.fususone.com/api/public/organizations/birminghampd/stats/
birminghampd,totalMaxCameras,previous,10000,10000,0,0.0,0.0,Connect Birmingham,Birmingham,AL,2026-09-15T23:08:46Z,2026-09-15T23:17:57Z,0.006377,False,False,https://api.fususone.com/api/public/organizations/birminghampd/stats/
birminghampd,subscribedCameras,previous,237,237,0,0.0,0.0,Connect Birmingham,Birmingham,AL,2026-09-15T23:08:46Z,2026-09-15T23:17:57Z,0.006377,False,False,https://api.fususone.com/api/public/organizations/birminghampd/stats/
blackmanleonitwp,totalRegisteredCameras,previous,1,1,0,0.0,0.0,Connect Blackman Leoni Township,Blackman Leoni Township,MI,2026-09-15T23:08:47Z,2026-09-15T23:17:58Z,0.006377,False,False,https://api.fususone.com/api/public/organizations/blackmanleonitwp/stats/
blackmanleonitwp,totalIntegratedCameras,previous,3,3,0,0.0,0.0,Connect Blackman Leoni Township,Blackman Leoni Township,MI,2026-09-15T23:08:47Z,2026-09-15T23:17:58Z,0.006377,False,False,https://api.fususone.com/api/public/organizations/blackmanleonitwp/stats/
blackmanleonitwp,totalOwnedCameras,previous,3,3,0,0.0,0.0,Connect Blackman Leoni Township,Blackman Leoni Township,MI,2026-09-15T23:08:47Z,2026-09-15T23:17:58Z,0.006377,False,False,https://api.fususone.com/api/public/organizations/blackmanleonitwp/stats/
blackmanleonitwp,totalSharedCameras,previous,0,0,0,,0.0,Connect Blackman Leoni Township,Blackman Leoni Township,MI,2026-09-15T23:08:47Z,2026-09-15T23:17:58Z,0.006377,True,False,https://api.fususone.com/api/public/organizations/blackmanleonitwp/stats/
blackmanleonitwp,totalMaxCameras,previous,0,0,0,,0.0,Connect Blackman Leoni Township,Blackman Leoni Township,MI,2026-09-15T23:08:47Z,2026-09-15T23:17:58Z,0.006377,True,False,https://api.fususone.com/api/public/organizations/blackmanleonitwp/stats/
blackmanleonitwp,subscribedCameras,previous,3,3,0,0.0,0.0,Connect Blackman Leoni Township,Blackman Leoni Township,MI,2026-09-15T23:08:47Z,2026-09-15T23:17:58Z,0.006377,False,False,https://api.fususone.com/api/public/organizations/blackmanleonitwp/stats/
bocaratonpdfl,totalRegisteredCameras,previous,5,5,0,0.0,0.0,Connect BRPD,Boca Raton,FL,2026-09-15T23:08:48Z,2026-09-15T23:17:59Z,0.006377,False,False,https://api.fususone.com/api/public/organizations/bocaratonpdfl/stats/
bocaratonpdfl,totalIntegratedCameras,previous,911,911,0,0.0,0.0,Connect BRPD,Boca Raton,FL,2026-09-15T23:08:48Z,2026-09-15T23:17:59Z,0.006377,False,False,https://api.fususone.com/api/public/organizations/bocaratonpdfl/stats/
bocaratonpdfl,totalOwnedCameras,previous,677,677,0,0.0,0.0,Connect BRPD,Boca Raton,FL,2026-09-15T23:08:48Z,2026-09-15T23:17:59Z,0.006377,False,False,https://api.fususone.com/api/public/organizations/bocaratonpdfl/stats/
bocaratonpdfl,totalSharedCameras,previous,8,8,0,0.0,0.0,Connect BRPD,Boca Raton,FL,2026-09-15T23:08:48Z,2026-09-15T23:17:59Z,0.006377,False,False,https://api.fususone.com/api/public/organizations/bocaratonpdfl/stats/
bocaratonpdfl,totalMaxCameras,previous,0,0,0,,0.0,Connect BRPD,Boca Raton,FL,2026-09-15T23:08:48Z,2026-09-15T23:17:59Z,0.006377,True,False,https://api.fususone.com/api/public/organizations/bocaratonpdfl/stats/
bocaratonpdfl,subscribedCameras,previous,654,654,0,0.0,0.0,Connect BRPD,Boca Raton,FL,2026-09-15T23:08:48Z,2026-09-15T23:17:59Z,0.006377,False,False,https://api.fususone.com/api/public/organizations/bocaratonpdfl/stats/
boernepdtx,totalRegisteredCameras,previous,0,0,0,,0.0,Connect Boerne,Boerne,TX,2026-09-15T23:08:49Z,2026-09-15T23:18:00Z,0.006377,True,False,https://api.fususone.com/api/public/organizations/boernepdtx/stats/
boernepdtx,totalIntegratedCameras,previous,77,77,0,0.0,0.0,Connect Boerne,Boerne,TX,2026-09-15T23:08:49Z,2026-09-15T23:18:00Z,0.006377,False,False,https://api.fususone.com/api/public/organizations/boernepdtx/stats/
boernepdtx,totalOwnedCameras,previous,77,77,0,0.0,0.0,Connect Boerne,Boerne,TX,2026-09-15T23:08:49Z,2026-09-15T23:18:00Z,0.006377,False,False,https://api.fususone.com/api/public/organizations/boernepdtx/stats/
boernepdtx,totalSharedCameras,previous,0,0,0,,0.0,Connect Boerne,Boerne,TX,2026-09-15T23:08:49Z,2026-09-15T23:18:00Z,0.006377,True,False,https://api.fususone.com/api/public/organizations/boernepdtx/stats/
boernepdtx,totalMaxCameras,previous,0,0,0,,0.0,Connect Boerne,Boerne,TX,2026-09-15T23:08:49Z,2026-09-15T23:18:00Z,0.006377,True,False,https://api.fususone.com/api/public/organizations/boernepdtx/stats/
boernepdtx,subscribedCameras,previous,77,77,0,0.0,0.0,Connect Boerne,Boerne,TX,2026-09-15T23:08:49Z,2026-09-15T23:18:00Z,0.006377,False,False,https://api.fususone.com/api/public/organizations/boernepdtx/stats/
boulderpdco,totalRegisteredCameras,previous,0,0,0,,0.0,Boulder Community Connect,Boulder,CO,2026-09-15T23:08:50Z,2026-09-15T23:18:01Z,0.006377,True,False,https://api.fususone.com/api/public/organizations/boulderpdco/stats/
boulderpdco,totalIntegratedCameras,previous,161,161,0,0.0,0.0,Boulder Community Connect,Boulder,CO,2026-09-15T23:08:50Z,2026-09-15T23:18:01Z,0.006377,False,False,https://api.fususone.com/api/public/organizations/boulderpdco/stats/
boulderpdco,totalOwnedCameras,previous,161,161,0,0.0,0.0,Boulder Community Connect,Boulder,CO,2026-09-15T23:08:50Z,2026-09-15T23:18:01Z,0.006377,False,False,https://api.fususone.com/api/public/organizations/boulderpdco/stats/
boulderpdco,totalSharedCameras,previous,0,0,0,,0.0,Boulder Community Connect,Boulder,CO,2026-09-15T23:08:50Z,2026-09-15T23:18:01Z,0.006377,True,False,https://api.fususone.com/api/public/organizations/boulderpdco/stats/
boulderpdco,totalMaxCameras,previous,0,0,0,,0.0,Boulder Community Connect,Boulder,CO,2026-09-15T23:08:50Z,2026-09-15T23:18:01Z,0.006377,True,False,https://api.fususone.com/api/public/organizations/boulderpdco/stats/
boulderpdco,subscribedCameras,previous,108,108,0,0.0,0.0,Boulder Community Connect,Boulder,CO,2026-09-15T23:08:50Z,2026-09-15T23:18:01Z,0.006377,False,False,https://api.fususone.com/api/public/organizations/boulderpdco/stats/
bradentonfl,totalRegisteredCameras,previous,319,319,0,0.0,0.0,Connect Bradenton,Bradenton,FL,2026-09-15T23:08:51Z,2026-09-15T23:18:02Z,0.006377,False,False,https://api.fususone.com/api/public/organizations/bradentonfl/stats/
bradentonfl,totalIntegratedCameras,previous,3160,3160,0,0.0,0.0,Connect Bradenton,Bradenton,FL,2026-09-15T23:08:51Z,2026-09-15T23:18:02Z,0.006377,False,False,https://api.fususone.com/api/public/organizations/bradentonfl/stats/
bradentonfl,totalOwnedCameras,previous,269,269,0,0.0,0.0,Connect Bradenton,Bradenton,FL,2026-09-15T23:08:51Z,2026-09-15T23:18:02Z,0.006377,False,False,https://api.fususone.com/api/public/organizations/bradentonfl/stats/
bradentonfl,totalSharedCameras,previous,2891,2891,0,0.0,0.0,Connect Bradenton,Bradenton,FL,2026-09-15T23:08:51Z,2026-09-15T23:18:02Z,0.006377,False,False,https://api.fususone.com/api/public/organizations/bradentonfl/stats/
bradentonfl,totalMaxCameras,previous,1500,1500,0,0.0,0.0,Connect Bradenton,Bradenton,FL,2026-09-15T23:08:51Z,2026-09-15T23:18:02Z,0.006377,False,False,https://api.fususone.com/api/public/organizations/bradentonfl/stats/
bradentonfl,subscribedCameras,previous,258,258,0,0.0,0.0,Connect Bradenton,Bradenton,FL,2026-09-15T23:08:51Z,2026-09-15T23:18:02Z,0.006377,False,False,https://api.fususone.com/api/public/organizations/bradentonfl/stats/
brazostx,totalRegisteredCameras,previous,155,155,0,0.0,0.0,Connect Brazos County,Brazos County,TX,2026-09-15T23:08:52Z,2026-09-15T23:18:03Z,0.006377,False,False,https://api.fususone.com/api/public/organizations/brazostx/stats/
brazostx,totalIntegratedCameras,previous,197,197,0,0.0,0.0,Connect Brazos County,Brazos County,TX,2026-09-15T23:08:52Z,2026-09-15T23:18:03Z,0.006377,False,False,https://api.fususone.com/api/public/organizations/brazostx/stats/
brazostx,totalOwnedCameras,previous,176,176,0,0.0,0.0,Connect Brazos County,Brazos County,TX,2026-09-15T23:08:52Z,2026-09-15T23:18:03Z,0.006377,False,False,https://api.fususone.com/api/public/organizations/brazostx/stats/
brazostx,totalSharedCameras,previous,0,0,0,,0.0,Connect Brazos County,Brazos County,TX,2026-09-15T23:08:52Z,2026-09-15T23:18:03Z,0.006377,True,False,https://api.fususone.com/api/public/organizations/brazostx/stats/
brazostx,totalMaxCameras,previous,1500,1500,0,0.0,0.0,Connect Brazos County,Brazos County,TX,2026-09-15T23:08:52Z,2026-09-15T23:18:03Z,0.006377,False,False,https://api.fususone.com/api/public/organizations/brazostx/stats/
brazostx,subscribedCameras,previous,158,158,0,0.0,0.0,Connect Brazos County,Brazos County,TX,2026-09-15T23:08:52Z,2026-09-15T23:18:03Z,0.006377,False,False,https://api.fususone.com/api/public/organizations/brazostx/stats/
brooklynparkpdmn,totalRegisteredCameras,previous,503,503,0,0.0,0.0,Brooklyn Park Community Cameras,Brooklyn Park,MN,2026-09-15T23:08:53Z,2026-09-15T23:18:04Z,0.006377,False,False,https://api.fususone.com/api/public/organizations/brooklynparkpdmn/stats/
brooklynparkpdmn,totalIntegratedCameras,previous,240,240,0,0.0,0.0,Brooklyn Park Community Cameras,Brooklyn Park,MN,2026-09-15T23:08:53Z,2026-09-15T23:18:04Z,0.006377,False,False,https://api.fususone.com/api/public/organizations/brooklynparkpdmn/stats/
brooklynparkpdmn,totalOwnedCameras,previous,229,229,0,0.0,0.0,Brooklyn Park Community Cameras,Brooklyn Park,MN,2026-09-15T23:08:53Z,2026-09-15T23:18:04Z,0.006377,False,False,https://api.fususone.com/api/public/organizations/brooklynparkpdmn/stats/
brooklynparkpdmn,totalSharedCameras,previous,0,0,0,,0.0,Brooklyn Park Community Cameras,Brooklyn Park,MN,2026-09-15T23:08:53Z,2026-09-15T23:18:04Z,0.006377,True,False,https://api.fususone.com/api/public/organizations/brooklynparkpdmn/stats/
brooklynparkpdmn,totalMaxCameras,previous,0,0,0,,0.0,Brooklyn Park Community Cameras,Brooklyn Park,MN,2026-09-15T23:08:53Z,2026-09-15T23:18:04Z,0.006377,True,False,https://api.fususone.com/api/public/organizations/brooklynparkpdmn/stats/
brooklynparkpdmn,subscribedCameras,previous,205,205,0,0.0,0.0,Brooklyn Park Community Cameras,Brooklyn Park,MN,2026-09-15T23:08:53Z,2026-09-15T23:18:04Z,0.006377,False,False,https://api.fususone.com/api/public/organizations/brooklynparkpdmn/stats/
brownsvillepd,totalRegisteredCameras,previous,664,664,0,0.0,0.0,Connect Brownsville,Brownsville,TX,2026-09-15T23:08:54Z,2026-09-15T23:18:05Z,0.006377,False,False,https://api.fususone.com/api/public/organizations/brownsvillepd/stats/
brownsvillepd,totalIntegratedCameras,previous,219,219,0,0.0,0.0,Connect Brownsville,Brownsville,TX,2026-09-15T23:08:54Z,2026-09-15T23:18:05Z,0.006377,False,False,https://api.fususone.com/api/public/organizations/brownsvillepd/stats/
brownsvillepd,totalOwnedCameras,previous,219,219,0,0.0,0.0,Connect Brownsville,Brownsville,TX,2026-09-15T23:08:54Z,2026-09-15T23:18:05Z,0.006377,False,False,https://api.fususone.com/api/public/organizations/brownsvillepd/stats/
brownsvillepd,totalSharedCameras,previous,0,0,0,,0.0,Connect Brownsville,Brownsville,TX,2026-09-15T23:08:54Z,2026-09-15T23:18:05Z,0.006377,True,False,https://api.fususone.com/api/public/organizations/brownsvillepd/stats/
brownsvillepd,totalMaxCameras,previous,500,500,0,0.0,0.0,Connect Brownsville,Brownsville,TX,2026-09-15T23:08:54Z,2026-09-15T23:18:05Z,0.006377,False,False,https://api.fususone.com/api/public/organizations/brownsvillepd/stats/
brownsvillepd,subscribedCameras,previous,199,199,0,0.0,0.0,Connect Brownsville,Brownsville,TX,2026-09-15T23:08:54Z,2026-09-15T23:18:05Z,0.006377,False,False,https://api.fususone.com/api/public/organizations/brownsvillepd/stats/
buncombesheriff,totalRegisteredCameras,previous,563,563,0,0.0,0.0,Connect Buncombe County,Buncombe County,NC,2026-09-15T23:08:55Z,2026-09-15T23:18:06Z,0.006377,False,False,https://api.fususone.com/api/public/organizations/buncombesheriff/stats/
buncombesheriff,totalIntegratedCameras,previous,2657,2657,0,0.0,0.0,Connect Buncombe County,Buncombe County,NC,2026-09-15T23:08:55Z,2026-09-15T23:18:06Z,0.006377,False,False,https://api.fususone.com/api/public/organizations/buncombesheriff/stats/
buncombesheriff,totalOwnedCameras,previous,437,437,0,0.0,0.0,Connect Buncombe County,Buncombe County,NC,2026-09-15T23:08:55Z,2026-09-15T23:18:06Z,0.006377,False,False,https://api.fususone.com/api/public/organizations/buncombesheriff/stats/
buncombesheriff,totalSharedCameras,previous,2220,2220,0,0.0,0.0,Connect Buncombe County,Buncombe County,NC,2026-09-15T23:08:55Z,2026-09-15T23:18:06Z,0.006377,False,False,https://api.fususone.com/api/public/organizations/buncombesheriff/stats/
buncombesheriff,totalMaxCameras,previous,4500,4500,0,0.0,0.0,Connect Buncombe County,Buncombe County,NC,2026-09-15T23:08:55Z,2026-09-15T23:18:06Z,0.006377,False,False,https://api.fususone.com/api/public/organizations/buncombesheriff/stats/
buncombesheriff,subscribedCameras,previous,316,316,0,0.0,0.0,Connect Buncombe County,Buncombe County,NC,2026-09-15T23:08:55Z,2026-09-15T23:18:06Z,0.006377,False,False,https://api.fususone.com/api/public/organizations/buncombesheriff/stats/
burbankpdil,totalRegisteredCameras,previous,304,304,0,0.0,0.0,Connect Burbank,Burbank,IL,2026-09-15T23:08:56Z,2026-09-15T23:18:07Z,0.006377,False,False,https://api.fususone.com/api/public/organizations/burbankpdil/stats/
burbankpdil,totalIntegratedCameras,previous,425,425,0,0.0,0.0,Connect Burbank,Burbank,IL,2026-09-15T23:08:56Z,2026-09-15T23:18:07Z,0.006377,False,False,https://api.fususone.com/api/public/organizations/burbankpdil/stats/
burbankpdil,totalOwnedCameras,previous,399,399,0,0.0,0.0,Connect Burbank,Burbank,IL,2026-09-15T23:08:56Z,2026-09-15T23:18:07Z,0.006377,False,False,https://api.fususone.com/api/public/organizations/burbankpdil/stats/
burbankpdil,totalSharedCameras,previous,3,3,0,0.0,0.0,Connect Burbank,Burbank,IL,2026-09-15T23:08:56Z,2026-09-15T23:18:07Z,0.006377,False,False,https://api.fususone.com/api/public/organizations/burbankpdil/stats/
burbankpdil,totalMaxCameras,previous,150,150,0,0.0,0.0,Connect Burbank,Burbank,IL,2026-09-15T23:08:56Z,2026-09-15T23:18:07Z,0.006377,False,False,https://api.fususone.com/api/public/organizations/burbankpdil/stats/
burbankpdil,subscribedCameras,previous,399,399,0,0.0,0.0,Connect Burbank,Burbank,IL,2026-09-15T23:08:56Z,2026-09-15T23:18:07Z,0.006377,False,False,https://api.fususone.com/api/public/organizations/burbankpdil/stats/
calcasieusheriff,totalRegisteredCameras,previous,3,3,0,0.0,0.0,Connect Calcasieu Parish,Calcasieu Parish,LA,2026-09-15T23:08:57Z,2026-09-15T23:18:08Z,0.006377,False,False,https://api.fususone.com/api/public/organizations/calcasieusheriff/stats/
calcasieusheriff,totalIntegratedCameras,previous,98,98,0,0.0,0.0,Connect Calcasieu Parish,Calcasieu Parish,LA,2026-09-15T23:08:57Z,2026-09-15T23:18:08Z,0.006377,False,False,https://api.fususone.com/api/public/organizations/calcasieusheriff/stats/
calcasieusheriff,totalOwnedCameras,previous,98,98,0,0.0,0.0,Connect Calcasieu Parish,Calcasieu Parish,LA,2026-09-15T23:08:57Z,2026-09-15T23:18:08Z,0.006377,False,False,https://api.fususone.com/api/public/organizations/calcasieusheriff/stats/
calcasieusheriff,totalSharedCameras,previous,0,0,0,,0.0,Connect Calcasieu Parish,Calcasieu Parish,LA,2026-09-15T23:08:57Z,2026-09-15T23:18:08Z,0.006377,True,False,https://api.fususone.com/api/public/organizations/calcasieusheriff/stats/
calcasieusheriff,totalMaxCameras,previous,10000,10000,0,0.0,0.0,Connect Calcasieu Parish,Calcasieu Parish,LA,2026-09-15T23:08:57Z,2026-09-15T23:18:08Z,0.006377,False,False,https://api.fususone.com/api/public/organizations/calcasieusheriff/stats/
calcasieusheriff,subscribedCameras,previous,98,98,0,0.0,0.0,Connect Calcasieu Parish,Calcasieu Parish,LA,2026-09-15T23:08:57Z,2026-09-15T23:18:08Z,0.006377,False,False,https://api.fususone.com/api/public/organizations/calcasieusheriff/stats/
caldwellpdid,totalRegisteredCameras,previous,61,61,0,0.0,0.0,Connect Caldwell,Caldwell,ID,2026-09-15T23:08:58Z,2026-09-15T23:18:09Z,0.006377,False,False,https://api.fususone.com/api/public/organizations/caldwellpdid/stats/
caldwellpdid,totalIntegratedCameras,previous,215,215,0,0.0,0.0,Connect Caldwell,Caldwell,ID,2026-09-15T23:08:58Z,2026-09-15T23:18:09Z,0.006377,False,False,https://api.fususone.com/api/public/organizations/caldwellpdid/stats/
caldwellpdid,totalOwnedCameras,previous,215,215,0,0.0,0.0,Connect Caldwell,Caldwell,ID,2026-09-15T23:08:58Z,2026-09-15T23:18:09Z,0.006377,False,False,https://api.fususone.com/api/public/organizations/caldwellpdid/stats/
caldwellpdid,totalSharedCameras,previous,0,0,0,,0.0,Connect Caldwell,Caldwell,ID,2026-09-15T23:08:58Z,2026-09-15T23:18:09Z,0.006377,True,False,https://api.fususone.com/api/public/organizations/caldwellpdid/stats/
caldwellpdid,totalMaxCameras,previous,225,225,0,0.0,0.0,Connect Caldwell,Caldwell,ID,2026-09-15T23:08:58Z,2026-09-15T23:18:09Z,0.006377,False,False,https://api.fususone.com/api/public/organizations/caldwellpdid/stats/
caldwellpdid,subscribedCameras,previous,204,204,0,0.0,0.0,Connect Caldwell,Caldwell,ID,2026-09-15T23:08:58Z,2026-09-15T23:18:09Z,0.006377,False,False,https://api.fususone.com/api/public/organizations/caldwellpdid/stats/
campbellpd,totalRegisteredCameras,previous,198,198,0,0.0,0.0,Connect Campbell,Campbell,CA,2026-09-15T23:08:59Z,2026-09-15T23:18:10Z,0.006377,False,False,https://api.fususone.com/api/public/organizations/campbellpd/stats/
campbellpd,totalIntegratedCameras,previous,313,313,0,0.0,0.0,Connect Campbell,Campbell,CA,2026-09-15T23:08:59Z,2026-09-15T23:18:10Z,0.006377,False,False,https://api.fususone.com/api/public/organizations/campbellpd/stats/
campbellpd,totalOwnedCameras,previous,281,281,0,0.0,0.0,Connect Campbell,Campbell,CA,2026-09-15T23:08:59Z,2026-09-15T23:18:10Z,0.006377,False,False,https://api.fususone.com/api/public/organizations/campbellpd/stats/
campbellpd,totalSharedCameras,previous,32,32,0,0.0,0.0,Connect Campbell,Campbell,CA,2026-09-15T23:08:59Z,2026-09-15T23:18:10Z,0.006377,False,False,https://api.fususone.com/api/public/organizations/campbellpd/stats/
campbellpd,totalMaxCameras,previous,10000,10000,0,0.0,0.0,Connect Campbell,Campbell,CA,2026-09-15T23:08:59Z,2026-09-15T23:18:10Z,0.006377,False,False,https://api.fususone.com/api/public/organizations/campbellpd/stats/
campbellpd,subscribedCameras,previous,270,270,0,0.0,0.0,Connect Campbell,Campbell,CA,2026-09-15T23:08:59Z,2026-09-15T23:18:10Z,0.006377,False,False,https://api.fususone.com/api/public/organizations/campbellpd/stats/
carencropd,totalRegisteredCameras,previous,85,85,0,0.0,0.0,Connect Carencro,Carencro,LA,2026-09-15T23:09:00Z,2026-09-15T23:18:11Z,0.006377,False,False,https://api.fususone.com/api/public/organizations/carencropd/stats/
carencropd,totalIntegratedCameras,previous,1610,1610,0,0.0,0.0,Connect Carencro,Carencro,LA,2026-09-15T23:09:00Z,2026-09-15T23:18:11Z,0.006377,False,False,https://api.fususone.com/api/public/organizations/carencropd/stats/
carencropd,totalOwnedCameras,previous,215,215,0,0.0,0.0,Connect Carencro,Carencro,LA,2026-09-15T23:09:00Z,2026-09-15T23:18:11Z,0.006377,False,False,https://api.fususone.com/api/public/organizations/carencropd/stats/
carencropd,totalSharedCameras,previous,12,12,0,0.0,0.0,Connect Carencro,Carencro,LA,2026-09-15T23:09:00Z,2026-09-15T23:18:11Z,0.006377,False,False,https://api.fususone.com/api/public/organizations/carencropd/stats/
carencropd,totalMaxCameras,previous,914,914,0,0.0,0.0,Connect Carencro,Carencro,LA,2026-09-15T23:09:00Z,2026-09-15T23:18:11Z,0.006377,False,False,https://api.fususone.com/api/public/organizations/carencropd/stats/
carencropd,subscribedCameras,previous,215,215,0,0.0,0.0,Connect Carencro,Carencro,LA,2026-09-15T23:09:00Z,2026-09-15T23:18:11Z,0.006377,False,False,https://api.fususone.com/api/public/organizations/carencropd/stats/
carlsbadpdnm,totalRegisteredCameras,previous,3,3,0,0.0,0.0,Connect Carlsbad,Carlsbad,NM,2026-09-15T23:09:01Z,2026-09-15T23:18:12Z,0.006377,False,False,https://api.fususone.com/api/public/organizations/carlsbadpdnm/stats/
carlsbadpdnm,totalIntegratedCameras,previous,12,12,0,0.0,0.0,Connect Carlsbad,Carlsbad,NM,2026-09-15T23:09:01Z,2026-09-15T23:18:12Z,0.006377,False,False,https://api.fususone.com/api/public/organizations/carlsbadpdnm/stats/
carlsbadpdnm,totalOwnedCameras,previous,12,12,0,0.0,0.0,Connect Carlsbad,Carlsbad,NM,2026-09-15T23:09:01Z,2026-09-15T23:18:12Z,0.006377,False,False,https://api.fususone.com/api/public/organizations/carlsbadpdnm/stats/
carlsbadpdnm,totalSharedCameras,previous,0,0,0,,0.0,Connect Carlsbad,Carlsbad,NM,2026-09-15T23:09:01Z,2026-09-15T23:18:12Z,0.006377,True,False,https://api.fususone.com/api/public/organizations/carlsbadpdnm/stats/
carlsbadpdnm,totalMaxCameras,previous,0,0,0,,0.0,Connect Carlsbad,Carlsbad,NM,2026-09-15T23:09:01Z,2026-09-15T23:18:12Z,0.006377,True,False,https://api.fususone.com/api/public/organizations/carlsbadpdnm/stats/
carlsbadpdnm,subscribedCameras,previous,4,4,0,0.0,0.0,Connect Carlsbad,Carlsbad,NM,2026-09-15T23:09:01Z,2026-09-15T23:18:12Z,0.006377,False,False,https://api.fususone.com/api/public/organizations/carlsbadpdnm/stats/
carypd,totalRegisteredCameras,previous,37,37,0,0.0,0.0,Connect Cary,Cary,NC,2026-09-15T23:09:02Z,2026-09-15T23:18:13Z,0.006377,False,False,https://api.fususone.com/api/public/organizations/carypd/stats/
carypd,totalIntegratedCameras,previous,1267,1267,0,0.0,0.0,Connect Cary,Cary,NC,2026-09-15T23:09:02Z,2026-09-15T23:18:13Z,0.006377,False,False,https://api.fususone.com/api/public/organizations/carypd/stats/
carypd,totalOwnedCameras,previous,841,841,0,0.0,0.0,Connect Cary,Cary,NC,2026-09-15T23:09:02Z,2026-09-15T23:18:13Z,0.006377,False,False,https://api.fususone.com/api/public/organizations/carypd/stats/
carypd,totalSharedCameras,previous,0,0,0,,0.0,Connect Cary,Cary,NC,2026-09-15T23:09:02Z,2026-09-15T23:18:13Z,0.006377,True,False,https://api.fususone.com/api/public/organizations/carypd/stats/
carypd,totalMaxCameras,previous,1500,1500,0,0.0,0.0,Connect Cary,Cary,NC,2026-09-15T23:09:02Z,2026-09-15T23:18:13Z,0.006377,False,False,https://api.fususone.com/api/public/organizations/carypd/stats/
carypd,subscribedCameras,previous,840,840,0,0.0,0.0,Connect Cary,Cary,NC,2026-09-15T23:09:02Z,2026-09-15T23:18:13Z,0.006377,False,False,https://api.fususone.com/api/public/organizations/carypd/stats/
charlestonpd,totalRegisteredCameras,previous,300,300,0,0.0,0.0,Connect Charleston,Charleston,SC,2026-09-15T23:09:03Z,2026-09-15T23:18:14Z,0.006377,False,False,https://api.fususone.com/api/public/organizations/charlestonpd/stats/
charlestonpd,totalIntegratedCameras,previous,577,577,0,0.0,0.0,Connect Charleston,Charleston,SC,2026-09-15T23:09:03Z,2026-09-15T23:18:14Z,0.006377,False,False,https://api.fususone.com/api/public/organizations/charlestonpd/stats/
charlestonpd,totalOwnedCameras,previous,501,501,0,0.0,0.0,Connect Charleston,Charleston,SC,2026-09-15T23:09:03Z,2026-09-15T23:18:14Z,0.006377,False,False,https://api.fususone.com/api/public/organizations/charlestonpd/stats/
charlestonpd,totalSharedCameras,previous,25,25,0,0.0,0.0,Connect Charleston,Charleston,SC,2026-09-15T23:09:03Z,2026-09-15T23:18:14Z,0.006377,False,False,https://api.fususone.com/api/public/organizations/charlestonpd/stats/
charlestonpd,totalMaxCameras,previous,500,500,0,0.0,0.0,Connect Charleston,Charleston,SC,2026-09-15T23:09:03Z,2026-09-15T23:18:14Z,0.006377,False,False,https://api.fususone.com/api/public/organizations/charlestonpd/stats/
charlestonpd,subscribedCameras,previous,466,466,0,0.0,0.0,Connect Charleston,Charleston,SC,2026-09-15T23:09:03Z,2026-09-15T23:18:14Z,0.006377,False,False,https://api.fususone.com/api/public/organizations/charlestonpd/stats/
charlottecounty,totalRegisteredCameras,previous,2327,2327,0,0.0,0.0,Connect Charlotte County,Charlotte County,FL,2026-09-15T23:09:04Z,2026-09-15T23:18:15Z,0.006377,False,False,https://api.fususone.com/api/public/organizations/charlottecounty/stats/
charlottecounty,totalIntegratedCameras,previous,3826,3826,0,0.0,0.0,Connect Charlotte County,Charlotte County,FL,2026-09-15T23:09:04Z,2026-09-15T23:18:15Z,0.006377,False,False,https://api.fususone.com/api/public/organizations/charlottecounty/stats/
charlottecounty,totalOwnedCameras,previous,353,353,0,0.0,0.0,Connect Charlotte County,Charlotte County,FL,2026-09-15T23:09:04Z,2026-09-15T23:18:15Z,0.006377,False,False,https://api.fususone.com/api/public/organizations/charlottecounty/stats/
charlottecounty,totalSharedCameras,previous,3391,3391,0,0.0,0.0,Connect Charlotte County,Charlotte County,FL,2026-09-15T23:09:04Z,2026-09-15T23:18:15Z,0.006377,False,False,https://api.fususone.com/api/public/organizations/charlottecounty/stats/
charlottecounty,totalMaxCameras,previous,1500,1500,0,0.0,0.0,Connect Charlotte County,Charlotte County,FL,2026-09-15T23:09:04Z,2026-09-15T23:18:15Z,0.006377,False,False,https://api.fususone.com/api/public/organizations/charlottecounty/stats/
charlottecounty,subscribedCameras,previous,330,330,0,0.0,0.0,Connect Charlotte County,Charlotte County,FL,2026-09-15T23:09:04Z,2026-09-15T23:18:15Z,0.006377,False,False,https://api.fususone.com/api/public/organizations/charlottecounty/stats/
charlottemecklenburg,totalRegisteredCameras,previous,3086,3086,0,0.0,0.0,Connect Charlotte,Charlotte,NC,2026-09-15T23:09:05Z,2026-09-15T23:18:16Z,0.006377,False,False,https://api.fususone.com/api/public/organizations/charlottemecklenburg/stats/
charlottemecklenburg,totalIntegratedCameras,previous,1728,1728,0,0.0,0.0,Connect Charlotte,Charlotte,NC,2026-09-15T23:09:05Z,2026-09-15T23:18:16Z,0.006377,False,False,https://api.fususone.com/api/public/organizations/charlottemecklenburg/stats/
charlottemecklenburg,totalOwnedCameras,previous,1523,1523,0,0.0,0.0,Connect Charlotte,Charlotte,NC,2026-09-15T23:09:05Z,2026-09-15T23:18:16Z,0.006377,False,False,https://api.fususone.com/api/public/organizations/charlottemecklenburg/stats/
charlottemecklenburg,totalSharedCameras,previous,21,21,0,0.0,0.0,Connect Charlotte,Charlotte,NC,2026-09-15T23:09:05Z,2026-09-15T23:18:16Z,0.006377,False,False,https://api.fususone.com/api/public/organizations/charlottemecklenburg/stats/
charlottemecklenburg,totalMaxCameras,previous,1500,1500,0,0.0,0.0,Connect Charlotte,Charlotte,NC,2026-09-15T23:09:05Z,2026-09-15T23:18:16Z,0.006377,False,False,https://api.fususone.com/api/public/organizations/charlottemecklenburg/stats/
charlottemecklenburg,subscribedCameras,previous,1377,1377,0,0.0,0.0,Connect Charlotte,Charlotte,NC,2026-09-15T23:09:05Z,2026-09-15T23:18:16Z,0.006377,False,False,https://api.fususone.com/api/public/organizations/charlottemecklenburg/stats/
chattanoogapd,totalRegisteredCameras,previous,0,0,0,,0.0,Dragonfly Community Connect,Chattanooga,TN,2026-09-15T23:09:06Z,2026-09-15T23:18:17Z,0.006377,True,False,https://api.fususone.com/api/public/organizations/chattanoogapd/stats/
chattanoogapd,totalIntegratedCameras,previous,774,774,0,0.0,0.0,Dragonfly Community Connect,Chattanooga,TN,2026-09-15T23:09:06Z,2026-09-15T23:18:17Z,0.006377,False,False,https://api.fususone.com/api/public/organizations/chattanoogapd/stats/
chattanoogapd,totalOwnedCameras,previous,773,773,0,0.0,0.0,Dragonfly Community Connect,Chattanooga,TN,2026-09-15T23:09:06Z,2026-09-15T23:18:17Z,0.006377,False,False,https://api.fususone.com/api/public/organizations/chattanoogapd/stats/
chattanoogapd,totalSharedCameras,previous,1,1,0,0.0,0.0,Dragonfly Community Connect,Chattanooga,TN,2026-09-15T23:09:06Z,2026-09-15T23:18:17Z,0.006377,False,False,https://api.fususone.com/api/public/organizations/chattanoogapd/stats/
chattanoogapd,totalMaxCameras,previous,1500,1500,0,0.0,0.0,Dragonfly Community Connect,Chattanooga,TN,2026-09-15T23:09:06Z,2026-09-15T23:18:17Z,0.006377,False,False,https://api.fususone.com/api/public/organizations/chattanoogapd/stats/
chattanoogapd,subscribedCameras,previous,764,764,0,0.0,0.0,Dragonfly Community Connect,Chattanooga,TN,2026-09-15T23:09:06Z,2026-09-15T23:18:17Z,0.006377,False,False,https://api.fususone.com/api/public/organizations/chattanoogapd/stats/
cherokeega,totalRegisteredCameras,previous,624,624,0,0.0,0.0,Connect Cherokee,Cherokee County,GA,2026-09-15T23:09:07Z,2026-09-15T23:18:18Z,0.006377,False,False,https://api.fususone.com/api/public/organizations/cherokeega/stats/
cherokeega,totalIntegratedCameras,previous,13420,13420,0,0.0,0.0,Connect Cherokee,Cherokee County,GA,2026-09-15T23:09:07Z,2026-09-15T23:18:18Z,0.006377,False,False,https://api.fususone.com/api/public/organizations/cherokeega/stats/
cherokeega,totalOwnedCameras,previous,622,622,0,0.0,0.0,Connect Cherokee,Cherokee County,GA,2026-09-15T23:09:07Z,2026-09-15T23:18:18Z,0.006377,False,False,https://api.fususone.com/api/public/organizations/cherokeega/stats/
cherokeega,totalSharedCameras,previous,548,548,0,0.0,0.0,Connect Cherokee,Cherokee County,GA,2026-09-15T23:09:07Z,2026-09-15T23:18:18Z,0.006377,False,False,https://api.fususone.com/api/public/organizations/cherokeega/stats/
cherokeega,totalMaxCameras,previous,2500,2500,0,0.0,0.0,Connect Cherokee,Cherokee County,GA,2026-09-15T23:09:07Z,2026-09-15T23:18:18Z,0.006377,False,False,https://api.fususone.com/api/public/organizations/cherokeega/stats/
cherokeega,subscribedCameras,previous,566,566,0,0.0,0.0,Connect Cherokee,Cherokee County,GA,2026-09-15T23:09:07Z,2026-09-15T23:18:18Z,0.006377,False,False,https://api.fususone.com/api/public/organizations/cherokeega/stats/
chesterfieldcounty,totalRegisteredCameras,previous,768,768,0,0.0,0.0,Chesterfield Community Connect Program,Chesterfield County,VA,2026-09-15T23:09:08Z,2026-09-15T23:18:19Z,0.006377,False,False,https://api.fususone.com/api/public/organizations/chesterfieldcounty/stats/
chesterfieldcounty,totalIntegratedCameras,previous,11171,11171,0,0.0,0.0,Chesterfield Community Connect Program,Chesterfield County,VA,2026-09-15T23:09:08Z,2026-09-15T23:18:19Z,0.006377,False,False,https://api.fususone.com/api/public/organizations/chesterfieldcounty/stats/
chesterfieldcounty,totalOwnedCameras,previous,1010,1010,0,0.0,0.0,Chesterfield Community Connect Program,Chesterfield County,VA,2026-09-15T23:09:08Z,2026-09-15T23:18:19Z,0.006377,False,False,https://api.fususone.com/api/public/organizations/chesterfieldcounty/stats/
chesterfieldcounty,totalSharedCameras,previous,10099,10099,0,0.0,0.0,Chesterfield Community Connect Program,Chesterfield County,VA,2026-09-15T23:09:08Z,2026-09-15T23:18:19Z,0.006377,False,False,https://api.fususone.com/api/public/organizations/chesterfieldcounty/stats/
chesterfieldcounty,totalMaxCameras,previous,4500,4500,0,0.0,0.0,Chesterfield Community Connect Program,Chesterfield County,VA,2026-09-15T23:09:08Z,2026-09-15T23:18:19Z,0.006377,False,False,https://api.fususone.com/api/public/organizations/chesterfieldcounty/stats/
chesterfieldcounty,subscribedCameras,previous,949,949,0,0.0,0.0,Chesterfield Community Connect Program,Chesterfield County,VA,2026-09-15T23:09:08Z,2026-09-15T23:18:19Z,0.006377,False,False,https://api.fususone.com/api/public/organizations/chesterfieldcounty/stats/
chicagoheights,totalRegisteredCameras,previous,221,221,0,0.0,0.0,Connect Chicago Heights,Chicago Heights,IL,2026-09-15T23:09:09Z,2026-09-15T23:18:20Z,0.006377,False,False,https://api.fususone.com/api/public/organizations/chicagoheights/stats/
chicagoheights,totalIntegratedCameras,previous,1221,1221,0,0.0,0.0,Connect Chicago Heights,Chicago Heights,IL,2026-09-15T23:09:09Z,2026-09-15T23:18:20Z,0.006377,False,False,https://api.fususone.com/api/public/organizations/chicagoheights/stats/
chicagoheights,totalOwnedCameras,previous,1168,1168,0,0.0,0.0,Connect Chicago Heights,Chicago Heights,IL,2026-09-15T23:09:09Z,2026-09-15T23:18:20Z,0.006377,False,False,https://api.fususone.com/api/public/organizations/chicagoheights/stats/
chicagoheights,totalSharedCameras,previous,0,0,0,,0.0,Connect Chicago Heights,Chicago Heights,IL,2026-09-15T23:09:09Z,2026-09-15T23:18:20Z,0.006377,True,False,https://api.fususone.com/api/public/organizations/chicagoheights/stats/
chicagoheights,totalMaxCameras,previous,500,500,0,0.0,0.0,Connect Chicago Heights,Chicago Heights,IL,2026-09-15T23:09:09Z,2026-09-15T23:18:20Z,0.006377,False,False,https://api.fususone.com/api/public/organizations/chicagoheights/stats/
chicagoheights,subscribedCameras,previous,725,725,0,0.0,0.0,Connect Chicago Heights,Chicago Heights,IL,2026-09-15T23:09:09Z,2026-09-15T23:18:20Z,0.006377,False,False,https://api.fususone.com/api/public/organizations/chicagoheights/stats/
chicopee,totalRegisteredCameras,previous,128,128,0,0.0,0.0,Connect Chicopee,Chicopee,MA,2026-09-15T23:09:10Z,2026-09-15T23:18:21Z,0.006377,False,False,https://api.fususone.com/api/public/organizations/chicopee/stats/
chicopee,totalIntegratedCameras,previous,512,512,0,0.0,0.0,Connect Chicopee,Chicopee,MA,2026-09-15T23:09:10Z,2026-09-15T23:18:21Z,0.006377,False,False,https://api.fususone.com/api/public/organizations/chicopee/stats/
chicopee,totalOwnedCameras,previous,512,512,0,0.0,0.0,Connect Chicopee,Chicopee,MA,2026-09-15T23:09:10Z,2026-09-15T23:18:21Z,0.006377,False,False,https://api.fususone.com/api/public/organizations/chicopee/stats/
chicopee,totalSharedCameras,previous,0,0,0,,0.0,Connect Chicopee,Chicopee,MA,2026-09-15T23:09:10Z,2026-09-15T23:18:21Z,0.006377,True,False,https://api.fususone.com/api/public/organizations/chicopee/stats/
chicopee,totalMaxCameras,previous,1500,1500,0,0.0,0.0,Connect Chicopee,Chicopee,MA,2026-09-15T23:09:10Z,2026-09-15T23:18:21Z,0.006377,False,False,https://api.fususone.com/api/public/organizations/chicopee/stats/
chicopee,subscribedCameras,previous,509,509,0,0.0,0.0,Connect Chicopee,Chicopee,MA,2026-09-15T23:09:10Z,2026-09-15T23:18:21Z,0.006377,False,False,https://api.fususone.com/api/public/organizations/chicopee/stats/
ciceropd,totalRegisteredCameras,previous,29,29,0,0.0,0.0,Cicero SAFE (Shared Access For Enforcement),Cicero,IL,2026-09-15T23:09:11Z,2026-09-15T23:18:22Z,0.006377,False,False,https://api.fususone.com/api/public/organizations/ciceropd/stats/
ciceropd,totalIntegratedCameras,previous,549,549,0,0.0,0.0,Cicero SAFE (Shared Access For Enforcement),Cicero,IL,2026-09-15T23:09:11Z,2026-09-15T23:18:22Z,0.006377,False,False,https://api.fususone.com/api/public/organizations/ciceropd/stats/
ciceropd,totalOwnedCameras,previous,549,549,0,0.0,0.0,Cicero SAFE (Shared Access For Enforcement),Cicero,IL,2026-09-15T23:09:11Z,2026-09-15T23:18:22Z,0.006377,False,False,https://api.fususone.com/api/public/organizations/ciceropd/stats/
ciceropd,totalSharedCameras,previous,0,0,0,,0.0,Cicero SAFE (Shared Access For Enforcement),Cicero,IL,2026-09-15T23:09:11Z,2026-09-15T23:18:22Z,0.006377,True,False,https://api.fususone.com/api/public/organizations/ciceropd/stats/
ciceropd,totalMaxCameras,previous,1500,1500,0,0.0,0.0,Cicero SAFE (Shared Access For Enforcement),Cicero,IL,2026-09-15T23:09:11Z,2026-09-15T23:18:22Z,0.006377,False,False,https://api.fususone.com/api/public/organizations/ciceropd/stats/
ciceropd,subscribedCameras,previous,541,541,0,0.0,0.0,Cicero SAFE (Shared Access For Enforcement),Cicero,IL,2026-09-15T23:09:11Z,2026-09-15T23:18:22Z,0.006377,False,False,https://api.fususone.com/api/public/organizations/ciceropd/stats/
cincinnatipd,totalRegisteredCameras,previous,1713,1713,0,0.0,0.0,Connect Cincinnati,Cincinnati,OH,2026-09-15T23:09:12Z,2026-09-15T23:18:23Z,0.006377,False,False,https://api.fususone.com/api/public/organizations/cincinnatipd/stats/
cincinnatipd,totalIntegratedCameras,previous,844,844,0,0.0,0.0,Connect Cincinnati,Cincinnati,OH,2026-09-15T23:09:12Z,2026-09-15T23:18:23Z,0.006377,False,False,https://api.fususone.com/api/public/organizations/cincinnatipd/stats/
cincinnatipd,totalOwnedCameras,previous,801,801,0,0.0,0.0,Connect Cincinnati,Cincinnati,OH,2026-09-15T23:09:12Z,2026-09-15T23:18:23Z,0.006377,False,False,https://api.fususone.com/api/public/organizations/cincinnatipd/stats/
cincinnatipd,totalSharedCameras,previous,43,43,0,0.0,0.0,Connect Cincinnati,Cincinnati,OH,2026-09-15T23:09:12Z,2026-09-15T23:18:23Z,0.006377,False,False,https://api.fususone.com/api/public/organizations/cincinnatipd/stats/
cincinnatipd,totalMaxCameras,previous,1500,1500,0,0.0,0.0,Connect Cincinnati,Cincinnati,OH,2026-09-15T23:09:12Z,2026-09-15T23:18:23Z,0.006377,False,False,https://api.fususone.com/api/public/organizations/cincinnatipd/stats/
cincinnatipd,subscribedCameras,previous,746,746,0,0.0,0.0,Connect Cincinnati,Cincinnati,OH,2026-09-15T23:09:12Z,2026-09-15T23:18:23Z,0.006377,False,False,https://api.fususone.com/api/public/organizations/cincinnatipd/stats/
cityofatlanta,totalRegisteredCameras,previous,17517,17517,0,0.0,0.0,Connect Atlanta,Atlanta,GA,2026-09-15T23:09:13Z,2026-09-15T23:18:24Z,0.006377,False,False,https://api.fususone.com/api/public/organizations/cityofatlanta/stats/
cityofatlanta,totalIntegratedCameras,previous,28373,28373,0,0.0,0.0,Connect Atlanta,Atlanta,GA,2026-09-15T23:09:13Z,2026-09-15T23:18:24Z,0.006377,False,False,https://api.fususone.com/api/public/organizations/cityofatlanta/stats/
cityofatlanta,totalOwnedCameras,previous,2583,2583,0,0.0,0.0,Connect Atlanta,Atlanta,GA,2026-09-15T23:09:13Z,2026-09-15T23:18:24Z,0.006377,False,False,https://api.fususone.com/api/public/organizations/cityofatlanta/stats/
cityofatlanta,totalSharedCameras,previous,11643,11643,0,0.0,0.0,Connect Atlanta,Atlanta,GA,2026-09-15T23:09:13Z,2026-09-15T23:18:24Z,0.006377,False,False,https://api.fususone.com/api/public/organizations/cityofatlanta/stats/
cityofatlanta,totalMaxCameras,previous,29250,29250,0,0.0,0.0,Connect Atlanta,Atlanta,GA,2026-09-15T23:09:13Z,2026-09-15T23:18:24Z,0.006377,False,False,https://api.fususone.com/api/public/organizations/cityofatlanta/stats/
cityofatlanta,subscribedCameras,previous,2549,2549,0,0.0,0.0,Connect Atlanta,Atlanta,GA,2026-09-15T23:09:13Z,2026-09-15T23:18:24Z,0.006377,False,False,https://api.fususone.com/api/public/organizations/cityofatlanta/stats/
cityofcanton,totalRegisteredCameras,previous,0,0,0,,0.0,Connect Canton,Canton,MS,2026-09-15T23:09:14Z,2026-09-15T23:18:25Z,0.006377,True,False,https://api.fususone.com/api/public/organizations/cityofcanton/stats/
cityofcanton,totalIntegratedCameras,previous,31,31,0,0.0,0.0,Connect Canton,Canton,MS,2026-09-15T23:09:14Z,2026-09-15T23:18:25Z,0.006377,False,False,https://api.fususone.com/api/public/organizations/cityofcanton/stats/
cityofcanton,totalOwnedCameras,previous,0,0,0,,0.0,Connect Canton,Canton,MS,2026-09-15T23:09:14Z,2026-09-15T23:18:25Z,0.006377,True,False,https://api.fususone.com/api/public/organizations/cityofcanton/stats/
cityofcanton,totalSharedCameras,previous,31,31,0,0.0,0.0,Connect Canton,Canton,MS,2026-09-15T23:09:14Z,2026-09-15T23:18:25Z,0.006377,False,False,https://api.fususone.com/api/public/organizations/cityofcanton/stats/
cityofcanton,totalMaxCameras,previous,10000,10000,0,0.0,0.0,Connect Canton,Canton,MS,2026-09-15T23:09:14Z,2026-09-15T23:18:25Z,0.006377,False,False,https://api.fususone.com/api/public/organizations/cityofcanton/stats/
cityofcanton,subscribedCameras,previous,0,0,0,,0.0,Connect Canton,Canton,MS,2026-09-15T23:09:14Z,2026-09-15T23:18:25Z,0.006377,True,False,https://api.fususone.com/api/public/organizations/cityofcanton/stats/
cityofdoralpd,totalRegisteredCameras,previous,221,221,0,0.0,0.0,Connect Doral,Doral,FL,2026-09-15T23:09:15Z,2026-09-15T23:18:26Z,0.006377,False,False,https://api.fususone.com/api/public/organizations/cityofdoralpd/stats/
cityofdoralpd,totalIntegratedCameras,previous,3425,3425,0,0.0,0.0,Connect Doral,Doral,FL,2026-09-15T23:09:15Z,2026-09-15T23:18:26Z,0.006377,False,False,https://api.fususone.com/api/public/organizations/cityofdoralpd/stats/
cityofdoralpd,totalOwnedCameras,previous,397,397,0,0.0,0.0,Connect Doral,Doral,FL,2026-09-15T23:09:15Z,2026-09-15T23:18:26Z,0.006377,False,False,https://api.fususone.com/api/public/organizations/cityofdoralpd/stats/
cityofdoralpd,totalSharedCameras,previous,3028,3028,0,0.0,0.0,Connect Doral,Doral,FL,2026-09-15T23:09:15Z,2026-09-15T23:18:26Z,0.006377,False,False,https://api.fususone.com/api/public/organizations/cityofdoralpd/stats/
cityofdoralpd,totalMaxCameras,previous,10000,10000,0,0.0,0.0,Connect Doral,Doral,FL,2026-09-15T23:09:15Z,2026-09-15T23:18:26Z,0.006377,False,False,https://api.fususone.com/api/public/organizations/cityofdoralpd/stats/
cityofdoralpd,subscribedCameras,previous,243,243,0,0.0,0.0,Connect Doral,Doral,FL,2026-09-15T23:09:15Z,2026-09-15T23:18:26Z,0.006377,False,False,https://api.fususone.com/api/public/organizations/cityofdoralpd/stats/
cityofhawthorne,totalRegisteredCameras,previous,0,0,0,,0.0,Connect Hawthorne,Hawthorne,CA,2026-09-15T23:09:16Z,2026-09-15T23:18:27Z,0.006377,True,False,https://api.fususone.com/api/public/organizations/cityofhawthorne/stats/
cityofhawthorne,totalIntegratedCameras,previous,3715,3715,0,0.0,0.0,Connect Hawthorne,Hawthorne,CA,2026-09-15T23:09:16Z,2026-09-15T23:18:27Z,0.006377,False,False,https://api.fususone.com/api/public/organizations/cityofhawthorne/stats/
cityofhawthorne,totalOwnedCameras,previous,874,874,0,0.0,0.0,Connect Hawthorne,Hawthorne,CA,2026-09-15T23:09:16Z,2026-09-15T23:18:27Z,0.006377,False,False,https://api.fususone.com/api/public/organizations/cityofhawthorne/stats/
cityofhawthorne,totalSharedCameras,previous,2841,2841,0,0.0,0.0,Connect Hawthorne,Hawthorne,CA,2026-09-15T23:09:16Z,2026-09-15T23:18:27Z,0.006377,False,False,https://api.fususone.com/api/public/organizations/cityofhawthorne/stats/
cityofhawthorne,totalMaxCameras,previous,1500,1500,0,0.0,0.0,Connect Hawthorne,Hawthorne,CA,2026-09-15T23:09:16Z,2026-09-15T23:18:27Z,0.006377,False,False,https://api.fususone.com/api/public/organizations/cityofhawthorne/stats/
cityofhawthorne,subscribedCameras,previous,844,844,0,0.0,0.0,Connect Hawthorne,Hawthorne,CA,2026-09-15T23:09:16Z,2026-09-15T23:18:27Z,0.006377,False,False,https://api.fususone.com/api/public/organizations/cityofhawthorne/stats/
cityofmanchester,totalRegisteredCameras,previous,584,584,0,0.0,0.0,Connect Manchester,City of Manchester,NH,2026-09-15T23:09:17Z,2026-09-15T23:18:28Z,0.006377,False,False,https://api.fususone.com/api/public/organizations/cityofmanchester/stats/
cityofmanchester,totalIntegratedCameras,previous,1006,1006,0,0.0,0.0,Connect Manchester,City of Manchester,NH,2026-09-15T23:09:17Z,2026-09-15T23:18:28Z,0.006377,False,False,https://api.fususone.com/api/public/organizations/cityofmanchester/stats/
cityofmanchester,totalOwnedCameras,previous,436,436,0,0.0,0.0,Connect Manchester,City of Manchester,NH,2026-09-15T23:09:17Z,2026-09-15T23:18:28Z,0.006377,False,False,https://api.fususone.com/api/public/organizations/cityofmanchester/stats/
cityofmanchester,totalSharedCameras,previous,570,570,0,0.0,0.0,Connect Manchester,City of Manchester,NH,2026-09-15T23:09:17Z,2026-09-15T23:18:28Z,0.006377,False,False,https://api.fususone.com/api/public/organizations/cityofmanchester/stats/
cityofmanchester,totalMaxCameras,previous,1500,1500,0,0.0,0.0,Connect Manchester,City of Manchester,NH,2026-09-15T23:09:17Z,2026-09-15T23:18:28Z,0.006377,False,False,https://api.fususone.com/api/public/organizations/cityofmanchester/stats/
cityofmanchester,subscribedCameras,previous,434,434,0,0.0,0.0,Connect Manchester,City of Manchester,NH,2026-09-15T23:09:17Z,2026-09-15T23:18:28Z,0.006377,False,False,https://api.fususone.com/api/public/organizations/cityofmanchester/stats/
cityofmiamipd,totalRegisteredCameras,previous,2406,2406,0,0.0,0.0,Connect Miami,Miami,FL,2026-09-15T23:09:18Z,2026-09-15T23:18:29Z,0.006377,False,False,https://api.fususone.com/api/public/organizations/cityofmiamipd/stats/
cityofmiamipd,totalIntegratedCameras,previous,4383,4383,0,0.0,0.0,Connect Miami,Miami,FL,2026-09-15T23:09:18Z,2026-09-15T23:18:29Z,0.006377,False,False,https://api.fususone.com/api/public/organizations/cityofmiamipd/stats/
cityofmiamipd,totalOwnedCameras,previous,1249,1249,0,0.0,0.0,Connect Miami,Miami,FL,2026-09-15T23:09:18Z,2026-09-15T23:18:29Z,0.006377,False,False,https://api.fususone.com/api/public/organizations/cityofmiamipd/stats/
cityofmiamipd,totalSharedCameras,previous,2905,2905,0,0.0,0.0,Connect Miami,Miami,FL,2026-09-15T23:09:18Z,2026-09-15T23:18:29Z,0.006377,False,False,https://api.fususone.com/api/public/organizations/cityofmiamipd/stats/
cityofmiamipd,totalMaxCameras,previous,1500,1500,0,0.0,0.0,Connect Miami,Miami,FL,2026-09-15T23:09:18Z,2026-09-15T23:18:29Z,0.006377,False,False,https://api.fususone.com/api/public/organizations/cityofmiamipd/stats/
cityofmiamipd,subscribedCameras,previous,1231,1231,0,0.0,0.0,Connect Miami,Miami,FL,2026-09-15T23:09:18Z,2026-09-15T23:18:29Z,0.006377,False,False,https://api.fususone.com/api/public/organizations/cityofmiamipd/stats/
cityofnewark,totalRegisteredCameras,previous,1208,1208,0,0.0,0.0,Connect Newark,Newark,NJ,2026-09-15T23:09:19Z,2026-09-15T23:18:30Z,0.006377,False,False,https://api.fususone.com/api/public/organizations/cityofnewark/stats/
cityofnewark,totalIntegratedCameras,previous,929,929,0,0.0,0.0,Connect Newark,Newark,NJ,2026-09-15T23:09:19Z,2026-09-15T23:18:30Z,0.006377,False,False,https://api.fususone.com/api/public/organizations/cityofnewark/stats/
cityofnewark,totalOwnedCameras,previous,497,497,0,0.0,0.0,Connect Newark,Newark,NJ,2026-09-15T23:09:19Z,2026-09-15T23:18:30Z,0.006377,False,False,https://api.fususone.com/api/public/organizations/cityofnewark/stats/
cityofnewark,totalSharedCameras,previous,231,231,0,0.0,0.0,Connect Newark,Newark,NJ,2026-09-15T23:09:19Z,2026-09-15T23:18:30Z,0.006377,False,False,https://api.fususone.com/api/public/organizations/cityofnewark/stats/
cityofnewark,totalMaxCameras,previous,500,500,0,0.0,0.0,Connect Newark,Newark,NJ,2026-09-15T23:09:19Z,2026-09-15T23:18:30Z,0.006377,False,False,https://api.fususone.com/api/public/organizations/cityofnewark/stats/
cityofnewark,subscribedCameras,previous,488,488,0,0.0,0.0,Connect Newark,Newark,NJ,2026-09-15T23:09:19Z,2026-09-15T23:18:30Z,0.006377,False,False,https://api.fususone.com/api/public/organizations/cityofnewark/stats/
cityofomaha,totalRegisteredCameras,previous,1257,1257,0,0.0,0.0,Connect Omaha,Omaha,NE,2026-09-15T23:09:20Z,2026-09-15T23:18:31Z,0.006377,False,False,https://api.fususone.com/api/public/organizations/cityofomaha/stats/
cityofomaha,totalIntegratedCameras,previous,1559,1559,0,0.0,0.0,Connect Omaha,Omaha,NE,2026-09-15T23:09:20Z,2026-09-15T23:18:31Z,0.006377,False,False,https://api.fususone.com/api/public/organizations/cityofomaha/stats/
cityofomaha,totalOwnedCameras,previous,760,760,0,0.0,0.0,Connect Omaha,Omaha,NE,2026-09-15T23:09:20Z,2026-09-15T23:18:31Z,0.006377,False,False,https://api.fususone.com/api/public/organizations/cityofomaha/stats/
cityofomaha,totalSharedCameras,previous,698,698,0,0.0,0.0,Connect Omaha,Omaha,NE,2026-09-15T23:09:20Z,2026-09-15T23:18:31Z,0.006377,False,False,https://api.fususone.com/api/public/organizations/cityofomaha/stats/
cityofomaha,totalMaxCameras,previous,1500,1500,0,0.0,0.0,Connect Omaha,Omaha,NE,2026-09-15T23:09:20Z,2026-09-15T23:18:31Z,0.006377,False,False,https://api.fususone.com/api/public/organizations/cityofomaha/stats/
cityofomaha,subscribedCameras,previous,685,685,0,0.0,0.0,Connect Omaha,Omaha,NE,2026-09-15T23:09:20Z,2026-09-15T23:18:31Z,0.006377,False,False,https://api.fususone.com/api/public/organizations/cityofomaha/stats/
cityofoxford,totalRegisteredCameras,previous,12,12,0,0.0,0.0,Connect Oxford,City of Oxford,AL,2026-09-15T23:09:21Z,2026-09-15T23:18:32Z,0.006377,False,False,https://api.fususone.com/api/public/organizations/cityofoxford/stats/
cityofoxford,totalIntegratedCameras,previous,1126,1126,0,0.0,0.0,Connect Oxford,City of Oxford,AL,2026-09-15T23:09:21Z,2026-09-15T23:18:32Z,0.006377,False,False,https://api.fususone.com/api/public/organizations/cityofoxford/stats/
cityofoxford,totalOwnedCameras,previous,324,324,0,0.0,0.0,Connect Oxford,City of Oxford,AL,2026-09-15T23:09:21Z,2026-09-15T23:18:32Z,0.006377,False,False,https://api.fususone.com/api/public/organizations/cityofoxford/stats/
cityofoxford,totalSharedCameras,previous,753,753,0,0.0,0.0,Connect Oxford,City of Oxford,AL,2026-09-15T23:09:21Z,2026-09-15T23:18:32Z,0.006377,False,False,https://api.fususone.com/api/public/organizations/cityofoxford/stats/
cityofoxford,totalMaxCameras,previous,1500,1500,0,0.0,0.0,Connect Oxford,City of Oxford,AL,2026-09-15T23:09:21Z,2026-09-15T23:18:32Z,0.006377,False,False,https://api.fususone.com/api/public/organizations/cityofoxford/stats/
cityofoxford,subscribedCameras,previous,321,321,0,0.0,0.0,Connect Oxford,City of Oxford,AL,2026-09-15T23:09:21Z,2026-09-15T23:18:32Z,0.006377,False,False,https://api.fususone.com/api/public/organizations/cityofoxford/stats/
cityofroswell,totalRegisteredCameras,previous,653,653,0,0.0,0.0,Connect Roswell,Roswell,GA,2026-09-15T23:09:22Z,2026-09-15T23:18:33Z,0.006377,False,False,https://api.fususone.com/api/public/organizations/cityofroswell/stats/
cityofroswell,totalIntegratedCameras,previous,10641,10641,0,0.0,0.0,Connect Roswell,Roswell,GA,2026-09-15T23:09:22Z,2026-09-15T23:18:33Z,0.006377,False,False,https://api.fususone.com/api/public/organizations/cityofroswell/stats/
cityofroswell,totalOwnedCameras,previous,512,512,0,0.0,0.0,Connect Roswell,Roswell,GA,2026-09-15T23:09:22Z,2026-09-15T23:18:33Z,0.006377,False,False,https://api.fususone.com/api/public/organizations/cityofroswell/stats/
cityofroswell,totalSharedCameras,previous,373,373,0,0.0,0.0,Connect Roswell,Roswell,GA,2026-09-15T23:09:22Z,2026-09-15T23:18:33Z,0.006377,False,False,https://api.fususone.com/api/public/organizations/cityofroswell/stats/
cityofroswell,totalMaxCameras,previous,2793,2793,0,0.0,0.0,Connect Roswell,Roswell,GA,2026-09-15T23:09:22Z,2026-09-15T23:18:33Z,0.006377,False,False,https://api.fususone.com/api/public/organizations/cityofroswell/stats/
cityofroswell,subscribedCameras,previous,511,511,0,0.0,0.0,Connect Roswell,Roswell,GA,2026-09-15T23:09:22Z,2026-09-15T23:18:33Z,0.006377,False,False,https://api.fususone.com/api/public/organizations/cityofroswell/stats/
cityofshreveport,totalRegisteredCameras,previous,1141,1141,0,0.0,0.0,Connect Shreveport,Shreveport,LA,2026-09-15T23:09:23Z,2026-09-15T23:18:34Z,0.006377,False,False,https://api.fususone.com/api/public/organizations/cityofshreveport/stats/
cityofshreveport,totalIntegratedCameras,previous,2829,2829,0,0.0,0.0,Connect Shreveport,Shreveport,LA,2026-09-15T23:09:23Z,2026-09-15T23:18:34Z,0.006377,False,False,https://api.fususone.com/api/public/organizations/cityofshreveport/stats/
cityofshreveport,totalOwnedCameras,previous,2320,2320,0,0.0,0.0,Connect Shreveport,Shreveport,LA,2026-09-15T23:09:23Z,2026-09-15T23:18:34Z,0.006377,False,False,https://api.fususone.com/api/public/organizations/cityofshreveport/stats/
cityofshreveport,totalSharedCameras,previous,509,509,0,0.0,0.0,Connect Shreveport,Shreveport,LA,2026-09-15T23:09:23Z,2026-09-15T23:18:34Z,0.006377,False,False,https://api.fususone.com/api/public/organizations/cityofshreveport/stats/
cityofshreveport,totalMaxCameras,previous,1500,1500,0,0.0,0.0,Connect Shreveport,Shreveport,LA,2026-09-15T23:09:23Z,2026-09-15T23:18:34Z,0.006377,False,False,https://api.fususone.com/api/public/organizations/cityofshreveport/stats/
cityofshreveport,subscribedCameras,previous,2332,2332,0,0.0,0.0,Connect Shreveport,Shreveport,LA,2026-09-15T23:09:23Z,2026-09-15T23:18:34Z,0.006377,False,False,https://api.fususone.com/api/public/organizations/cityofshreveport/stats/
cityofstarkville,totalRegisteredCameras,previous,879,879,0,0.0,0.0,Connect Starkville,Starkville,MS,2026-09-15T23:09:24Z,2026-09-15T23:18:35Z,0.006377,False,False,https://api.fususone.com/api/public/organizations/cityofstarkville/stats/
cityofstarkville,totalIntegratedCameras,previous,851,851,0,0.0,0.0,Connect Starkville,Starkville,MS,2026-09-15T23:09:24Z,2026-09-15T23:18:35Z,0.006377,False,False,https://api.fususone.com/api/public/organizations/cityofstarkville/stats/
cityofstarkville,totalOwnedCameras,previous,574,574,0,0.0,0.0,Connect Starkville,Starkville,MS,2026-09-15T23:09:24Z,2026-09-15T23:18:35Z,0.006377,False,False,https://api.fususone.com/api/public/organizations/cityofstarkville/stats/
cityofstarkville,totalSharedCameras,previous,277,277,0,0.0,0.0,Connect Starkville,Starkville,MS,2026-09-15T23:09:24Z,2026-09-15T23:18:35Z,0.006377,False,False,https://api.fususone.com/api/public/organizations/cityofstarkville/stats/
cityofstarkville,totalMaxCameras,previous,500,500,0,0.0,0.0,Connect Starkville,Starkville,MS,2026-09-15T23:09:24Z,2026-09-15T23:18:35Z,0.006377,False,False,https://api.fususone.com/api/public/organizations/cityofstarkville/stats/
cityofstarkville,subscribedCameras,previous,563,563,0,0.0,0.0,Connect Starkville,Starkville,MS,2026-09-15T23:09:24Z,2026-09-15T23:18:35Z,0.006377,False,False,https://api.fususone.com/api/public/organizations/cityofstarkville/stats/
cityofws,totalRegisteredCameras,previous,1678,1678,0,0.0,0.0,Connect Winston-Salem,the City of Winston-Salem,NC,2026-09-15T23:09:25Z,2026-09-15T23:18:36Z,0.006377,False,False,https://api.fususone.com/api/public/organizations/cityofws/stats/
cityofws,totalIntegratedCameras,previous,3276,3276,0,0.0,0.0,Connect Winston-Salem,the City of Winston-Salem,NC,2026-09-15T23:09:25Z,2026-09-15T23:18:36Z,0.006377,False,False,https://api.fususone.com/api/public/organizations/cityofws/stats/
cityofws,totalOwnedCameras,previous,1740,1740,0,0.0,0.0,Connect Winston-Salem,the City of Winston-Salem,NC,2026-09-15T23:09:25Z,2026-09-15T23:18:36Z,0.006377,False,False,https://api.fususone.com/api/public/organizations/cityofws/stats/
cityofws,totalSharedCameras,previous,362,362,0,0.0,0.0,Connect Winston-Salem,the City of Winston-Salem,NC,2026-09-15T23:09:25Z,2026-09-15T23:18:36Z,0.006377,False,False,https://api.fususone.com/api/public/organizations/cityofws/stats/
cityofws,totalMaxCameras,previous,2000,2000,0,0.0,0.0,Connect Winston-Salem,the City of Winston-Salem,NC,2026-09-15T23:09:25Z,2026-09-15T23:18:36Z,0.006377,False,False,https://api.fususone.com/api/public/organizations/cityofws/stats/
cityofws,subscribedCameras,previous,1724,1724,0,0.0,0.0,Connect Winston-Salem,the City of Winston-Salem,NC,2026-09-15T23:09:25Z,2026-09-15T23:18:36Z,0.006377,False,False,https://api.fususone.com/api/public/organizations/cityofws/stats/
claycountysheriff,totalRegisteredCameras,previous,158,158,0,0.0,0.0,Connect Clay County,Clay County,FL,2026-09-15T23:09:26Z,2026-09-15T23:18:37Z,0.006377,False,False,https://api.fususone.com/api/public/organizations/claycountysheriff/stats/
claycountysheriff,totalIntegratedCameras,previous,3433,3433,0,0.0,0.0,Connect Clay County,Clay County,FL,2026-09-15T23:09:26Z,2026-09-15T23:18:37Z,0.006377,False,False,https://api.fususone.com/api/public/organizations/claycountysheriff/stats/
claycountysheriff,totalOwnedCameras,previous,3265,3265,0,0.0,0.0,Connect Clay County,Clay County,FL,2026-09-15T23:09:26Z,2026-09-15T23:18:37Z,0.006377,False,False,https://api.fususone.com/api/public/organizations/claycountysheriff/stats/
claycountysheriff,totalSharedCameras,previous,126,126,0,0.0,0.0,Connect Clay County,Clay County,FL,2026-09-15T23:09:26Z,2026-09-15T23:18:37Z,0.006377,False,False,https://api.fususone.com/api/public/organizations/claycountysheriff/stats/
claycountysheriff,totalMaxCameras,previous,2000,2000,0,0.0,0.0,Connect Clay County,Clay County,FL,2026-09-15T23:09:26Z,2026-09-15T23:18:37Z,0.006377,False,False,https://api.fususone.com/api/public/organizations/claycountysheriff/stats/
claycountysheriff,subscribedCameras,previous,3260,3260,0,0.0,0.0,Connect Clay County,Clay County,FL,2026-09-15T23:09:26Z,2026-09-15T23:18:37Z,0.006377,False,False,https://api.fususone.com/api/public/organizations/claycountysheriff/stats/
claytoncountypd,totalRegisteredCameras,previous,398,398,0,0.0,0.0,Connect Clayton County,Clayton County,GA,2026-09-15T23:09:27Z,2026-09-15T23:18:38Z,0.006377,False,False,https://api.fususone.com/api/public/organizations/claytoncountypd/stats/
claytoncountypd,totalIntegratedCameras,previous,10827,10827,0,0.0,0.0,Connect Clayton County,Clayton County,GA,2026-09-15T23:09:27Z,2026-09-15T23:18:38Z,0.006377,False,False,https://api.fususone.com/api/public/organizations/claytoncountypd/stats/
claytoncountypd,totalOwnedCameras,previous,1025,1025,0,0.0,0.0,Connect Clayton County,Clayton County,GA,2026-09-15T23:09:27Z,2026-09-15T23:18:38Z,0.006377,False,False,https://api.fususone.com/api/public/organizations/claytoncountypd/stats/
claytoncountypd,totalSharedCameras,previous,294,294,0,0.0,0.0,Connect Clayton County,Clayton County,GA,2026-09-15T23:09:27Z,2026-09-15T23:18:38Z,0.006377,False,False,https://api.fususone.com/api/public/organizations/claytoncountypd/stats/
claytoncountypd,totalMaxCameras,previous,8814,8814,0,0.0,0.0,Connect Clayton County,Clayton County,GA,2026-09-15T23:09:27Z,2026-09-15T23:18:38Z,0.006377,False,False,https://api.fususone.com/api/public/organizations/claytoncountypd/stats/
claytoncountypd,subscribedCameras,previous,1010,1010,0,0.0,0.0,Connect Clayton County,Clayton County,GA,2026-09-15T23:09:27Z,2026-09-15T23:18:38Z,0.006377,False,False,https://api.fususone.com/api/public/organizations/claytoncountypd/stats/
clearwaterpd,totalRegisteredCameras,previous,693,693,0,0.0,0.0,Clearwater Camera Sharing,Clearwater,FL,2026-09-15T23:09:28Z,2026-09-15T23:18:39Z,0.006377,False,False,https://api.fususone.com/api/public/organizations/clearwaterpd/stats/
clearwaterpd,totalIntegratedCameras,previous,912,912,0,0.0,0.0,Clearwater Camera Sharing,Clearwater,FL,2026-09-15T23:09:28Z,2026-09-15T23:18:39Z,0.006377,False,False,https://api.fususone.com/api/public/organizations/clearwaterpd/stats/
clearwaterpd,totalOwnedCameras,previous,842,842,0,0.0,0.0,Clearwater Camera Sharing,Clearwater,FL,2026-09-15T23:09:28Z,2026-09-15T23:18:39Z,0.006377,False,False,https://api.fususone.com/api/public/organizations/clearwaterpd/stats/
clearwaterpd,totalSharedCameras,previous,70,70,0,0.0,0.0,Clearwater Camera Sharing,Clearwater,FL,2026-09-15T23:09:28Z,2026-09-15T23:18:39Z,0.006377,False,False,https://api.fususone.com/api/public/organizations/clearwaterpd/stats/
clearwaterpd,totalMaxCameras,previous,10000,10000,0,0.0,0.0,Clearwater Camera Sharing,Clearwater,FL,2026-09-15T23:09:28Z,2026-09-15T23:18:39Z,0.006377,False,False,https://api.fususone.com/api/public/organizations/clearwaterpd/stats/
clearwaterpd,subscribedCameras,previous,792,792,0,0.0,0.0,Clearwater Camera Sharing,Clearwater,FL,2026-09-15T23:09:28Z,2026-09-15T23:18:39Z,0.006377,False,False,https://api.fususone.com/api/public/organizations/clearwaterpd/stats/
clermontpd,totalRegisteredCameras,previous,74,74,0,0.0,0.0,Connect Clermont,Clermont,FL,2026-09-15T23:09:29Z,2026-09-15T23:18:40Z,0.006377,False,False,https://api.fususone.com/api/public/organizations/clermontpd/stats/
clermontpd,totalIntegratedCameras,previous,664,664,0,0.0,0.0,Connect Clermont,Clermont,FL,2026-09-15T23:09:29Z,2026-09-15T23:18:40Z,0.006377,False,False,https://api.fususone.com/api/public/organizations/clermontpd/stats/
clermontpd,totalOwnedCameras,previous,69,69,0,0.0,0.0,Connect Clermont,Clermont,FL,2026-09-15T23:09:29Z,2026-09-15T23:18:40Z,0.006377,False,False,https://api.fususone.com/api/public/organizations/clermontpd/stats/
clermontpd,totalSharedCameras,previous,595,595,0,0.0,0.0,Connect Clermont,Clermont,FL,2026-09-15T23:09:29Z,2026-09-15T23:18:40Z,0.006377,False,False,https://api.fususone.com/api/public/organizations/clermontpd/stats/
clermontpd,totalMaxCameras,previous,150,150,0,0.0,0.0,Connect Clermont,Clermont,FL,2026-09-15T23:09:29Z,2026-09-15T23:18:40Z,0.006377,False,False,https://api.fususone.com/api/public/organizations/clermontpd/stats/
clermontpd,subscribedCameras,previous,63,63,0,0.0,0.0,Connect Clermont,Clermont,FL,2026-09-15T23:09:29Z,2026-09-15T23:18:40Z,0.006377,False,False,https://api.fususone.com/api/public/organizations/clermontpd/stats/
clevelanddps,totalRegisteredCameras,previous,1763,1763,0,0.0,0.0,Safe Smart CLE,Cleveland,OH,2026-09-15T23:09:30Z,2026-09-15T23:18:41Z,0.006377,False,False,https://api.fususone.com/api/public/organizations/clevelanddps/stats/
clevelanddps,totalIntegratedCameras,previous,4169,4169,0,0.0,0.0,Safe Smart CLE,Cleveland,OH,2026-09-15T23:09:30Z,2026-09-15T23:18:41Z,0.006377,False,False,https://api.fususone.com/api/public/organizations/clevelanddps/stats/
clevelanddps,totalOwnedCameras,previous,4050,4050,0,0.0,0.0,Safe Smart CLE,Cleveland,OH,2026-09-15T23:09:30Z,2026-09-15T23:18:41Z,0.006377,False,False,https://api.fususone.com/api/public/organizations/clevelanddps/stats/
clevelanddps,totalSharedCameras,previous,0,0,0,,0.0,Safe Smart CLE,Cleveland,OH,2026-09-15T23:09:30Z,2026-09-15T23:18:41Z,0.006377,True,False,https://api.fususone.com/api/public/organizations/clevelanddps/stats/
clevelanddps,totalMaxCameras,previous,2375,2375,0,0.0,0.0,Safe Smart CLE,Cleveland,OH,2026-09-15T23:09:30Z,2026-09-15T23:18:41Z,0.006377,False,False,https://api.fususone.com/api/public/organizations/clevelanddps/stats/
clevelanddps,subscribedCameras,previous,4053,4053,0,0.0,0.0,Safe Smart CLE,Cleveland,OH,2026-09-15T23:09:30Z,2026-09-15T23:18:41Z,0.006377,False,False,https://api.fususone.com/api/public/organizations/clevelanddps/stats/
clevelandmetroparksoh,totalRegisteredCameras,previous,0,0,0,,0.0,Cleveland Metroparks Connect,Cleveland Metroparks,OH,2026-09-15T23:09:31Z,2026-09-15T23:18:42Z,0.006377,True,False,https://api.fususone.com/api/public/organizations/clevelandmetroparksoh/stats/
clevelandmetroparksoh,totalIntegratedCameras,previous,24,24,0,0.0,0.0,Cleveland Metroparks Connect,Cleveland Metroparks,OH,2026-09-15T23:09:31Z,2026-09-15T23:18:42Z,0.006377,False,False,https://api.fususone.com/api/public/organizations/clevelandmetroparksoh/stats/
clevelandmetroparksoh,totalOwnedCameras,previous,24,24,0,0.0,0.0,Cleveland Metroparks Connect,Cleveland Metroparks,OH,2026-09-15T23:09:31Z,2026-09-15T23:18:42Z,0.006377,False,False,https://api.fususone.com/api/public/organizations/clevelandmetroparksoh/stats/
clevelandmetroparksoh,totalSharedCameras,previous,0,0,0,,0.0,Cleveland Metroparks Connect,Cleveland Metroparks,OH,2026-09-15T23:09:31Z,2026-09-15T23:18:42Z,0.006377,True,False,https://api.fususone.com/api/public/organizations/clevelandmetroparksoh/stats/
clevelandmetroparksoh,totalMaxCameras,previous,0,0,0,,0.0,Cleveland Metroparks Connect,Cleveland Metroparks,OH,2026-09-15T23:09:31Z,2026-09-15T23:18:42Z,0.006377,True,False,https://api.fususone.com/api/public/organizations/clevelandmetroparksoh/stats/
clevelandmetroparksoh,subscribedCameras,previous,24,24,0,0.0,0.0,Cleveland Metroparks Connect,Cleveland Metroparks,OH,2026-09-15T23:09:31Z,2026-09-15T23:18:42Z,0.006377,False,False,https://api.fususone.com/api/public/organizations/clevelandmetroparksoh/stats/
cobbcountypd,totalRegisteredCameras,previous,3543,3543,0,0.0,0.0,Connect Cobb ,Cobb County,GA,2026-09-15T23:09:32Z,2026-09-15T23:18:43Z,0.006377,False,False,https://api.fususone.com/api/public/organizations/cobbcountypd/stats/
cobbcountypd,totalIntegratedCameras,previous,12810,12810,0,0.0,0.0,Connect Cobb ,Cobb County,GA,2026-09-15T23:09:32Z,2026-09-15T23:18:43Z,0.006377,False,False,https://api.fususone.com/api/public/organizations/cobbcountypd/stats/
cobbcountypd,totalOwnedCameras,previous,1277,1277,0,0.0,0.0,Connect Cobb ,Cobb County,GA,2026-09-15T23:09:32Z,2026-09-15T23:18:43Z,0.006377,False,False,https://api.fususone.com/api/public/organizations/cobbcountypd/stats/
cobbcountypd,totalSharedCameras,previous,4093,4093,0,0.0,0.0,Connect Cobb ,Cobb County,GA,2026-09-15T23:09:32Z,2026-09-15T23:18:43Z,0.006377,False,False,https://api.fususone.com/api/public/organizations/cobbcountypd/stats/
cobbcountypd,totalMaxCameras,previous,9008,9008,0,0.0,0.0,Connect Cobb ,Cobb County,GA,2026-09-15T23:09:32Z,2026-09-15T23:18:43Z,0.006377,False,False,https://api.fususone.com/api/public/organizations/cobbcountypd/stats/
cobbcountypd,subscribedCameras,previous,997,997,0,0.0,0.0,Connect Cobb ,Cobb County,GA,2026-09-15T23:09:32Z,2026-09-15T23:18:43Z,0.006377,False,False,https://api.fususone.com/api/public/organizations/cobbcountypd/stats/
collegeparkga,totalRegisteredCameras,previous,0,0,0,,0.0,Connect College Park,College Park,GA,2026-09-15T23:09:33Z,2026-09-15T23:18:44Z,0.006377,True,False,https://api.fususone.com/api/public/organizations/collegeparkga/stats/
collegeparkga,totalIntegratedCameras,previous,10505,10505,0,0.0,0.0,Connect College Park,College Park,GA,2026-09-15T23:09:33Z,2026-09-15T23:18:44Z,0.006377,False,False,https://api.fususone.com/api/public/organizations/collegeparkga/stats/
collegeparkga,totalOwnedCameras,previous,171,171,0,0.0,0.0,Connect College Park,College Park,GA,2026-09-15T23:09:33Z,2026-09-15T23:18:44Z,0.006377,False,False,https://api.fususone.com/api/public/organizations/collegeparkga/stats/
collegeparkga,totalSharedCameras,previous,426,426,0,0.0,0.0,Connect College Park,College Park,GA,2026-09-15T23:09:33Z,2026-09-15T23:18:44Z,0.006377,False,False,https://api.fususone.com/api/public/organizations/collegeparkga/stats/
collegeparkga,totalMaxCameras,previous,2539,2539,0,0.0,0.0,Connect College Park,College Park,GA,2026-09-15T23:09:33Z,2026-09-15T23:18:44Z,0.006377,False,False,https://api.fususone.com/api/public/organizations/collegeparkga/stats/
collegeparkga,subscribedCameras,previous,143,143,0,0.0,0.0,Connect College Park,College Park,GA,2026-09-15T23:09:33Z,2026-09-15T23:18:44Z,0.006377,False,False,https://api.fususone.com/api/public/organizations/collegeparkga/stats/
coloradospringspd,totalRegisteredCameras,previous,1313,1313,0,0.0,0.0,Together COS,Colorado Springs,CO,2026-09-15T23:09:34Z,2026-09-15T23:18:45Z,0.006377,False,False,https://api.fususone.com/api/public/organizations/coloradospringspd/stats/
coloradospringspd,totalIntegratedCameras,previous,1084,1084,0,0.0,0.0,Together COS,Colorado Springs,CO,2026-09-15T23:09:34Z,2026-09-15T23:18:45Z,0.006377,False,False,https://api.fususone.com/api/public/organizations/coloradospringspd/stats/
coloradospringspd,totalOwnedCameras,previous,945,945,0,0.0,0.0,Together COS,Colorado Springs,CO,2026-09-15T23:09:34Z,2026-09-15T23:18:45Z,0.006377,False,False,https://api.fususone.com/api/public/organizations/coloradospringspd/stats/
coloradospringspd,totalSharedCameras,previous,139,139,0,0.0,0.0,Together COS,Colorado Springs,CO,2026-09-15T23:09:34Z,2026-09-15T23:18:45Z,0.006377,False,False,https://api.fususone.com/api/public/organizations/coloradospringspd/stats/
coloradospringspd,totalMaxCameras,previous,750,750,0,0.0,0.0,Together COS,Colorado Springs,CO,2026-09-15T23:09:34Z,2026-09-15T23:18:45Z,0.006377,False,False,https://api.fususone.com/api/public/organizations/coloradospringspd/stats/
coloradospringspd,subscribedCameras,previous,844,844,0,0.0,0.0,Together COS,Colorado Springs,CO,2026-09-15T23:09:34Z,2026-09-15T23:18:45Z,0.006377,False,False,https://api.fususone.com/api/public/organizations/coloradospringspd/stats/
coltonpdca,totalRegisteredCameras,previous,345,345,0,0.0,0.0,Connect Colton,Colton,CA,2026-09-15T23:09:35Z,2026-09-15T23:18:46Z,0.006377,False,False,https://api.fususone.com/api/public/organizations/coltonpdca/stats/
coltonpdca,totalIntegratedCameras,previous,28,28,0,0.0,0.0,Connect Colton,Colton,CA,2026-09-15T23:09:35Z,2026-09-15T23:18:46Z,0.006377,False,False,https://api.fususone.com/api/public/organizations/coltonpdca/stats/
coltonpdca,totalOwnedCameras,previous,19,19,0,0.0,0.0,Connect Colton,Colton,CA,2026-09-15T23:09:35Z,2026-09-15T23:18:46Z,0.006377,False,False,https://api.fususone.com/api/public/organizations/coltonpdca/stats/
coltonpdca,totalSharedCameras,previous,9,9,0,0.0,0.0,Connect Colton,Colton,CA,2026-09-15T23:09:35Z,2026-09-15T23:18:46Z,0.006377,False,False,https://api.fususone.com/api/public/organizations/coltonpdca/stats/
coltonpdca,totalMaxCameras,previous,0,0,0,,0.0,Connect Colton,Colton,CA,2026-09-15T23:09:35Z,2026-09-15T23:18:46Z,0.006377,True,False,https://api.fususone.com/api/public/organizations/coltonpdca/stats/
coltonpdca,subscribedCameras,previous,19,19,0,0.0,0.0,Connect Colton,Colton,CA,2026-09-15T23:09:35Z,2026-09-15T23:18:46Z,0.006377,False,False,https://api.fususone.com/api/public/organizations/coltonpdca/stats/
columbuspdga,totalRegisteredCameras,previous,2439,2439,0,0.0,0.0,Connect Columbus,"Columbus, Georgia",GA,2026-09-15T23:09:36Z,2026-09-15T23:18:47Z,0.006377,False,False,https://api.fususone.com/api/public/organizations/columbuspdga/stats/
columbuspdga,totalIntegratedCameras,previous,566,566,0,0.0,0.0,Connect Columbus,"Columbus, Georgia",GA,2026-09-15T23:09:36Z,2026-09-15T23:18:47Z,0.006377,False,False,https://api.fususone.com/api/public/organizations/columbuspdga/stats/
columbuspdga,totalOwnedCameras,previous,566,566,0,0.0,0.0,Connect Columbus,"Columbus, Georgia",GA,2026-09-15T23:09:36Z,2026-09-15T23:18:47Z,0.006377,False,False,https://api.fususone.com/api/public/organizations/columbuspdga/stats/
columbuspdga,totalSharedCameras,previous,0,0,0,,0.0,Connect Columbus,"Columbus, Georgia",GA,2026-09-15T23:09:36Z,2026-09-15T23:18:47Z,0.006377,True,False,https://api.fususone.com/api/public/organizations/columbuspdga/stats/
columbuspdga,totalMaxCameras,previous,1500,1500,0,0.0,0.0,Connect Columbus,"Columbus, Georgia",GA,2026-09-15T23:09:36Z,2026-09-15T23:18:47Z,0.006377,False,False,https://api.fususone.com/api/public/organizations/columbuspdga/stats/
columbuspdga,subscribedCameras,previous,557,557,0,0.0,0.0,Connect Columbus,"Columbus, Georgia",GA,2026-09-15T23:09:36Z,2026-09-15T23:18:47Z,0.006377,False,False,https://api.fususone.com/api/public/organizations/columbuspdga/stats/
connectnewportrichey,totalRegisteredCameras,previous,6,6,0,0.0,0.0,Connect New Port Richey,New Port Richey,FL,2026-09-15T23:09:37Z,2026-09-15T23:18:48Z,0.006377,False,False,https://api.fususone.com/api/public/organizations/connectnewportrichey/stats/
connectnewportrichey,totalIntegratedCameras,previous,8,8,0,0.0,0.0,Connect New Port Richey,New Port Richey,FL,2026-09-15T23:09:37Z,2026-09-15T23:18:48Z,0.006377,False,False,https://api.fususone.com/api/public/organizations/connectnewportrichey/stats/
connectnewportrichey,totalOwnedCameras,previous,8,8,0,0.0,0.0,Connect New Port Richey,New Port Richey,FL,2026-09-15T23:09:37Z,2026-09-15T23:18:48Z,0.006377,False,False,https://api.fususone.com/api/public/organizations/connectnewportrichey/stats/
connectnewportrichey,totalSharedCameras,previous,0,0,0,,0.0,Connect New Port Richey,New Port Richey,FL,2026-09-15T23:09:37Z,2026-09-15T23:18:48Z,0.006377,True,False,https://api.fususone.com/api/public/organizations/connectnewportrichey/stats/
connectnewportrichey,totalMaxCameras,previous,0,0,0,,0.0,Connect New Port Richey,New Port Richey,FL,2026-09-15T23:09:37Z,2026-09-15T23:18:48Z,0.006377,True,False,https://api.fususone.com/api/public/organizations/connectnewportrichey/stats/
connectnewportrichey,subscribedCameras,previous,8,8,0,0.0,0.0,Connect New Port Richey,New Port Richey,FL,2026-09-15T23:09:37Z,2026-09-15T23:18:48Z,0.006377,False,False,https://api.fususone.com/api/public/organizations/connectnewportrichey/stats/
connecttallahassee,totalRegisteredCameras,previous,253,253,0,0.0,0.0,Connect Tallahassee,Tallahassee,FL,2026-09-15T23:09:38Z,2026-09-15T23:18:49Z,0.006377,False,False,https://api.fususone.com/api/public/organizations/connecttallahassee/stats/
connecttallahassee,totalIntegratedCameras,previous,369,369,0,0.0,0.0,Connect Tallahassee,Tallahassee,FL,2026-09-15T23:09:38Z,2026-09-15T23:18:49Z,0.006377,False,False,https://api.fususone.com/api/public/organizations/connecttallahassee/stats/
connecttallahassee,totalOwnedCameras,previous,369,369,0,0.0,0.0,Connect Tallahassee,Tallahassee,FL,2026-09-15T23:09:38Z,2026-09-15T23:18:49Z,0.006377,False,False,https://api.fususone.com/api/public/organizations/connecttallahassee/stats/
connecttallahassee,totalSharedCameras,previous,0,0,0,,0.0,Connect Tallahassee,Tallahassee,FL,2026-09-15T23:09:38Z,2026-09-15T23:18:49Z,0.006377,True,False,https://api.fususone.com/api/public/organizations/connecttallahassee/stats/
connecttallahassee,totalMaxCameras,previous,1500,1500,0,0.0,0.0,Connect Tallahassee,Tallahassee,FL,2026-09-15T23:09:38Z,2026-09-15T23:18:49Z,0.006377,False,False,https://api.fususone.com/api/public/organizations/connecttallahassee/stats/
connecttallahassee,subscribedCameras,previous,349,349,0,0.0,0.0,Connect Tallahassee,Tallahassee,FL,2026-09-15T23:09:38Z,2026-09-15T23:18:49Z,0.006377,False,False,https://api.fususone.com/api/public/organizations/connecttallahassee/stats/
covinapdca,totalRegisteredCameras,previous,15,15,0,0.0,0.0,SaferCovina,Covina,CA,2026-09-15T23:09:39Z,2026-09-15T23:18:50Z,0.006377,False,False,https://api.fususone.com/api/public/organizations/covinapdca/stats/
covinapdca,totalIntegratedCameras,previous,2,2,0,0.0,0.0,SaferCovina,Covina,CA,2026-09-15T23:09:39Z,2026-09-15T23:18:50Z,0.006377,False,False,https://api.fususone.com/api/public/organizations/covinapdca/stats/
covinapdca,totalOwnedCameras,previous,2,2,0,0.0,0.0,SaferCovina,Covina,CA,2026-09-15T23:09:39Z,2026-09-15T23:18:50Z,0.006377,False,False,https://api.fususone.com/api/public/organizations/covinapdca/stats/
covinapdca,totalSharedCameras,previous,0,0,0,,0.0,SaferCovina,Covina,CA,2026-09-15T23:09:39Z,2026-09-15T23:18:50Z,0.006377,True,False,https://api.fususone.com/api/public/organizations/covinapdca/stats/
covinapdca,totalMaxCameras,previous,150,150,0,0.0,0.0,SaferCovina,Covina,CA,2026-09-15T23:09:39Z,2026-09-15T23:18:50Z,0.006377,False,False,https://api.fususone.com/api/public/organizations/covinapdca/stats/
covinapdca,subscribedCameras,previous,0,0,0,,0.0,SaferCovina,Covina,CA,2026-09-15T23:09:39Z,2026-09-15T23:18:50Z,0.006377,True,False,https://api.fususone.com/api/public/organizations/covinapdca/stats/
crestviewpdfl,totalRegisteredCameras,previous,0,0,0,,0.0,Connect Crestview,Crestview,FL,2026-09-15T23:09:40Z,2026-09-15T23:18:51Z,0.006377,True,False,https://api.fususone.com/api/public/organizations/crestviewpdfl/stats/
crestviewpdfl,totalIntegratedCameras,previous,52,52,0,0.0,0.0,Connect Crestview,Crestview,FL,2026-09-15T23:09:40Z,2026-09-15T23:18:51Z,0.006377,False,False,https://api.fususone.com/api/public/organizations/crestviewpdfl/stats/
crestviewpdfl,totalOwnedCameras,previous,52,52,0,0.0,0.0,Connect Crestview,Crestview,FL,2026-09-15T23:09:40Z,2026-09-15T23:18:51Z,0.006377,False,False,https://api.fususone.com/api/public/organizations/crestviewpdfl/stats/
crestviewpdfl,totalSharedCameras,previous,0,0,0,,0.0,Connect Crestview,Crestview,FL,2026-09-15T23:09:40Z,2026-09-15T23:18:51Z,0.006377,True,False,https://api.fususone.com/api/public/organizations/crestviewpdfl/stats/
crestviewpdfl,totalMaxCameras,previous,0,0,0,,0.0,Connect Crestview,Crestview,FL,2026-09-15T23:09:40Z,2026-09-15T23:18:51Z,0.006377,True,False,https://api.fususone.com/api/public/organizations/crestviewpdfl/stats/
crestviewpdfl,subscribedCameras,previous,20,20,0,0.0,0.0,Connect Crestview,Crestview,FL,2026-09-15T23:09:40Z,2026-09-15T23:18:51Z,0.006377,False,False,https://api.fususone.com/api/public/organizations/crestviewpdfl/stats/
crestwoodpdil,totalRegisteredCameras,previous,0,0,0,,0.0,Connect Crestwood,Crestwood,MN,2026-09-15T23:09:41Z,2026-09-15T23:18:52Z,0.006377,True,False,https://api.fususone.com/api/public/organizations/crestwoodpdil/stats/
crestwoodpdil,totalIntegratedCameras,previous,90,90,0,0.0,0.0,Connect Crestwood,Crestwood,MN,2026-09-15T23:09:41Z,2026-09-15T23:18:52Z,0.006377,False,False,https://api.fususone.com/api/public/organizations/crestwoodpdil/stats/
crestwoodpdil,totalOwnedCameras,previous,4,4,0,0.0,0.0,Connect Crestwood,Crestwood,MN,2026-09-15T23:09:41Z,2026-09-15T23:18:52Z,0.006377,False,False,https://api.fususone.com/api/public/organizations/crestwoodpdil/stats/
crestwoodpdil,totalSharedCameras,previous,86,86,0,0.0,0.0,Connect Crestwood,Crestwood,MN,2026-09-15T23:09:41Z,2026-09-15T23:18:52Z,0.006377,False,False,https://api.fususone.com/api/public/organizations/crestwoodpdil/stats/
crestwoodpdil,totalMaxCameras,previous,0,0,0,,0.0,Connect Crestwood,Crestwood,MN,2026-09-15T23:09:41Z,2026-09-15T23:18:52Z,0.006377,True,False,https://api.fususone.com/api/public/organizations/crestwoodpdil/stats/
crestwoodpdil,subscribedCameras,previous,0,0,0,,0.0,Connect Crestwood,Crestwood,MN,2026-09-15T23:09:41Z,2026-09-15T23:18:52Z,0.006377,True,False,https://api.fususone.com/api/public/organizations/crestwoodpdil/stats/
cummingpdga,totalRegisteredCameras,previous,5,5,0,0.0,0.0,Connect Cumming,Cumming,GA,2026-09-15T23:09:42Z,2026-09-15T23:18:53Z,0.006377,False,False,https://api.fususone.com/api/public/organizations/cummingpdga/stats/
cummingpdga,totalIntegratedCameras,previous,3094,3094,0,0.0,0.0,Connect Cumming,Cumming,GA,2026-09-15T23:09:42Z,2026-09-15T23:18:53Z,0.006377,False,False,https://api.fususone.com/api/public/organizations/cummingpdga/stats/
cummingpdga,totalOwnedCameras,previous,167,167,0,0.0,0.0,Connect Cumming,Cumming,GA,2026-09-15T23:09:42Z,2026-09-15T23:18:53Z,0.006377,False,False,https://api.fususone.com/api/public/organizations/cummingpdga/stats/
cummingpdga,totalSharedCameras,previous,367,367,0,0.0,0.0,Connect Cumming,Cumming,GA,2026-09-15T23:09:42Z,2026-09-15T23:18:53Z,0.006377,False,False,https://api.fususone.com/api/public/organizations/cummingpdga/stats/
cummingpdga,totalMaxCameras,previous,1500,1500,0,0.0,0.0,Connect Cumming,Cumming,GA,2026-09-15T23:09:42Z,2026-09-15T23:18:53Z,0.006377,False,False,https://api.fususone.com/api/public/organizations/cummingpdga/stats/
cummingpdga,subscribedCameras,previous,149,149,0,0.0,0.0,Connect Cumming,Cumming,GA,2026-09-15T23:09:42Z,2026-09-15T23:18:53Z,0.006377,False,False,https://api.fususone.com/api/public/organizations/cummingpdga/stats/
dallaspd,totalRegisteredCameras,previous,4054,4054,0,0.0,0.0,Connect Dallas,Dallas,TX,2026-09-15T23:09:43Z,2026-09-15T23:18:54Z,0.006377,False,False,https://api.fususone.com/api/public/organizations/dallaspd/stats/
dallaspd,totalIntegratedCameras,previous,1499,1499,0,0.0,0.0,Connect Dallas,Dallas,TX,2026-09-15T23:09:43Z,2026-09-15T23:18:54Z,0.006377,False,False,https://api.fususone.com/api/public/organizations/dallaspd/stats/
dallaspd,totalOwnedCameras,previous,1140,1140,0,0.0,0.0,Connect Dallas,Dallas,TX,2026-09-15T23:09:43Z,2026-09-15T23:18:54Z,0.006377,False,False,https://api.fususone.com/api/public/organizations/dallaspd/stats/
dallaspd,totalSharedCameras,previous,358,358,0,0.0,0.0,Connect Dallas,Dallas,TX,2026-09-15T23:09:43Z,2026-09-15T23:18:54Z,0.006377,False,False,https://api.fususone.com/api/public/organizations/dallaspd/stats/
dallaspd,totalMaxCameras,previous,1500,1500,0,0.0,0.0,Connect Dallas,Dallas,TX,2026-09-15T23:09:43Z,2026-09-15T23:18:54Z,0.006377,False,False,https://api.fususone.com/api/public/organizations/dallaspd/stats/
dallaspd,subscribedCameras,previous,1040,1040,0,0.0,0.0,Connect Dallas,Dallas,TX,2026-09-15T23:09:43Z,2026-09-15T23:18:54Z,0.006377,False,False,https://api.fususone.com/api/public/organizations/dallaspd/stats/
dalycitypdca,totalRegisteredCameras,previous,23,23,0,0.0,0.0,Connect Daly City,Daly City,CA,2026-09-15T23:09:44Z,2026-09-15T23:18:55Z,0.006377,False,False,https://api.fususone.com/api/public/organizations/dalycitypdca/stats/
dalycitypdca,totalIntegratedCameras,previous,87,87,0,0.0,0.0,Connect Daly City,Daly City,CA,2026-09-15T23:09:44Z,2026-09-15T23:18:55Z,0.006377,False,False,https://api.fususone.com/api/public/organizations/dalycitypdca/stats/
dalycitypdca,totalOwnedCameras,previous,46,46,0,0.0,0.0,Connect Daly City,Daly City,CA,2026-09-15T23:09:44Z,2026-09-15T23:18:55Z,0.006377,False,False,https://api.fususone.com/api/public/organizations/dalycitypdca/stats/
dalycitypdca,totalSharedCameras,previous,41,41,0,0.0,0.0,Connect Daly City,Daly City,CA,2026-09-15T23:09:44Z,2026-09-15T23:18:55Z,0.006377,False,False,https://api.fususone.com/api/public/organizations/dalycitypdca/stats/
dalycitypdca,totalMaxCameras,previous,450,450,0,0.0,0.0,Connect Daly City,Daly City,CA,2026-09-15T23:09:44Z,2026-09-15T23:18:55Z,0.006377,False,False,https://api.fususone.com/api/public/organizations/dalycitypdca/stats/
dalycitypdca,subscribedCameras,previous,15,15,0,0.0,0.0,Connect Daly City,Daly City,CA,2026-09-15T23:09:44Z,2026-09-15T23:18:55Z,0.006377,False,False,https://api.fususone.com/api/public/organizations/dalycitypdca/stats/
danvillepd,totalRegisteredCameras,previous,418,418,0,0.0,0.0,"One Community, Connect Danville",Danville,VA,2026-09-15T23:09:45Z,2026-09-15T23:18:56Z,0.006377,False,False,https://api.fususone.com/api/public/organizations/danvillepd/stats/
danvillepd,totalIntegratedCameras,previous,1755,1755,0,0.0,0.0,"One Community, Connect Danville",Danville,VA,2026-09-15T23:09:45Z,2026-09-15T23:18:56Z,0.006377,False,False,https://api.fususone.com/api/public/organizations/danvillepd/stats/
danvillepd,totalOwnedCameras,previous,342,342,0,0.0,0.0,"One Community, Connect Danville",Danville,VA,2026-09-15T23:09:45Z,2026-09-15T23:18:56Z,0.006377,False,False,https://api.fususone.com/api/public/organizations/danvillepd/stats/
danvillepd,totalSharedCameras,previous,1413,1413,0,0.0,0.0,"One Community, Connect Danville",Danville,VA,2026-09-15T23:09:45Z,2026-09-15T23:18:56Z,0.006377,False,False,https://api.fususone.com/api/public/organizations/danvillepd/stats/
danvillepd,totalMaxCameras,previous,500,500,0,0.0,0.0,"One Community, Connect Danville",Danville,VA,2026-09-15T23:09:45Z,2026-09-15T23:18:56Z,0.006377,False,False,https://api.fususone.com/api/public/organizations/danvillepd/stats/
danvillepd,subscribedCameras,previous,341,341,0,0.0,0.0,"One Community, Connect Danville",Danville,VA,2026-09-15T23:09:45Z,2026-09-15T23:18:56Z,0.006377,False,False,https://api.fususone.com/api/public/organizations/danvillepd/stats/
dbsfl,totalRegisteredCameras,previous,3,3,0,0.0,0.0,Connect Daytona Beach Shores,Daytona Beach Shores,FL,2026-09-15T23:09:46Z,2026-09-15T23:18:57Z,0.006377,False,False,https://api.fususone.com/api/public/organizations/dbsfl/stats/
dbsfl,totalIntegratedCameras,previous,72,72,0,0.0,0.0,Connect Daytona Beach Shores,Daytona Beach Shores,FL,2026-09-15T23:09:46Z,2026-09-15T23:18:57Z,0.006377,False,False,https://api.fususone.com/api/public/organizations/dbsfl/stats/
dbsfl,totalOwnedCameras,previous,72,72,0,0.0,0.0,Connect Daytona Beach Shores,Daytona Beach Shores,FL,2026-09-15T23:09:46Z,2026-09-15T23:18:57Z,0.006377,False,False,https://api.fususone.com/api/public/organizations/dbsfl/stats/
dbsfl,totalSharedCameras,previous,0,0,0,,0.0,Connect Daytona Beach Shores,Daytona Beach Shores,FL,2026-09-15T23:09:46Z,2026-09-15T23:18:57Z,0.006377,True,False,https://api.fususone.com/api/public/organizations/dbsfl/stats/
dbsfl,totalMaxCameras,previous,0,0,0,,0.0,Connect Daytona Beach Shores,Daytona Beach Shores,FL,2026-09-15T23:09:46Z,2026-09-15T23:18:57Z,0.006377,True,False,https://api.fususone.com/api/public/organizations/dbsfl/stats/
dbsfl,subscribedCameras,previous,70,70,0,0.0,0.0,Connect Daytona Beach Shores,Daytona Beach Shores,FL,2026-09-15T23:09:46Z,2026-09-15T23:18:57Z,0.006377,False,False,https://api.fususone.com/api/public/organizations/dbsfl/stats/
dcmetro,totalRegisteredCameras,previous,44118,44118,0,0.0,0.0,CameraConnectDC,Washington DC,DC,2026-09-15T23:09:47Z,2026-09-15T23:18:58Z,0.006377,False,False,https://api.fususone.com/api/public/organizations/dcmetro/stats/
dcmetro,totalIntegratedCameras,previous,1454,1454,0,0.0,0.0,CameraConnectDC,Washington DC,DC,2026-09-15T23:09:47Z,2026-09-15T23:18:58Z,0.006377,False,False,https://api.fususone.com/api/public/organizations/dcmetro/stats/
dcmetro,totalOwnedCameras,previous,1259,1259,0,0.0,0.0,CameraConnectDC,Washington DC,DC,2026-09-15T23:09:47Z,2026-09-15T23:18:58Z,0.006377,False,False,https://api.fususone.com/api/public/organizations/dcmetro/stats/
dcmetro,totalSharedCameras,previous,119,119,0,0.0,0.0,CameraConnectDC,Washington DC,DC,2026-09-15T23:09:47Z,2026-09-15T23:18:58Z,0.006377,False,False,https://api.fususone.com/api/public/organizations/dcmetro/stats/
dcmetro,totalMaxCameras,previous,4500,4500,0,0.0,0.0,CameraConnectDC,Washington DC,DC,2026-09-15T23:09:47Z,2026-09-15T23:18:58Z,0.006377,False,False,https://api.fususone.com/api/public/organizations/dcmetro/stats/
dcmetro,subscribedCameras,previous,1127,1127,0,0.0,0.0,CameraConnectDC,Washington DC,DC,2026-09-15T23:09:47Z,2026-09-15T23:18:58Z,0.006377,False,False,https://api.fususone.com/api/public/organizations/dcmetro/stats/
dealpdnj,totalRegisteredCameras,previous,322,322,0,0.0,0.0,Connect Deal,Deal,NJ,2026-09-15T23:09:48Z,2026-09-15T23:18:59Z,0.006377,False,False,https://api.fususone.com/api/public/organizations/dealpdnj/stats/
dealpdnj,totalIntegratedCameras,previous,976,976,0,0.0,0.0,Connect Deal,Deal,NJ,2026-09-15T23:09:48Z,2026-09-15T23:18:59Z,0.006377,False,False,https://api.fususone.com/api/public/organizations/dealpdnj/stats/
dealpdnj,totalOwnedCameras,previous,224,224,0,0.0,0.0,Connect Deal,Deal,NJ,2026-09-15T23:09:48Z,2026-09-15T23:18:59Z,0.006377,False,False,https://api.fususone.com/api/public/organizations/dealpdnj/stats/
dealpdnj,totalSharedCameras,previous,0,0,0,,0.0,Connect Deal,Deal,NJ,2026-09-15T23:09:48Z,2026-09-15T23:18:59Z,0.006377,True,False,https://api.fususone.com/api/public/organizations/dealpdnj/stats/
dealpdnj,totalMaxCameras,previous,0,0,0,,0.0,Connect Deal,Deal,NJ,2026-09-15T23:09:48Z,2026-09-15T23:18:59Z,0.006377,True,False,https://api.fususone.com/api/public/organizations/dealpdnj/stats/
dealpdnj,subscribedCameras,previous,224,224,0,0.0,0.0,Connect Deal,Deal,NJ,2026-09-15T23:09:48Z,2026-09-15T23:18:59Z,0.006377,False,False,https://api.fususone.com/api/public/organizations/dealpdnj/stats/
dearbornpdmi,totalRegisteredCameras,previous,686,686,0,0.0,0.0,Connect Dearborn,Dearborn,MI,2026-09-15T23:09:49Z,2026-09-15T23:19:00Z,0.006377,False,False,https://api.fususone.com/api/public/organizations/dearbornpdmi/stats/
dearbornpdmi,totalIntegratedCameras,previous,674,674,0,0.0,0.0,Connect Dearborn,Dearborn,MI,2026-09-15T23:09:49Z,2026-09-15T23:19:00Z,0.006377,False,False,https://api.fususone.com/api/public/organizations/dearbornpdmi/stats/
dearbornpdmi,totalOwnedCameras,previous,513,513,0,0.0,0.0,Connect Dearborn,Dearborn,MI,2026-09-15T23:09:49Z,2026-09-15T23:19:00Z,0.006377,False,False,https://api.fususone.com/api/public/organizations/dearbornpdmi/stats/
dearbornpdmi,totalSharedCameras,previous,4,4,0,0.0,0.0,Connect Dearborn,Dearborn,MI,2026-09-15T23:09:49Z,2026-09-15T23:19:00Z,0.006377,False,False,https://api.fususone.com/api/public/organizations/dearbornpdmi/stats/
dearbornpdmi,totalMaxCameras,previous,1500,1500,0,0.0,0.0,Connect Dearborn,Dearborn,MI,2026-09-15T23:09:49Z,2026-09-15T23:19:00Z,0.006377,False,False,https://api.fususone.com/api/public/organizations/dearbornpdmi/stats/
dearbornpdmi,subscribedCameras,previous,499,499,0,0.0,0.0,Connect Dearborn,Dearborn,MI,2026-09-15T23:09:49Z,2026-09-15T23:19:00Z,0.006377,False,False,https://api.fususone.com/api/public/organizations/dearbornpdmi/stats/
dekalbcountyga,totalRegisteredCameras,previous,3513,3513,0,0.0,0.0,Connect DeKalb County,DeKalb County,GA,2026-09-15T23:09:50Z,2026-09-15T23:19:01Z,0.006377,False,False,https://api.fususone.com/api/public/organizations/dekalbcountyga/stats/
dekalbcountyga,totalIntegratedCameras,previous,9123,9123,0,0.0,0.0,Connect DeKalb County,DeKalb County,GA,2026-09-15T23:09:50Z,2026-09-15T23:19:01Z,0.006377,False,False,https://api.fususone.com/api/public/organizations/dekalbcountyga/stats/
dekalbcountyga,totalOwnedCameras,previous,901,901,0,0.0,0.0,Connect DeKalb County,DeKalb County,GA,2026-09-15T23:09:50Z,2026-09-15T23:19:01Z,0.006377,False,False,https://api.fususone.com/api/public/organizations/dekalbcountyga/stats/
dekalbcountyga,totalSharedCameras,previous,44,44,0,0.0,0.0,Connect DeKalb County,DeKalb County,GA,2026-09-15T23:09:50Z,2026-09-15T23:19:01Z,0.006377,False,False,https://api.fususone.com/api/public/organizations/dekalbcountyga/stats/
dekalbcountyga,totalMaxCameras,previous,1500,1500,0,0.0,0.0,Connect DeKalb County,DeKalb County,GA,2026-09-15T23:09:50Z,2026-09-15T23:19:01Z,0.006377,False,False,https://api.fususone.com/api/public/organizations/dekalbcountyga/stats/
dekalbcountyga,subscribedCameras,previous,751,751,0,0.0,0.0,Connect DeKalb County,DeKalb County,GA,2026-09-15T23:09:50Z,2026-09-15T23:19:01Z,0.006377,False,False,https://api.fususone.com/api/public/organizations/dekalbcountyga/stats/
delraybeach,totalRegisteredCameras,previous,887,887,0,0.0,0.0,Connect Delray Beach,Delray Beach,FL,2026-09-15T23:09:51Z,2026-09-15T23:19:02Z,0.006377,False,False,https://api.fususone.com/api/public/organizations/delraybeach/stats/
delraybeach,totalIntegratedCameras,previous,523,523,0,0.0,0.0,Connect Delray Beach,Delray Beach,FL,2026-09-15T23:09:51Z,2026-09-15T23:19:02Z,0.006377,False,False,https://api.fususone.com/api/public/organizations/delraybeach/stats/
delraybeach,totalOwnedCameras,previous,297,297,0,0.0,0.0,Connect Delray Beach,Delray Beach,FL,2026-09-15T23:09:51Z,2026-09-15T23:19:02Z,0.006377,False,False,https://api.fususone.com/api/public/organizations/delraybeach/stats/
delraybeach,totalSharedCameras,previous,0,0,0,,0.0,Connect Delray Beach,Delray Beach,FL,2026-09-15T23:09:51Z,2026-09-15T23:19:02Z,0.006377,True,False,https://api.fususone.com/api/public/organizations/delraybeach/stats/
delraybeach,totalMaxCameras,previous,500,500,0,0.0,0.0,Connect Delray Beach,Delray Beach,FL,2026-09-15T23:09:51Z,2026-09-15T23:19:02Z,0.006377,False,False,https://api.fususone.com/api/public/organizations/delraybeach/stats/
delraybeach,subscribedCameras,previous,286,286,0,0.0,0.0,Connect Delray Beach,Delray Beach,FL,2026-09-15T23:09:51Z,2026-09-15T23:19:02Z,0.006377,False,False,https://api.fususone.com/api/public/organizations/delraybeach/stats/
dentonpdtx,totalRegisteredCameras,previous,2,2,0,0.0,0.0,Denton Connects,Denton,TX,2026-09-15T23:09:52Z,2026-09-15T23:19:03Z,0.006377,False,False,https://api.fususone.com/api/public/organizations/dentonpdtx/stats/
dentonpdtx,totalIntegratedCameras,previous,186,186,0,0.0,0.0,Denton Connects,Denton,TX,2026-09-15T23:09:52Z,2026-09-15T23:19:03Z,0.006377,False,False,https://api.fususone.com/api/public/organizations/dentonpdtx/stats/
dentonpdtx,totalOwnedCameras,previous,186,186,0,0.0,0.0,Denton Connects,Denton,TX,2026-09-15T23:09:52Z,2026-09-15T23:19:03Z,0.006377,False,False,https://api.fususone.com/api/public/organizations/dentonpdtx/stats/
dentonpdtx,totalSharedCameras,previous,0,0,0,,0.0,Denton Connects,Denton,TX,2026-09-15T23:09:52Z,2026-09-15T23:19:03Z,0.006377,True,False,https://api.fususone.com/api/public/organizations/dentonpdtx/stats/
dentonpdtx,totalMaxCameras,previous,0,0,0,,0.0,Denton Connects,Denton,TX,2026-09-15T23:09:52Z,2026-09-15T23:19:03Z,0.006377,True,False,https://api.fususone.com/api/public/organizations/dentonpdtx/stats/
dentonpdtx,subscribedCameras,previous,183,183,0,0.0,0.0,Denton Connects,Denton,TX,2026-09-15T23:09:52Z,2026-09-15T23:19:03Z,0.006377,False,False,https://api.fususone.com/api/public/organizations/dentonpdtx/stats/
dothanpd,totalRegisteredCameras,previous,0,0,0,,0.0,Connect Dothan,Dothan,AL,2026-09-15T23:09:53Z,2026-09-15T23:19:04Z,0.006377,True,False,https://api.fususone.com/api/public/organizations/dothanpd/stats/
dothanpd,totalIntegratedCameras,previous,186,186,0,0.0,0.0,Connect Dothan,Dothan,AL,2026-09-15T23:09:53Z,2026-09-15T23:19:04Z,0.006377,False,False,https://api.fususone.com/api/public/organizations/dothanpd/stats/
dothanpd,totalOwnedCameras,previous,186,186,0,0.0,0.0,Connect Dothan,Dothan,AL,2026-09-15T23:09:53Z,2026-09-15T23:19:04Z,0.006377,False,False,https://api.fususone.com/api/public/organizations/dothanpd/stats/
dothanpd,totalSharedCameras,previous,0,0,0,,0.0,Connect Dothan,Dothan,AL,2026-09-15T23:09:53Z,2026-09-15T23:19:04Z,0.006377,True,False,https://api.fususone.com/api/public/organizations/dothanpd/stats/
dothanpd,totalMaxCameras,previous,0,0,0,,0.0,Connect Dothan,Dothan,AL,2026-09-15T23:09:53Z,2026-09-15T23:19:04Z,0.006377,True,False,https://api.fususone.com/api/public/organizations/dothanpd/stats/
dothanpd,subscribedCameras,previous,178,178,0,0.0,0.0,Connect Dothan,Dothan,AL,2026-09-15T23:09:53Z,2026-09-15T23:19:04Z,0.006377,False,False,https://api.fususone.com/api/public/organizations/dothanpd/stats/
douglascountysonv,totalRegisteredCameras,previous,0,0,0,,0.0,Safer Douglas County,Douglas County,NV,2026-09-15T23:09:54Z,2026-09-15T23:19:05Z,0.006377,True,False,https://api.fususone.com/api/public/organizations/douglascountysonv/stats/
douglascountysonv,totalIntegratedCameras,previous,50,50,0,0.0,0.0,Safer Douglas County,Douglas County,NV,2026-09-15T23:09:54Z,2026-09-15T23:19:05Z,0.006377,False,False,https://api.fususone.com/api/public/organizations/douglascountysonv/stats/
douglascountysonv,totalOwnedCameras,previous,50,50,0,0.0,0.0,Safer Douglas County,Douglas County,NV,2026-09-15T23:09:54Z,2026-09-15T23:19:05Z,0.006377,False,False,https://api.fususone.com/api/public/organizations/douglascountysonv/stats/
douglascountysonv,totalSharedCameras,previous,0,0,0,,0.0,Safer Douglas County,Douglas County,NV,2026-09-15T23:09:54Z,2026-09-15T23:19:05Z,0.006377,True,False,https://api.fususone.com/api/public/organizations/douglascountysonv/stats/
douglascountysonv,totalMaxCameras,previous,100,100,0,0.0,0.0,Safer Douglas County,Douglas County,NV,2026-09-15T23:09:54Z,2026-09-15T23:19:05Z,0.006377,False,False,https://api.fususone.com/api/public/organizations/douglascountysonv/stats/
douglascountysonv,subscribedCameras,previous,50,50,0,0.0,0.0,Safer Douglas County,Douglas County,NV,2026-09-15T23:09:54Z,2026-09-15T23:19:05Z,0.006377,False,False,https://api.fususone.com/api/public/organizations/douglascountysonv/stats/
douglasvillepolice,totalRegisteredCameras,previous,260,260,0,0.0,0.0,Connect Douglasville,Douglasville ,GA,2026-09-15T23:09:55Z,2026-09-15T23:19:06Z,0.006377,False,False,https://api.fususone.com/api/public/organizations/douglasvillepolice/stats/
douglasvillepolice,totalIntegratedCameras,previous,12889,12889,0,0.0,0.0,Connect Douglasville,Douglasville ,GA,2026-09-15T23:09:55Z,2026-09-15T23:19:06Z,0.006377,False,False,https://api.fususone.com/api/public/organizations/douglasvillepolice/stats/
douglasvillepolice,totalOwnedCameras,previous,397,397,0,0.0,0.0,Connect Douglasville,Douglasville ,GA,2026-09-15T23:09:55Z,2026-09-15T23:19:06Z,0.006377,False,False,https://api.fususone.com/api/public/organizations/douglasvillepolice/stats/
douglasvillepolice,totalSharedCameras,previous,3354,3354,0,0.0,0.0,Connect Douglasville,Douglasville ,GA,2026-09-15T23:09:55Z,2026-09-15T23:19:06Z,0.006377,False,False,https://api.fususone.com/api/public/organizations/douglasvillepolice/stats/
douglasvillepolice,totalMaxCameras,previous,10000,10000,0,0.0,0.0,Connect Douglasville,Douglasville ,GA,2026-09-15T23:09:55Z,2026-09-15T23:19:06Z,0.006377,False,False,https://api.fususone.com/api/public/organizations/douglasvillepolice/stats/
douglasvillepolice,subscribedCameras,previous,397,397,0,0.0,0.0,Connect Douglasville,Douglasville ,GA,2026-09-15T23:09:55Z,2026-09-15T23:19:06Z,0.006377,False,False,https://api.fususone.com/api/public/organizations/douglasvillepolice/stats/
duncanvillepdtx,totalRegisteredCameras,previous,15,15,0,0.0,0.0,Connect Duncanville,Duncanville,TX,2026-09-15T23:09:56Z,2026-09-15T23:19:07Z,0.006377,False,False,https://api.fususone.com/api/public/organizations/duncanvillepdtx/stats/
duncanvillepdtx,totalIntegratedCameras,previous,128,128,0,0.0,0.0,Connect Duncanville,Duncanville,TX,2026-09-15T23:09:56Z,2026-09-15T23:19:07Z,0.006377,False,False,https://api.fususone.com/api/public/organizations/duncanvillepdtx/stats/
duncanvillepdtx,totalOwnedCameras,previous,120,120,0,0.0,0.0,Connect Duncanville,Duncanville,TX,2026-09-15T23:09:56Z,2026-09-15T23:19:07Z,0.006377,False,False,https://api.fususone.com/api/public/organizations/duncanvillepdtx/stats/
duncanvillepdtx,totalSharedCameras,previous,8,8,0,0.0,0.0,Connect Duncanville,Duncanville,TX,2026-09-15T23:09:56Z,2026-09-15T23:19:07Z,0.006377,False,False,https://api.fususone.com/api/public/organizations/duncanvillepdtx/stats/
duncanvillepdtx,totalMaxCameras,previous,0,0,0,,0.0,Connect Duncanville,Duncanville,TX,2026-09-15T23:09:56Z,2026-09-15T23:19:07Z,0.006377,True,False,https://api.fususone.com/api/public/organizations/duncanvillepdtx/stats/
duncanvillepdtx,subscribedCameras,previous,116,116,0,0.0,0.0,Connect Duncanville,Duncanville,TX,2026-09-15T23:09:56Z,2026-09-15T23:19:07Z,0.006377,False,False,https://api.fususone.com/api/public/organizations/duncanvillepdtx/stats/
eaganpdmn,totalRegisteredCameras,previous,21,21,0,0.0,0.0,Connect Eagan,Eagan,MN,2026-09-15T23:09:57Z,2026-09-15T23:19:08Z,0.006377,False,False,https://api.fususone.com/api/public/organizations/eaganpdmn/stats/
eaganpdmn,totalIntegratedCameras,previous,76,76,0,0.0,0.0,Connect Eagan,Eagan,MN,2026-09-15T23:09:57Z,2026-09-15T23:19:08Z,0.006377,False,False,https://api.fususone.com/api/public/organizations/eaganpdmn/stats/
eaganpdmn,totalOwnedCameras,previous,76,76,0,0.0,0.0,Connect Eagan,Eagan,MN,2026-09-15T23:09:57Z,2026-09-15T23:19:08Z,0.006377,False,False,https://api.fususone.com/api/public/organizations/eaganpdmn/stats/
eaganpdmn,totalSharedCameras,previous,0,0,0,,0.0,Connect Eagan,Eagan,MN,2026-09-15T23:09:57Z,2026-09-15T23:19:08Z,0.006377,True,False,https://api.fususone.com/api/public/organizations/eaganpdmn/stats/
eaganpdmn,totalMaxCameras,previous,0,0,0,,0.0,Connect Eagan,Eagan,MN,2026-09-15T23:09:57Z,2026-09-15T23:19:08Z,0.006377,True,False,https://api.fususone.com/api/public/organizations/eaganpdmn/stats/
eaganpdmn,subscribedCameras,previous,76,76,0,0.0,0.0,Connect Eagan,Eagan,MN,2026-09-15T23:09:57Z,2026-09-15T23:19:08Z,0.006377,False,False,https://api.fususone.com/api/public/organizations/eaganpdmn/stats/
eastbatonrougesola,totalRegisteredCameras,previous,28,28,0,0.0,0.0,Connect East Baton Rouge,East Baton Rouge,LA,2026-09-15T23:09:58Z,2026-09-15T23:19:09Z,0.006377,False,False,https://api.fususone.com/api/public/organizations/eastbatonrougesola/stats/
eastbatonrougesola,totalIntegratedCameras,previous,66,66,0,0.0,0.0,Connect East Baton Rouge,East Baton Rouge,LA,2026-09-15T23:09:58Z,2026-09-15T23:19:09Z,0.006377,False,False,https://api.fususone.com/api/public/organizations/eastbatonrougesola/stats/
eastbatonrougesola,totalOwnedCameras,previous,27,27,0,0.0,0.0,Connect East Baton Rouge,East Baton Rouge,LA,2026-09-15T23:09:58Z,2026-09-15T23:19:09Z,0.006377,False,False,https://api.fususone.com/api/public/organizations/eastbatonrougesola/stats/
eastbatonrougesola,totalSharedCameras,previous,39,39,0,0.0,0.0,Connect East Baton Rouge,East Baton Rouge,LA,2026-09-15T23:09:58Z,2026-09-15T23:19:09Z,0.006377,False,False,https://api.fususone.com/api/public/organizations/eastbatonrougesola/stats/
eastbatonrougesola,totalMaxCameras,previous,500,500,0,0.0,0.0,Connect East Baton Rouge,East Baton Rouge,LA,2026-09-15T23:09:58Z,2026-09-15T23:19:09Z,0.006377,False,False,https://api.fususone.com/api/public/organizations/eastbatonrougesola/stats/
eastbatonrougesola,subscribedCameras,previous,27,27,0,0.0,0.0,Connect East Baton Rouge,East Baton Rouge,LA,2026-09-15T23:09:58Z,2026-09-15T23:19:09Z,0.006377,False,False,https://api.fususone.com/api/public/organizations/eastbatonrougesola/stats/
eastpointpdga,totalRegisteredCameras,previous,60,60,0,0.0,0.0,Connect East Point,East Point,GA,2026-09-15T23:09:59Z,2026-09-15T23:19:10Z,0.006377,False,False,https://api.fususone.com/api/public/organizations/eastpointpdga/stats/
eastpointpdga,totalIntegratedCameras,previous,5112,5112,0,0.0,0.0,Connect East Point,East Point,GA,2026-09-15T23:09:59Z,2026-09-15T23:19:10Z,0.006377,False,False,https://api.fususone.com/api/public/organizations/eastpointpdga/stats/
eastpointpdga,totalOwnedCameras,previous,382,382,0,0.0,0.0,Connect East Point,East Point,GA,2026-09-15T23:09:59Z,2026-09-15T23:19:10Z,0.006377,False,False,https://api.fususone.com/api/public/organizations/eastpointpdga/stats/
eastpointpdga,totalSharedCameras,previous,469,469,0,0.0,0.0,Connect East Point,East Point,GA,2026-09-15T23:09:59Z,2026-09-15T23:19:10Z,0.006377,False,False,https://api.fususone.com/api/public/organizations/eastpointpdga/stats/
eastpointpdga,totalMaxCameras,previous,500,500,0,0.0,0.0,Connect East Point,East Point,GA,2026-09-15T23:09:59Z,2026-09-15T23:19:10Z,0.006377,False,False,https://api.fususone.com/api/public/organizations/eastpointpdga/stats/
eastpointpdga,subscribedCameras,previous,374,374,0,0.0,0.0,Connect East Point,East Point,GA,2026-09-15T23:09:59Z,2026-09-15T23:19:10Z,0.006377,False,False,https://api.fususone.com/api/public/organizations/eastpointpdga/stats/
elcajonpdca,totalRegisteredCameras,previous,51,51,0,0.0,0.0,Connect El Cajon,El Cajon,CA,2026-09-15T23:10:00Z,2026-09-15T23:19:11Z,0.006377,False,False,https://api.fususone.com/api/public/organizations/elcajonpdca/stats/
elcajonpdca,totalIntegratedCameras,previous,221,221,0,0.0,0.0,Connect El Cajon,El Cajon,CA,2026-09-15T23:10:00Z,2026-09-15T23:19:11Z,0.006377,False,False,https://api.fususone.com/api/public/organizations/elcajonpdca/stats/
elcajonpdca,totalOwnedCameras,previous,185,185,0,0.0,0.0,Connect El Cajon,El Cajon,CA,2026-09-15T23:10:00Z,2026-09-15T23:19:11Z,0.006377,False,False,https://api.fususone.com/api/public/organizations/elcajonpdca/stats/
elcajonpdca,totalSharedCameras,previous,36,36,0,0.0,0.0,Connect El Cajon,El Cajon,CA,2026-09-15T23:10:00Z,2026-09-15T23:19:11Z,0.006377,False,False,https://api.fususone.com/api/public/organizations/elcajonpdca/stats/
elcajonpdca,totalMaxCameras,previous,0,0,0,,0.0,Connect El Cajon,El Cajon,CA,2026-09-15T23:10:00Z,2026-09-15T23:19:11Z,0.006377,True,False,https://api.fususone.com/api/public/organizations/elcajonpdca/stats/
elcajonpdca,subscribedCameras,previous,166,166,0,0.0,0.0,Connect El Cajon,El Cajon,CA,2026-09-15T23:10:00Z,2026-09-15T23:19:11Z,0.006377,False,False,https://api.fususone.com/api/public/organizations/elcajonpdca/stats/
elizabethnj,totalRegisteredCameras,previous,184,184,0,0.0,0.0,Connect Elizabeth,Elizabeth,NJ,2026-09-15T23:10:01Z,2026-09-15T23:19:12Z,0.006377,False,False,https://api.fususone.com/api/public/organizations/elizabethnj/stats/
elizabethnj,totalIntegratedCameras,previous,3442,3442,0,0.0,0.0,Connect Elizabeth,Elizabeth,NJ,2026-09-15T23:10:01Z,2026-09-15T23:19:12Z,0.006377,False,False,https://api.fususone.com/api/public/organizations/elizabethnj/stats/
elizabethnj,totalOwnedCameras,previous,625,625,0,0.0,0.0,Connect Elizabeth,Elizabeth,NJ,2026-09-15T23:10:01Z,2026-09-15T23:19:12Z,0.006377,False,False,https://api.fususone.com/api/public/organizations/elizabethnj/stats/
elizabethnj,totalSharedCameras,previous,2566,2566,0,0.0,0.0,Connect Elizabeth,Elizabeth,NJ,2026-09-15T23:10:01Z,2026-09-15T23:19:12Z,0.006377,False,False,https://api.fususone.com/api/public/organizations/elizabethnj/stats/
elizabethnj,totalMaxCameras,previous,2690,2690,0,0.0,0.0,Connect Elizabeth,Elizabeth,NJ,2026-09-15T23:10:01Z,2026-09-15T23:19:12Z,0.006377,False,False,https://api.fususone.com/api/public/organizations/elizabethnj/stats/
elizabethnj,subscribedCameras,previous,594,594,0,0.0,0.0,Connect Elizabeth,Elizabeth,NJ,2026-09-15T23:10:01Z,2026-09-15T23:19:12Z,0.006377,False,False,https://api.fususone.com/api/public/organizations/elizabethnj/stats/
elyriapdoh,totalRegisteredCameras,previous,174,174,0,0.0,0.0,Connect Elyria,Elyria,OH,2026-09-15T23:10:02Z,2026-09-15T23:19:13Z,0.006377,False,False,https://api.fususone.com/api/public/organizations/elyriapdoh/stats/
elyriapdoh,totalIntegratedCameras,previous,280,280,0,0.0,0.0,Connect Elyria,Elyria,OH,2026-09-15T23:10:02Z,2026-09-15T23:19:13Z,0.006377,False,False,https://api.fususone.com/api/public/organizations/elyriapdoh/stats/
elyriapdoh,totalOwnedCameras,previous,231,231,0,0.0,0.0,Connect Elyria,Elyria,OH,2026-09-15T23:10:02Z,2026-09-15T23:19:13Z,0.006377,False,False,https://api.fususone.com/api/public/organizations/elyriapdoh/stats/
elyriapdoh,totalSharedCameras,previous,49,49,0,0.0,0.0,Connect Elyria,Elyria,OH,2026-09-15T23:10:02Z,2026-09-15T23:19:13Z,0.006377,False,False,https://api.fususone.com/api/public/organizations/elyriapdoh/stats/
elyriapdoh,totalMaxCameras,previous,150,150,0,0.0,0.0,Connect Elyria,Elyria,OH,2026-09-15T23:10:02Z,2026-09-15T23:19:13Z,0.006377,False,False,https://api.fususone.com/api/public/organizations/elyriapdoh/stats/
elyriapdoh,subscribedCameras,previous,219,219,0,0.0,0.0,Connect Elyria,Elyria,OH,2026-09-15T23:10:02Z,2026-09-15T23:19:13Z,0.006377,False,False,https://api.fususone.com/api/public/organizations/elyriapdoh/stats/
escambiafl,totalRegisteredCameras,previous,1488,1488,0,0.0,0.0,Star Network,Escambia County,FL,2026-09-15T23:10:03Z,2026-09-15T23:19:14Z,0.006377,False,False,https://api.fususone.com/api/public/organizations/escambiafl/stats/
escambiafl,totalIntegratedCameras,previous,1265,1265,0,0.0,0.0,Star Network,Escambia County,FL,2026-09-15T23:10:03Z,2026-09-15T23:19:14Z,0.006377,False,False,https://api.fususone.com/api/public/organizations/escambiafl/stats/
escambiafl,totalOwnedCameras,previous,917,917,0,0.0,0.0,Star Network,Escambia County,FL,2026-09-15T23:10:03Z,2026-09-15T23:19:14Z,0.006377,False,False,https://api.fususone.com/api/public/organizations/escambiafl/stats/
escambiafl,totalSharedCameras,previous,109,109,0,0.0,0.0,Star Network,Escambia County,FL,2026-09-15T23:10:03Z,2026-09-15T23:19:14Z,0.006377,False,False,https://api.fususone.com/api/public/organizations/escambiafl/stats/
escambiafl,totalMaxCameras,previous,1500,1500,0,0.0,0.0,Star Network,Escambia County,FL,2026-09-15T23:10:03Z,2026-09-15T23:19:14Z,0.006377,False,False,https://api.fususone.com/api/public/organizations/escambiafl/stats/
escambiafl,subscribedCameras,previous,367,367,0,0.0,0.0,Star Network,Escambia County,FL,2026-09-15T23:10:03Z,2026-09-15T23:19:14Z,0.006377,False,False,https://api.fususone.com/api/public/organizations/escambiafl/stats/
euclidpdoh,totalRegisteredCameras,previous,288,288,0,0.0,0.0,Connect Euclid,Euclid,OH,2026-09-15T23:10:04Z,2026-09-15T23:19:15Z,0.006377,False,False,https://api.fususone.com/api/public/organizations/euclidpdoh/stats/
euclidpdoh,totalIntegratedCameras,previous,209,209,0,0.0,0.0,Connect Euclid,Euclid,OH,2026-09-15T23:10:04Z,2026-09-15T23:19:15Z,0.006377,False,False,https://api.fususone.com/api/public/organizations/euclidpdoh/stats/
euclidpdoh,totalOwnedCameras,previous,209,209,0,0.0,0.0,Connect Euclid,Euclid,OH,2026-09-15T23:10:04Z,2026-09-15T23:19:15Z,0.006377,False,False,https://api.fususone.com/api/public/organizations/euclidpdoh/stats/
euclidpdoh,totalSharedCameras,previous,0,0,0,,0.0,Connect Euclid,Euclid,OH,2026-09-15T23:10:04Z,2026-09-15T23:19:15Z,0.006377,True,False,https://api.fususone.com/api/public/organizations/euclidpdoh/stats/
euclidpdoh,totalMaxCameras,previous,0,0,0,,0.0,Connect Euclid,Euclid,OH,2026-09-15T23:10:04Z,2026-09-15T23:19:15Z,0.006377,True,False,https://api.fususone.com/api/public/organizations/euclidpdoh/stats/
euclidpdoh,subscribedCameras,previous,209,209,0,0.0,0.0,Connect Euclid,Euclid,OH,2026-09-15T23:10:04Z,2026-09-15T23:19:15Z,0.006377,False,False,https://api.fususone.com/api/public/organizations/euclidpdoh/stats/
eurekapdmo,totalRegisteredCameras,previous,183,183,0,0.0,0.0,Connect Eureka,Eureka,MO,2026-09-15T23:10:05Z,2026-09-15T23:19:16Z,0.006377,False,False,https://api.fususone.com/api/public/organizations/eurekapdmo/stats/
eurekapdmo,totalIntegratedCameras,previous,11,11,0,0.0,0.0,Connect Eureka,Eureka,MO,2026-09-15T23:10:05Z,2026-09-15T23:19:16Z,0.006377,False,False,https://api.fususone.com/api/public/organizations/eurekapdmo/stats/
eurekapdmo,totalOwnedCameras,previous,0,0,0,,0.0,Connect Eureka,Eureka,MO,2026-09-15T23:10:05Z,2026-09-15T23:19:16Z,0.006377,True,False,https://api.fususone.com/api/public/organizations/eurekapdmo/stats/
eurekapdmo,totalSharedCameras,previous,11,11,0,0.0,0.0,Connect Eureka,Eureka,MO,2026-09-15T23:10:05Z,2026-09-15T23:19:16Z,0.006377,False,False,https://api.fususone.com/api/public/organizations/eurekapdmo/stats/
eurekapdmo,totalMaxCameras,previous,0,0,0,,0.0,Connect Eureka,Eureka,MO,2026-09-15T23:10:05Z,2026-09-15T23:19:16Z,0.006377,True,False,https://api.fususone.com/api/public/organizations/eurekapdmo/stats/
eurekapdmo,subscribedCameras,previous,0,0,0,,0.0,Connect Eureka,Eureka,MO,2026-09-15T23:10:05Z,2026-09-15T23:19:16Z,0.006377,True,False,https://api.fususone.com/api/public/organizations/eurekapdmo/stats/
fairfaxcopd,totalRegisteredCameras,previous,3526,3526,0,0.0,0.0,Connect Fairfax County,Fairfax County,VA,2026-09-15T23:10:06Z,2026-09-15T23:19:17Z,0.006377,False,False,https://api.fususone.com/api/public/organizations/fairfaxcopd/stats/
fairfaxcopd,totalIntegratedCameras,previous,2188,2188,0,0.0,0.0,Connect Fairfax County,Fairfax County,VA,2026-09-15T23:10:06Z,2026-09-15T23:19:17Z,0.006377,False,False,https://api.fususone.com/api/public/organizations/fairfaxcopd/stats/
fairfaxcopd,totalOwnedCameras,previous,724,724,0,0.0,0.0,Connect Fairfax County,Fairfax County,VA,2026-09-15T23:10:06Z,2026-09-15T23:19:17Z,0.006377,False,False,https://api.fususone.com/api/public/organizations/fairfaxcopd/stats/
fairfaxcopd,totalSharedCameras,previous,1425,1425,0,0.0,0.0,Connect Fairfax County,Fairfax County,VA,2026-09-15T23:10:06Z,2026-09-15T23:19:17Z,0.006377,False,False,https://api.fususone.com/api/public/organizations/fairfaxcopd/stats/
fairfaxcopd,totalMaxCameras,previous,1500,1500,0,0.0,0.0,Connect Fairfax County,Fairfax County,VA,2026-09-15T23:10:06Z,2026-09-15T23:19:17Z,0.006377,False,False,https://api.fususone.com/api/public/organizations/fairfaxcopd/stats/
fairfaxcopd,subscribedCameras,previous,623,623,0,0.0,0.0,Connect Fairfax County,Fairfax County,VA,2026-09-15T23:10:06Z,2026-09-15T23:19:17Z,0.006377,False,False,https://api.fususone.com/api/public/organizations/fairfaxcopd/stats/
farmingtonpd,totalRegisteredCameras,previous,55,55,0,0.0,0.0,Connect Farmington,Farmington ,NM,2026-09-15T23:10:07Z,2026-09-15T23:19:18Z,0.006377,False,False,https://api.fususone.com/api/public/organizations/farmingtonpd/stats/
farmingtonpd,totalIntegratedCameras,previous,545,545,0,0.0,0.0,Connect Farmington,Farmington ,NM,2026-09-15T23:10:07Z,2026-09-15T23:19:18Z,0.006377,False,False,https://api.fususone.com/api/public/organizations/farmingtonpd/stats/
farmingtonpd,totalOwnedCameras,previous,545,545,0,0.0,0.0,Connect Farmington,Farmington ,NM,2026-09-15T23:10:07Z,2026-09-15T23:19:18Z,0.006377,False,False,https://api.fususone.com/api/public/organizations/farmingtonpd/stats/
farmingtonpd,totalSharedCameras,previous,0,0,0,,0.0,Connect Farmington,Farmington ,NM,2026-09-15T23:10:07Z,2026-09-15T23:19:18Z,0.006377,True,False,https://api.fususone.com/api/public/organizations/farmingtonpd/stats/
farmingtonpd,totalMaxCameras,previous,1500,1500,0,0.0,0.0,Connect Farmington,Farmington ,NM,2026-09-15T23:10:07Z,2026-09-15T23:19:18Z,0.006377,False,False,https://api.fususone.com/api/public/organizations/farmingtonpd/stats/
farmingtonpd,subscribedCameras,previous,529,529,0,0.0,0.0,Connect Farmington,Farmington ,NM,2026-09-15T23:10:07Z,2026-09-15T23:19:18Z,0.006377,False,False,https://api.fususone.com/api/public/organizations/farmingtonpd/stats/
fayettevillepd,totalRegisteredCameras,previous,1532,1532,0,0.0,0.0,Connect Fayetteville,Fayetteville,NC,2026-09-15T23:10:08Z,2026-09-15T23:19:19Z,0.006377,False,False,https://api.fususone.com/api/public/organizations/fayettevillepd/stats/
fayettevillepd,totalIntegratedCameras,previous,533,533,0,0.0,0.0,Connect Fayetteville,Fayetteville,NC,2026-09-15T23:10:08Z,2026-09-15T23:19:19Z,0.006377,False,False,https://api.fususone.com/api/public/organizations/fayettevillepd/stats/
fayettevillepd,totalOwnedCameras,previous,442,442,0,0.0,0.0,Connect Fayetteville,Fayetteville,NC,2026-09-15T23:10:08Z,2026-09-15T23:19:19Z,0.006377,False,False,https://api.fususone.com/api/public/organizations/fayettevillepd/stats/
fayettevillepd,totalSharedCameras,previous,48,48,0,0.0,0.0,Connect Fayetteville,Fayetteville,NC,2026-09-15T23:10:08Z,2026-09-15T23:19:19Z,0.006377,False,False,https://api.fususone.com/api/public/organizations/fayettevillepd/stats/
fayettevillepd,totalMaxCameras,previous,1500,1500,0,0.0,0.0,Connect Fayetteville,Fayetteville,NC,2026-09-15T23:10:08Z,2026-09-15T23:19:19Z,0.006377,False,False,https://api.fususone.com/api/public/organizations/fayettevillepd/stats/
fayettevillepd,subscribedCameras,previous,439,439,0,0.0,0.0,Connect Fayetteville,Fayetteville,NC,2026-09-15T23:10:08Z,2026-09-15T23:19:19Z,0.006377,False,False,https://api.fususone.com/api/public/organizations/fayettevillepd/stats/
federalwaypdwa,totalRegisteredCameras,previous,0,0,0,,0.0,Connect Federal Way,Federal Way,WA,2026-09-15T23:10:09Z,2026-09-15T23:19:20Z,0.006377,True,False,https://api.fususone.com/api/public/organizations/federalwaypdwa/stats/
federalwaypdwa,totalIntegratedCameras,previous,247,247,0,0.0,0.0,Connect Federal Way,Federal Way,WA,2026-09-15T23:10:09Z,2026-09-15T23:19:20Z,0.006377,False,False,https://api.fususone.com/api/public/organizations/federalwaypdwa/stats/
federalwaypdwa,totalOwnedCameras,previous,247,247,0,0.0,0.0,Connect Federal Way,Federal Way,WA,2026-09-15T23:10:09Z,2026-09-15T23:19:20Z,0.006377,False,False,https://api.fususone.com/api/public/organizations/federalwaypdwa/stats/
federalwaypdwa,totalSharedCameras,previous,0,0,0,,0.0,Connect Federal Way,Federal Way,WA,2026-09-15T23:10:09Z,2026-09-15T23:19:20Z,0.006377,True,False,https://api.fususone.com/api/public/organizations/federalwaypdwa/stats/
federalwaypdwa,totalMaxCameras,previous,0,0,0,,0.0,Connect Federal Way,Federal Way,WA,2026-09-15T23:10:09Z,2026-09-15T23:19:20Z,0.006377,True,False,https://api.fususone.com/api/public/organizations/federalwaypdwa/stats/
federalwaypdwa,subscribedCameras,previous,242,242,0,0.0,0.0,Connect Federal Way,Federal Way,WA,2026-09-15T23:10:09Z,2026-09-15T23:19:20Z,0.006377,False,False,https://api.fususone.com/api/public/organizations/federalwaypdwa/stats/
flaglercountysheriff,totalRegisteredCameras,previous,932,932,0,0.0,0.0,Connect Flagler County,Flagler County,FL,2026-09-15T23:10:10Z,2026-09-15T23:19:21Z,0.006377,False,False,https://api.fususone.com/api/public/organizations/flaglercountysheriff/stats/
flaglercountysheriff,totalIntegratedCameras,previous,2169,2169,0,0.0,0.0,Connect Flagler County,Flagler County,FL,2026-09-15T23:10:10Z,2026-09-15T23:19:21Z,0.006377,False,False,https://api.fususone.com/api/public/organizations/flaglercountysheriff/stats/
flaglercountysheriff,totalOwnedCameras,previous,1962,1962,0,0.0,0.0,Connect Flagler County,Flagler County,FL,2026-09-15T23:10:10Z,2026-09-15T23:19:21Z,0.006377,False,False,https://api.fususone.com/api/public/organizations/flaglercountysheriff/stats/
flaglercountysheriff,totalSharedCameras,previous,0,0,0,,0.0,Connect Flagler County,Flagler County,FL,2026-09-15T23:10:10Z,2026-09-15T23:19:21Z,0.006377,True,False,https://api.fususone.com/api/public/organizations/flaglercountysheriff/stats/
flaglercountysheriff,totalMaxCameras,previous,10000,10000,0,0.0,0.0,Connect Flagler County,Flagler County,FL,2026-09-15T23:10:10Z,2026-09-15T23:19:21Z,0.006377,False,False,https://api.fususone.com/api/public/organizations/flaglercountysheriff/stats/
flaglercountysheriff,subscribedCameras,previous,1942,1942,0,0.0,0.0,Connect Flagler County,Flagler County,FL,2026-09-15T23:10:10Z,2026-09-15T23:19:21Z,0.006377,False,False,https://api.fususone.com/api/public/organizations/flaglercountysheriff/stats/
forestparkpd,totalRegisteredCameras,previous,13,13,0,0.0,0.0,Connect Forest Park,Forest Park,GA,2026-09-15T23:10:11Z,2026-09-15T23:19:22Z,0.006377,False,False,https://api.fususone.com/api/public/organizations/forestparkpd/stats/
forestparkpd,totalIntegratedCameras,previous,10503,10503,0,0.0,0.0,Connect Forest Park,Forest Park,GA,2026-09-15T23:10:11Z,2026-09-15T23:19:22Z,0.006377,False,False,https://api.fususone.com/api/public/organizations/forestparkpd/stats/
forestparkpd,totalOwnedCameras,previous,239,239,0,0.0,0.0,Connect Forest Park,Forest Park,GA,2026-09-15T23:10:11Z,2026-09-15T23:19:22Z,0.006377,False,False,https://api.fususone.com/api/public/organizations/forestparkpd/stats/
forestparkpd,totalSharedCameras,previous,295,295,0,0.0,0.0,Connect Forest Park,Forest Park,GA,2026-09-15T23:10:11Z,2026-09-15T23:19:22Z,0.006377,False,False,https://api.fususone.com/api/public/organizations/forestparkpd/stats/
forestparkpd,totalMaxCameras,previous,10000,10000,0,0.0,0.0,Connect Forest Park,Forest Park,GA,2026-09-15T23:10:11Z,2026-09-15T23:19:22Z,0.006377,False,False,https://api.fususone.com/api/public/organizations/forestparkpd/stats/
forestparkpd,subscribedCameras,previous,221,221,0,0.0,0.0,Connect Forest Park,Forest Park,GA,2026-09-15T23:10:11Z,2026-09-15T23:19:22Z,0.006377,False,False,https://api.fususone.com/api/public/organizations/forestparkpd/stats/
forsyth,totalRegisteredCameras,previous,1441,1441,0,0.0,0.0,Connect Forsyth County,"Forsyth County, NC",SC,2026-09-15T23:10:12Z,2026-09-15T23:19:23Z,0.006377,False,False,https://api.fususone.com/api/public/organizations/forsyth/stats/
forsyth,totalIntegratedCameras,previous,1052,1052,0,0.0,0.0,Connect Forsyth County,"Forsyth County, NC",SC,2026-09-15T23:10:12Z,2026-09-15T23:19:23Z,0.006377,False,False,https://api.fususone.com/api/public/organizations/forsyth/stats/
forsyth,totalOwnedCameras,previous,495,495,0,0.0,0.0,Connect Forsyth County,"Forsyth County, NC",SC,2026-09-15T23:10:12Z,2026-09-15T23:19:23Z,0.006377,False,False,https://api.fususone.com/api/public/organizations/forsyth/stats/
forsyth,totalSharedCameras,previous,183,183,0,0.0,0.0,Connect Forsyth County,"Forsyth County, NC",SC,2026-09-15T23:10:12Z,2026-09-15T23:19:23Z,0.006377,False,False,https://api.fususone.com/api/public/organizations/forsyth/stats/
forsyth,totalMaxCameras,previous,500,500,0,0.0,0.0,Connect Forsyth County,"Forsyth County, NC",SC,2026-09-15T23:10:12Z,2026-09-15T23:19:23Z,0.006377,False,False,https://api.fususone.com/api/public/organizations/forsyth/stats/
forsyth,subscribedCameras,previous,475,475,0,0.0,0.0,Connect Forsyth County,"Forsyth County, NC",SC,2026-09-15T23:10:12Z,2026-09-15T23:19:23Z,0.006377,False,False,https://api.fususone.com/api/public/organizations/forsyth/stats/
forsythcosoga,totalRegisteredCameras,previous,776,776,0,0.0,0.0,Connect Forsyth County,Forsyth County,GA,2026-09-15T23:10:13Z,2026-09-15T23:19:24Z,0.006377,False,False,https://api.fususone.com/api/public/organizations/forsythcosoga/stats/
forsythcosoga,totalIntegratedCameras,previous,6923,6923,0,0.0,0.0,Connect Forsyth County,Forsyth County,GA,2026-09-15T23:10:13Z,2026-09-15T23:19:24Z,0.006377,False,False,https://api.fususone.com/api/public/organizations/forsythcosoga/stats/
forsythcosoga,totalOwnedCameras,previous,93,93,0,0.0,0.0,Connect Forsyth County,Forsyth County,GA,2026-09-15T23:10:13Z,2026-09-15T23:19:24Z,0.006377,False,False,https://api.fususone.com/api/public/organizations/forsythcosoga/stats/
forsythcosoga,totalSharedCameras,previous,3347,3347,0,0.0,0.0,Connect Forsyth County,Forsyth County,GA,2026-09-15T23:10:13Z,2026-09-15T23:19:24Z,0.006377,False,False,https://api.fususone.com/api/public/organizations/forsythcosoga/stats/
forsythcosoga,totalMaxCameras,previous,1500,1500,0,0.0,0.0,Connect Forsyth County,Forsyth County,GA,2026-09-15T23:10:13Z,2026-09-15T23:19:24Z,0.006377,False,False,https://api.fususone.com/api/public/organizations/forsythcosoga/stats/
forsythcosoga,subscribedCameras,previous,93,93,0,0.0,0.0,Connect Forsyth County,Forsyth County,GA,2026-09-15T23:10:13Z,2026-09-15T23:19:24Z,0.006377,False,False,https://api.fususone.com/api/public/organizations/forsythcosoga/stats/
fortbendcounty,totalRegisteredCameras,previous,559,559,0,0.0,0.0,Connect Fort Bend,Fort Bend County,TX,2026-09-15T23:10:14Z,2026-09-15T23:19:25Z,0.006377,False,False,https://api.fususone.com/api/public/organizations/fortbendcounty/stats/
fortbendcounty,totalIntegratedCameras,previous,205,205,0,0.0,0.0,Connect Fort Bend,Fort Bend County,TX,2026-09-15T23:10:14Z,2026-09-15T23:19:25Z,0.006377,False,False,https://api.fususone.com/api/public/organizations/fortbendcounty/stats/
fortbendcounty,totalOwnedCameras,previous,201,201,0,0.0,0.0,Connect Fort Bend,Fort Bend County,TX,2026-09-15T23:10:14Z,2026-09-15T23:19:25Z,0.006377,False,False,https://api.fususone.com/api/public/organizations/fortbendcounty/stats/
fortbendcounty,totalSharedCameras,previous,4,4,0,0.0,0.0,Connect Fort Bend,Fort Bend County,TX,2026-09-15T23:10:14Z,2026-09-15T23:19:25Z,0.006377,False,False,https://api.fususone.com/api/public/organizations/fortbendcounty/stats/
fortbendcounty,totalMaxCameras,previous,500,500,0,0.0,0.0,Connect Fort Bend,Fort Bend County,TX,2026-09-15T23:10:14Z,2026-09-15T23:19:25Z,0.006377,False,False,https://api.fususone.com/api/public/organizations/fortbendcounty/stats/
fortbendcounty,subscribedCameras,previous,201,201,0,0.0,0.0,Connect Fort Bend,Fort Bend County,TX,2026-09-15T23:10:14Z,2026-09-15T23:19:25Z,0.006377,False,False,https://api.fususone.com/api/public/organizations/fortbendcounty/stats/
fortwaltonbeachpd,totalRegisteredCameras,previous,6,6,0,0.0,0.0,Connect Fort Walton Beach,Fort Walton Beach,FL,2026-09-15T23:10:15Z,2026-09-15T23:19:26Z,0.006377,False,False,https://api.fususone.com/api/public/organizations/fortwaltonbeachpd/stats/
fortwaltonbeachpd,totalIntegratedCameras,previous,261,261,0,0.0,0.0,Connect Fort Walton Beach,Fort Walton Beach,FL,2026-09-15T23:10:15Z,2026-09-15T23:19:26Z,0.006377,False,False,https://api.fususone.com/api/public/organizations/fortwaltonbeachpd/stats/
fortwaltonbeachpd,totalOwnedCameras,previous,222,222,0,0.0,0.0,Connect Fort Walton Beach,Fort Walton Beach,FL,2026-09-15T23:10:15Z,2026-09-15T23:19:26Z,0.006377,False,False,https://api.fususone.com/api/public/organizations/fortwaltonbeachpd/stats/
fortwaltonbeachpd,totalSharedCameras,previous,9,9,0,0.0,0.0,Connect Fort Walton Beach,Fort Walton Beach,FL,2026-09-15T23:10:15Z,2026-09-15T23:19:26Z,0.006377,False,False,https://api.fususone.com/api/public/organizations/fortwaltonbeachpd/stats/
fortwaltonbeachpd,totalMaxCameras,previous,300,300,0,0.0,0.0,Connect Fort Walton Beach,Fort Walton Beach,FL,2026-09-15T23:10:15Z,2026-09-15T23:19:26Z,0.006377,False,False,https://api.fususone.com/api/public/organizations/fortwaltonbeachpd/stats/
fortwaltonbeachpd,subscribedCameras,previous,226,226,0,0.0,0.0,Connect Fort Walton Beach,Fort Walton Beach,FL,2026-09-15T23:10:15Z,2026-09-15T23:19:26Z,0.006377,False,False,https://api.fususone.com/api/public/organizations/fortwaltonbeachpd/stats/
garypd,totalRegisteredCameras,previous,1672,1672,0,0.0,0.0,Connect Gary,Gary,IN,2026-09-15T23:10:16Z,2026-09-15T23:19:27Z,0.006377,False,False,https://api.fususone.com/api/public/organizations/garypd/stats/
garypd,totalIntegratedCameras,previous,1321,1321,0,0.0,0.0,Connect Gary,Gary,IN,2026-09-15T23:10:16Z,2026-09-15T23:19:27Z,0.006377,False,False,https://api.fususone.com/api/public/organizations/garypd/stats/
garypd,totalOwnedCameras,previous,795,795,0,0.0,0.0,Connect Gary,Gary,IN,2026-09-15T23:10:16Z,2026-09-15T23:19:27Z,0.006377,False,False,https://api.fususone.com/api/public/organizations/garypd/stats/
garypd,totalSharedCameras,previous,0,0,0,,0.0,Connect Gary,Gary,IN,2026-09-15T23:10:16Z,2026-09-15T23:19:27Z,0.006377,True,False,https://api.fususone.com/api/public/organizations/garypd/stats/
garypd,totalMaxCameras,previous,1500,1500,0,0.0,0.0,Connect Gary,Gary,IN,2026-09-15T23:10:16Z,2026-09-15T23:19:27Z,0.006377,False,False,https://api.fususone.com/api/public/organizations/garypd/stats/
garypd,subscribedCameras,previous,750,750,0,0.0,0.0,Connect Gary,Gary,IN,2026-09-15T23:10:16Z,2026-09-15T23:19:27Z,0.006377,False,False,https://api.fususone.com/api/public/organizations/garypd/stats/
glendorapdca,totalRegisteredCameras,previous,20,20,0,0.0,0.0,Connect Glendora,Glendora,CA,2026-09-15T23:10:17Z,2026-09-15T23:19:28Z,0.006377,False,False,https://api.fususone.com/api/public/organizations/glendorapdca/stats/
glendorapdca,totalIntegratedCameras,previous,101,101,0,0.0,0.0,Connect Glendora,Glendora,CA,2026-09-15T23:10:17Z,2026-09-15T23:19:28Z,0.006377,False,False,https://api.fususone.com/api/public/organizations/glendorapdca/stats/
glendorapdca,totalOwnedCameras,previous,101,101,0,0.0,0.0,Connect Glendora,Glendora,CA,2026-09-15T23:10:17Z,2026-09-15T23:19:28Z,0.006377,False,False,https://api.fususone.com/api/public/organizations/glendorapdca/stats/
glendorapdca,totalSharedCameras,previous,0,0,0,,0.0,Connect Glendora,Glendora,CA,2026-09-15T23:10:17Z,2026-09-15T23:19:28Z,0.006377,True,False,https://api.fususone.com/api/public/organizations/glendorapdca/stats/
glendorapdca,totalMaxCameras,previous,0,0,0,,0.0,Connect Glendora,Glendora,CA,2026-09-15T23:10:17Z,2026-09-15T23:19:28Z,0.006377,True,False,https://api.fususone.com/api/public/organizations/glendorapdca/stats/
glendorapdca,subscribedCameras,previous,101,101,0,0.0,0.0,Connect Glendora,Glendora,CA,2026-09-15T23:10:17Z,2026-09-15T23:19:28Z,0.006377,False,False,https://api.fususone.com/api/public/organizations/glendorapdca/stats/
grapevinepdtx,totalRegisteredCameras,previous,2,2,0,0.0,0.0,Connect Grapevine,Grapevine,TX,2026-09-15T23:10:18Z,2026-09-15T23:19:29Z,0.006377,False,False,https://api.fususone.com/api/public/organizations/grapevinepdtx/stats/
grapevinepdtx,totalIntegratedCameras,previous,261,261,0,0.0,0.0,Connect Grapevine,Grapevine,TX,2026-09-15T23:10:18Z,2026-09-15T23:19:29Z,0.006377,False,False,https://api.fususone.com/api/public/organizations/grapevinepdtx/stats/
grapevinepdtx,totalOwnedCameras,previous,230,230,0,0.0,0.0,Connect Grapevine,Grapevine,TX,2026-09-15T23:10:18Z,2026-09-15T23:19:29Z,0.006377,False,False,https://api.fususone.com/api/public/organizations/grapevinepdtx/stats/
grapevinepdtx,totalSharedCameras,previous,25,25,0,0.0,0.0,Connect Grapevine,Grapevine,TX,2026-09-15T23:10:18Z,2026-09-15T23:19:29Z,0.006377,False,False,https://api.fususone.com/api/public/organizations/grapevinepdtx/stats/
grapevinepdtx,totalMaxCameras,previous,1,1,0,0.0,0.0,Connect Grapevine,Grapevine,TX,2026-09-15T23:10:18Z,2026-09-15T23:19:29Z,0.006377,False,False,https://api.fususone.com/api/public/organizations/grapevinepdtx/stats/
grapevinepdtx,subscribedCameras,previous,213,213,0,0.0,0.0,Connect Grapevine,Grapevine,TX,2026-09-15T23:10:18Z,2026-09-15T23:19:29Z,0.006377,False,False,https://api.fususone.com/api/public/organizations/grapevinepdtx/stats/
greeleypd,totalRegisteredCameras,previous,247,247,0,0.0,0.0,Connect Greeley,Greeley,CO,2026-09-15T23:10:19Z,2026-09-15T23:19:30Z,0.006377,False,False,https://api.fususone.com/api/public/organizations/greeleypd/stats/
greeleypd,totalIntegratedCameras,previous,2415,2415,0,0.0,0.0,Connect Greeley,Greeley,CO,2026-09-15T23:10:19Z,2026-09-15T23:19:30Z,0.006377,False,False,https://api.fususone.com/api/public/organizations/greeleypd/stats/
greeleypd,totalOwnedCameras,previous,245,245,0,0.0,0.0,Connect Greeley,Greeley,CO,2026-09-15T23:10:19Z,2026-09-15T23:19:30Z,0.006377,False,False,https://api.fususone.com/api/public/organizations/greeleypd/stats/
greeleypd,totalSharedCameras,previous,2170,2170,0,0.0,0.0,Connect Greeley,Greeley,CO,2026-09-15T23:10:19Z,2026-09-15T23:19:30Z,0.006377,False,False,https://api.fususone.com/api/public/organizations/greeleypd/stats/
greeleypd,totalMaxCameras,previous,1500,1500,0,0.0,0.0,Connect Greeley,Greeley,CO,2026-09-15T23:10:19Z,2026-09-15T23:19:30Z,0.006377,False,False,https://api.fususone.com/api/public/organizations/greeleypd/stats/
greeleypd,subscribedCameras,previous,229,229,0,0.0,0.0,Connect Greeley,Greeley,CO,2026-09-15T23:10:19Z,2026-09-15T23:19:30Z,0.006377,False,False,https://api.fususone.com/api/public/organizations/greeleypd/stats/
greensboropd,totalRegisteredCameras,previous,752,752,0,0.0,0.0,Connect Greensboro,Greensboro,NC,2026-09-15T23:10:20Z,2026-09-15T23:19:31Z,0.006377,False,False,https://api.fususone.com/api/public/organizations/greensboropd/stats/
greensboropd,totalIntegratedCameras,previous,1178,1178,0,0.0,0.0,Connect Greensboro,Greensboro,NC,2026-09-15T23:10:20Z,2026-09-15T23:19:31Z,0.006377,False,False,https://api.fususone.com/api/public/organizations/greensboropd/stats/
greensboropd,totalOwnedCameras,previous,716,716,0,0.0,0.0,Connect Greensboro,Greensboro,NC,2026-09-15T23:10:20Z,2026-09-15T23:19:31Z,0.006377,False,False,https://api.fususone.com/api/public/organizations/greensboropd/stats/
greensboropd,totalSharedCameras,previous,156,156,0,0.0,0.0,Connect Greensboro,Greensboro,NC,2026-09-15T23:10:20Z,2026-09-15T23:19:31Z,0.006377,False,False,https://api.fususone.com/api/public/organizations/greensboropd/stats/
greensboropd,totalMaxCameras,previous,1501,1501,0,0.0,0.0,Connect Greensboro,Greensboro,NC,2026-09-15T23:10:20Z,2026-09-15T23:19:31Z,0.006377,False,False,https://api.fususone.com/api/public/organizations/greensboropd/stats/
greensboropd,subscribedCameras,previous,676,676,0,0.0,0.0,Connect Greensboro,Greensboro,NC,2026-09-15T23:10:20Z,2026-09-15T23:19:31Z,0.006377,False,False,https://api.fususone.com/api/public/organizations/greensboropd/stats/
greenvillecsosc,totalRegisteredCameras,previous,203,203,0,0.0,0.0,Connect Greenville County,Greenville County,SC,2026-09-15T23:10:21Z,2026-09-15T23:19:32Z,0.006377,False,False,https://api.fususone.com/api/public/organizations/greenvillecsosc/stats/
greenvillecsosc,totalIntegratedCameras,previous,281,281,0,0.0,0.0,Connect Greenville County,Greenville County,SC,2026-09-15T23:10:21Z,2026-09-15T23:19:32Z,0.006377,False,False,https://api.fususone.com/api/public/organizations/greenvillecsosc/stats/
greenvillecsosc,totalOwnedCameras,previous,232,232,0,0.0,0.0,Connect Greenville County,Greenville County,SC,2026-09-15T23:10:21Z,2026-09-15T23:19:32Z,0.006377,False,False,https://api.fususone.com/api/public/organizations/greenvillecsosc/stats/
greenvillecsosc,totalSharedCameras,previous,49,49,0,0.0,0.0,Connect Greenville County,Greenville County,SC,2026-09-15T23:10:21Z,2026-09-15T23:19:32Z,0.006377,False,False,https://api.fususone.com/api/public/organizations/greenvillecsosc/stats/
greenvillecsosc,totalMaxCameras,previous,3000,3000,0,0.0,0.0,Connect Greenville County,Greenville County,SC,2026-09-15T23:10:21Z,2026-09-15T23:19:32Z,0.006377,False,False,https://api.fususone.com/api/public/organizations/greenvillecsosc/stats/
greenvillecsosc,subscribedCameras,previous,232,232,0,0.0,0.0,Connect Greenville County,Greenville County,SC,2026-09-15T23:10:21Z,2026-09-15T23:19:32Z,0.006377,False,False,https://api.fususone.com/api/public/organizations/greenvillecsosc/stats/
guilfordsheriff,totalRegisteredCameras,previous,869,869,0,0.0,0.0,Connect Guilford County,Guilford County ,NC,2026-09-15T23:10:22Z,2026-09-15T23:19:33Z,0.006377,False,False,https://api.fususone.com/api/public/organizations/guilfordsheriff/stats/
guilfordsheriff,totalIntegratedCameras,previous,226,226,0,0.0,0.0,Connect Guilford County,Guilford County ,NC,2026-09-15T23:10:22Z,2026-09-15T23:19:33Z,0.006377,False,False,https://api.fususone.com/api/public/organizations/guilfordsheriff/stats/
guilfordsheriff,totalOwnedCameras,previous,181,181,0,0.0,0.0,Connect Guilford County,Guilford County ,NC,2026-09-15T23:10:22Z,2026-09-15T23:19:33Z,0.006377,False,False,https://api.fususone.com/api/public/organizations/guilfordsheriff/stats/
guilfordsheriff,totalSharedCameras,previous,40,40,0,0.0,0.0,Connect Guilford County,Guilford County ,NC,2026-09-15T23:10:22Z,2026-09-15T23:19:33Z,0.006377,False,False,https://api.fususone.com/api/public/organizations/guilfordsheriff/stats/
guilfordsheriff,totalMaxCameras,previous,500,500,0,0.0,0.0,Connect Guilford County,Guilford County ,NC,2026-09-15T23:10:22Z,2026-09-15T23:19:33Z,0.006377,False,False,https://api.fususone.com/api/public/organizations/guilfordsheriff/stats/
guilfordsheriff,subscribedCameras,previous,180,180,0,0.0,0.0,Connect Guilford County,Guilford County ,NC,2026-09-15T23:10:22Z,2026-09-15T23:19:33Z,0.006377,False,False,https://api.fususone.com/api/public/organizations/guilfordsheriff/stats/
hainescitypdfl,totalRegisteredCameras,previous,3,3,0,0.0,0.0,Connect Haines City,Haines City,FL,2026-09-15T23:10:23Z,2026-09-15T23:19:34Z,0.006377,False,False,https://api.fususone.com/api/public/organizations/hainescitypdfl/stats/
hainescitypdfl,totalIntegratedCameras,previous,127,127,0,0.0,0.0,Connect Haines City,Haines City,FL,2026-09-15T23:10:23Z,2026-09-15T23:19:34Z,0.006377,False,False,https://api.fususone.com/api/public/organizations/hainescitypdfl/stats/
hainescitypdfl,totalOwnedCameras,previous,127,127,0,0.0,0.0,Connect Haines City,Haines City,FL,2026-09-15T23:10:23Z,2026-09-15T23:19:34Z,0.006377,False,False,https://api.fususone.com/api/public/organizations/hainescitypdfl/stats/
hainescitypdfl,totalSharedCameras,previous,0,0,0,,0.0,Connect Haines City,Haines City,FL,2026-09-15T23:10:23Z,2026-09-15T23:19:34Z,0.006377,True,False,https://api.fususone.com/api/public/organizations/hainescitypdfl/stats/
hainescitypdfl,totalMaxCameras,previous,150,150,0,0.0,0.0,Connect Haines City,Haines City,FL,2026-09-15T23:10:23Z,2026-09-15T23:19:34Z,0.006377,False,False,https://api.fususone.com/api/public/organizations/hainescitypdfl/stats/
hainescitypdfl,subscribedCameras,previous,125,125,0,0.0,0.0,Connect Haines City,Haines City,FL,2026-09-15T23:10:23Z,2026-09-15T23:19:34Z,0.006377,False,False,https://api.fususone.com/api/public/organizations/hainescitypdfl/stats/
hamiltoncoso,totalRegisteredCameras,previous,1692,1692,0,0.0,0.0,Connect Hamilton County,Hamilton County,OH,2026-09-15T23:10:24Z,2026-09-15T23:19:35Z,0.006377,False,False,https://api.fususone.com/api/public/organizations/hamiltoncoso/stats/
hamiltoncoso,totalIntegratedCameras,previous,472,472,0,0.0,0.0,Connect Hamilton County,Hamilton County,OH,2026-09-15T23:10:24Z,2026-09-15T23:19:35Z,0.006377,False,False,https://api.fususone.com/api/public/organizations/hamiltoncoso/stats/
hamiltoncoso,totalOwnedCameras,previous,472,472,0,0.0,0.0,Connect Hamilton County,Hamilton County,OH,2026-09-15T23:10:24Z,2026-09-15T23:19:35Z,0.006377,False,False,https://api.fususone.com/api/public/organizations/hamiltoncoso/stats/
hamiltoncoso,totalSharedCameras,previous,0,0,0,,0.0,Connect Hamilton County,Hamilton County,OH,2026-09-15T23:10:24Z,2026-09-15T23:19:35Z,0.006377,True,False,https://api.fususone.com/api/public/organizations/hamiltoncoso/stats/
hamiltoncoso,totalMaxCameras,previous,2000,2000,0,0.0,0.0,Connect Hamilton County,Hamilton County,OH,2026-09-15T23:10:24Z,2026-09-15T23:19:35Z,0.006377,False,False,https://api.fususone.com/api/public/organizations/hamiltoncoso/stats/
hamiltoncoso,subscribedCameras,previous,472,472,0,0.0,0.0,Connect Hamilton County,Hamilton County,OH,2026-09-15T23:10:24Z,2026-09-15T23:19:35Z,0.006377,False,False,https://api.fususone.com/api/public/organizations/hamiltoncoso/stats/
hammondpd,totalRegisteredCameras,previous,1221,1221,0,0.0,0.0,Hammond BlueNET,Hammond,IN,2026-09-15T23:10:25Z,2026-09-15T23:19:36Z,0.006377,False,False,https://api.fususone.com/api/public/organizations/hammondpd/stats/
hammondpd,totalIntegratedCameras,previous,1325,1325,0,0.0,0.0,Hammond BlueNET,Hammond,IN,2026-09-15T23:10:25Z,2026-09-15T23:19:36Z,0.006377,False,False,https://api.fususone.com/api/public/organizations/hammondpd/stats/
hammondpd,totalOwnedCameras,previous,1193,1193,0,0.0,0.0,Hammond BlueNET,Hammond,IN,2026-09-15T23:10:25Z,2026-09-15T23:19:36Z,0.006377,False,False,https://api.fususone.com/api/public/organizations/hammondpd/stats/
hammondpd,totalSharedCameras,previous,10,10,0,0.0,0.0,Hammond BlueNET,Hammond,IN,2026-09-15T23:10:25Z,2026-09-15T23:19:36Z,0.006377,False,False,https://api.fususone.com/api/public/organizations/hammondpd/stats/
hammondpd,totalMaxCameras,previous,1500,1500,0,0.0,0.0,Hammond BlueNET,Hammond,IN,2026-09-15T23:10:25Z,2026-09-15T23:19:36Z,0.006377,False,False,https://api.fususone.com/api/public/organizations/hammondpd/stats/
hammondpd,subscribedCameras,previous,823,823,0,0.0,0.0,Hammond BlueNET,Hammond,IN,2026-09-15T23:10:25Z,2026-09-15T23:19:36Z,0.006377,False,False,https://api.fususone.com/api/public/organizations/hammondpd/stats/
hamptonpdva,totalRegisteredCameras,previous,2,2,0,0.0,0.0,Connect Hampton,Hampton,VA,2026-09-15T23:10:26Z,2026-09-15T23:19:37Z,0.006377,False,False,https://api.fususone.com/api/public/organizations/hamptonpdva/stats/
hamptonpdva,totalIntegratedCameras,previous,162,162,0,0.0,0.0,Connect Hampton,Hampton,VA,2026-09-15T23:10:26Z,2026-09-15T23:19:37Z,0.006377,False,False,https://api.fususone.com/api/public/organizations/hamptonpdva/stats/
hamptonpdva,totalOwnedCameras,previous,161,161,0,0.0,0.0,Connect Hampton,Hampton,VA,2026-09-15T23:10:26Z,2026-09-15T23:19:37Z,0.006377,False,False,https://api.fususone.com/api/public/organizations/hamptonpdva/stats/
hamptonpdva,totalSharedCameras,previous,1,1,0,0.0,0.0,Connect Hampton,Hampton,VA,2026-09-15T23:10:26Z,2026-09-15T23:19:37Z,0.006377,False,False,https://api.fususone.com/api/public/organizations/hamptonpdva/stats/
hamptonpdva,totalMaxCameras,previous,1,1,0,0.0,0.0,Connect Hampton,Hampton,VA,2026-09-15T23:10:26Z,2026-09-15T23:19:37Z,0.006377,False,False,https://api.fususone.com/api/public/organizations/hamptonpdva/stats/
hamptonpdva,subscribedCameras,previous,153,153,0,0.0,0.0,Connect Hampton,Hampton,VA,2026-09-15T23:10:26Z,2026-09-15T23:19:37Z,0.006377,False,False,https://api.fususone.com/api/public/organizations/hamptonpdva/stats/
hanoverparkpdil,totalRegisteredCameras,previous,0,0,0,,0.0,Connect Hanover Park,Hanover Park,IL,2026-09-15T23:10:27Z,2026-09-15T23:19:38Z,0.006377,True,False,https://api.fususone.com/api/public/organizations/hanoverparkpdil/stats/
hanoverparkpdil,totalIntegratedCameras,previous,70,70,0,0.0,0.0,Connect Hanover Park,Hanover Park,IL,2026-09-15T23:10:27Z,2026-09-15T23:19:38Z,0.006377,False,False,https://api.fususone.com/api/public/organizations/hanoverparkpdil/stats/
hanoverparkpdil,totalOwnedCameras,previous,70,70,0,0.0,0.0,Connect Hanover Park,Hanover Park,IL,2026-09-15T23:10:27Z,2026-09-15T23:19:38Z,0.006377,False,False,https://api.fususone.com/api/public/organizations/hanoverparkpdil/stats/
hanoverparkpdil,totalSharedCameras,previous,0,0,0,,0.0,Connect Hanover Park,Hanover Park,IL,2026-09-15T23:10:27Z,2026-09-15T23:19:38Z,0.006377,True,False,https://api.fususone.com/api/public/organizations/hanoverparkpdil/stats/
hanoverparkpdil,totalMaxCameras,previous,225,225,0,0.0,0.0,Connect Hanover Park,Hanover Park,IL,2026-09-15T23:10:27Z,2026-09-15T23:19:38Z,0.006377,False,False,https://api.fususone.com/api/public/organizations/hanoverparkpdil/stats/
hanoverparkpdil,subscribedCameras,previous,66,66,0,0.0,0.0,Connect Hanover Park,Hanover Park,IL,2026-09-15T23:10:27Z,2026-09-15T23:19:38Z,0.006377,False,False,https://api.fususone.com/api/public/organizations/hanoverparkpdil/stats/
harrisoncso,totalRegisteredCameras,previous,549,549,0,0.0,0.0,Connect Harrison County,Harrison County,MS,2026-09-15T23:10:28Z,2026-09-15T23:19:39Z,0.006377,False,False,https://api.fususone.com/api/public/organizations/harrisoncso/stats/
harrisoncso,totalIntegratedCameras,previous,504,504,0,0.0,0.0,Connect Harrison County,Harrison County,MS,2026-09-15T23:10:28Z,2026-09-15T23:19:39Z,0.006377,False,False,https://api.fususone.com/api/public/organizations/harrisoncso/stats/
harrisoncso,totalOwnedCameras,previous,76,76,0,0.0,0.0,Connect Harrison County,Harrison County,MS,2026-09-15T23:10:28Z,2026-09-15T23:19:39Z,0.006377,False,False,https://api.fususone.com/api/public/organizations/harrisoncso/stats/
harrisoncso,totalSharedCameras,previous,57,57,0,0.0,0.0,Connect Harrison County,Harrison County,MS,2026-09-15T23:10:28Z,2026-09-15T23:19:39Z,0.006377,False,False,https://api.fususone.com/api/public/organizations/harrisoncso/stats/
harrisoncso,totalMaxCameras,previous,1000,1000,0,0.0,0.0,Connect Harrison County,Harrison County,MS,2026-09-15T23:10:28Z,2026-09-15T23:19:39Z,0.006377,False,False,https://api.fususone.com/api/public/organizations/harrisoncso/stats/
harrisoncso,subscribedCameras,previous,72,72,0,0.0,0.0,Connect Harrison County,Harrison County,MS,2026-09-15T23:10:28Z,2026-09-15T23:19:39Z,0.006377,False,False,https://api.fususone.com/api/public/organizations/harrisoncso/stats/
hartfordpd,totalRegisteredCameras,previous,228,228,0,0.0,0.0,Connect Hartford,Hartford,CT,2026-09-15T23:10:29Z,2026-09-15T23:19:40Z,0.006377,False,False,https://api.fususone.com/api/public/organizations/hartfordpd/stats/
hartfordpd,totalIntegratedCameras,previous,1101,1101,0,0.0,0.0,Connect Hartford,Hartford,CT,2026-09-15T23:10:29Z,2026-09-15T23:19:40Z,0.006377,False,False,https://api.fususone.com/api/public/organizations/hartfordpd/stats/
hartfordpd,totalOwnedCameras,previous,1101,1101,0,0.0,0.0,Connect Hartford,Hartford,CT,2026-09-15T23:10:29Z,2026-09-15T23:19:40Z,0.006377,False,False,https://api.fususone.com/api/public/organizations/hartfordpd/stats/
hartfordpd,totalSharedCameras,previous,0,0,0,,0.0,Connect Hartford,Hartford,CT,2026-09-15T23:10:29Z,2026-09-15T23:19:40Z,0.006377,True,False,https://api.fususone.com/api/public/organizations/hartfordpd/stats/
hartfordpd,totalMaxCameras,previous,2000,2000,0,0.0,0.0,Connect Hartford,Hartford,CT,2026-09-15T23:10:29Z,2026-09-15T23:19:40Z,0.006377,False,False,https://api.fususone.com/api/public/organizations/hartfordpd/stats/
hartfordpd,subscribedCameras,previous,646,646,0,0.0,0.0,Connect Hartford,Hartford,CT,2026-09-15T23:10:29Z,2026-09-15T23:19:40Z,0.006377,False,False,https://api.fususone.com/api/public/organizations/hartfordpd/stats/
harveypdil,totalRegisteredCameras,previous,0,0,0,,0.0,Connect Harvey,Harvey,IL,2026-09-15T23:10:30Z,2026-09-15T23:19:41Z,0.006377,True,False,https://api.fususone.com/api/public/organizations/harveypdil/stats/
harveypdil,totalIntegratedCameras,previous,55,55,0,0.0,0.0,Connect Harvey,Harvey,IL,2026-09-15T23:10:30Z,2026-09-15T23:19:41Z,0.006377,False,False,https://api.fususone.com/api/public/organizations/harveypdil/stats/
harveypdil,totalOwnedCameras,previous,55,55,0,0.0,0.0,Connect Harvey,Harvey,IL,2026-09-15T23:10:30Z,2026-09-15T23:19:41Z,0.006377,False,False,https://api.fususone.com/api/public/organizations/harveypdil/stats/
harveypdil,totalSharedCameras,previous,0,0,0,,0.0,Connect Harvey,Harvey,IL,2026-09-15T23:10:30Z,2026-09-15T23:19:41Z,0.006377,True,False,https://api.fususone.com/api/public/organizations/harveypdil/stats/
harveypdil,totalMaxCameras,previous,1500,1500,0,0.0,0.0,Connect Harvey,Harvey,IL,2026-09-15T23:10:30Z,2026-09-15T23:19:41Z,0.006377,False,False,https://api.fususone.com/api/public/organizations/harveypdil/stats/
harveypdil,subscribedCameras,previous,34,34,0,0.0,0.0,Connect Harvey,Harvey,IL,2026-09-15T23:10:30Z,2026-09-15T23:19:41Z,0.006377,False,False,https://api.fususone.com/api/public/organizations/harveypdil/stats/
hcso,totalRegisteredCameras,previous,289,289,0,0.0,0.0,Connect Hillsborough,Hillsborough County,FL,2026-09-15T23:10:31Z,2026-09-15T23:19:42Z,0.006377,False,False,https://api.fususone.com/api/public/organizations/hcso/stats/
hcso,totalIntegratedCameras,previous,4851,4851,0,0.0,0.0,Connect Hillsborough,Hillsborough County,FL,2026-09-15T23:10:31Z,2026-09-15T23:19:42Z,0.006377,False,False,https://api.fususone.com/api/public/organizations/hcso/stats/
hcso,totalOwnedCameras,previous,1653,1653,0,0.0,0.0,Connect Hillsborough,Hillsborough County,FL,2026-09-15T23:10:31Z,2026-09-15T23:19:42Z,0.006377,False,False,https://api.fususone.com/api/public/organizations/hcso/stats/
hcso,totalSharedCameras,previous,3151,3151,0,0.0,0.0,Connect Hillsborough,Hillsborough County,FL,2026-09-15T23:10:31Z,2026-09-15T23:19:42Z,0.006377,False,False,https://api.fususone.com/api/public/organizations/hcso/stats/
hcso,totalMaxCameras,previous,1000,1000,0,0.0,0.0,Connect Hillsborough,Hillsborough County,FL,2026-09-15T23:10:31Z,2026-09-15T23:19:42Z,0.006377,False,False,https://api.fususone.com/api/public/organizations/hcso/stats/
hcso,subscribedCameras,previous,1575,1575,0,0.0,0.0,Connect Hillsborough,Hillsborough County,FL,2026-09-15T23:10:31Z,2026-09-15T23:19:42Z,0.006377,False,False,https://api.fususone.com/api/public/organizations/hcso/stats/
hennepincountyso,totalRegisteredCameras,previous,451,451,0,0.0,0.0,Connect Hennepin County,Hennepin County,MN,2026-09-15T23:10:32Z,2026-09-15T23:19:43Z,0.006377,False,False,https://api.fususone.com/api/public/organizations/hennepincountyso/stats/
hennepincountyso,totalIntegratedCameras,previous,3015,3015,0,0.0,0.0,Connect Hennepin County,Hennepin County,MN,2026-09-15T23:10:32Z,2026-09-15T23:19:43Z,0.006377,False,False,https://api.fususone.com/api/public/organizations/hennepincountyso/stats/
hennepincountyso,totalOwnedCameras,previous,389,389,0,0.0,0.0,Connect Hennepin County,Hennepin County,MN,2026-09-15T23:10:32Z,2026-09-15T23:19:43Z,0.006377,False,False,https://api.fususone.com/api/public/organizations/hennepincountyso/stats/
hennepincountyso,totalSharedCameras,previous,1766,1766,0,0.0,0.0,Connect Hennepin County,Hennepin County,MN,2026-09-15T23:10:32Z,2026-09-15T23:19:43Z,0.006377,False,False,https://api.fususone.com/api/public/organizations/hennepincountyso/stats/
hennepincountyso,totalMaxCameras,previous,1500,1500,0,0.0,0.0,Connect Hennepin County,Hennepin County,MN,2026-09-15T23:10:32Z,2026-09-15T23:19:43Z,0.006377,False,False,https://api.fususone.com/api/public/organizations/hennepincountyso/stats/
hennepincountyso,subscribedCameras,previous,389,389,0,0.0,0.0,Connect Hennepin County,Hennepin County,MN,2026-09-15T23:10:32Z,2026-09-15T23:19:43Z,0.006377,False,False,https://api.fususone.com/api/public/organizations/hennepincountyso/stats/
henricocountypdva,totalRegisteredCameras,previous,66,66,0,0.0,0.0,Connect Henrico County,Henrico County,VA,2026-09-15T23:10:33Z,2026-09-15T23:19:44Z,0.006377,False,False,https://api.fususone.com/api/public/organizations/henricocountypdva/stats/
henricocountypdva,totalIntegratedCameras,previous,2234,2234,0,0.0,0.0,Connect Henrico County,Henrico County,VA,2026-09-15T23:10:33Z,2026-09-15T23:19:44Z,0.006377,False,False,https://api.fususone.com/api/public/organizations/henricocountypdva/stats/
henricocountypdva,totalOwnedCameras,previous,809,809,0,0.0,0.0,Connect Henrico County,Henrico County,VA,2026-09-15T23:10:33Z,2026-09-15T23:19:44Z,0.006377,False,False,https://api.fususone.com/api/public/organizations/henricocountypdva/stats/
henricocountypdva,totalSharedCameras,previous,1385,1385,0,0.0,0.0,Connect Henrico County,Henrico County,VA,2026-09-15T23:10:33Z,2026-09-15T23:19:44Z,0.006377,False,False,https://api.fususone.com/api/public/organizations/henricocountypdva/stats/
henricocountypdva,totalMaxCameras,previous,1500,1500,0,0.0,0.0,Connect Henrico County,Henrico County,VA,2026-09-15T23:10:33Z,2026-09-15T23:19:44Z,0.006377,False,False,https://api.fususone.com/api/public/organizations/henricocountypdva/stats/
henricocountypdva,subscribedCameras,previous,811,811,0,0.0,0.0,Connect Henrico County,Henrico County,VA,2026-09-15T23:10:33Z,2026-09-15T23:19:44Z,0.006377,False,False,https://api.fususone.com/api/public/organizations/henricocountypdva/stats/
henrycountypd,totalRegisteredCameras,previous,4971,4971,0,0.0,0.0,Henry Safer Together,Henry County,GA,2026-09-15T23:10:34Z,2026-09-15T23:19:45Z,0.006377,False,False,https://api.fususone.com/api/public/organizations/henrycountypd/stats/
henrycountypd,totalIntegratedCameras,previous,13830,13830,0,0.0,0.0,Henry Safer Together,Henry County,GA,2026-09-15T23:10:34Z,2026-09-15T23:19:45Z,0.006377,False,False,https://api.fususone.com/api/public/organizations/henrycountypd/stats/
henrycountypd,totalOwnedCameras,previous,677,677,0,0.0,0.0,Henry Safer Together,Henry County,GA,2026-09-15T23:10:34Z,2026-09-15T23:19:45Z,0.006377,False,False,https://api.fususone.com/api/public/organizations/henrycountypd/stats/
henrycountypd,totalSharedCameras,previous,3626,3626,0,0.0,0.0,Henry Safer Together,Henry County,GA,2026-09-15T23:10:34Z,2026-09-15T23:19:45Z,0.006377,False,False,https://api.fususone.com/api/public/organizations/henrycountypd/stats/
henrycountypd,totalMaxCameras,previous,7950,7950,0,0.0,0.0,Henry Safer Together,Henry County,GA,2026-09-15T23:10:34Z,2026-09-15T23:19:45Z,0.006377,False,False,https://api.fususone.com/api/public/organizations/henrycountypd/stats/
henrycountypd,subscribedCameras,previous,670,670,0,0.0,0.0,Henry Safer Together,Henry County,GA,2026-09-15T23:10:34Z,2026-09-15T23:19:45Z,0.006377,False,False,https://api.fususone.com/api/public/organizations/henrycountypd/stats/
herndonpdva,totalRegisteredCameras,previous,26,26,0,0.0,0.0,Connect Herndon,Herndon,VA,2026-09-15T23:10:35Z,2026-09-15T23:19:46Z,0.006377,False,False,https://api.fususone.com/api/public/organizations/herndonpdva/stats/
herndonpdva,totalIntegratedCameras,previous,42,42,0,0.0,0.0,Connect Herndon,Herndon,VA,2026-09-15T23:10:35Z,2026-09-15T23:19:46Z,0.006377,False,False,https://api.fususone.com/api/public/organizations/herndonpdva/stats/
herndonpdva,totalOwnedCameras,previous,42,42,0,0.0,0.0,Connect Herndon,Herndon,VA,2026-09-15T23:10:35Z,2026-09-15T23:19:46Z,0.006377,False,False,https://api.fususone.com/api/public/organizations/herndonpdva/stats/
herndonpdva,totalSharedCameras,previous,0,0,0,,0.0,Connect Herndon,Herndon,VA,2026-09-15T23:10:35Z,2026-09-15T23:19:46Z,0.006377,True,False,https://api.fususone.com/api/public/organizations/herndonpdva/stats/
herndonpdva,totalMaxCameras,previous,150,150,0,0.0,0.0,Connect Herndon,Herndon,VA,2026-09-15T23:10:35Z,2026-09-15T23:19:46Z,0.006377,False,False,https://api.fususone.com/api/public/organizations/herndonpdva/stats/
herndonpdva,subscribedCameras,previous,42,42,0,0.0,0.0,Connect Herndon,Herndon,VA,2026-09-15T23:10:35Z,2026-09-15T23:19:46Z,0.006377,False,False,https://api.fususone.com/api/public/organizations/herndonpdva/stats/
highpointncpd,totalRegisteredCameras,previous,1243,1243,0,0.0,0.0,Link High Point,High Point,NC,2026-09-15T23:10:36Z,2026-09-15T23:19:47Z,0.006377,False,False,https://api.fususone.com/api/public/organizations/highpointncpd/stats/
highpointncpd,totalIntegratedCameras,previous,573,573,0,0.0,0.0,Link High Point,High Point,NC,2026-09-15T23:10:36Z,2026-09-15T23:19:47Z,0.006377,False,False,https://api.fususone.com/api/public/organizations/highpointncpd/stats/
highpointncpd,totalOwnedCameras,previous,474,474,0,0.0,0.0,Link High Point,High Point,NC,2026-09-15T23:10:36Z,2026-09-15T23:19:47Z,0.006377,False,False,https://api.fususone.com/api/public/organizations/highpointncpd/stats/
highpointncpd,totalSharedCameras,previous,0,0,0,,0.0,Link High Point,High Point,NC,2026-09-15T23:10:36Z,2026-09-15T23:19:47Z,0.006377,True,False,https://api.fususone.com/api/public/organizations/highpointncpd/stats/
highpointncpd,totalMaxCameras,previous,500,500,0,0.0,0.0,Link High Point,High Point,NC,2026-09-15T23:10:36Z,2026-09-15T23:19:47Z,0.006377,False,False,https://api.fususone.com/api/public/organizations/highpointncpd/stats/
highpointncpd,subscribedCameras,previous,468,468,0,0.0,0.0,Link High Point,High Point,NC,2026-09-15T23:10:36Z,2026-09-15T23:19:47Z,0.006377,False,False,https://api.fususone.com/api/public/organizations/highpointncpd/stats/
hoodcoso,totalRegisteredCameras,previous,0,0,0,,0.0,Connect Hood County,Hood County,TX,2026-09-15T23:10:37Z,2026-09-15T23:19:48Z,0.006377,True,False,https://api.fususone.com/api/public/organizations/hoodcoso/stats/
hoodcoso,totalIntegratedCameras,previous,222,222,0,0.0,0.0,Connect Hood County,Hood County,TX,2026-09-15T23:10:37Z,2026-09-15T23:19:48Z,0.006377,False,False,https://api.fususone.com/api/public/organizations/hoodcoso/stats/
hoodcoso,totalOwnedCameras,previous,222,222,0,0.0,0.0,Connect Hood County,Hood County,TX,2026-09-15T23:10:37Z,2026-09-15T23:19:48Z,0.006377,False,False,https://api.fususone.com/api/public/organizations/hoodcoso/stats/
hoodcoso,totalSharedCameras,previous,0,0,0,,0.0,Connect Hood County,Hood County,TX,2026-09-15T23:10:37Z,2026-09-15T23:19:48Z,0.006377,True,False,https://api.fususone.com/api/public/organizations/hoodcoso/stats/
hoodcoso,totalMaxCameras,previous,0,0,0,,0.0,Connect Hood County,Hood County,TX,2026-09-15T23:10:37Z,2026-09-15T23:19:48Z,0.006377,True,False,https://api.fususone.com/api/public/organizations/hoodcoso/stats/
hoodcoso,subscribedCameras,previous,222,222,0,0.0,0.0,Connect Hood County,Hood County,TX,2026-09-15T23:10:37Z,2026-09-15T23:19:48Z,0.006377,False,False,https://api.fususone.com/api/public/organizations/hoodcoso/stats/
hooverpd,totalRegisteredCameras,previous,36,36,0,0.0,0.0,Connect Hoover,Hoover,AL,2026-09-15T23:10:38Z,2026-09-15T23:19:49Z,0.006377,False,False,https://api.fususone.com/api/public/organizations/hooverpd/stats/
hooverpd,totalIntegratedCameras,previous,917,917,0,0.0,0.0,Connect Hoover,Hoover,AL,2026-09-15T23:10:38Z,2026-09-15T23:19:49Z,0.006377,False,False,https://api.fususone.com/api/public/organizations/hooverpd/stats/
hooverpd,totalOwnedCameras,previous,393,393,0,0.0,0.0,Connect Hoover,Hoover,AL,2026-09-15T23:10:38Z,2026-09-15T23:19:49Z,0.006377,False,False,https://api.fususone.com/api/public/organizations/hooverpd/stats/
hooverpd,totalSharedCameras,previous,0,0,0,,0.0,Connect Hoover,Hoover,AL,2026-09-15T23:10:38Z,2026-09-15T23:19:49Z,0.006377,True,False,https://api.fususone.com/api/public/organizations/hooverpd/stats/
hooverpd,totalMaxCameras,previous,1500,1500,0,0.0,0.0,Connect Hoover,Hoover,AL,2026-09-15T23:10:38Z,2026-09-15T23:19:49Z,0.006377,False,False,https://api.fususone.com/api/public/organizations/hooverpd/stats/
hooverpd,subscribedCameras,previous,391,391,0,0.0,0.0,Connect Hoover,Hoover,AL,2026-09-15T23:10:38Z,2026-09-15T23:19:49Z,0.006377,False,False,https://api.fususone.com/api/public/organizations/hooverpd/stats/
hopemillspd,totalRegisteredCameras,previous,17,17,0,0.0,0.0,Connect Hope Mills,Hope Mills,NC,2026-09-15T23:10:39Z,2026-09-15T23:19:50Z,0.006377,False,False,https://api.fususone.com/api/public/organizations/hopemillspd/stats/
hopemillspd,totalIntegratedCameras,previous,335,335,0,0.0,0.0,Connect Hope Mills,Hope Mills,NC,2026-09-15T23:10:39Z,2026-09-15T23:19:50Z,0.006377,False,False,https://api.fususone.com/api/public/organizations/hopemillspd/stats/
hopemillspd,totalOwnedCameras,previous,63,63,0,0.0,0.0,Connect Hope Mills,Hope Mills,NC,2026-09-15T23:10:39Z,2026-09-15T23:19:50Z,0.006377,False,False,https://api.fususone.com/api/public/organizations/hopemillspd/stats/
hopemillspd,totalSharedCameras,previous,0,0,0,,0.0,Connect Hope Mills,Hope Mills,NC,2026-09-15T23:10:39Z,2026-09-15T23:19:50Z,0.006377,True,False,https://api.fususone.com/api/public/organizations/hopemillspd/stats/
hopemillspd,totalMaxCameras,previous,10000,10000,0,0.0,0.0,Connect Hope Mills,Hope Mills,NC,2026-09-15T23:10:39Z,2026-09-15T23:19:50Z,0.006377,False,False,https://api.fususone.com/api/public/organizations/hopemillspd/stats/
hopemillspd,subscribedCameras,previous,63,63,0,0.0,0.0,Connect Hope Mills,Hope Mills,NC,2026-09-15T23:10:39Z,2026-09-15T23:19:50Z,0.006377,False,False,https://api.fususone.com/api/public/organizations/hopemillspd/stats/
ilstatepolice,totalRegisteredCameras,previous,18,18,0,0.0,0.0,Connect Illinois,Illinois,IL,2026-09-15T23:10:40Z,2026-09-15T23:19:51Z,0.006377,False,False,https://api.fususone.com/api/public/organizations/ilstatepolice/stats/
ilstatepolice,totalIntegratedCameras,previous,1476,1476,0,0.0,0.0,Connect Illinois,Illinois,IL,2026-09-15T23:10:40Z,2026-09-15T23:19:51Z,0.006377,False,False,https://api.fususone.com/api/public/organizations/ilstatepolice/stats/
ilstatepolice,totalOwnedCameras,previous,789,789,0,0.0,0.0,Connect Illinois,Illinois,IL,2026-09-15T23:10:40Z,2026-09-15T23:19:51Z,0.006377,False,False,https://api.fususone.com/api/public/organizations/ilstatepolice/stats/
ilstatepolice,totalSharedCameras,previous,0,0,0,,0.0,Connect Illinois,Illinois,IL,2026-09-15T23:10:40Z,2026-09-15T23:19:51Z,0.006377,True,False,https://api.fususone.com/api/public/organizations/ilstatepolice/stats/
ilstatepolice,totalMaxCameras,previous,1500,1500,0,0.0,0.0,Connect Illinois,Illinois,IL,2026-09-15T23:10:40Z,2026-09-15T23:19:51Z,0.006377,False,False,https://api.fususone.com/api/public/organizations/ilstatepolice/stats/
ilstatepolice,subscribedCameras,previous,786,786,0,0.0,0.0,Connect Illinois,Illinois,IL,2026-09-15T23:10:40Z,2026-09-15T23:19:51Z,0.006377,False,False,https://api.fususone.com/api/public/organizations/ilstatepolice/stats/
indianriversheriff,totalRegisteredCameras,previous,220,220,0,0.0,0.0,Connect Indian River County,Indian River County,FL,2026-09-15T23:10:41Z,2026-09-15T23:19:52Z,0.006377,False,False,https://api.fususone.com/api/public/organizations/indianriversheriff/stats/
indianriversheriff,totalIntegratedCameras,previous,2492,2492,0,0.0,0.0,Connect Indian River County,Indian River County,FL,2026-09-15T23:10:41Z,2026-09-15T23:19:52Z,0.006377,False,False,https://api.fususone.com/api/public/organizations/indianriversheriff/stats/
indianriversheriff,totalOwnedCameras,previous,808,808,0,0.0,0.0,Connect Indian River County,Indian River County,FL,2026-09-15T23:10:41Z,2026-09-15T23:19:52Z,0.006377,False,False,https://api.fususone.com/api/public/organizations/indianriversheriff/stats/
indianriversheriff,totalSharedCameras,previous,1530,1530,0,0.0,0.0,Connect Indian River County,Indian River County,FL,2026-09-15T23:10:41Z,2026-09-15T23:19:52Z,0.006377,False,False,https://api.fususone.com/api/public/organizations/indianriversheriff/stats/
indianriversheriff,totalMaxCameras,previous,1500,1500,0,0.0,0.0,Connect Indian River County,Indian River County,FL,2026-09-15T23:10:41Z,2026-09-15T23:19:52Z,0.006377,False,False,https://api.fususone.com/api/public/organizations/indianriversheriff/stats/
indianriversheriff,subscribedCameras,previous,738,738,0,0.0,0.0,Connect Indian River County,Indian River County,FL,2026-09-15T23:10:41Z,2026-09-15T23:19:52Z,0.006377,False,False,https://api.fususone.com/api/public/organizations/indianriversheriff/stats/
irvingpdtx,totalRegisteredCameras,previous,61,61,0,0.0,0.0,Connect Irving,Irving,TX,2026-09-15T23:10:42Z,2026-09-15T23:19:53Z,0.006377,False,False,https://api.fususone.com/api/public/organizations/irvingpdtx/stats/
irvingpdtx,totalIntegratedCameras,previous,1446,1446,0,0.0,0.0,Connect Irving,Irving,TX,2026-09-15T23:10:42Z,2026-09-15T23:19:53Z,0.006377,False,False,https://api.fususone.com/api/public/organizations/irvingpdtx/stats/
irvingpdtx,totalOwnedCameras,previous,1246,1246,0,0.0,0.0,Connect Irving,Irving,TX,2026-09-15T23:10:42Z,2026-09-15T23:19:53Z,0.006377,False,False,https://api.fususone.com/api/public/organizations/irvingpdtx/stats/
irvingpdtx,totalSharedCameras,previous,200,200,0,0.0,0.0,Connect Irving,Irving,TX,2026-09-15T23:10:42Z,2026-09-15T23:19:53Z,0.006377,False,False,https://api.fususone.com/api/public/organizations/irvingpdtx/stats/
irvingpdtx,totalMaxCameras,previous,1500,1500,0,0.0,0.0,Connect Irving,Irving,TX,2026-09-15T23:10:42Z,2026-09-15T23:19:53Z,0.006377,False,False,https://api.fususone.com/api/public/organizations/irvingpdtx/stats/
irvingpdtx,subscribedCameras,previous,1158,1158,0,0.0,0.0,Connect Irving,Irving,TX,2026-09-15T23:10:42Z,2026-09-15T23:19:53Z,0.006377,False,False,https://api.fususone.com/api/public/organizations/irvingpdtx/stats/
jacksonms,totalRegisteredCameras,previous,324,324,0,0.0,0.0,Connect Jackson MS,Jackson,MS,2026-09-15T23:10:44Z,2026-09-15T23:19:54Z,0.006366,False,False,https://api.fususone.com/api/public/organizations/jacksonms/stats/
jacksonms,totalIntegratedCameras,previous,1246,1246,0,0.0,0.0,Connect Jackson MS,Jackson,MS,2026-09-15T23:10:44Z,2026-09-15T23:19:54Z,0.006366,False,False,https://api.fususone.com/api/public/organizations/jacksonms/stats/
jacksonms,totalOwnedCameras,previous,735,735,0,0.0,0.0,Connect Jackson MS,Jackson,MS,2026-09-15T23:10:44Z,2026-09-15T23:19:54Z,0.006366,False,False,https://api.fususone.com/api/public/organizations/jacksonms/stats/
jacksonms,totalSharedCameras,previous,505,505,0,0.0,0.0,Connect Jackson MS,Jackson,MS,2026-09-15T23:10:44Z,2026-09-15T23:19:54Z,0.006366,False,False,https://api.fususone.com/api/public/organizations/jacksonms/stats/
jacksonms,totalMaxCameras,previous,2067,2067,0,0.0,0.0,Connect Jackson MS,Jackson,MS,2026-09-15T23:10:44Z,2026-09-15T23:19:54Z,0.006366,False,False,https://api.fususone.com/api/public/organizations/jacksonms/stats/
jacksonms,subscribedCameras,previous,728,728,0,0.0,0.0,Connect Jackson MS,Jackson,MS,2026-09-15T23:10:44Z,2026-09-15T23:19:54Z,0.006366,False,False,https://api.fususone.com/api/public/organizations/jacksonms/stats/
jacksonpdtn,totalRegisteredCameras,previous,0,0,0,,0.0,"Safe Jackson, TN",Jackson,TN,2026-09-15T23:10:45Z,2026-09-15T23:19:55Z,0.006366,True,False,https://api.fususone.com/api/public/organizations/jacksonpdtn/stats/
jacksonpdtn,totalIntegratedCameras,previous,364,364,0,0.0,0.0,"Safe Jackson, TN",Jackson,TN,2026-09-15T23:10:45Z,2026-09-15T23:19:55Z,0.006366,False,False,https://api.fususone.com/api/public/organizations/jacksonpdtn/stats/
jacksonpdtn,totalOwnedCameras,previous,302,302,0,0.0,0.0,"Safe Jackson, TN",Jackson,TN,2026-09-15T23:10:45Z,2026-09-15T23:19:55Z,0.006366,False,False,https://api.fususone.com/api/public/organizations/jacksonpdtn/stats/
jacksonpdtn,totalSharedCameras,previous,0,0,0,,0.0,"Safe Jackson, TN",Jackson,TN,2026-09-15T23:10:45Z,2026-09-15T23:19:55Z,0.006366,True,False,https://api.fususone.com/api/public/organizations/jacksonpdtn/stats/
jacksonpdtn,totalMaxCameras,previous,500,500,0,0.0,0.0,"Safe Jackson, TN",Jackson,TN,2026-09-15T23:10:45Z,2026-09-15T23:19:55Z,0.006366,False,False,https://api.fususone.com/api/public/organizations/jacksonpdtn/stats/
jacksonpdtn,subscribedCameras,previous,281,281,0,0.0,0.0,"Safe Jackson, TN",Jackson,TN,2026-09-15T23:10:45Z,2026-09-15T23:19:55Z,0.006366,False,False,https://api.fususone.com/api/public/organizations/jacksonpdtn/stats/
jacksonvillesheriff,totalRegisteredCameras,previous,6800,6800,0,0.0,0.0,ConnectDuval,Duval County,FL,2026-09-15T23:10:46Z,2026-09-15T23:19:56Z,0.006366,False,False,https://api.fususone.com/api/public/organizations/jacksonvillesheriff/stats/
jacksonvillesheriff,totalIntegratedCameras,previous,9707,9707,0,0.0,0.0,ConnectDuval,Duval County,FL,2026-09-15T23:10:46Z,2026-09-15T23:19:56Z,0.006366,False,False,https://api.fususone.com/api/public/organizations/jacksonvillesheriff/stats/
jacksonvillesheriff,totalOwnedCameras,previous,2586,2586,0,0.0,0.0,ConnectDuval,Duval County,FL,2026-09-15T23:10:46Z,2026-09-15T23:19:56Z,0.006366,False,False,https://api.fususone.com/api/public/organizations/jacksonvillesheriff/stats/
jacksonvillesheriff,totalSharedCameras,previous,6975,6975,0,0.0,0.0,ConnectDuval,Duval County,FL,2026-09-15T23:10:46Z,2026-09-15T23:19:56Z,0.006366,False,False,https://api.fususone.com/api/public/organizations/jacksonvillesheriff/stats/
jacksonvillesheriff,totalMaxCameras,previous,1500,1500,0,0.0,0.0,ConnectDuval,Duval County,FL,2026-09-15T23:10:46Z,2026-09-15T23:19:56Z,0.006366,False,False,https://api.fususone.com/api/public/organizations/jacksonvillesheriff/stats/
jacksonvillesheriff,subscribedCameras,previous,1638,1638,0,0.0,0.0,ConnectDuval,Duval County,FL,2026-09-15T23:10:46Z,2026-09-15T23:19:56Z,0.006366,False,False,https://api.fususone.com/api/public/organizations/jacksonvillesheriff/stats/
jeffersoncountysheriff,totalRegisteredCameras,previous,1469,1469,0,0.0,0.0,Connect Jefferson County,Jefferson County,AL,2026-09-15T23:10:47Z,2026-09-15T23:19:57Z,0.006366,False,False,https://api.fususone.com/api/public/organizations/jeffersoncountysheriff/stats/
jeffersoncountysheriff,totalIntegratedCameras,previous,2674,2674,0,0.0,0.0,Connect Jefferson County,Jefferson County,AL,2026-09-15T23:10:47Z,2026-09-15T23:19:57Z,0.006366,False,False,https://api.fususone.com/api/public/organizations/jeffersoncountysheriff/stats/
jeffersoncountysheriff,totalOwnedCameras,previous,1788,1788,0,0.0,0.0,Connect Jefferson County,Jefferson County,AL,2026-09-15T23:10:47Z,2026-09-15T23:19:57Z,0.006366,False,False,https://api.fususone.com/api/public/organizations/jeffersoncountysheriff/stats/
jeffersoncountysheriff,totalSharedCameras,previous,808,808,0,0.0,0.0,Connect Jefferson County,Jefferson County,AL,2026-09-15T23:10:47Z,2026-09-15T23:19:57Z,0.006366,False,False,https://api.fususone.com/api/public/organizations/jeffersoncountysheriff/stats/
jeffersoncountysheriff,totalMaxCameras,previous,1500,1500,0,0.0,0.0,Connect Jefferson County,Jefferson County,AL,2026-09-15T23:10:47Z,2026-09-15T23:19:57Z,0.006366,False,False,https://api.fususone.com/api/public/organizations/jeffersoncountysheriff/stats/
jeffersoncountysheriff,subscribedCameras,previous,1786,1786,0,0.0,0.0,Connect Jefferson County,Jefferson County,AL,2026-09-15T23:10:47Z,2026-09-15T23:19:57Z,0.006366,False,False,https://api.fususone.com/api/public/organizations/jeffersoncountysheriff/stats/
kalamazoodps,totalRegisteredCameras,previous,837,837,0,0.0,0.0,Connect Kalamazoo,Kalamazoo,MI,2026-09-15T23:10:48Z,2026-09-15T23:19:58Z,0.006366,False,False,https://api.fususone.com/api/public/organizations/kalamazoodps/stats/
kalamazoodps,totalIntegratedCameras,previous,1104,1104,0,0.0,0.0,Connect Kalamazoo,Kalamazoo,MI,2026-09-15T23:10:48Z,2026-09-15T23:19:58Z,0.006366,False,False,https://api.fususone.com/api/public/organizations/kalamazoodps/stats/
kalamazoodps,totalOwnedCameras,previous,1104,1104,0,0.0,0.0,Connect Kalamazoo,Kalamazoo,MI,2026-09-15T23:10:48Z,2026-09-15T23:19:58Z,0.006366,False,False,https://api.fususone.com/api/public/organizations/kalamazoodps/stats/
kalamazoodps,totalSharedCameras,previous,0,0,0,,0.0,Connect Kalamazoo,Kalamazoo,MI,2026-09-15T23:10:48Z,2026-09-15T23:19:58Z,0.006366,True,False,https://api.fususone.com/api/public/organizations/kalamazoodps/stats/
kalamazoodps,totalMaxCameras,previous,1500,1500,0,0.0,0.0,Connect Kalamazoo,Kalamazoo,MI,2026-09-15T23:10:48Z,2026-09-15T23:19:58Z,0.006366,False,False,https://api.fususone.com/api/public/organizations/kalamazoodps/stats/
kalamazoodps,subscribedCameras,previous,1093,1093,0,0.0,0.0,Connect Kalamazoo,Kalamazoo,MI,2026-09-15T23:10:48Z,2026-09-15T23:19:58Z,0.006366,False,False,https://api.fususone.com/api/public/organizations/kalamazoodps/stats/
kansascitykspd,totalRegisteredCameras,previous,3340,3340,0,0.0,0.0,Connect KCK,"Kansas City, Kansas",KS,2026-09-15T23:10:49Z,2026-09-15T23:19:59Z,0.006366,False,False,https://api.fususone.com/api/public/organizations/kansascitykspd/stats/
kansascitykspd,totalIntegratedCameras,previous,1193,1193,0,0.0,0.0,Connect KCK,"Kansas City, Kansas",KS,2026-09-15T23:10:49Z,2026-09-15T23:19:59Z,0.006366,False,False,https://api.fususone.com/api/public/organizations/kansascitykspd/stats/
kansascitykspd,totalOwnedCameras,previous,1148,1148,0,0.0,0.0,Connect KCK,"Kansas City, Kansas",KS,2026-09-15T23:10:49Z,2026-09-15T23:19:59Z,0.006366,False,False,https://api.fususone.com/api/public/organizations/kansascitykspd/stats/
kansascitykspd,totalSharedCameras,previous,45,45,0,0.0,0.0,Connect KCK,"Kansas City, Kansas",KS,2026-09-15T23:10:49Z,2026-09-15T23:19:59Z,0.006366,False,False,https://api.fususone.com/api/public/organizations/kansascitykspd/stats/
kansascitykspd,totalMaxCameras,previous,1500,1500,0,0.0,0.0,Connect KCK,"Kansas City, Kansas",KS,2026-09-15T23:10:49Z,2026-09-15T23:19:59Z,0.006366,False,False,https://api.fususone.com/api/public/organizations/kansascitykspd/stats/
kansascitykspd,subscribedCameras,previous,1144,1144,0,0.0,0.0,Connect KCK,"Kansas City, Kansas",KS,2026-09-15T23:10:49Z,2026-09-15T23:19:59Z,0.006366,False,False,https://api.fususone.com/api/public/organizations/kansascitykspd/stats/
kennesawpd,totalRegisteredCameras,previous,566,566,0,0.0,0.0,Connect Kennesaw,Kennesaw,GA,2026-09-15T23:10:50Z,2026-09-15T23:20:00Z,0.006366,False,False,https://api.fususone.com/api/public/organizations/kennesawpd/stats/
kennesawpd,totalIntegratedCameras,previous,9229,9229,0,0.0,0.0,Connect Kennesaw,Kennesaw,GA,2026-09-15T23:10:50Z,2026-09-15T23:20:00Z,0.006366,False,False,https://api.fususone.com/api/public/organizations/kennesawpd/stats/
kennesawpd,totalOwnedCameras,previous,257,257,0,0.0,0.0,Connect Kennesaw,Kennesaw,GA,2026-09-15T23:10:50Z,2026-09-15T23:20:00Z,0.006366,False,False,https://api.fususone.com/api/public/organizations/kennesawpd/stats/
kennesawpd,totalSharedCameras,previous,34,34,0,0.0,0.0,Connect Kennesaw,Kennesaw,GA,2026-09-15T23:10:50Z,2026-09-15T23:20:00Z,0.006366,False,False,https://api.fususone.com/api/public/organizations/kennesawpd/stats/
kennesawpd,totalMaxCameras,previous,500,500,0,0.0,0.0,Connect Kennesaw,Kennesaw,GA,2026-09-15T23:10:50Z,2026-09-15T23:20:00Z,0.006366,False,False,https://api.fususone.com/api/public/organizations/kennesawpd/stats/
kennesawpd,subscribedCameras,previous,256,256,0,0.0,0.0,Connect Kennesaw,Kennesaw,GA,2026-09-15T23:10:50Z,2026-09-15T23:20:00Z,0.006366,False,False,https://api.fususone.com/api/public/organizations/kennesawpd/stats/
kentcountysd,totalRegisteredCameras,previous,575,575,0,0.0,0.0,The Kent Safety Network,Kent County,MI,2026-09-15T23:10:51Z,2026-09-15T23:20:01Z,0.006366,False,False,https://api.fususone.com/api/public/organizations/kentcountysd/stats/
kentcountysd,totalIntegratedCameras,previous,2705,2705,0,0.0,0.0,The Kent Safety Network,Kent County,MI,2026-09-15T23:10:51Z,2026-09-15T23:20:01Z,0.006366,False,False,https://api.fususone.com/api/public/organizations/kentcountysd/stats/
kentcountysd,totalOwnedCameras,previous,735,735,0,0.0,0.0,The Kent Safety Network,Kent County,MI,2026-09-15T23:10:51Z,2026-09-15T23:20:01Z,0.006366,False,False,https://api.fususone.com/api/public/organizations/kentcountysd/stats/
kentcountysd,totalSharedCameras,previous,1942,1942,0,0.0,0.0,The Kent Safety Network,Kent County,MI,2026-09-15T23:10:51Z,2026-09-15T23:20:01Z,0.006366,False,False,https://api.fususone.com/api/public/organizations/kentcountysd/stats/
kentcountysd,totalMaxCameras,previous,4500,4500,0,0.0,0.0,The Kent Safety Network,Kent County,MI,2026-09-15T23:10:51Z,2026-09-15T23:20:01Z,0.006366,False,False,https://api.fususone.com/api/public/organizations/kentcountysd/stats/
kentcountysd,subscribedCameras,previous,485,485,0,0.0,0.0,The Kent Safety Network,Kent County,MI,2026-09-15T23:10:51Z,2026-09-15T23:20:01Z,0.006366,False,False,https://api.fususone.com/api/public/organizations/kentcountysd/stats/
killeenpd,totalRegisteredCameras,previous,1406,1406,0,0.0,0.0,KPD Connect,Killeen,TX,2026-09-15T23:10:52Z,2026-09-15T23:20:02Z,0.006366,False,False,https://api.fususone.com/api/public/organizations/killeenpd/stats/
killeenpd,totalIntegratedCameras,previous,505,505,0,0.0,0.0,KPD Connect,Killeen,TX,2026-09-15T23:10:52Z,2026-09-15T23:20:02Z,0.006366,False,False,https://api.fususone.com/api/public/organizations/killeenpd/stats/
killeenpd,totalOwnedCameras,previous,505,505,0,0.0,0.0,KPD Connect,Killeen,TX,2026-09-15T23:10:52Z,2026-09-15T23:20:02Z,0.006366,False,False,https://api.fususone.com/api/public/organizations/killeenpd/stats/
killeenpd,totalSharedCameras,previous,0,0,0,,0.0,KPD Connect,Killeen,TX,2026-09-15T23:10:52Z,2026-09-15T23:20:02Z,0.006366,True,False,https://api.fususone.com/api/public/organizations/killeenpd/stats/
killeenpd,totalMaxCameras,previous,1500,1500,0,0.0,0.0,KPD Connect,Killeen,TX,2026-09-15T23:10:52Z,2026-09-15T23:20:02Z,0.006366,False,False,https://api.fususone.com/api/public/organizations/killeenpd/stats/
killeenpd,subscribedCameras,previous,497,497,0,0.0,0.0,KPD Connect,Killeen,TX,2026-09-15T23:10:52Z,2026-09-15T23:20:02Z,0.006366,False,False,https://api.fususone.com/api/public/organizations/killeenpd/stats/
knoxvillepdtn,totalRegisteredCameras,previous,581,581,0,0.0,0.0,Connect Knoxville,Knoxville,TN,2026-09-15T23:10:53Z,2026-09-15T23:20:03Z,0.006366,False,False,https://api.fususone.com/api/public/organizations/knoxvillepdtn/stats/
knoxvillepdtn,totalIntegratedCameras,previous,682,682,0,0.0,0.0,Connect Knoxville,Knoxville,TN,2026-09-15T23:10:53Z,2026-09-15T23:20:03Z,0.006366,False,False,https://api.fususone.com/api/public/organizations/knoxvillepdtn/stats/
knoxvillepdtn,totalOwnedCameras,previous,552,552,0,0.0,0.0,Connect Knoxville,Knoxville,TN,2026-09-15T23:10:53Z,2026-09-15T23:20:03Z,0.006366,False,False,https://api.fususone.com/api/public/organizations/knoxvillepdtn/stats/
knoxvillepdtn,totalSharedCameras,previous,130,130,0,0.0,0.0,Connect Knoxville,Knoxville,TN,2026-09-15T23:10:53Z,2026-09-15T23:20:03Z,0.006366,False,False,https://api.fususone.com/api/public/organizations/knoxvillepdtn/stats/
knoxvillepdtn,totalMaxCameras,previous,500,500,0,0.0,0.0,Connect Knoxville,Knoxville,TN,2026-09-15T23:10:53Z,2026-09-15T23:20:03Z,0.006366,False,False,https://api.fususone.com/api/public/organizations/knoxvillepdtn/stats/
knoxvillepdtn,subscribedCameras,previous,187,187,0,0.0,0.0,Connect Knoxville,Knoxville,TN,2026-09-15T23:10:53Z,2026-09-15T23:20:03Z,0.006366,False,False,https://api.fususone.com/api/public/organizations/knoxvillepdtn/stats/
kylepdtx,totalRegisteredCameras,previous,153,153,0,0.0,0.0,Connect Kyle,Kyle,TX,2026-09-15T23:10:54Z,2026-09-15T23:20:04Z,0.006366,False,False,https://api.fususone.com/api/public/organizations/kylepdtx/stats/
kylepdtx,totalIntegratedCameras,previous,110,110,0,0.0,0.0,Connect Kyle,Kyle,TX,2026-09-15T23:10:54Z,2026-09-15T23:20:04Z,0.006366,False,False,https://api.fususone.com/api/public/organizations/kylepdtx/stats/
kylepdtx,totalOwnedCameras,previous,110,110,0,0.0,0.0,Connect Kyle,Kyle,TX,2026-09-15T23:10:54Z,2026-09-15T23:20:04Z,0.006366,False,False,https://api.fususone.com/api/public/organizations/kylepdtx/stats/
kylepdtx,totalSharedCameras,previous,0,0,0,,0.0,Connect Kyle,Kyle,TX,2026-09-15T23:10:54Z,2026-09-15T23:20:04Z,0.006366,True,False,https://api.fususone.com/api/public/organizations/kylepdtx/stats/
kylepdtx,totalMaxCameras,previous,500,500,0,0.0,0.0,Connect Kyle,Kyle,TX,2026-09-15T23:10:54Z,2026-09-15T23:20:04Z,0.006366,False,False,https://api.fususone.com/api/public/organizations/kylepdtx/stats/
kylepdtx,subscribedCameras,previous,110,110,0,0.0,0.0,Connect Kyle,Kyle,TX,2026-09-15T23:10:54Z,2026-09-15T23:20:04Z,0.006366,False,False,https://api.fususone.com/api/public/organizations/kylepdtx/stats/
lafayettepd,totalRegisteredCameras,previous,378,378,0,0.0,0.0,Connect Lafayette,Lafayette,LA,2026-09-15T23:10:55Z,2026-09-15T23:20:05Z,0.006366,False,False,https://api.fususone.com/api/public/organizations/lafayettepd/stats/
lafayettepd,totalIntegratedCameras,previous,2210,2210,0,0.0,0.0,Connect Lafayette,Lafayette,LA,2026-09-15T23:10:55Z,2026-09-15T23:20:05Z,0.006366,False,False,https://api.fususone.com/api/public/organizations/lafayettepd/stats/
lafayettepd,totalOwnedCameras,previous,1576,1576,0,0.0,0.0,Connect Lafayette,Lafayette,LA,2026-09-15T23:10:55Z,2026-09-15T23:20:05Z,0.006366,False,False,https://api.fususone.com/api/public/organizations/lafayettepd/stats/
lafayettepd,totalSharedCameras,previous,350,350,0,0.0,0.0,Connect Lafayette,Lafayette,LA,2026-09-15T23:10:55Z,2026-09-15T23:20:05Z,0.006366,False,False,https://api.fususone.com/api/public/organizations/lafayettepd/stats/
lafayettepd,totalMaxCameras,previous,1500,1500,0,0.0,0.0,Connect Lafayette,Lafayette,LA,2026-09-15T23:10:55Z,2026-09-15T23:20:05Z,0.006366,False,False,https://api.fususone.com/api/public/organizations/lafayettepd/stats/
lafayettepd,subscribedCameras,previous,1545,1545,0,0.0,0.0,Connect Lafayette,Lafayette,LA,2026-09-15T23:10:55Z,2026-09-15T23:20:05Z,0.006366,False,False,https://api.fususone.com/api/public/organizations/lafayettepd/stats/
lafourcheparishso,totalRegisteredCameras,previous,755,755,0,0.0,0.0,Connect Lafourche Parish,Lafourche Parish,LA,2026-09-15T23:10:56Z,2026-09-15T23:20:06Z,0.006366,False,False,https://api.fususone.com/api/public/organizations/lafourcheparishso/stats/
lafourcheparishso,totalIntegratedCameras,previous,136,136,0,0.0,0.0,Connect Lafourche Parish,Lafourche Parish,LA,2026-09-15T23:10:56Z,2026-09-15T23:20:06Z,0.006366,False,False,https://api.fususone.com/api/public/organizations/lafourcheparishso/stats/
lafourcheparishso,totalOwnedCameras,previous,136,136,0,0.0,0.0,Connect Lafourche Parish,Lafourche Parish,LA,2026-09-15T23:10:56Z,2026-09-15T23:20:06Z,0.006366,False,False,https://api.fususone.com/api/public/organizations/lafourcheparishso/stats/
lafourcheparishso,totalSharedCameras,previous,0,0,0,,0.0,Connect Lafourche Parish,Lafourche Parish,LA,2026-09-15T23:10:56Z,2026-09-15T23:20:06Z,0.006366,True,False,https://api.fususone.com/api/public/organizations/lafourcheparishso/stats/
lafourcheparishso,totalMaxCameras,previous,500,500,0,0.0,0.0,Connect Lafourche Parish,Lafourche Parish,LA,2026-09-15T23:10:56Z,2026-09-15T23:20:06Z,0.006366,False,False,https://api.fususone.com/api/public/organizations/lafourcheparishso/stats/
lafourcheparishso,subscribedCameras,previous,136,136,0,0.0,0.0,Connect Lafourche Parish,Lafourche Parish,LA,2026-09-15T23:10:56Z,2026-09-15T23:20:06Z,0.006366,False,False,https://api.fususone.com/api/public/organizations/lafourcheparishso/stats/
lagrangepd,totalRegisteredCameras,previous,37,37,0,0.0,0.0,Connect Lagrange,Lagrange,GA,2026-09-15T23:10:57Z,2026-09-15T23:20:07Z,0.006366,False,False,https://api.fususone.com/api/public/organizations/lagrangepd/stats/
lagrangepd,totalIntegratedCameras,previous,58,58,0,0.0,0.0,Connect Lagrange,Lagrange,GA,2026-09-15T23:10:57Z,2026-09-15T23:20:07Z,0.006366,False,False,https://api.fususone.com/api/public/organizations/lagrangepd/stats/
lagrangepd,totalOwnedCameras,previous,58,58,0,0.0,0.0,Connect Lagrange,Lagrange,GA,2026-09-15T23:10:57Z,2026-09-15T23:20:07Z,0.006366,False,False,https://api.fususone.com/api/public/organizations/lagrangepd/stats/
lagrangepd,totalSharedCameras,previous,0,0,0,,0.0,Connect Lagrange,Lagrange,GA,2026-09-15T23:10:57Z,2026-09-15T23:20:07Z,0.006366,True,False,https://api.fususone.com/api/public/organizations/lagrangepd/stats/
lagrangepd,totalMaxCameras,previous,150,150,0,0.0,0.0,Connect Lagrange,Lagrange,GA,2026-09-15T23:10:57Z,2026-09-15T23:20:07Z,0.006366,False,False,https://api.fususone.com/api/public/organizations/lagrangepd/stats/
lagrangepd,subscribedCameras,previous,52,52,0,0.0,0.0,Connect Lagrange,Lagrange,GA,2026-09-15T23:10:57Z,2026-09-15T23:20:07Z,0.006366,False,False,https://api.fususone.com/api/public/organizations/lagrangepd/stats/
lagunabeachpd,totalRegisteredCameras,previous,0,0,0,,0.0,Connect Laguna Beach,Laguna Beach,CA,2026-09-15T23:10:58Z,2026-09-15T23:20:08Z,0.006366,True,False,https://api.fususone.com/api/public/organizations/lagunabeachpd/stats/
lagunabeachpd,totalIntegratedCameras,previous,25,25,0,0.0,0.0,Connect Laguna Beach,Laguna Beach,CA,2026-09-15T23:10:58Z,2026-09-15T23:20:08Z,0.006366,False,False,https://api.fususone.com/api/public/organizations/lagunabeachpd/stats/
lagunabeachpd,totalOwnedCameras,previous,25,25,0,0.0,0.0,Connect Laguna Beach,Laguna Beach,CA,2026-09-15T23:10:58Z,2026-09-15T23:20:08Z,0.006366,False,False,https://api.fususone.com/api/public/organizations/lagunabeachpd/stats/
lagunabeachpd,totalSharedCameras,previous,0,0,0,,0.0,Connect Laguna Beach,Laguna Beach,CA,2026-09-15T23:10:58Z,2026-09-15T23:20:08Z,0.006366,True,False,https://api.fususone.com/api/public/organizations/lagunabeachpd/stats/
lagunabeachpd,totalMaxCameras,previous,148,148,0,0.0,0.0,Connect Laguna Beach,Laguna Beach,CA,2026-09-15T23:10:58Z,2026-09-15T23:20:08Z,0.006366,False,False,https://api.fususone.com/api/public/organizations/lagunabeachpd/stats/
lagunabeachpd,subscribedCameras,previous,25,25,0,0.0,0.0,Connect Laguna Beach,Laguna Beach,CA,2026-09-15T23:10:58Z,2026-09-15T23:20:08Z,0.006366,False,False,https://api.fususone.com/api/public/organizations/lagunabeachpd/stats/
lakecountysheriff,totalRegisteredCameras,previous,2249,2249,0,0.0,0.0,Connect Lake County,Lake County,FL,2026-09-15T23:10:59Z,2026-09-15T23:20:09Z,0.006366,False,False,https://api.fususone.com/api/public/organizations/lakecountysheriff/stats/
lakecountysheriff,totalIntegratedCameras,previous,6351,6351,0,0.0,0.0,Connect Lake County,Lake County,FL,2026-09-15T23:10:59Z,2026-09-15T23:20:09Z,0.006366,False,False,https://api.fususone.com/api/public/organizations/lakecountysheriff/stats/
lakecountysheriff,totalOwnedCameras,previous,96,96,0,0.0,0.0,Connect Lake County,Lake County,FL,2026-09-15T23:10:59Z,2026-09-15T23:20:09Z,0.006366,False,False,https://api.fususone.com/api/public/organizations/lakecountysheriff/stats/
lakecountysheriff,totalSharedCameras,previous,5760,5760,0,0.0,0.0,Connect Lake County,Lake County,FL,2026-09-15T23:10:59Z,2026-09-15T23:20:09Z,0.006366,False,False,https://api.fususone.com/api/public/organizations/lakecountysheriff/stats/
lakecountysheriff,totalMaxCameras,previous,1500,1500,0,0.0,0.0,Connect Lake County,Lake County,FL,2026-09-15T23:10:59Z,2026-09-15T23:20:09Z,0.006366,False,False,https://api.fususone.com/api/public/organizations/lakecountysheriff/stats/
lakecountysheriff,subscribedCameras,previous,80,80,0,0.0,0.0,Connect Lake County,Lake County,FL,2026-09-15T23:10:59Z,2026-09-15T23:20:09Z,0.006366,False,False,https://api.fususone.com/api/public/organizations/lakecountysheriff/stats/
lakewoodpdco,totalRegisteredCameras,previous,151,151,0,0.0,0.0,Connect Lakewood,Lakewood,CO,2026-09-15T23:11:00Z,2026-09-15T23:20:10Z,0.006366,False,False,https://api.fususone.com/api/public/organizations/lakewoodpdco/stats/
lakewoodpdco,totalIntegratedCameras,previous,496,496,0,0.0,0.0,Connect Lakewood,Lakewood,CO,2026-09-15T23:11:00Z,2026-09-15T23:20:10Z,0.006366,False,False,https://api.fususone.com/api/public/organizations/lakewoodpdco/stats/
lakewoodpdco,totalOwnedCameras,previous,496,496,0,0.0,0.0,Connect Lakewood,Lakewood,CO,2026-09-15T23:11:00Z,2026-09-15T23:20:10Z,0.006366,False,False,https://api.fususone.com/api/public/organizations/lakewoodpdco/stats/
lakewoodpdco,totalSharedCameras,previous,0,0,0,,0.0,Connect Lakewood,Lakewood,CO,2026-09-15T23:11:00Z,2026-09-15T23:20:10Z,0.006366,True,False,https://api.fususone.com/api/public/organizations/lakewoodpdco/stats/
lakewoodpdco,totalMaxCameras,previous,0,0,0,,0.0,Connect Lakewood,Lakewood,CO,2026-09-15T23:11:00Z,2026-09-15T23:20:10Z,0.006366,True,False,https://api.fususone.com/api/public/organizations/lakewoodpdco/stats/
lakewoodpdco,subscribedCameras,previous,484,484,0,0.0,0.0,Connect Lakewood,Lakewood,CO,2026-09-15T23:11:00Z,2026-09-15T23:20:10Z,0.006366,False,False,https://api.fususone.com/api/public/organizations/lakewoodpdco/stats/
lapd,totalRegisteredCameras,previous,0,0,0,,0.0,Connect Los Angeles,Los Angeles,CA,2026-09-15T23:11:01Z,2026-09-15T23:20:11Z,0.006366,True,False,https://api.fususone.com/api/public/organizations/lapd/stats/
lapd,totalIntegratedCameras,previous,271,271,0,0.0,0.0,Connect Los Angeles,Los Angeles,CA,2026-09-15T23:11:01Z,2026-09-15T23:20:11Z,0.006366,False,False,https://api.fususone.com/api/public/organizations/lapd/stats/
lapd,totalOwnedCameras,previous,271,271,0,0.0,0.0,Connect Los Angeles,Los Angeles,CA,2026-09-15T23:11:01Z,2026-09-15T23:20:11Z,0.006366,False,False,https://api.fususone.com/api/public/organizations/lapd/stats/
lapd,totalSharedCameras,previous,0,0,0,,0.0,Connect Los Angeles,Los Angeles,CA,2026-09-15T23:11:01Z,2026-09-15T23:20:11Z,0.006366,True,False,https://api.fususone.com/api/public/organizations/lapd/stats/
lapd,totalMaxCameras,previous,0,0,0,,0.0,Connect Los Angeles,Los Angeles,CA,2026-09-15T23:11:01Z,2026-09-15T23:20:11Z,0.006366,True,False,https://api.fususone.com/api/public/organizations/lapd/stats/
lapd,subscribedCameras,previous,216,216,0,0.0,0.0,Connect Los Angeles,Los Angeles,CA,2026-09-15T23:11:01Z,2026-09-15T23:20:11Z,0.006366,False,False,https://api.fususone.com/api/public/organizations/lapd/stats/
lasd,totalRegisteredCameras,previous,2177,2177,0,0.0,0.0,Connect Los Angeles County,Los Angeles County,CA,2026-09-15T23:11:02Z,2026-09-15T23:20:12Z,0.006366,False,False,https://api.fususone.com/api/public/organizations/lasd/stats/
lasd,totalIntegratedCameras,previous,2999,2999,0,0.0,0.0,Connect Los Angeles County,Los Angeles County,CA,2026-09-15T23:11:02Z,2026-09-15T23:20:12Z,0.006366,False,False,https://api.fususone.com/api/public/organizations/lasd/stats/
lasd,totalOwnedCameras,previous,1595,1595,0,0.0,0.0,Connect Los Angeles County,Los Angeles County,CA,2026-09-15T23:11:02Z,2026-09-15T23:20:12Z,0.006366,False,False,https://api.fususone.com/api/public/organizations/lasd/stats/
lasd,totalSharedCameras,previous,1404,1404,0,0.0,0.0,Connect Los Angeles County,Los Angeles County,CA,2026-09-15T23:11:02Z,2026-09-15T23:20:12Z,0.006366,False,False,https://api.fususone.com/api/public/organizations/lasd/stats/
lasd,totalMaxCameras,previous,1500,1500,0,0.0,0.0,Connect Los Angeles County,Los Angeles County,CA,2026-09-15T23:11:02Z,2026-09-15T23:20:12Z,0.006366,False,False,https://api.fususone.com/api/public/organizations/lasd/stats/
lasd,subscribedCameras,previous,442,442,0,0.0,0.0,Connect Los Angeles County,Los Angeles County,CA,2026-09-15T23:11:02Z,2026-09-15T23:20:12Z,0.006366,False,False,https://api.fususone.com/api/public/organizations/lasd/stats/
lawrencepdks,totalRegisteredCameras,previous,132,132,0,0.0,0.0,Connect Lawrence,Lawrence,KS,2026-09-15T23:11:03Z,2026-09-15T23:20:13Z,0.006366,False,False,https://api.fususone.com/api/public/organizations/lawrencepdks/stats/
lawrencepdks,totalIntegratedCameras,previous,467,467,0,0.0,0.0,Connect Lawrence,Lawrence,KS,2026-09-15T23:11:03Z,2026-09-15T23:20:13Z,0.006366,False,False,https://api.fususone.com/api/public/organizations/lawrencepdks/stats/
lawrencepdks,totalOwnedCameras,previous,467,467,0,0.0,0.0,Connect Lawrence,Lawrence,KS,2026-09-15T23:11:03Z,2026-09-15T23:20:13Z,0.006366,False,False,https://api.fususone.com/api/public/organizations/lawrencepdks/stats/
lawrencepdks,totalSharedCameras,previous,0,0,0,,0.0,Connect Lawrence,Lawrence,KS,2026-09-15T23:11:03Z,2026-09-15T23:20:13Z,0.006366,True,False,https://api.fususone.com/api/public/organizations/lawrencepdks/stats/
lawrencepdks,totalMaxCameras,previous,500,500,0,0.0,0.0,Connect Lawrence,Lawrence,KS,2026-09-15T23:11:03Z,2026-09-15T23:20:13Z,0.006366,False,False,https://api.fususone.com/api/public/organizations/lawrencepdks/stats/
lawrencepdks,subscribedCameras,previous,467,467,0,0.0,0.0,Connect Lawrence,Lawrence,KS,2026-09-15T23:11:03Z,2026-09-15T23:20:13Z,0.006366,False,False,https://api.fususone.com/api/public/organizations/lawrencepdks/stats/
lawrencevillepdga,totalRegisteredCameras,previous,0,0,0,,0.0,Connect Lawrenceville,"Lawrenceville, Georgia",GA,2026-09-15T23:11:04Z,2026-09-15T23:20:14Z,0.006366,True,False,https://api.fususone.com/api/public/organizations/lawrencevillepdga/stats/
lawrencevillepdga,totalIntegratedCameras,previous,707,707,0,0.0,0.0,Connect Lawrenceville,"Lawrenceville, Georgia",GA,2026-09-15T23:11:04Z,2026-09-15T23:20:14Z,0.006366,False,False,https://api.fususone.com/api/public/organizations/lawrencevillepdga/stats/
lawrencevillepdga,totalOwnedCameras,previous,456,456,0,0.0,0.0,Connect Lawrenceville,"Lawrenceville, Georgia",GA,2026-09-15T23:11:04Z,2026-09-15T23:20:14Z,0.006366,False,False,https://api.fususone.com/api/public/organizations/lawrencevillepdga/stats/
lawrencevillepdga,totalSharedCameras,previous,193,193,0,0.0,0.0,Connect Lawrenceville,"Lawrenceville, Georgia",GA,2026-09-15T23:11:04Z,2026-09-15T23:20:14Z,0.006366,False,False,https://api.fususone.com/api/public/organizations/lawrencevillepdga/stats/
lawrencevillepdga,totalMaxCameras,previous,1,1,0,0.0,0.0,Connect Lawrenceville,"Lawrenceville, Georgia",GA,2026-09-15T23:11:04Z,2026-09-15T23:20:14Z,0.006366,False,False,https://api.fususone.com/api/public/organizations/lawrencevillepdga/stats/
lawrencevillepdga,subscribedCameras,previous,453,453,0,0.0,0.0,Connect Lawrenceville,"Lawrenceville, Georgia",GA,2026-09-15T23:11:04Z,2026-09-15T23:20:14Z,0.006366,False,False,https://api.fususone.com/api/public/organizations/lawrencevillepdga/stats/
lawtonpdok,totalRegisteredCameras,previous,0,0,0,,0.0,Connect Lawton,Lawton,OK,2026-09-15T23:11:05Z,2026-09-15T23:20:15Z,0.006366,True,False,https://api.fususone.com/api/public/organizations/lawtonpdok/stats/
lawtonpdok,totalIntegratedCameras,previous,24,24,0,0.0,0.0,Connect Lawton,Lawton,OK,2026-09-15T23:11:05Z,2026-09-15T23:20:15Z,0.006366,False,False,https://api.fususone.com/api/public/organizations/lawtonpdok/stats/
lawtonpdok,totalOwnedCameras,previous,24,24,0,0.0,0.0,Connect Lawton,Lawton,OK,2026-09-15T23:11:05Z,2026-09-15T23:20:15Z,0.006366,False,False,https://api.fususone.com/api/public/organizations/lawtonpdok/stats/
lawtonpdok,totalSharedCameras,previous,0,0,0,,0.0,Connect Lawton,Lawton,OK,2026-09-15T23:11:05Z,2026-09-15T23:20:15Z,0.006366,True,False,https://api.fususone.com/api/public/organizations/lawtonpdok/stats/
lawtonpdok,totalMaxCameras,previous,0,0,0,,0.0,Connect Lawton,Lawton,OK,2026-09-15T23:11:05Z,2026-09-15T23:20:15Z,0.006366,True,False,https://api.fususone.com/api/public/organizations/lawtonpdok/stats/
lawtonpdok,subscribedCameras,previous,24,24,0,0.0,0.0,Connect Lawton,Lawton,OK,2026-09-15T23:11:05Z,2026-09-15T23:20:15Z,0.006366,False,False,https://api.fususone.com/api/public/organizations/lawtonpdok/stats/
leavenworthpdks,totalRegisteredCameras,previous,0,0,0,,0.0,Connect Leavenworth,Leavenworth,KS,2026-09-15T23:11:06Z,2026-09-15T23:20:16Z,0.006366,True,False,https://api.fususone.com/api/public/organizations/leavenworthpdks/stats/
leavenworthpdks,totalIntegratedCameras,previous,47,47,0,0.0,0.0,Connect Leavenworth,Leavenworth,KS,2026-09-15T23:11:06Z,2026-09-15T23:20:16Z,0.006366,False,False,https://api.fususone.com/api/public/organizations/leavenworthpdks/stats/
leavenworthpdks,totalOwnedCameras,previous,47,47,0,0.0,0.0,Connect Leavenworth,Leavenworth,KS,2026-09-15T23:11:06Z,2026-09-15T23:20:16Z,0.006366,False,False,https://api.fususone.com/api/public/organizations/leavenworthpdks/stats/
leavenworthpdks,totalSharedCameras,previous,0,0,0,,0.0,Connect Leavenworth,Leavenworth,KS,2026-09-15T23:11:06Z,2026-09-15T23:20:16Z,0.006366,True,False,https://api.fususone.com/api/public/organizations/leavenworthpdks/stats/
leavenworthpdks,totalMaxCameras,previous,0,0,0,,0.0,Connect Leavenworth,Leavenworth,KS,2026-09-15T23:11:06Z,2026-09-15T23:20:16Z,0.006366,True,False,https://api.fususone.com/api/public/organizations/leavenworthpdks/stats/
leavenworthpdks,subscribedCameras,previous,47,47,0,0.0,0.0,Connect Leavenworth,Leavenworth,KS,2026-09-15T23:11:06Z,2026-09-15T23:20:16Z,0.006366,False,False,https://api.fususone.com/api/public/organizations/leavenworthpdks/stats/
lenexapdks,totalRegisteredCameras,previous,0,0,0,,0.0,Connect Lenexa,Lenexa,KS,2026-09-15T23:11:07Z,2026-09-15T23:20:17Z,0.006366,True,False,https://api.fususone.com/api/public/organizations/lenexapdks/stats/
lenexapdks,totalIntegratedCameras,previous,1169,1169,0,0.0,0.0,Connect Lenexa,Lenexa,KS,2026-09-15T23:11:07Z,2026-09-15T23:20:17Z,0.006366,False,False,https://api.fususone.com/api/public/organizations/lenexapdks/stats/
lenexapdks,totalOwnedCameras,previous,334,334,0,0.0,0.0,Connect Lenexa,Lenexa,KS,2026-09-15T23:11:07Z,2026-09-15T23:20:17Z,0.006366,False,False,https://api.fususone.com/api/public/organizations/lenexapdks/stats/
lenexapdks,totalSharedCameras,previous,0,0,0,,0.0,Connect Lenexa,Lenexa,KS,2026-09-15T23:11:07Z,2026-09-15T23:20:17Z,0.006366,True,False,https://api.fususone.com/api/public/organizations/lenexapdks/stats/
lenexapdks,totalMaxCameras,previous,0,0,0,,0.0,Connect Lenexa,Lenexa,KS,2026-09-15T23:11:07Z,2026-09-15T23:20:17Z,0.006366,True,False,https://api.fususone.com/api/public/organizations/lenexapdks/stats/
lenexapdks,subscribedCameras,previous,324,324,0,0.0,0.0,Connect Lenexa,Lenexa,KS,2026-09-15T23:11:07Z,2026-09-15T23:20:17Z,0.006366,False,False,https://api.fususone.com/api/public/organizations/lenexapdks/stats/
lexingtonky,totalRegisteredCameras,previous,2107,2107,0,0.0,0.0,Connect Lexington,Lexington,KY,2026-09-15T23:11:08Z,2026-09-15T23:20:18Z,0.006366,False,False,https://api.fususone.com/api/public/organizations/lexingtonky/stats/
lexingtonky,totalIntegratedCameras,previous,1087,1087,0,0.0,0.0,Connect Lexington,Lexington,KY,2026-09-15T23:11:08Z,2026-09-15T23:20:18Z,0.006366,False,False,https://api.fususone.com/api/public/organizations/lexingtonky/stats/
lexingtonky,totalOwnedCameras,previous,811,811,0,0.0,0.0,Connect Lexington,Lexington,KY,2026-09-15T23:11:08Z,2026-09-15T23:20:18Z,0.006366,False,False,https://api.fususone.com/api/public/organizations/lexingtonky/stats/
lexingtonky,totalSharedCameras,previous,275,275,0,0.0,0.0,Connect Lexington,Lexington,KY,2026-09-15T23:11:08Z,2026-09-15T23:20:18Z,0.006366,False,False,https://api.fususone.com/api/public/organizations/lexingtonky/stats/
lexingtonky,totalMaxCameras,previous,10000,10000,0,0.0,0.0,Connect Lexington,Lexington,KY,2026-09-15T23:11:08Z,2026-09-15T23:20:18Z,0.006366,False,False,https://api.fususone.com/api/public/organizations/lexingtonky/stats/
lexingtonky,subscribedCameras,previous,807,807,0,0.0,0.0,Connect Lexington,Lexington,KY,2026-09-15T23:11:08Z,2026-09-15T23:20:18Z,0.006366,False,False,https://api.fususone.com/api/public/organizations/lexingtonky/stats/
lincolnbrookhaven,totalRegisteredCameras,previous,124,124,0,0.0,0.0,Connect Brookhaven and Lincoln County,Brookhaven and Lincoln County,MS,2026-09-15T23:11:09Z,2026-09-15T23:20:19Z,0.006366,False,False,https://api.fususone.com/api/public/organizations/lincolnbrookhaven/stats/
lincolnbrookhaven,totalIntegratedCameras,previous,181,181,0,0.0,0.0,Connect Brookhaven and Lincoln County,Brookhaven and Lincoln County,MS,2026-09-15T23:11:09Z,2026-09-15T23:20:19Z,0.006366,False,False,https://api.fususone.com/api/public/organizations/lincolnbrookhaven/stats/
lincolnbrookhaven,totalOwnedCameras,previous,181,181,0,0.0,0.0,Connect Brookhaven and Lincoln County,Brookhaven and Lincoln County,MS,2026-09-15T23:11:09Z,2026-09-15T23:20:19Z,0.006366,False,False,https://api.fususone.com/api/public/organizations/lincolnbrookhaven/stats/
lincolnbrookhaven,totalSharedCameras,previous,0,0,0,,0.0,Connect Brookhaven and Lincoln County,Brookhaven and Lincoln County,MS,2026-09-15T23:11:09Z,2026-09-15T23:20:19Z,0.006366,True,False,https://api.fususone.com/api/public/organizations/lincolnbrookhaven/stats/
lincolnbrookhaven,totalMaxCameras,previous,10000,10000,0,0.0,0.0,Connect Brookhaven and Lincoln County,Brookhaven and Lincoln County,MS,2026-09-15T23:11:09Z,2026-09-15T23:20:19Z,0.006366,False,False,https://api.fususone.com/api/public/organizations/lincolnbrookhaven/stats/
lincolnbrookhaven,subscribedCameras,previous,179,179,0,0.0,0.0,Connect Brookhaven and Lincoln County,Brookhaven and Lincoln County,MS,2026-09-15T23:11:09Z,2026-09-15T23:20:19Z,0.006366,False,False,https://api.fususone.com/api/public/organizations/lincolnbrookhaven/stats/
littlerockpd,totalRegisteredCameras,previous,2859,2859,0,0.0,0.0,Connect Little Rock,Little Rock,AR,2026-09-15T23:11:10Z,2026-09-15T23:20:20Z,0.006366,False,False,https://api.fususone.com/api/public/organizations/littlerockpd/stats/
littlerockpd,totalIntegratedCameras,previous,2567,2567,0,0.0,0.0,Connect Little Rock,Little Rock,AR,2026-09-15T23:11:10Z,2026-09-15T23:20:20Z,0.006366,False,False,https://api.fususone.com/api/public/organizations/littlerockpd/stats/
littlerockpd,totalOwnedCameras,previous,1797,1797,0,0.0,0.0,Connect Little Rock,Little Rock,AR,2026-09-15T23:11:10Z,2026-09-15T23:20:20Z,0.006366,False,False,https://api.fususone.com/api/public/organizations/littlerockpd/stats/
littlerockpd,totalSharedCameras,previous,542,542,0,0.0,0.0,Connect Little Rock,Little Rock,AR,2026-09-15T23:11:10Z,2026-09-15T23:20:20Z,0.006366,False,False,https://api.fususone.com/api/public/organizations/littlerockpd/stats/
littlerockpd,totalMaxCameras,previous,1500,1500,0,0.0,0.0,Connect Little Rock,Little Rock,AR,2026-09-15T23:11:10Z,2026-09-15T23:20:20Z,0.006366,False,False,https://api.fususone.com/api/public/organizations/littlerockpd/stats/
littlerockpd,subscribedCameras,previous,1904,1904,0,0.0,0.0,Connect Little Rock,Little Rock,AR,2026-09-15T23:11:10Z,2026-09-15T23:20:20Z,0.006366,False,False,https://api.fususone.com/api/public/organizations/littlerockpd/stats/
losgatospdca,totalRegisteredCameras,previous,0,0,0,,0.0,Community Protecht,Los Gatos,CA,2026-09-15T23:11:11Z,2026-09-15T23:20:21Z,0.006366,True,False,https://api.fususone.com/api/public/organizations/losgatospdca/stats/
losgatospdca,totalIntegratedCameras,previous,38,38,0,0.0,0.0,Community Protecht,Los Gatos,CA,2026-09-15T23:11:11Z,2026-09-15T23:20:21Z,0.006366,False,False,https://api.fususone.com/api/public/organizations/losgatospdca/stats/
losgatospdca,totalOwnedCameras,previous,38,38,0,0.0,0.0,Community Protecht,Los Gatos,CA,2026-09-15T23:11:11Z,2026-09-15T23:20:21Z,0.006366,False,False,https://api.fususone.com/api/public/organizations/losgatospdca/stats/
losgatospdca,totalSharedCameras,previous,0,0,0,,0.0,Community Protecht,Los Gatos,CA,2026-09-15T23:11:11Z,2026-09-15T23:20:21Z,0.006366,True,False,https://api.fususone.com/api/public/organizations/losgatospdca/stats/
losgatospdca,totalMaxCameras,previous,0,0,0,,0.0,Community Protecht,Los Gatos,CA,2026-09-15T23:11:11Z,2026-09-15T23:20:21Z,0.006366,True,False,https://api.fususone.com/api/public/organizations/losgatospdca/stats/
losgatospdca,subscribedCameras,previous,33,33,0,0.0,0.0,Community Protecht,Los Gatos,CA,2026-09-15T23:11:11Z,2026-09-15T23:20:21Z,0.006366,False,False,https://api.fususone.com/api/public/organizations/losgatospdca/stats/
louisvillemetro,totalRegisteredCameras,previous,1021,1021,0,0.0,0.0,Connect Louisville,Louisville,KY,2026-09-15T23:11:12Z,2026-09-15T23:20:22Z,0.006366,False,False,https://api.fususone.com/api/public/organizations/louisvillemetro/stats/
louisvillemetro,totalIntegratedCameras,previous,1733,1733,0,0.0,0.0,Connect Louisville,Louisville,KY,2026-09-15T23:11:12Z,2026-09-15T23:20:22Z,0.006366,False,False,https://api.fususone.com/api/public/organizations/louisvillemetro/stats/
louisvillemetro,totalOwnedCameras,previous,1490,1490,0,0.0,0.0,Connect Louisville,Louisville,KY,2026-09-15T23:11:12Z,2026-09-15T23:20:22Z,0.006366,False,False,https://api.fususone.com/api/public/organizations/louisvillemetro/stats/
louisvillemetro,totalSharedCameras,previous,240,240,0,0.0,0.0,Connect Louisville,Louisville,KY,2026-09-15T23:11:12Z,2026-09-15T23:20:22Z,0.006366,False,False,https://api.fususone.com/api/public/organizations/louisvillemetro/stats/
louisvillemetro,totalMaxCameras,previous,1500,1500,0,0.0,0.0,Connect Louisville,Louisville,KY,2026-09-15T23:11:12Z,2026-09-15T23:20:22Z,0.006366,False,False,https://api.fususone.com/api/public/organizations/louisvillemetro/stats/
louisvillemetro,subscribedCameras,previous,1446,1446,0,0.0,0.0,Connect Louisville,Louisville,KY,2026-09-15T23:11:12Z,2026-09-15T23:20:22Z,0.006366,False,False,https://api.fususone.com/api/public/organizations/louisvillemetro/stats/
lynchburgpd,totalRegisteredCameras,previous,1388,1388,0,0.0,0.0,Hill City Connect,Lynchburg,VA,2026-09-15T23:11:13Z,2026-09-15T23:20:23Z,0.006366,False,False,https://api.fususone.com/api/public/organizations/lynchburgpd/stats/
lynchburgpd,totalIntegratedCameras,previous,716,716,0,0.0,0.0,Hill City Connect,Lynchburg,VA,2026-09-15T23:11:13Z,2026-09-15T23:20:23Z,0.006366,False,False,https://api.fususone.com/api/public/organizations/lynchburgpd/stats/
lynchburgpd,totalOwnedCameras,previous,716,716,0,0.0,0.0,Hill City Connect,Lynchburg,VA,2026-09-15T23:11:13Z,2026-09-15T23:20:23Z,0.006366,False,False,https://api.fususone.com/api/public/organizations/lynchburgpd/stats/
lynchburgpd,totalSharedCameras,previous,0,0,0,,0.0,Hill City Connect,Lynchburg,VA,2026-09-15T23:11:13Z,2026-09-15T23:20:23Z,0.006366,True,False,https://api.fususone.com/api/public/organizations/lynchburgpd/stats/
lynchburgpd,totalMaxCameras,previous,1500,1500,0,0.0,0.0,Hill City Connect,Lynchburg,VA,2026-09-15T23:11:13Z,2026-09-15T23:20:23Z,0.006366,False,False,https://api.fususone.com/api/public/organizations/lynchburgpd/stats/
lynchburgpd,subscribedCameras,previous,708,708,0,0.0,0.0,Hill City Connect,Lynchburg,VA,2026-09-15T23:11:13Z,2026-09-15T23:20:23Z,0.006366,False,False,https://api.fususone.com/api/public/organizations/lynchburgpd/stats/
madisonthecity,totalRegisteredCameras,previous,33,33,0,0.0,0.0,Connect Madison,Madison,MS,2026-09-15T23:11:14Z,2026-09-15T23:20:24Z,0.006366,False,False,https://api.fususone.com/api/public/organizations/madisonthecity/stats/
madisonthecity,totalIntegratedCameras,previous,170,170,0,0.0,0.0,Connect Madison,Madison,MS,2026-09-15T23:11:14Z,2026-09-15T23:20:24Z,0.006366,False,False,https://api.fususone.com/api/public/organizations/madisonthecity/stats/
madisonthecity,totalOwnedCameras,previous,85,85,0,0.0,0.0,Connect Madison,Madison,MS,2026-09-15T23:11:14Z,2026-09-15T23:20:24Z,0.006366,False,False,https://api.fususone.com/api/public/organizations/madisonthecity/stats/
madisonthecity,totalSharedCameras,previous,0,0,0,,0.0,Connect Madison,Madison,MS,2026-09-15T23:11:14Z,2026-09-15T23:20:24Z,0.006366,True,False,https://api.fususone.com/api/public/organizations/madisonthecity/stats/
madisonthecity,totalMaxCameras,previous,1500,1500,0,0.0,0.0,Connect Madison,Madison,MS,2026-09-15T23:11:14Z,2026-09-15T23:20:24Z,0.006366,False,False,https://api.fususone.com/api/public/organizations/madisonthecity/stats/
madisonthecity,subscribedCameras,previous,62,62,0,0.0,0.0,Connect Madison,Madison,MS,2026-09-15T23:11:14Z,2026-09-15T23:20:24Z,0.006366,False,False,https://api.fususone.com/api/public/organizations/madisonthecity/stats/
manassaspdva,totalRegisteredCameras,previous,0,0,0,,0.0,Connect Manassas City,Manassas City,VA,2026-09-15T23:11:15Z,2026-09-15T23:20:25Z,0.006366,True,False,https://api.fususone.com/api/public/organizations/manassaspdva/stats/
manassaspdva,totalIntegratedCameras,previous,451,451,0,0.0,0.0,Connect Manassas City,Manassas City,VA,2026-09-15T23:11:15Z,2026-09-15T23:20:25Z,0.006366,False,False,https://api.fususone.com/api/public/organizations/manassaspdva/stats/
manassaspdva,totalOwnedCameras,previous,48,48,0,0.0,0.0,Connect Manassas City,Manassas City,VA,2026-09-15T23:11:15Z,2026-09-15T23:20:25Z,0.006366,False,False,https://api.fususone.com/api/public/organizations/manassaspdva/stats/
manassaspdva,totalSharedCameras,previous,403,403,0,0.0,0.0,Connect Manassas City,Manassas City,VA,2026-09-15T23:11:15Z,2026-09-15T23:20:25Z,0.006366,False,False,https://api.fususone.com/api/public/organizations/manassaspdva/stats/
manassaspdva,totalMaxCameras,previous,0,0,0,,0.0,Connect Manassas City,Manassas City,VA,2026-09-15T23:11:15Z,2026-09-15T23:20:25Z,0.006366,True,False,https://api.fususone.com/api/public/organizations/manassaspdva/stats/
manassaspdva,subscribedCameras,previous,48,48,0,0.0,0.0,Connect Manassas City,Manassas City,VA,2026-09-15T23:11:15Z,2026-09-15T23:20:25Z,0.006366,False,False,https://api.fususone.com/api/public/organizations/manassaspdva/stats/
manhattanbeach,totalRegisteredCameras,previous,7,7,0,0.0,0.0,Connect Manhattan Beach,Manhattan Beach,CA,2026-09-15T23:11:16Z,2026-09-15T23:20:26Z,0.006366,False,False,https://api.fususone.com/api/public/organizations/manhattanbeach/stats/
manhattanbeach,totalIntegratedCameras,previous,2881,2881,0,0.0,0.0,Connect Manhattan Beach,Manhattan Beach,CA,2026-09-15T23:11:16Z,2026-09-15T23:20:26Z,0.006366,False,False,https://api.fususone.com/api/public/organizations/manhattanbeach/stats/
manhattanbeach,totalOwnedCameras,previous,167,167,0,0.0,0.0,Connect Manhattan Beach,Manhattan Beach,CA,2026-09-15T23:11:16Z,2026-09-15T23:20:26Z,0.006366,False,False,https://api.fususone.com/api/public/organizations/manhattanbeach/stats/
manhattanbeach,totalSharedCameras,previous,2714,2714,0,0.0,0.0,Connect Manhattan Beach,Manhattan Beach,CA,2026-09-15T23:11:16Z,2026-09-15T23:20:26Z,0.006366,False,False,https://api.fususone.com/api/public/organizations/manhattanbeach/stats/
manhattanbeach,totalMaxCameras,previous,10000,10000,0,0.0,0.0,Connect Manhattan Beach,Manhattan Beach,CA,2026-09-15T23:11:16Z,2026-09-15T23:20:26Z,0.006366,False,False,https://api.fususone.com/api/public/organizations/manhattanbeach/stats/
manhattanbeach,subscribedCameras,previous,164,164,0,0.0,0.0,Connect Manhattan Beach,Manhattan Beach,CA,2026-09-15T23:11:16Z,2026-09-15T23:20:26Z,0.006366,False,False,https://api.fususone.com/api/public/organizations/manhattanbeach/stats/
manheimtwp,totalRegisteredCameras,previous,0,0,0,,0.0,Connect Manheim Township,Manheim Township,PA,2026-09-15T23:11:17Z,2026-09-15T23:20:27Z,0.006366,True,False,https://api.fususone.com/api/public/organizations/manheimtwp/stats/
manheimtwp,totalIntegratedCameras,previous,30,30,0,0.0,0.0,Connect Manheim Township,Manheim Township,PA,2026-09-15T23:11:17Z,2026-09-15T23:20:27Z,0.006366,False,False,https://api.fususone.com/api/public/organizations/manheimtwp/stats/
manheimtwp,totalOwnedCameras,previous,30,30,0,0.0,0.0,Connect Manheim Township,Manheim Township,PA,2026-09-15T23:11:17Z,2026-09-15T23:20:27Z,0.006366,False,False,https://api.fususone.com/api/public/organizations/manheimtwp/stats/
manheimtwp,totalSharedCameras,previous,0,0,0,,0.0,Connect Manheim Township,Manheim Township,PA,2026-09-15T23:11:17Z,2026-09-15T23:20:27Z,0.006366,True,False,https://api.fususone.com/api/public/organizations/manheimtwp/stats/
manheimtwp,totalMaxCameras,previous,0,0,0,,0.0,Connect Manheim Township,Manheim Township,PA,2026-09-15T23:11:17Z,2026-09-15T23:20:27Z,0.006366,True,False,https://api.fususone.com/api/public/organizations/manheimtwp/stats/
manheimtwp,subscribedCameras,previous,27,27,0,0.0,0.0,Connect Manheim Township,Manheim Township,PA,2026-09-15T23:11:17Z,2026-09-15T23:20:27Z,0.006366,False,False,https://api.fususone.com/api/public/organizations/manheimtwp/stats/
martincountyso,totalRegisteredCameras,previous,1143,1143,0,0.0,0.0,Connect Martin County,Martin County,FL,2026-09-15T23:11:18Z,2026-09-15T23:20:28Z,0.006366,False,False,https://api.fususone.com/api/public/organizations/martincountyso/stats/
martincountyso,totalIntegratedCameras,previous,6030,6030,0,0.0,0.0,Connect Martin County,Martin County,FL,2026-09-15T23:11:18Z,2026-09-15T23:20:28Z,0.006366,False,False,https://api.fususone.com/api/public/organizations/martincountyso/stats/
martincountyso,totalOwnedCameras,previous,585,585,0,0.0,0.0,Connect Martin County,Martin County,FL,2026-09-15T23:11:18Z,2026-09-15T23:20:28Z,0.006366,False,False,https://api.fususone.com/api/public/organizations/martincountyso/stats/
martincountyso,totalSharedCameras,previous,5179,5179,0,0.0,0.0,Connect Martin County,Martin County,FL,2026-09-15T23:11:18Z,2026-09-15T23:20:28Z,0.006366,False,False,https://api.fususone.com/api/public/organizations/martincountyso/stats/
martincountyso,totalMaxCameras,previous,1500,1500,0,0.0,0.0,Connect Martin County,Martin County,FL,2026-09-15T23:11:18Z,2026-09-15T23:20:28Z,0.006366,False,False,https://api.fususone.com/api/public/organizations/martincountyso/stats/
martincountyso,subscribedCameras,previous,504,504,0,0.0,0.0,Connect Martin County,Martin County,FL,2026-09-15T23:11:18Z,2026-09-15T23:20:28Z,0.006366,False,False,https://api.fususone.com/api/public/organizations/martincountyso/stats/
mcpdmd,totalRegisteredCameras,previous,2252,2252,0,0.0,0.0,MoCoConnect,Montgomery County,MD,2026-09-15T23:11:19Z,2026-09-15T23:20:29Z,0.006366,False,False,https://api.fususone.com/api/public/organizations/mcpdmd/stats/
mcpdmd,totalIntegratedCameras,previous,1999,1999,0,0.0,0.0,MoCoConnect,Montgomery County,MD,2026-09-15T23:11:19Z,2026-09-15T23:20:29Z,0.006366,False,False,https://api.fususone.com/api/public/organizations/mcpdmd/stats/
mcpdmd,totalOwnedCameras,previous,1200,1200,0,0.0,0.0,MoCoConnect,Montgomery County,MD,2026-09-15T23:11:19Z,2026-09-15T23:20:29Z,0.006366,False,False,https://api.fususone.com/api/public/organizations/mcpdmd/stats/
mcpdmd,totalSharedCameras,previous,595,595,0,0.0,0.0,MoCoConnect,Montgomery County,MD,2026-09-15T23:11:19Z,2026-09-15T23:20:29Z,0.006366,False,False,https://api.fususone.com/api/public/organizations/mcpdmd/stats/
mcpdmd,totalMaxCameras,previous,10000,10000,0,0.0,0.0,MoCoConnect,Montgomery County,MD,2026-09-15T23:11:19Z,2026-09-15T23:20:29Z,0.006366,False,False,https://api.fususone.com/api/public/organizations/mcpdmd/stats/
mcpdmd,subscribedCameras,previous,1150,1150,0,0.0,0.0,MoCoConnect,Montgomery County,MD,2026-09-15T23:11:19Z,2026-09-15T23:20:29Z,0.006366,False,False,https://api.fususone.com/api/public/organizations/mcpdmd/stats/
mcso-tn,totalRegisteredCameras,previous,0,0,0,,0.0,Connect Madison County,Madison County,TN,2026-09-15T23:11:20Z,2026-09-15T23:20:30Z,0.006366,True,False,https://api.fususone.com/api/public/organizations/mcso-tn/stats/
mcso-tn,totalIntegratedCameras,previous,621,621,0,0.0,0.0,Connect Madison County,Madison County,TN,2026-09-15T23:11:20Z,2026-09-15T23:20:30Z,0.006366,False,False,https://api.fususone.com/api/public/organizations/mcso-tn/stats/
mcso-tn,totalOwnedCameras,previous,365,365,0,0.0,0.0,Connect Madison County,Madison County,TN,2026-09-15T23:11:20Z,2026-09-15T23:20:30Z,0.006366,False,False,https://api.fususone.com/api/public/organizations/mcso-tn/stats/
mcso-tn,totalSharedCameras,previous,0,0,0,,0.0,Connect Madison County,Madison County,TN,2026-09-15T23:11:20Z,2026-09-15T23:20:30Z,0.006366,True,False,https://api.fususone.com/api/public/organizations/mcso-tn/stats/
mcso-tn,totalMaxCameras,previous,150,150,0,0.0,0.0,Connect Madison County,Madison County,TN,2026-09-15T23:11:20Z,2026-09-15T23:20:30Z,0.006366,False,False,https://api.fususone.com/api/public/organizations/mcso-tn/stats/
mcso-tn,subscribedCameras,previous,365,365,0,0.0,0.0,Connect Madison County,Madison County,TN,2026-09-15T23:11:20Z,2026-09-15T23:20:30Z,0.006366,False,False,https://api.fususone.com/api/public/organizations/mcso-tn/stats/
melroseparkpdil,totalRegisteredCameras,previous,32,32,0,0.0,0.0,Connect Melrose Park,Melrose Park,IL,2026-09-15T23:11:21Z,2026-09-15T23:20:31Z,0.006366,False,False,https://api.fususone.com/api/public/organizations/melroseparkpdil/stats/
melroseparkpdil,totalIntegratedCameras,previous,231,231,0,0.0,0.0,Connect Melrose Park,Melrose Park,IL,2026-09-15T23:11:21Z,2026-09-15T23:20:31Z,0.006366,False,False,https://api.fususone.com/api/public/organizations/melroseparkpdil/stats/
melroseparkpdil,totalOwnedCameras,previous,196,196,0,0.0,0.0,Connect Melrose Park,Melrose Park,IL,2026-09-15T23:11:21Z,2026-09-15T23:20:31Z,0.006366,False,False,https://api.fususone.com/api/public/organizations/melroseparkpdil/stats/
melroseparkpdil,totalSharedCameras,previous,35,35,0,0.0,0.0,Connect Melrose Park,Melrose Park,IL,2026-09-15T23:11:21Z,2026-09-15T23:20:31Z,0.006366,False,False,https://api.fususone.com/api/public/organizations/melroseparkpdil/stats/
melroseparkpdil,totalMaxCameras,previous,0,0,0,,0.0,Connect Melrose Park,Melrose Park,IL,2026-09-15T23:11:21Z,2026-09-15T23:20:31Z,0.006366,True,False,https://api.fususone.com/api/public/organizations/melroseparkpdil/stats/
melroseparkpdil,subscribedCameras,previous,192,192,0,0.0,0.0,Connect Melrose Park,Melrose Park,IL,2026-09-15T23:11:21Z,2026-09-15T23:20:31Z,0.006366,False,False,https://api.fususone.com/api/public/organizations/melroseparkpdil/stats/
memphispd,totalRegisteredCameras,previous,14121,14121,0,0.0,0.0,Connect Memphis,Memphis,TN,2026-09-15T23:11:22Z,2026-09-15T23:20:32Z,0.006366,False,False,https://api.fususone.com/api/public/organizations/memphispd/stats/
memphispd,totalIntegratedCameras,previous,3079,3079,0,0.0,0.0,Connect Memphis,Memphis,TN,2026-09-15T23:11:22Z,2026-09-15T23:20:32Z,0.006366,False,False,https://api.fususone.com/api/public/organizations/memphispd/stats/
memphispd,totalOwnedCameras,previous,2256,2256,0,0.0,0.0,Connect Memphis,Memphis,TN,2026-09-15T23:11:22Z,2026-09-15T23:20:32Z,0.006366,False,False,https://api.fususone.com/api/public/organizations/memphispd/stats/
memphispd,totalSharedCameras,previous,665,665,0,0.0,0.0,Connect Memphis,Memphis,TN,2026-09-15T23:11:22Z,2026-09-15T23:20:32Z,0.006366,False,False,https://api.fususone.com/api/public/organizations/memphispd/stats/
memphispd,totalMaxCameras,previous,2750,2750,0,0.0,0.0,Connect Memphis,Memphis,TN,2026-09-15T23:11:22Z,2026-09-15T23:20:32Z,0.006366,False,False,https://api.fususone.com/api/public/organizations/memphispd/stats/
memphispd,subscribedCameras,previous,2112,2112,0,0.0,0.0,Connect Memphis,Memphis,TN,2026-09-15T23:11:22Z,2026-09-15T23:20:32Z,0.006366,False,False,https://api.fususone.com/api/public/organizations/memphispd/stats/
mercedpdca,totalRegisteredCameras,previous,423,423,0,0.0,0.0,Merced Community Camera Program,Merced,CA,2026-09-15T23:11:23Z,2026-09-15T23:20:33Z,0.006366,False,False,https://api.fususone.com/api/public/organizations/mercedpdca/stats/
mercedpdca,totalIntegratedCameras,previous,105,105,0,0.0,0.0,Merced Community Camera Program,Merced,CA,2026-09-15T23:11:23Z,2026-09-15T23:20:33Z,0.006366,False,False,https://api.fususone.com/api/public/organizations/mercedpdca/stats/
mercedpdca,totalOwnedCameras,previous,105,105,0,0.0,0.0,Merced Community Camera Program,Merced,CA,2026-09-15T23:11:23Z,2026-09-15T23:20:33Z,0.006366,False,False,https://api.fususone.com/api/public/organizations/mercedpdca/stats/
mercedpdca,totalSharedCameras,previous,0,0,0,,0.0,Merced Community Camera Program,Merced,CA,2026-09-15T23:11:23Z,2026-09-15T23:20:33Z,0.006366,True,False,https://api.fususone.com/api/public/organizations/mercedpdca/stats/
mercedpdca,totalMaxCameras,previous,0,0,0,,0.0,Merced Community Camera Program,Merced,CA,2026-09-15T23:11:23Z,2026-09-15T23:20:33Z,0.006366,True,False,https://api.fususone.com/api/public/organizations/mercedpdca/stats/
mercedpdca,subscribedCameras,previous,105,105,0,0.0,0.0,Merced Community Camera Program,Merced,CA,2026-09-15T23:11:23Z,2026-09-15T23:20:33Z,0.006366,False,False,https://api.fususone.com/api/public/organizations/mercedpdca/stats/
meridianpdms,totalRegisteredCameras,previous,0,0,0,,0.0,Connect Meridian,Meridian,MS,2026-09-15T23:11:24Z,2026-09-15T23:20:34Z,0.006366,True,False,https://api.fususone.com/api/public/organizations/meridianpdms/stats/
meridianpdms,totalIntegratedCameras,previous,303,303,0,0.0,0.0,Connect Meridian,Meridian,MS,2026-09-15T23:11:24Z,2026-09-15T23:20:34Z,0.006366,False,False,https://api.fususone.com/api/public/organizations/meridianpdms/stats/
meridianpdms,totalOwnedCameras,previous,303,303,0,0.0,0.0,Connect Meridian,Meridian,MS,2026-09-15T23:11:24Z,2026-09-15T23:20:34Z,0.006366,False,False,https://api.fususone.com/api/public/organizations/meridianpdms/stats/
meridianpdms,totalSharedCameras,previous,0,0,0,,0.0,Connect Meridian,Meridian,MS,2026-09-15T23:11:24Z,2026-09-15T23:20:34Z,0.006366,True,False,https://api.fususone.com/api/public/organizations/meridianpdms/stats/
meridianpdms,totalMaxCameras,previous,10000,10000,0,0.0,0.0,Connect Meridian,Meridian,MS,2026-09-15T23:11:24Z,2026-09-15T23:20:34Z,0.006366,False,False,https://api.fususone.com/api/public/organizations/meridianpdms/stats/
meridianpdms,subscribedCameras,previous,303,303,0,0.0,0.0,Connect Meridian,Meridian,MS,2026-09-15T23:11:24Z,2026-09-15T23:20:34Z,0.006366,False,False,https://api.fususone.com/api/public/organizations/meridianpdms/stats/
miamibeachpdfl,totalRegisteredCameras,previous,0,0,0,,0.0,Connect Miami Beach,Miami Beach,FL,2026-09-15T23:11:25Z,2026-09-15T23:20:35Z,0.006366,True,False,https://api.fususone.com/api/public/organizations/miamibeachpdfl/stats/
miamibeachpdfl,totalIntegratedCameras,previous,525,525,0,0.0,0.0,Connect Miami Beach,Miami Beach,FL,2026-09-15T23:11:25Z,2026-09-15T23:20:35Z,0.006366,False,False,https://api.fususone.com/api/public/organizations/miamibeachpdfl/stats/
miamibeachpdfl,totalOwnedCameras,previous,525,525,0,0.0,0.0,Connect Miami Beach,Miami Beach,FL,2026-09-15T23:11:25Z,2026-09-15T23:20:35Z,0.006366,False,False,https://api.fususone.com/api/public/organizations/miamibeachpdfl/stats/
miamibeachpdfl,totalSharedCameras,previous,0,0,0,,0.0,Connect Miami Beach,Miami Beach,FL,2026-09-15T23:11:25Z,2026-09-15T23:20:35Z,0.006366,True,False,https://api.fususone.com/api/public/organizations/miamibeachpdfl/stats/
miamibeachpdfl,totalMaxCameras,previous,0,0,0,,0.0,Connect Miami Beach,Miami Beach,FL,2026-09-15T23:11:25Z,2026-09-15T23:20:35Z,0.006366,True,False,https://api.fususone.com/api/public/organizations/miamibeachpdfl/stats/
miamibeachpdfl,subscribedCameras,previous,480,480,0,0.0,0.0,Connect Miami Beach,Miami Beach,FL,2026-09-15T23:11:25Z,2026-09-15T23:20:35Z,0.006366,False,False,https://api.fususone.com/api/public/organizations/miamibeachpdfl/stats/
miamidadepd,totalRegisteredCameras,previous,1249,1249,0,0.0,0.0,Connect Miami-Dade,Miami-Dade,FL,2026-09-15T23:11:26Z,2026-09-15T23:20:36Z,0.006366,False,False,https://api.fususone.com/api/public/organizations/miamidadepd/stats/
miamidadepd,totalIntegratedCameras,previous,1799,1799,0,0.0,0.0,Connect Miami-Dade,Miami-Dade,FL,2026-09-15T23:11:26Z,2026-09-15T23:20:36Z,0.006366,False,False,https://api.fususone.com/api/public/organizations/miamidadepd/stats/
miamidadepd,totalOwnedCameras,previous,767,767,0,0.0,0.0,Connect Miami-Dade,Miami-Dade,FL,2026-09-15T23:11:26Z,2026-09-15T23:20:36Z,0.006366,False,False,https://api.fususone.com/api/public/organizations/miamidadepd/stats/
miamidadepd,totalSharedCameras,previous,299,299,0,0.0,0.0,Connect Miami-Dade,Miami-Dade,FL,2026-09-15T23:11:26Z,2026-09-15T23:20:36Z,0.006366,False,False,https://api.fususone.com/api/public/organizations/miamidadepd/stats/
miamidadepd,totalMaxCameras,previous,5000,5000,0,0.0,0.0,Connect Miami-Dade,Miami-Dade,FL,2026-09-15T23:11:26Z,2026-09-15T23:20:36Z,0.006366,False,False,https://api.fususone.com/api/public/organizations/miamidadepd/stats/
miamidadepd,subscribedCameras,previous,694,694,0,0.0,0.0,Connect Miami-Dade,Miami-Dade,FL,2026-09-15T23:11:26Z,2026-09-15T23:20:36Z,0.006366,False,False,https://api.fususone.com/api/public/organizations/miamidadepd/stats/
milwaukeepd,totalRegisteredCameras,previous,1552,1552,0,0.0,0.0,Community Connect Milwaukee,Milwaukee,WI,2026-09-15T23:11:27Z,2026-09-15T23:20:37Z,0.006366,False,False,https://api.fususone.com/api/public/organizations/milwaukeepd/stats/
milwaukeepd,totalIntegratedCameras,previous,1225,1225,0,0.0,0.0,Community Connect Milwaukee,Milwaukee,WI,2026-09-15T23:11:27Z,2026-09-15T23:20:37Z,0.006366,False,False,https://api.fususone.com/api/public/organizations/milwaukeepd/stats/
milwaukeepd,totalOwnedCameras,previous,1014,1014,0,0.0,0.0,Community Connect Milwaukee,Milwaukee,WI,2026-09-15T23:11:27Z,2026-09-15T23:20:37Z,0.006366,False,False,https://api.fususone.com/api/public/organizations/milwaukeepd/stats/
milwaukeepd,totalSharedCameras,previous,211,211,0,0.0,0.0,Community Connect Milwaukee,Milwaukee,WI,2026-09-15T23:11:27Z,2026-09-15T23:20:37Z,0.006366,False,False,https://api.fususone.com/api/public/organizations/milwaukeepd/stats/
milwaukeepd,totalMaxCameras,previous,1500,1500,0,0.0,0.0,Community Connect Milwaukee,Milwaukee,WI,2026-09-15T23:11:27Z,2026-09-15T23:20:37Z,0.006366,False,False,https://api.fususone.com/api/public/organizations/milwaukeepd/stats/
milwaukeepd,subscribedCameras,previous,985,985,0,0.0,0.0,Community Connect Milwaukee,Milwaukee,WI,2026-09-15T23:11:27Z,2026-09-15T23:20:37Z,0.006366,False,False,https://api.fususone.com/api/public/organizations/milwaukeepd/stats/
minnetonkapdmn,totalRegisteredCameras,previous,692,692,0,0.0,0.0,Keep Minnetonka Safe,Minnetonka,MN,2026-09-15T23:11:28Z,2026-09-15T23:20:38Z,0.006366,False,False,https://api.fususone.com/api/public/organizations/minnetonkapdmn/stats/
minnetonkapdmn,totalIntegratedCameras,previous,1895,1895,0,0.0,0.0,Keep Minnetonka Safe,Minnetonka,MN,2026-09-15T23:11:28Z,2026-09-15T23:20:38Z,0.006366,False,False,https://api.fususone.com/api/public/organizations/minnetonkapdmn/stats/
minnetonkapdmn,totalOwnedCameras,previous,660,660,0,0.0,0.0,Keep Minnetonka Safe,Minnetonka,MN,2026-09-15T23:11:28Z,2026-09-15T23:20:38Z,0.006366,False,False,https://api.fususone.com/api/public/organizations/minnetonkapdmn/stats/
minnetonkapdmn,totalSharedCameras,previous,1235,1235,0,0.0,0.0,Keep Minnetonka Safe,Minnetonka,MN,2026-09-15T23:11:28Z,2026-09-15T23:20:38Z,0.006366,False,False,https://api.fususone.com/api/public/organizations/minnetonkapdmn/stats/
minnetonkapdmn,totalMaxCameras,previous,1500,1500,0,0.0,0.0,Keep Minnetonka Safe,Minnetonka,MN,2026-09-15T23:11:28Z,2026-09-15T23:20:38Z,0.006366,False,False,https://api.fususone.com/api/public/organizations/minnetonkapdmn/stats/
minnetonkapdmn,subscribedCameras,previous,644,644,0,0.0,0.0,Keep Minnetonka Safe,Minnetonka,MN,2026-09-15T23:11:28Z,2026-09-15T23:20:38Z,0.006366,False,False,https://api.fususone.com/api/public/organizations/minnetonkapdmn/stats/
missoulapdmt,totalRegisteredCameras,previous,99,99,0,0.0,0.0,Connect Missoula,Missoula,MT,2026-09-15T23:11:29Z,2026-09-15T23:20:39Z,0.006366,False,False,https://api.fususone.com/api/public/organizations/missoulapdmt/stats/
missoulapdmt,totalIntegratedCameras,previous,25,25,0,0.0,0.0,Connect Missoula,Missoula,MT,2026-09-15T23:11:29Z,2026-09-15T23:20:39Z,0.006366,False,False,https://api.fususone.com/api/public/organizations/missoulapdmt/stats/
missoulapdmt,totalOwnedCameras,previous,25,25,0,0.0,0.0,Connect Missoula,Missoula,MT,2026-09-15T23:11:29Z,2026-09-15T23:20:39Z,0.006366,False,False,https://api.fususone.com/api/public/organizations/missoulapdmt/stats/
missoulapdmt,totalSharedCameras,previous,0,0,0,,0.0,Connect Missoula,Missoula,MT,2026-09-15T23:11:29Z,2026-09-15T23:20:39Z,0.006366,True,False,https://api.fususone.com/api/public/organizations/missoulapdmt/stats/
missoulapdmt,totalMaxCameras,previous,0,0,0,,0.0,Connect Missoula,Missoula,MT,2026-09-15T23:11:29Z,2026-09-15T23:20:39Z,0.006366,True,False,https://api.fususone.com/api/public/organizations/missoulapdmt/stats/
missoulapdmt,subscribedCameras,previous,25,25,0,0.0,0.0,Connect Missoula,Missoula,MT,2026-09-15T23:11:29Z,2026-09-15T23:20:39Z,0.006366,False,False,https://api.fususone.com/api/public/organizations/missoulapdmt/stats/
mobilepdal,totalRegisteredCameras,previous,0,0,0,,0.0,Connect Mobile,Mobile,AL,2026-09-15T23:11:30Z,2026-09-15T23:20:40Z,0.006366,True,False,https://api.fususone.com/api/public/organizations/mobilepdal/stats/
mobilepdal,totalIntegratedCameras,previous,259,259,0,0.0,0.0,Connect Mobile,Mobile,AL,2026-09-15T23:11:30Z,2026-09-15T23:20:40Z,0.006366,False,False,https://api.fususone.com/api/public/organizations/mobilepdal/stats/
mobilepdal,totalOwnedCameras,previous,259,259,0,0.0,0.0,Connect Mobile,Mobile,AL,2026-09-15T23:11:30Z,2026-09-15T23:20:40Z,0.006366,False,False,https://api.fususone.com/api/public/organizations/mobilepdal/stats/
mobilepdal,totalSharedCameras,previous,0,0,0,,0.0,Connect Mobile,Mobile,AL,2026-09-15T23:11:30Z,2026-09-15T23:20:40Z,0.006366,True,False,https://api.fususone.com/api/public/organizations/mobilepdal/stats/
mobilepdal,totalMaxCameras,previous,0,0,0,,0.0,Connect Mobile,Mobile,AL,2026-09-15T23:11:30Z,2026-09-15T23:20:40Z,0.006366,True,False,https://api.fususone.com/api/public/organizations/mobilepdal/stats/
mobilepdal,subscribedCameras,previous,259,259,0,0.0,0.0,Connect Mobile,Mobile,AL,2026-09-15T23:11:30Z,2026-09-15T23:20:40Z,0.006366,False,False,https://api.fususone.com/api/public/organizations/mobilepdal/stats/
modestopd,totalRegisteredCameras,previous,89,89,0,0.0,0.0,Connect Modesto,Modesto,CA,2026-09-15T23:11:31Z,2026-09-15T23:20:41Z,0.006366,False,False,https://api.fususone.com/api/public/organizations/modestopd/stats/
modestopd,totalIntegratedCameras,previous,424,424,0,0.0,0.0,Connect Modesto,Modesto,CA,2026-09-15T23:11:31Z,2026-09-15T23:20:41Z,0.006366,False,False,https://api.fususone.com/api/public/organizations/modestopd/stats/
modestopd,totalOwnedCameras,previous,408,408,0,0.0,0.0,Connect Modesto,Modesto,CA,2026-09-15T23:11:31Z,2026-09-15T23:20:41Z,0.006366,False,False,https://api.fususone.com/api/public/organizations/modestopd/stats/
modestopd,totalSharedCameras,previous,16,16,0,0.0,0.0,Connect Modesto,Modesto,CA,2026-09-15T23:11:31Z,2026-09-15T23:20:41Z,0.006366,False,False,https://api.fususone.com/api/public/organizations/modestopd/stats/
modestopd,totalMaxCameras,previous,1500,1500,0,0.0,0.0,Connect Modesto,Modesto,CA,2026-09-15T23:11:31Z,2026-09-15T23:20:41Z,0.006366,False,False,https://api.fususone.com/api/public/organizations/modestopd/stats/
modestopd,subscribedCameras,previous,392,392,0,0.0,0.0,Connect Modesto,Modesto,CA,2026-09-15T23:11:31Z,2026-09-15T23:20:41Z,0.006366,False,False,https://api.fususone.com/api/public/organizations/modestopd/stats/
monmouthcounty,totalRegisteredCameras,previous,53,53,0,0.0,0.0,Connect Monmouth County,Monmouth County,NJ,2026-09-15T23:11:32Z,2026-09-15T23:20:42Z,0.006366,False,False,https://api.fususone.com/api/public/organizations/monmouthcounty/stats/
monmouthcounty,totalIntegratedCameras,previous,1810,1810,0,0.0,0.0,Connect Monmouth County,Monmouth County,NJ,2026-09-15T23:11:32Z,2026-09-15T23:20:42Z,0.006366,False,False,https://api.fususone.com/api/public/organizations/monmouthcounty/stats/
monmouthcounty,totalOwnedCameras,previous,1058,1058,0,0.0,0.0,Connect Monmouth County,Monmouth County,NJ,2026-09-15T23:11:32Z,2026-09-15T23:20:42Z,0.006366,False,False,https://api.fususone.com/api/public/organizations/monmouthcounty/stats/
monmouthcounty,totalSharedCameras,previous,0,0,0,,0.0,Connect Monmouth County,Monmouth County,NJ,2026-09-15T23:11:32Z,2026-09-15T23:20:42Z,0.006366,True,False,https://api.fususone.com/api/public/organizations/monmouthcounty/stats/
monmouthcounty,totalMaxCameras,previous,1500,1500,0,0.0,0.0,Connect Monmouth County,Monmouth County,NJ,2026-09-15T23:11:32Z,2026-09-15T23:20:42Z,0.006366,False,False,https://api.fususone.com/api/public/organizations/monmouthcounty/stats/
monmouthcounty,subscribedCameras,previous,1020,1020,0,0.0,0.0,Connect Monmouth County,Monmouth County,NJ,2026-09-15T23:11:32Z,2026-09-15T23:20:42Z,0.006366,False,False,https://api.fususone.com/api/public/organizations/monmouthcounty/stats/
monroecoso,totalRegisteredCameras,previous,181,181,0,0.0,0.0,Connect Monroe County,Monroe County,NY,2026-09-15T23:11:33Z,2026-09-15T23:20:43Z,0.006366,False,False,https://api.fususone.com/api/public/organizations/monroecoso/stats/
monroecoso,totalIntegratedCameras,previous,783,783,0,0.0,0.0,Connect Monroe County,Monroe County,NY,2026-09-15T23:11:33Z,2026-09-15T23:20:43Z,0.006366,False,False,https://api.fususone.com/api/public/organizations/monroecoso/stats/
monroecoso,totalOwnedCameras,previous,783,783,0,0.0,0.0,Connect Monroe County,Monroe County,NY,2026-09-15T23:11:33Z,2026-09-15T23:20:43Z,0.006366,False,False,https://api.fususone.com/api/public/organizations/monroecoso/stats/
monroecoso,totalSharedCameras,previous,0,0,0,,0.0,Connect Monroe County,Monroe County,NY,2026-09-15T23:11:33Z,2026-09-15T23:20:43Z,0.006366,True,False,https://api.fususone.com/api/public/organizations/monroecoso/stats/
monroecoso,totalMaxCameras,previous,10000,10000,0,0.0,0.0,Connect Monroe County,Monroe County,NY,2026-09-15T23:11:33Z,2026-09-15T23:20:43Z,0.006366,False,False,https://api.fususone.com/api/public/organizations/monroecoso/stats/
monroecoso,subscribedCameras,previous,716,716,0,0.0,0.0,Connect Monroe County,Monroe County,NY,2026-09-15T23:11:33Z,2026-09-15T23:20:43Z,0.006366,False,False,https://api.fususone.com/api/public/organizations/monroecoso/stats/
montgomerypd-al,totalRegisteredCameras,previous,2915,2915,0,0.0,0.0,STAR Watch Program,Montgomery,AL,2026-09-15T23:11:34Z,2026-09-15T23:20:44Z,0.006366,False,False,https://api.fususone.com/api/public/organizations/montgomerypd-al/stats/
montgomerypd-al,totalIntegratedCameras,previous,960,960,0,0.0,0.0,STAR Watch Program,Montgomery,AL,2026-09-15T23:11:34Z,2026-09-15T23:20:44Z,0.006366,False,False,https://api.fususone.com/api/public/organizations/montgomerypd-al/stats/
montgomerypd-al,totalOwnedCameras,previous,263,263,0,0.0,0.0,STAR Watch Program,Montgomery,AL,2026-09-15T23:11:34Z,2026-09-15T23:20:44Z,0.006366,False,False,https://api.fususone.com/api/public/organizations/montgomerypd-al/stats/
montgomerypd-al,totalSharedCameras,previous,631,631,0,0.0,0.0,STAR Watch Program,Montgomery,AL,2026-09-15T23:11:34Z,2026-09-15T23:20:44Z,0.006366,False,False,https://api.fususone.com/api/public/organizations/montgomerypd-al/stats/
montgomerypd-al,totalMaxCameras,previous,1500,1500,0,0.0,0.0,STAR Watch Program,Montgomery,AL,2026-09-15T23:11:34Z,2026-09-15T23:20:44Z,0.006366,False,False,https://api.fususone.com/api/public/organizations/montgomerypd-al/stats/
montgomerypd-al,subscribedCameras,previous,261,261,0,0.0,0.0,STAR Watch Program,Montgomery,AL,2026-09-15T23:11:34Z,2026-09-15T23:20:44Z,0.006366,False,False,https://api.fususone.com/api/public/organizations/montgomerypd-al/stats/
montgomeryso-al,totalRegisteredCameras,previous,23,23,0,0.0,0.0,Connect Montgomery County,Montgomery County,AL,2026-09-15T23:11:35Z,2026-09-15T23:20:45Z,0.006366,False,False,https://api.fususone.com/api/public/organizations/montgomeryso-al/stats/
montgomeryso-al,totalIntegratedCameras,previous,295,295,0,0.0,0.0,Connect Montgomery County,Montgomery County,AL,2026-09-15T23:11:35Z,2026-09-15T23:20:45Z,0.006366,False,False,https://api.fususone.com/api/public/organizations/montgomeryso-al/stats/
montgomeryso-al,totalOwnedCameras,previous,86,86,0,0.0,0.0,Connect Montgomery County,Montgomery County,AL,2026-09-15T23:11:35Z,2026-09-15T23:20:45Z,0.006366,False,False,https://api.fususone.com/api/public/organizations/montgomeryso-al/stats/
montgomeryso-al,totalSharedCameras,previous,0,0,0,,0.0,Connect Montgomery County,Montgomery County,AL,2026-09-15T23:11:35Z,2026-09-15T23:20:45Z,0.006366,True,False,https://api.fususone.com/api/public/organizations/montgomeryso-al/stats/
montgomeryso-al,totalMaxCameras,previous,402,402,0,0.0,0.0,Connect Montgomery County,Montgomery County,AL,2026-09-15T23:11:35Z,2026-09-15T23:20:45Z,0.006366,False,False,https://api.fususone.com/api/public/organizations/montgomeryso-al/stats/
montgomeryso-al,subscribedCameras,previous,86,86,0,0.0,0.0,Connect Montgomery County,Montgomery County,AL,2026-09-15T23:11:35Z,2026-09-15T23:20:45Z,0.006366,False,False,https://api.fususone.com/api/public/organizations/montgomeryso-al/stats/
montrosepdco,totalRegisteredCameras,previous,0,0,0,,0.0,Connect Montrose,Montrose,CO,2026-09-15T23:11:36Z,2026-09-15T23:20:46Z,0.006366,True,False,https://api.fususone.com/api/public/organizations/montrosepdco/stats/
montrosepdco,totalIntegratedCameras,previous,169,169,0,0.0,0.0,Connect Montrose,Montrose,CO,2026-09-15T23:11:36Z,2026-09-15T23:20:46Z,0.006366,False,False,https://api.fususone.com/api/public/organizations/montrosepdco/stats/
montrosepdco,totalOwnedCameras,previous,169,169,0,0.0,0.0,Connect Montrose,Montrose,CO,2026-09-15T23:11:36Z,2026-09-15T23:20:46Z,0.006366,False,False,https://api.fususone.com/api/public/organizations/montrosepdco/stats/
montrosepdco,totalSharedCameras,previous,0,0,0,,0.0,Connect Montrose,Montrose,CO,2026-09-15T23:11:36Z,2026-09-15T23:20:46Z,0.006366,True,False,https://api.fususone.com/api/public/organizations/montrosepdco/stats/
montrosepdco,totalMaxCameras,previous,0,0,0,,0.0,Connect Montrose,Montrose,CO,2026-09-15T23:11:36Z,2026-09-15T23:20:46Z,0.006366,True,False,https://api.fususone.com/api/public/organizations/montrosepdco/stats/
montrosepdco,subscribedCameras,previous,169,169,0,0.0,0.0,Connect Montrose,Montrose,CO,2026-09-15T23:11:36Z,2026-09-15T23:20:46Z,0.006366,False,False,https://api.fususone.com/api/public/organizations/montrosepdco/stats/
mooresvillepd,totalRegisteredCameras,previous,0,0,0,,0.0,Connect Mooresville,Mooresville,NC,2026-09-15T23:11:37Z,2026-09-15T23:20:47Z,0.006366,True,False,https://api.fususone.com/api/public/organizations/mooresvillepd/stats/
mooresvillepd,totalIntegratedCameras,previous,267,267,0,0.0,0.0,Connect Mooresville,Mooresville,NC,2026-09-15T23:11:37Z,2026-09-15T23:20:47Z,0.006366,False,False,https://api.fususone.com/api/public/organizations/mooresvillepd/stats/
mooresvillepd,totalOwnedCameras,previous,267,267,0,0.0,0.0,Connect Mooresville,Mooresville,NC,2026-09-15T23:11:37Z,2026-09-15T23:20:47Z,0.006366,False,False,https://api.fususone.com/api/public/organizations/mooresvillepd/stats/
mooresvillepd,totalSharedCameras,previous,0,0,0,,0.0,Connect Mooresville,Mooresville,NC,2026-09-15T23:11:37Z,2026-09-15T23:20:47Z,0.006366,True,False,https://api.fususone.com/api/public/organizations/mooresvillepd/stats/
mooresvillepd,totalMaxCameras,previous,1500,1500,0,0.0,0.0,Connect Mooresville,Mooresville,NC,2026-09-15T23:11:37Z,2026-09-15T23:20:47Z,0.006366,False,False,https://api.fususone.com/api/public/organizations/mooresvillepd/stats/
mooresvillepd,subscribedCameras,previous,267,267,0,0.0,0.0,Connect Mooresville,Mooresville,NC,2026-09-15T23:11:37Z,2026-09-15T23:20:47Z,0.006366,False,False,https://api.fususone.com/api/public/organizations/mooresvillepd/stats/
mpls,totalRegisteredCameras,previous,2644,2644,0,0.0,0.0,Connect Minneapolis,Minneapolis,MN,2026-09-15T23:11:38Z,2026-09-15T23:20:48Z,0.006366,False,False,https://api.fususone.com/api/public/organizations/mpls/stats/
mpls,totalIntegratedCameras,previous,2740,2740,0,0.0,0.0,Connect Minneapolis,Minneapolis,MN,2026-09-15T23:11:38Z,2026-09-15T23:20:48Z,0.006366,False,False,https://api.fususone.com/api/public/organizations/mpls/stats/
mpls,totalOwnedCameras,previous,763,763,0,0.0,0.0,Connect Minneapolis,Minneapolis,MN,2026-09-15T23:11:38Z,2026-09-15T23:20:48Z,0.006366,False,False,https://api.fususone.com/api/public/organizations/mpls/stats/
mpls,totalSharedCameras,previous,1429,1429,0,0.0,0.0,Connect Minneapolis,Minneapolis,MN,2026-09-15T23:11:38Z,2026-09-15T23:20:48Z,0.006366,False,False,https://api.fususone.com/api/public/organizations/mpls/stats/
mpls,totalMaxCameras,previous,1500,1500,0,0.0,0.0,Connect Minneapolis,Minneapolis,MN,2026-09-15T23:11:38Z,2026-09-15T23:20:48Z,0.006366,False,False,https://api.fususone.com/api/public/organizations/mpls/stats/
mpls,subscribedCameras,previous,757,757,0,0.0,0.0,Connect Minneapolis,Minneapolis,MN,2026-09-15T23:11:38Z,2026-09-15T23:20:48Z,0.006366,False,False,https://api.fususone.com/api/public/organizations/mpls/stats/
munsterpdin,totalRegisteredCameras,previous,109,109,0,0.0,0.0,Connect Munster,Munster,IN,2026-09-15T23:11:39Z,2026-09-15T23:20:49Z,0.006366,False,False,https://api.fususone.com/api/public/organizations/munsterpdin/stats/
munsterpdin,totalIntegratedCameras,previous,274,274,0,0.0,0.0,Connect Munster,Munster,IN,2026-09-15T23:11:39Z,2026-09-15T23:20:49Z,0.006366,False,False,https://api.fususone.com/api/public/organizations/munsterpdin/stats/
munsterpdin,totalOwnedCameras,previous,98,98,0,0.0,0.0,Connect Munster,Munster,IN,2026-09-15T23:11:39Z,2026-09-15T23:20:49Z,0.006366,False,False,https://api.fususone.com/api/public/organizations/munsterpdin/stats/
munsterpdin,totalSharedCameras,previous,0,0,0,,0.0,Connect Munster,Munster,IN,2026-09-15T23:11:39Z,2026-09-15T23:20:49Z,0.006366,True,False,https://api.fususone.com/api/public/organizations/munsterpdin/stats/
munsterpdin,totalMaxCameras,previous,150,150,0,0.0,0.0,Connect Munster,Munster,IN,2026-09-15T23:11:39Z,2026-09-15T23:20:49Z,0.006366,False,False,https://api.fususone.com/api/public/organizations/munsterpdin/stats/
munsterpdin,subscribedCameras,previous,98,98,0,0.0,0.0,Connect Munster,Munster,IN,2026-09-15T23:11:39Z,2026-09-15T23:20:49Z,0.006366,False,False,https://api.fususone.com/api/public/organizations/munsterpdin/stats/
newbrunswickpdnj,totalRegisteredCameras,previous,0,0,0,,0.0,Connect New Brunswick,New Brunswick,NJ,2026-09-15T23:11:40Z,2026-09-15T23:20:50Z,0.006366,True,False,https://api.fususone.com/api/public/organizations/newbrunswickpdnj/stats/
newbrunswickpdnj,totalIntegratedCameras,previous,127,127,0,0.0,0.0,Connect New Brunswick,New Brunswick,NJ,2026-09-15T23:11:40Z,2026-09-15T23:20:50Z,0.006366,False,False,https://api.fususone.com/api/public/organizations/newbrunswickpdnj/stats/
newbrunswickpdnj,totalOwnedCameras,previous,127,127,0,0.0,0.0,Connect New Brunswick,New Brunswick,NJ,2026-09-15T23:11:40Z,2026-09-15T23:20:50Z,0.006366,False,False,https://api.fususone.com/api/public/organizations/newbrunswickpdnj/stats/
newbrunswickpdnj,totalSharedCameras,previous,0,0,0,,0.0,Connect New Brunswick,New Brunswick,NJ,2026-09-15T23:11:40Z,2026-09-15T23:20:50Z,0.006366,True,False,https://api.fususone.com/api/public/organizations/newbrunswickpdnj/stats/
newbrunswickpdnj,totalMaxCameras,previous,0,0,0,,0.0,Connect New Brunswick,New Brunswick,NJ,2026-09-15T23:11:40Z,2026-09-15T23:20:50Z,0.006366,True,False,https://api.fususone.com/api/public/organizations/newbrunswickpdnj/stats/
newbrunswickpdnj,subscribedCameras,previous,127,127,0,0.0,0.0,Connect New Brunswick,New Brunswick,NJ,2026-09-15T23:11:40Z,2026-09-15T23:20:50Z,0.006366,False,False,https://api.fususone.com/api/public/organizations/newbrunswickpdnj/stats/
newcastlede,totalRegisteredCameras,previous,21,21,0,0.0,0.0,Connect New Castle County,New Castle County,DE,2026-09-15T23:11:41Z,2026-09-15T23:20:51Z,0.006366,False,False,https://api.fususone.com/api/public/organizations/newcastlede/stats/
newcastlede,totalIntegratedCameras,previous,165,165,0,0.0,0.0,Connect New Castle County,New Castle County,DE,2026-09-15T23:11:41Z,2026-09-15T23:20:51Z,0.006366,False,False,https://api.fususone.com/api/public/organizations/newcastlede/stats/
newcastlede,totalOwnedCameras,previous,157,157,0,0.0,0.0,Connect New Castle County,New Castle County,DE,2026-09-15T23:11:41Z,2026-09-15T23:20:51Z,0.006366,False,False,https://api.fususone.com/api/public/organizations/newcastlede/stats/
newcastlede,totalSharedCameras,previous,8,8,0,0.0,0.0,Connect New Castle County,New Castle County,DE,2026-09-15T23:11:41Z,2026-09-15T23:20:51Z,0.006366,False,False,https://api.fususone.com/api/public/organizations/newcastlede/stats/
newcastlede,totalMaxCameras,previous,0,0,0,,0.0,Connect New Castle County,New Castle County,DE,2026-09-15T23:11:41Z,2026-09-15T23:20:51Z,0.006366,True,False,https://api.fususone.com/api/public/organizations/newcastlede/stats/
newcastlede,subscribedCameras,previous,88,88,0,0.0,0.0,Connect New Castle County,New Castle County,DE,2026-09-15T23:11:41Z,2026-09-15T23:20:51Z,0.006366,False,False,https://api.fususone.com/api/public/organizations/newcastlede/stats/
newhavenct,totalRegisteredCameras,previous,193,193,0,0.0,0.0,Connect New Haven,New Haven,CT,2026-09-15T23:11:42Z,2026-09-15T23:20:52Z,0.006366,False,False,https://api.fususone.com/api/public/organizations/newhavenct/stats/
newhavenct,totalIntegratedCameras,previous,699,699,0,0.0,0.0,Connect New Haven,New Haven,CT,2026-09-15T23:11:42Z,2026-09-15T23:20:52Z,0.006366,False,False,https://api.fususone.com/api/public/organizations/newhavenct/stats/
newhavenct,totalOwnedCameras,previous,699,699,0,0.0,0.0,Connect New Haven,New Haven,CT,2026-09-15T23:11:42Z,2026-09-15T23:20:52Z,0.006366,False,False,https://api.fususone.com/api/public/organizations/newhavenct/stats/
newhavenct,totalSharedCameras,previous,0,0,0,,0.0,Connect New Haven,New Haven,CT,2026-09-15T23:11:42Z,2026-09-15T23:20:52Z,0.006366,True,False,https://api.fususone.com/api/public/organizations/newhavenct/stats/
newhavenct,totalMaxCameras,previous,1500,1500,0,0.0,0.0,Connect New Haven,New Haven,CT,2026-09-15T23:11:42Z,2026-09-15T23:20:52Z,0.006366,False,False,https://api.fususone.com/api/public/organizations/newhavenct/stats/
newhavenct,subscribedCameras,previous,699,699,0,0.0,0.0,Connect New Haven,New Haven,CT,2026-09-15T23:11:42Z,2026-09-15T23:20:52Z,0.006366,False,False,https://api.fususone.com/api/public/organizations/newhavenct/stats/
newlondonpdct,totalRegisteredCameras,previous,0,0,0,,0.0,Connect New London,New London,CT,2026-09-15T23:11:43Z,2026-09-15T23:20:53Z,0.006366,True,False,https://api.fususone.com/api/public/organizations/newlondonpdct/stats/
newlondonpdct,totalIntegratedCameras,previous,5,5,0,0.0,0.0,Connect New London,New London,CT,2026-09-15T23:11:43Z,2026-09-15T23:20:53Z,0.006366,False,False,https://api.fususone.com/api/public/organizations/newlondonpdct/stats/
newlondonpdct,totalOwnedCameras,previous,5,5,0,0.0,0.0,Connect New London,New London,CT,2026-09-15T23:11:43Z,2026-09-15T23:20:53Z,0.006366,False,False,https://api.fususone.com/api/public/organizations/newlondonpdct/stats/
newlondonpdct,totalSharedCameras,previous,0,0,0,,0.0,Connect New London,New London,CT,2026-09-15T23:11:43Z,2026-09-15T23:20:53Z,0.006366,True,False,https://api.fususone.com/api/public/organizations/newlondonpdct/stats/
newlondonpdct,totalMaxCameras,previous,0,0,0,,0.0,Connect New London,New London,CT,2026-09-15T23:11:43Z,2026-09-15T23:20:53Z,0.006366,True,False,https://api.fususone.com/api/public/organizations/newlondonpdct/stats/
newlondonpdct,subscribedCameras,previous,3,3,0,0.0,0.0,Connect New London,New London,CT,2026-09-15T23:11:43Z,2026-09-15T23:20:53Z,0.006366,False,False,https://api.fususone.com/api/public/organizations/newlondonpdct/stats/
newportbeachpdca,totalRegisteredCameras,previous,397,397,0,0.0,0.0,Connect Newport Beach,Newport Beach,CA,2026-09-15T23:11:44Z,2026-09-15T23:20:54Z,0.006366,False,False,https://api.fususone.com/api/public/organizations/newportbeachpdca/stats/
newportbeachpdca,totalIntegratedCameras,previous,234,234,0,0.0,0.0,Connect Newport Beach,Newport Beach,CA,2026-09-15T23:11:44Z,2026-09-15T23:20:54Z,0.006366,False,False,https://api.fususone.com/api/public/organizations/newportbeachpdca/stats/
newportbeachpdca,totalOwnedCameras,previous,175,175,0,0.0,0.0,Connect Newport Beach,Newport Beach,CA,2026-09-15T23:11:44Z,2026-09-15T23:20:54Z,0.006366,False,False,https://api.fususone.com/api/public/organizations/newportbeachpdca/stats/
newportbeachpdca,totalSharedCameras,previous,59,59,0,0.0,0.0,Connect Newport Beach,Newport Beach,CA,2026-09-15T23:11:44Z,2026-09-15T23:20:54Z,0.006366,False,False,https://api.fususone.com/api/public/organizations/newportbeachpdca/stats/
newportbeachpdca,totalMaxCameras,previous,1,1,0,0.0,0.0,Connect Newport Beach,Newport Beach,CA,2026-09-15T23:11:44Z,2026-09-15T23:20:54Z,0.006366,False,False,https://api.fususone.com/api/public/organizations/newportbeachpdca/stats/
newportbeachpdca,subscribedCameras,previous,134,134,0,0.0,0.0,Connect Newport Beach,Newport Beach,CA,2026-09-15T23:11:44Z,2026-09-15T23:20:54Z,0.006366,False,False,https://api.fususone.com/api/public/organizations/newportbeachpdca/stats/
newportnewspd,totalRegisteredCameras,previous,1414,1414,0,0.0,0.0,Connect Newport News,Newport News,VA,2026-09-15T23:11:45Z,2026-09-15T23:20:55Z,0.006366,False,False,https://api.fususone.com/api/public/organizations/newportnewspd/stats/
newportnewspd,totalIntegratedCameras,previous,2293,2293,0,0.0,0.0,Connect Newport News,Newport News,VA,2026-09-15T23:11:45Z,2026-09-15T23:20:55Z,0.006366,False,False,https://api.fususone.com/api/public/organizations/newportnewspd/stats/
newportnewspd,totalOwnedCameras,previous,892,892,0,0.0,0.0,Connect Newport News,Newport News,VA,2026-09-15T23:11:45Z,2026-09-15T23:20:55Z,0.006366,False,False,https://api.fususone.com/api/public/organizations/newportnewspd/stats/
newportnewspd,totalSharedCameras,previous,1385,1385,0,0.0,0.0,Connect Newport News,Newport News,VA,2026-09-15T23:11:45Z,2026-09-15T23:20:55Z,0.006366,False,False,https://api.fususone.com/api/public/organizations/newportnewspd/stats/
newportnewspd,totalMaxCameras,previous,1500,1500,0,0.0,0.0,Connect Newport News,Newport News,VA,2026-09-15T23:11:45Z,2026-09-15T23:20:55Z,0.006366,False,False,https://api.fususone.com/api/public/organizations/newportnewspd/stats/
newportnewspd,subscribedCameras,previous,884,884,0,0.0,0.0,Connect Newport News,Newport News,VA,2026-09-15T23:11:45Z,2026-09-15T23:20:55Z,0.006366,False,False,https://api.fususone.com/api/public/organizations/newportnewspd/stats/
newtonsheriff,totalRegisteredCameras,previous,342,342,0,0.0,0.0,Connect Newton County,Newton County,GA,2026-09-15T23:11:46Z,2026-09-15T23:20:56Z,0.006366,False,False,https://api.fususone.com/api/public/organizations/newtonsheriff/stats/
newtonsheriff,totalIntegratedCameras,previous,3518,3518,0,0.0,0.0,Connect Newton County,Newton County,GA,2026-09-15T23:11:46Z,2026-09-15T23:20:56Z,0.006366,False,False,https://api.fususone.com/api/public/organizations/newtonsheriff/stats/
newtonsheriff,totalOwnedCameras,previous,523,523,0,0.0,0.0,Connect Newton County,Newton County,GA,2026-09-15T23:11:46Z,2026-09-15T23:20:56Z,0.006366,False,False,https://api.fususone.com/api/public/organizations/newtonsheriff/stats/
newtonsheriff,totalSharedCameras,previous,52,52,0,0.0,0.0,Connect Newton County,Newton County,GA,2026-09-15T23:11:46Z,2026-09-15T23:20:56Z,0.006366,False,False,https://api.fususone.com/api/public/organizations/newtonsheriff/stats/
newtonsheriff,totalMaxCameras,previous,150,150,0,0.0,0.0,Connect Newton County,Newton County,GA,2026-09-15T23:11:46Z,2026-09-15T23:20:56Z,0.006366,False,False,https://api.fususone.com/api/public/organizations/newtonsheriff/stats/
newtonsheriff,subscribedCameras,previous,520,520,0,0.0,0.0,Connect Newton County,Newton County,GA,2026-09-15T23:11:46Z,2026-09-15T23:20:56Z,0.006366,False,False,https://api.fususone.com/api/public/organizations/newtonsheriff/stats/
norfolkpd,totalRegisteredCameras,previous,435,435,0,0.0,0.0,Connect Norfolk,Norfolk,VA,2026-09-15T23:11:47Z,2026-09-15T23:20:57Z,0.006366,False,False,https://api.fususone.com/api/public/organizations/norfolkpd/stats/
norfolkpd,totalIntegratedCameras,previous,3644,3644,0,0.0,0.0,Connect Norfolk,Norfolk,VA,2026-09-15T23:11:47Z,2026-09-15T23:20:57Z,0.006366,False,False,https://api.fususone.com/api/public/organizations/norfolkpd/stats/
norfolkpd,totalOwnedCameras,previous,2023,2023,0,0.0,0.0,Connect Norfolk,Norfolk,VA,2026-09-15T23:11:47Z,2026-09-15T23:20:57Z,0.006366,False,False,https://api.fususone.com/api/public/organizations/norfolkpd/stats/
norfolkpd,totalSharedCameras,previous,1385,1385,0,0.0,0.0,Connect Norfolk,Norfolk,VA,2026-09-15T23:11:47Z,2026-09-15T23:20:57Z,0.006366,False,False,https://api.fususone.com/api/public/organizations/norfolkpd/stats/
norfolkpd,totalMaxCameras,previous,4500,4500,0,0.0,0.0,Connect Norfolk,Norfolk,VA,2026-09-15T23:11:47Z,2026-09-15T23:20:57Z,0.006366,False,False,https://api.fususone.com/api/public/organizations/norfolkpd/stats/
norfolkpd,subscribedCameras,previous,1921,1921,0,0.0,0.0,Connect Norfolk,Norfolk,VA,2026-09-15T23:11:47Z,2026-09-15T23:20:57Z,0.006366,False,False,https://api.fususone.com/api/public/organizations/norfolkpd/stats/
northcharlestonpd,totalRegisteredCameras,previous,1365,1365,0,0.0,0.0,Connect North Charleston,North Charleston,SC,2026-09-15T23:11:48Z,2026-09-15T23:20:58Z,0.006366,False,False,https://api.fususone.com/api/public/organizations/northcharlestonpd/stats/
northcharlestonpd,totalIntegratedCameras,previous,570,570,0,0.0,0.0,Connect North Charleston,North Charleston,SC,2026-09-15T23:11:48Z,2026-09-15T23:20:58Z,0.006366,False,False,https://api.fususone.com/api/public/organizations/northcharlestonpd/stats/
northcharlestonpd,totalOwnedCameras,previous,291,291,0,0.0,0.0,Connect North Charleston,North Charleston,SC,2026-09-15T23:11:48Z,2026-09-15T23:20:58Z,0.006366,False,False,https://api.fususone.com/api/public/organizations/northcharlestonpd/stats/
northcharlestonpd,totalSharedCameras,previous,71,71,0,0.0,0.0,Connect North Charleston,North Charleston,SC,2026-09-15T23:11:48Z,2026-09-15T23:20:58Z,0.006366,False,False,https://api.fususone.com/api/public/organizations/northcharlestonpd/stats/
northcharlestonpd,totalMaxCameras,previous,10000,10000,0,0.0,0.0,Connect North Charleston,North Charleston,SC,2026-09-15T23:11:48Z,2026-09-15T23:20:58Z,0.006366,False,False,https://api.fususone.com/api/public/organizations/northcharlestonpd/stats/
northcharlestonpd,subscribedCameras,previous,283,283,0,0.0,0.0,Connect North Charleston,North Charleston,SC,2026-09-15T23:11:48Z,2026-09-15T23:20:58Z,0.006366,False,False,https://api.fususone.com/api/public/organizations/northcharlestonpd/stats/
northlittlerock,totalRegisteredCameras,previous,408,408,0,0.0,0.0,Connect North Little Rock,North Little Rock,AR,2026-09-15T23:11:49Z,2026-09-15T23:20:59Z,0.006366,False,False,https://api.fususone.com/api/public/organizations/northlittlerock/stats/
northlittlerock,totalIntegratedCameras,previous,994,994,0,0.0,0.0,Connect North Little Rock,North Little Rock,AR,2026-09-15T23:11:49Z,2026-09-15T23:20:59Z,0.006366,False,False,https://api.fususone.com/api/public/organizations/northlittlerock/stats/
northlittlerock,totalOwnedCameras,previous,730,730,0,0.0,0.0,Connect North Little Rock,North Little Rock,AR,2026-09-15T23:11:49Z,2026-09-15T23:20:59Z,0.006366,False,False,https://api.fususone.com/api/public/organizations/northlittlerock/stats/
northlittlerock,totalSharedCameras,previous,61,61,0,0.0,0.0,Connect North Little Rock,North Little Rock,AR,2026-09-15T23:11:49Z,2026-09-15T23:20:59Z,0.006366,False,False,https://api.fususone.com/api/public/organizations/northlittlerock/stats/
northlittlerock,totalMaxCameras,previous,1500,1500,0,0.0,0.0,Connect North Little Rock,North Little Rock,AR,2026-09-15T23:11:49Z,2026-09-15T23:20:59Z,0.006366,False,False,https://api.fususone.com/api/public/organizations/northlittlerock/stats/
northlittlerock,subscribedCameras,previous,730,730,0,0.0,0.0,Connect North Little Rock,North Little Rock,AR,2026-09-15T23:11:49Z,2026-09-15T23:20:59Z,0.006366,False,False,https://api.fususone.com/api/public/organizations/northlittlerock/stats/
northport,totalRegisteredCameras,previous,149,149,0,0.0,0.0,Connect North Port,North Port,FL,2026-09-15T23:11:50Z,2026-09-15T23:21:00Z,0.006366,False,False,https://api.fususone.com/api/public/organizations/northport/stats/
northport,totalIntegratedCameras,previous,891,891,0,0.0,0.0,Connect North Port,North Port,FL,2026-09-15T23:11:50Z,2026-09-15T23:21:00Z,0.006366,False,False,https://api.fususone.com/api/public/organizations/northport/stats/
northport,totalOwnedCameras,previous,244,244,0,0.0,0.0,Connect North Port,North Port,FL,2026-09-15T23:11:50Z,2026-09-15T23:21:00Z,0.006366,False,False,https://api.fususone.com/api/public/organizations/northport/stats/
northport,totalSharedCameras,previous,543,543,0,0.0,0.0,Connect North Port,North Port,FL,2026-09-15T23:11:50Z,2026-09-15T23:21:00Z,0.006366,False,False,https://api.fususone.com/api/public/organizations/northport/stats/
northport,totalMaxCameras,previous,150,150,0,0.0,0.0,Connect North Port,North Port,FL,2026-09-15T23:11:50Z,2026-09-15T23:21:00Z,0.006366,False,False,https://api.fususone.com/api/public/organizations/northport/stats/
northport,subscribedCameras,previous,200,200,0,0.0,0.0,Connect North Port,North Port,FL,2026-09-15T23:11:50Z,2026-09-15T23:21:00Z,0.006366,False,False,https://api.fususone.com/api/public/organizations/northport/stats/
novatopdca,totalRegisteredCameras,previous,667,667,0,0.0,0.0,Connect Novato,Novato,CA,2026-09-15T23:11:51Z,2026-09-15T23:21:01Z,0.006366,False,False,https://api.fususone.com/api/public/organizations/novatopdca/stats/
novatopdca,totalIntegratedCameras,previous,42,42,0,0.0,0.0,Connect Novato,Novato,CA,2026-09-15T23:11:51Z,2026-09-15T23:21:01Z,0.006366,False,False,https://api.fususone.com/api/public/organizations/novatopdca/stats/
novatopdca,totalOwnedCameras,previous,42,42,0,0.0,0.0,Connect Novato,Novato,CA,2026-09-15T23:11:51Z,2026-09-15T23:21:01Z,0.006366,False,False,https://api.fususone.com/api/public/organizations/novatopdca/stats/
novatopdca,totalSharedCameras,previous,0,0,0,,0.0,Connect Novato,Novato,CA,2026-09-15T23:11:51Z,2026-09-15T23:21:01Z,0.006366,True,False,https://api.fususone.com/api/public/organizations/novatopdca/stats/
novatopdca,totalMaxCameras,previous,0,0,0,,0.0,Connect Novato,Novato,CA,2026-09-15T23:11:51Z,2026-09-15T23:21:01Z,0.006366,True,False,https://api.fususone.com/api/public/organizations/novatopdca/stats/
novatopdca,subscribedCameras,previous,42,42,0,0.0,0.0,Connect Novato,Novato,CA,2026-09-15T23:11:51Z,2026-09-15T23:21:01Z,0.006366,False,False,https://api.fususone.com/api/public/organizations/novatopdca/stats/
nypd,totalRegisteredCameras,previous,5511,5511,0,0.0,0.0,Connect NYPD,New York City,NY,2026-09-15T23:11:52Z,2026-09-15T23:21:02Z,0.006366,False,False,https://api.fususone.com/api/public/organizations/nypd/stats/
nypd,totalIntegratedCameras,previous,2150,2150,0,0.0,0.0,Connect NYPD,New York City,NY,2026-09-15T23:11:52Z,2026-09-15T23:21:02Z,0.006366,False,False,https://api.fususone.com/api/public/organizations/nypd/stats/
nypd,totalOwnedCameras,previous,2150,2150,0,0.0,0.0,Connect NYPD,New York City,NY,2026-09-15T23:11:52Z,2026-09-15T23:21:02Z,0.006366,False,False,https://api.fususone.com/api/public/organizations/nypd/stats/
nypd,totalSharedCameras,previous,0,0,0,,0.0,Connect NYPD,New York City,NY,2026-09-15T23:11:52Z,2026-09-15T23:21:02Z,0.006366,True,False,https://api.fususone.com/api/public/organizations/nypd/stats/
nypd,totalMaxCameras,previous,32767,32767,0,0.0,0.0,Connect NYPD,New York City,NY,2026-09-15T23:11:52Z,2026-09-15T23:21:02Z,0.006366,False,False,https://api.fususone.com/api/public/organizations/nypd/stats/
nypd,subscribedCameras,previous,2080,2080,0,0.0,0.0,Connect NYPD,New York City,NY,2026-09-15T23:11:52Z,2026-09-15T23:21:02Z,0.006366,False,False,https://api.fususone.com/api/public/organizations/nypd/stats/
oakbrookpd,totalRegisteredCameras,previous,166,166,0,0.0,0.0,Connect Oak Brook,Oak Brook,IL,2026-09-15T23:11:53Z,2026-09-15T23:21:03Z,0.006366,False,False,https://api.fususone.com/api/public/organizations/oakbrookpd/stats/
oakbrookpd,totalIntegratedCameras,previous,399,399,0,0.0,0.0,Connect Oak Brook,Oak Brook,IL,2026-09-15T23:11:53Z,2026-09-15T23:21:03Z,0.006366,False,False,https://api.fususone.com/api/public/organizations/oakbrookpd/stats/
oakbrookpd,totalOwnedCameras,previous,359,359,0,0.0,0.0,Connect Oak Brook,Oak Brook,IL,2026-09-15T23:11:53Z,2026-09-15T23:21:03Z,0.006366,False,False,https://api.fususone.com/api/public/organizations/oakbrookpd/stats/
oakbrookpd,totalSharedCameras,previous,40,40,0,0.0,0.0,Connect Oak Brook,Oak Brook,IL,2026-09-15T23:11:53Z,2026-09-15T23:21:03Z,0.006366,False,False,https://api.fususone.com/api/public/organizations/oakbrookpd/stats/
oakbrookpd,totalMaxCameras,previous,1500,1500,0,0.0,0.0,Connect Oak Brook,Oak Brook,IL,2026-09-15T23:11:53Z,2026-09-15T23:21:03Z,0.006366,False,False,https://api.fususone.com/api/public/organizations/oakbrookpd/stats/
oakbrookpd,subscribedCameras,previous,359,359,0,0.0,0.0,Connect Oak Brook,Oak Brook,IL,2026-09-15T23:11:53Z,2026-09-15T23:21:03Z,0.006366,False,False,https://api.fususone.com/api/public/organizations/oakbrookpd/stats/
oakdaleca,totalRegisteredCameras,previous,17,17,0,0.0,0.0,Connect Oakdale,Oakdale,CA,2026-09-15T23:11:54Z,2026-09-15T23:21:04Z,0.006366,False,False,https://api.fususone.com/api/public/organizations/oakdaleca/stats/
oakdaleca,totalIntegratedCameras,previous,259,259,0,0.0,0.0,Connect Oakdale,Oakdale,CA,2026-09-15T23:11:54Z,2026-09-15T23:21:04Z,0.006366,False,False,https://api.fususone.com/api/public/organizations/oakdaleca/stats/
oakdaleca,totalOwnedCameras,previous,246,246,0,0.0,0.0,Connect Oakdale,Oakdale,CA,2026-09-15T23:11:54Z,2026-09-15T23:21:04Z,0.006366,False,False,https://api.fususone.com/api/public/organizations/oakdaleca/stats/
oakdaleca,totalSharedCameras,previous,13,13,0,0.0,0.0,Connect Oakdale,Oakdale,CA,2026-09-15T23:11:54Z,2026-09-15T23:21:04Z,0.006366,False,False,https://api.fususone.com/api/public/organizations/oakdaleca/stats/
oakdaleca,totalMaxCameras,previous,500,500,0,0.0,0.0,Connect Oakdale,Oakdale,CA,2026-09-15T23:11:54Z,2026-09-15T23:21:04Z,0.006366,False,False,https://api.fususone.com/api/public/organizations/oakdaleca/stats/
oakdaleca,subscribedCameras,previous,244,244,0,0.0,0.0,Connect Oakdale,Oakdale,CA,2026-09-15T23:11:54Z,2026-09-15T23:21:04Z,0.006366,False,False,https://api.fususone.com/api/public/organizations/oakdaleca/stats/
oaklawn,totalRegisteredCameras,previous,1424,1424,0,0.0,0.0,Connect Oak Lawn,Oak Lawn,IL,2026-09-15T23:11:55Z,2026-09-15T23:21:05Z,0.006366,False,False,https://api.fususone.com/api/public/organizations/oaklawn/stats/
oaklawn,totalIntegratedCameras,previous,2203,2203,0,0.0,0.0,Connect Oak Lawn,Oak Lawn,IL,2026-09-15T23:11:55Z,2026-09-15T23:21:05Z,0.006366,False,False,https://api.fususone.com/api/public/organizations/oaklawn/stats/
oaklawn,totalOwnedCameras,previous,953,953,0,0.0,0.0,Connect Oak Lawn,Oak Lawn,IL,2026-09-15T23:11:55Z,2026-09-15T23:21:05Z,0.006366,False,False,https://api.fususone.com/api/public/organizations/oaklawn/stats/
oaklawn,totalSharedCameras,previous,1157,1157,0,0.0,0.0,Connect Oak Lawn,Oak Lawn,IL,2026-09-15T23:11:55Z,2026-09-15T23:21:05Z,0.006366,False,False,https://api.fususone.com/api/public/organizations/oaklawn/stats/
oaklawn,totalMaxCameras,previous,1500,1500,0,0.0,0.0,Connect Oak Lawn,Oak Lawn,IL,2026-09-15T23:11:55Z,2026-09-15T23:21:05Z,0.006366,False,False,https://api.fususone.com/api/public/organizations/oaklawn/stats/
oaklawn,subscribedCameras,previous,789,789,0,0.0,0.0,Connect Oak Lawn,Oak Lawn,IL,2026-09-15T23:11:55Z,2026-09-15T23:21:05Z,0.006366,False,False,https://api.fususone.com/api/public/organizations/oaklawn/stats/
obterracepd,totalRegisteredCameras,previous,163,163,0,0.0,0.0,Connect Oakbrook Terrace,Oakbrook Terrace,IL,2026-09-15T23:11:56Z,2026-09-15T23:21:06Z,0.006366,False,False,https://api.fususone.com/api/public/organizations/obterracepd/stats/
obterracepd,totalIntegratedCameras,previous,312,312,0,0.0,0.0,Connect Oakbrook Terrace,Oakbrook Terrace,IL,2026-09-15T23:11:56Z,2026-09-15T23:21:06Z,0.006366,False,False,https://api.fususone.com/api/public/organizations/obterracepd/stats/
obterracepd,totalOwnedCameras,previous,0,0,0,,0.0,Connect Oakbrook Terrace,Oakbrook Terrace,IL,2026-09-15T23:11:56Z,2026-09-15T23:21:06Z,0.006366,True,False,https://api.fususone.com/api/public/organizations/obterracepd/stats/
obterracepd,totalSharedCameras,previous,6,6,0,0.0,0.0,Connect Oakbrook Terrace,Oakbrook Terrace,IL,2026-09-15T23:11:56Z,2026-09-15T23:21:06Z,0.006366,False,False,https://api.fususone.com/api/public/organizations/obterracepd/stats/
obterracepd,totalMaxCameras,previous,500,500,0,0.0,0.0,Connect Oakbrook Terrace,Oakbrook Terrace,IL,2026-09-15T23:11:56Z,2026-09-15T23:21:06Z,0.006366,False,False,https://api.fususone.com/api/public/organizations/obterracepd/stats/
obterracepd,subscribedCameras,previous,0,0,0,,0.0,Connect Oakbrook Terrace,Oakbrook Terrace,IL,2026-09-15T23:11:56Z,2026-09-15T23:21:06Z,0.006366,True,False,https://api.fususone.com/api/public/organizations/obterracepd/stats/
oceansidepdca,totalRegisteredCameras,previous,323,323,0,0.0,0.0,Connect Oceanside,Oceanside,CA,2026-09-15T23:11:57Z,2026-09-15T23:21:07Z,0.006366,False,False,https://api.fususone.com/api/public/organizations/oceansidepdca/stats/
oceansidepdca,totalIntegratedCameras,previous,257,257,0,0.0,0.0,Connect Oceanside,Oceanside,CA,2026-09-15T23:11:57Z,2026-09-15T23:21:07Z,0.006366,False,False,https://api.fususone.com/api/public/organizations/oceansidepdca/stats/
oceansidepdca,totalOwnedCameras,previous,150,150,0,0.0,0.0,Connect Oceanside,Oceanside,CA,2026-09-15T23:11:57Z,2026-09-15T23:21:07Z,0.006366,False,False,https://api.fususone.com/api/public/organizations/oceansidepdca/stats/
oceansidepdca,totalSharedCameras,previous,107,107,0,0.0,0.0,Connect Oceanside,Oceanside,CA,2026-09-15T23:11:57Z,2026-09-15T23:21:07Z,0.006366,False,False,https://api.fususone.com/api/public/organizations/oceansidepdca/stats/
oceansidepdca,totalMaxCameras,previous,0,0,0,,0.0,Connect Oceanside,Oceanside,CA,2026-09-15T23:11:57Z,2026-09-15T23:21:07Z,0.006366,True,False,https://api.fususone.com/api/public/organizations/oceansidepdca/stats/
oceansidepdca,subscribedCameras,previous,150,150,0,0.0,0.0,Connect Oceanside,Oceanside,CA,2026-09-15T23:11:57Z,2026-09-15T23:21:07Z,0.006366,False,False,https://api.fususone.com/api/public/organizations/oceansidepdca/stats/
ocsdca,totalRegisteredCameras,previous,2811,2811,0,0.0,0.0,Connect Orange County,Orange County,CA,2026-09-15T23:11:58Z,2026-09-15T23:21:08Z,0.006366,False,False,https://api.fususone.com/api/public/organizations/ocsdca/stats/
ocsdca,totalIntegratedCameras,previous,2860,2860,0,0.0,0.0,Connect Orange County,Orange County,CA,2026-09-15T23:11:58Z,2026-09-15T23:21:08Z,0.006366,False,False,https://api.fususone.com/api/public/organizations/ocsdca/stats/
ocsdca,totalOwnedCameras,previous,1328,1328,0,0.0,0.0,Connect Orange County,Orange County,CA,2026-09-15T23:11:58Z,2026-09-15T23:21:08Z,0.006366,False,False,https://api.fususone.com/api/public/organizations/ocsdca/stats/
ocsdca,totalSharedCameras,previous,1511,1511,0,0.0,0.0,Connect Orange County,Orange County,CA,2026-09-15T23:11:58Z,2026-09-15T23:21:08Z,0.006366,False,False,https://api.fususone.com/api/public/organizations/ocsdca/stats/
ocsdca,totalMaxCameras,previous,5000,5000,0,0.0,0.0,Connect Orange County,Orange County,CA,2026-09-15T23:11:58Z,2026-09-15T23:21:08Z,0.006366,False,False,https://api.fususone.com/api/public/organizations/ocsdca/stats/
ocsdca,subscribedCameras,previous,1183,1183,0,0.0,0.0,Connect Orange County,Orange County,CA,2026-09-15T23:11:58Z,2026-09-15T23:21:08Z,0.006366,False,False,https://api.fususone.com/api/public/organizations/ocsdca/stats/
okaloosacounty,totalRegisteredCameras,previous,781,781,0,0.0,0.0,Connect Okaloosa County,Okaloosa County,FL,2026-09-15T23:11:59Z,2026-09-15T23:21:09Z,0.006366,False,False,https://api.fususone.com/api/public/organizations/okaloosacounty/stats/
okaloosacounty,totalIntegratedCameras,previous,516,516,0,0.0,0.0,Connect Okaloosa County,Okaloosa County,FL,2026-09-15T23:11:59Z,2026-09-15T23:21:09Z,0.006366,False,False,https://api.fususone.com/api/public/organizations/okaloosacounty/stats/
okaloosacounty,totalOwnedCameras,previous,186,186,0,0.0,0.0,Connect Okaloosa County,Okaloosa County,FL,2026-09-15T23:11:59Z,2026-09-15T23:21:09Z,0.006366,False,False,https://api.fususone.com/api/public/organizations/okaloosacounty/stats/
okaloosacounty,totalSharedCameras,previous,262,262,0,0.0,0.0,Connect Okaloosa County,Okaloosa County,FL,2026-09-15T23:11:59Z,2026-09-15T23:21:09Z,0.006366,False,False,https://api.fususone.com/api/public/organizations/okaloosacounty/stats/
okaloosacounty,totalMaxCameras,previous,1500,1500,0,0.0,0.0,Connect Okaloosa County,Okaloosa County,FL,2026-09-15T23:11:59Z,2026-09-15T23:21:09Z,0.006366,False,False,https://api.fususone.com/api/public/organizations/okaloosacounty/stats/
okaloosacounty,subscribedCameras,previous,156,156,0,0.0,0.0,Connect Okaloosa County,Okaloosa County,FL,2026-09-15T23:11:59Z,2026-09-15T23:21:09Z,0.006366,False,False,https://api.fususone.com/api/public/organizations/okaloosacounty/stats/
okcpd,totalRegisteredCameras,previous,1730,1730,0,0.0,0.0,Connect Oklahoma City,Oklahoma City,OK,2026-09-15T23:12:00Z,2026-09-15T23:21:10Z,0.006366,False,False,https://api.fususone.com/api/public/organizations/okcpd/stats/
okcpd,totalIntegratedCameras,previous,6736,6736,0,0.0,0.0,Connect Oklahoma City,Oklahoma City,OK,2026-09-15T23:12:00Z,2026-09-15T23:21:10Z,0.006366,False,False,https://api.fususone.com/api/public/organizations/okcpd/stats/
okcpd,totalOwnedCameras,previous,5897,5897,0,0.0,0.0,Connect Oklahoma City,Oklahoma City,OK,2026-09-15T23:12:00Z,2026-09-15T23:21:10Z,0.006366,False,False,https://api.fususone.com/api/public/organizations/okcpd/stats/
okcpd,totalSharedCameras,previous,839,839,0,0.0,0.0,Connect Oklahoma City,Oklahoma City,OK,2026-09-15T23:12:00Z,2026-09-15T23:21:10Z,0.006366,False,False,https://api.fususone.com/api/public/organizations/okcpd/stats/
okcpd,totalMaxCameras,previous,1500,1500,0,0.0,0.0,Connect Oklahoma City,Oklahoma City,OK,2026-09-15T23:12:00Z,2026-09-15T23:21:10Z,0.006366,False,False,https://api.fususone.com/api/public/organizations/okcpd/stats/
okcpd,subscribedCameras,previous,1905,1905,0,0.0,0.0,Connect Oklahoma City,Oklahoma City,OK,2026-09-15T23:12:00Z,2026-09-15T23:21:10Z,0.006366,False,False,https://api.fususone.com/api/public/organizations/okcpd/stats/
ontariopolice,totalRegisteredCameras,previous,319,319,0,0.0,0.0,Connect Ontario,Ontario,CA,2026-09-15T23:12:01Z,2026-09-15T23:21:11Z,0.006366,False,False,https://api.fususone.com/api/public/organizations/ontariopolice/stats/
ontariopolice,totalIntegratedCameras,previous,2069,2069,0,0.0,0.0,Connect Ontario,Ontario,CA,2026-09-15T23:12:01Z,2026-09-15T23:21:11Z,0.006366,False,False,https://api.fususone.com/api/public/organizations/ontariopolice/stats/
ontariopolice,totalOwnedCameras,previous,1324,1324,0,0.0,0.0,Connect Ontario,Ontario,CA,2026-09-15T23:12:01Z,2026-09-15T23:21:11Z,0.006366,False,False,https://api.fususone.com/api/public/organizations/ontariopolice/stats/
ontariopolice,totalSharedCameras,previous,745,745,0,0.0,0.0,Connect Ontario,Ontario,CA,2026-09-15T23:12:01Z,2026-09-15T23:21:11Z,0.006366,False,False,https://api.fususone.com/api/public/organizations/ontariopolice/stats/
ontariopolice,totalMaxCameras,previous,1500,1500,0,0.0,0.0,Connect Ontario,Ontario,CA,2026-09-15T23:12:01Z,2026-09-15T23:21:11Z,0.006366,False,False,https://api.fususone.com/api/public/organizations/ontariopolice/stats/
ontariopolice,subscribedCameras,previous,1259,1259,0,0.0,0.0,Connect Ontario,Ontario,CA,2026-09-15T23:12:01Z,2026-09-15T23:21:11Z,0.006366,False,False,https://api.fususone.com/api/public/organizations/ontariopolice/stats/
orangecofl,totalRegisteredCameras,previous,2299,2299,0,0.0,0.0,Connect Orange County,Orange County,FL,2026-09-15T23:12:02Z,2026-09-15T23:21:12Z,0.006366,False,False,https://api.fususone.com/api/public/organizations/orangecofl/stats/
orangecofl,totalIntegratedCameras,previous,10416,10416,0,0.0,0.0,Connect Orange County,Orange County,FL,2026-09-15T23:12:02Z,2026-09-15T23:21:12Z,0.006366,False,False,https://api.fususone.com/api/public/organizations/orangecofl/stats/
orangecofl,totalOwnedCameras,previous,857,857,0,0.0,0.0,Connect Orange County,Orange County,FL,2026-09-15T23:12:02Z,2026-09-15T23:21:12Z,0.006366,False,False,https://api.fususone.com/api/public/organizations/orangecofl/stats/
orangecofl,totalSharedCameras,previous,7670,7670,0,0.0,0.0,Connect Orange County,Orange County,FL,2026-09-15T23:12:02Z,2026-09-15T23:21:12Z,0.006366,False,False,https://api.fususone.com/api/public/organizations/orangecofl/stats/
orangecofl,totalMaxCameras,previous,7750,7750,0,0.0,0.0,Connect Orange County,Orange County,FL,2026-09-15T23:12:02Z,2026-09-15T23:21:12Z,0.006366,False,False,https://api.fususone.com/api/public/organizations/orangecofl/stats/
orangecofl,subscribedCameras,previous,758,758,0,0.0,0.0,Connect Orange County,Orange County,FL,2026-09-15T23:12:02Z,2026-09-15T23:21:12Z,0.006366,False,False,https://api.fususone.com/api/public/organizations/orangecofl/stats/
orlando,totalRegisteredCameras,previous,7306,7306,0,0.0,0.0,Orlando Connect,Orlando,FL,2026-09-15T23:12:03Z,2026-09-15T23:21:13Z,0.006366,False,False,https://api.fususone.com/api/public/organizations/orlando/stats/
orlando,totalIntegratedCameras,previous,4100,4100,0,0.0,0.0,Orlando Connect,Orlando,FL,2026-09-15T23:12:03Z,2026-09-15T23:21:13Z,0.006366,False,False,https://api.fususone.com/api/public/organizations/orlando/stats/
orlando,totalOwnedCameras,previous,1054,1054,0,0.0,0.0,Orlando Connect,Orlando,FL,2026-09-15T23:12:03Z,2026-09-15T23:21:13Z,0.006366,False,False,https://api.fususone.com/api/public/organizations/orlando/stats/
orlando,totalSharedCameras,previous,2658,2658,0,0.0,0.0,Orlando Connect,Orlando,FL,2026-09-15T23:12:03Z,2026-09-15T23:21:13Z,0.006366,False,False,https://api.fususone.com/api/public/organizations/orlando/stats/
orlando,totalMaxCameras,previous,1500,1500,0,0.0,0.0,Orlando Connect,Orlando,FL,2026-09-15T23:12:03Z,2026-09-15T23:21:13Z,0.006366,False,False,https://api.fususone.com/api/public/organizations/orlando/stats/
orlando,subscribedCameras,previous,1006,1006,0,0.0,0.0,Orlando Connect,Orlando,FL,2026-09-15T23:12:03Z,2026-09-15T23:21:13Z,0.006366,False,False,https://api.fususone.com/api/public/organizations/orlando/stats/
orlandparkpd,totalRegisteredCameras,previous,425,425,0,0.0,0.0,Connect Orland Park,Orland Park,IL,2026-09-15T23:12:04Z,2026-09-15T23:21:14Z,0.006366,False,False,https://api.fususone.com/api/public/organizations/orlandparkpd/stats/
orlandparkpd,totalIntegratedCameras,previous,1269,1269,0,0.0,0.0,Connect Orland Park,Orland Park,IL,2026-09-15T23:12:04Z,2026-09-15T23:21:14Z,0.006366,False,False,https://api.fususone.com/api/public/organizations/orlandparkpd/stats/
orlandparkpd,totalOwnedCameras,previous,423,423,0,0.0,0.0,Connect Orland Park,Orland Park,IL,2026-09-15T23:12:04Z,2026-09-15T23:21:14Z,0.006366,False,False,https://api.fususone.com/api/public/organizations/orlandparkpd/stats/
orlandparkpd,totalSharedCameras,previous,846,846,0,0.0,0.0,Connect Orland Park,Orland Park,IL,2026-09-15T23:12:04Z,2026-09-15T23:21:14Z,0.006366,False,False,https://api.fususone.com/api/public/organizations/orlandparkpd/stats/
orlandparkpd,totalMaxCameras,previous,10000,10000,0,0.0,0.0,Connect Orland Park,Orland Park,IL,2026-09-15T23:12:04Z,2026-09-15T23:21:14Z,0.006366,False,False,https://api.fususone.com/api/public/organizations/orlandparkpd/stats/
orlandparkpd,subscribedCameras,previous,380,380,0,0.0,0.0,Connect Orland Park,Orland Park,IL,2026-09-15T23:12:04Z,2026-09-15T23:21:14Z,0.006366,False,False,https://api.fususone.com/api/public/organizations/orlandparkpd/stats/
overlandparkpdks,totalRegisteredCameras,previous,6,6,0,0.0,0.0,Secure OP,Overland Park,KS,2026-09-15T23:12:05Z,2026-09-15T23:21:15Z,0.006366,False,False,https://api.fususone.com/api/public/organizations/overlandparkpdks/stats/
overlandparkpdks,totalIntegratedCameras,previous,1087,1087,0,0.0,0.0,Secure OP,Overland Park,KS,2026-09-15T23:12:05Z,2026-09-15T23:21:15Z,0.006366,False,False,https://api.fususone.com/api/public/organizations/overlandparkpdks/stats/
overlandparkpdks,totalOwnedCameras,previous,553,553,0,0.0,0.0,Secure OP,Overland Park,KS,2026-09-15T23:12:05Z,2026-09-15T23:21:15Z,0.006366,False,False,https://api.fususone.com/api/public/organizations/overlandparkpdks/stats/
overlandparkpdks,totalSharedCameras,previous,0,0,0,,0.0,Secure OP,Overland Park,KS,2026-09-15T23:12:05Z,2026-09-15T23:21:15Z,0.006366,True,False,https://api.fususone.com/api/public/organizations/overlandparkpdks/stats/
overlandparkpdks,totalMaxCameras,previous,0,0,0,,0.0,Secure OP,Overland Park,KS,2026-09-15T23:12:05Z,2026-09-15T23:21:15Z,0.006366,True,False,https://api.fususone.com/api/public/organizations/overlandparkpdks/stats/
overlandparkpdks,subscribedCameras,previous,540,540,0,0.0,0.0,Secure OP,Overland Park,KS,2026-09-15T23:12:05Z,2026-09-15T23:21:15Z,0.006366,False,False,https://api.fususone.com/api/public/organizations/overlandparkpdks/stats/
pascopdwa,totalRegisteredCameras,previous,35,35,0,0.0,0.0,OnePasco,Pasco,WA,2026-09-15T23:12:06Z,2026-09-15T23:21:16Z,0.006366,False,False,https://api.fususone.com/api/public/organizations/pascopdwa/stats/
pascopdwa,totalIntegratedCameras,previous,148,148,0,0.0,0.0,OnePasco,Pasco,WA,2026-09-15T23:12:06Z,2026-09-15T23:21:16Z,0.006366,False,False,https://api.fususone.com/api/public/organizations/pascopdwa/stats/
pascopdwa,totalOwnedCameras,previous,148,148,0,0.0,0.0,OnePasco,Pasco,WA,2026-09-15T23:12:06Z,2026-09-15T23:21:16Z,0.006366,False,False,https://api.fususone.com/api/public/organizations/pascopdwa/stats/
pascopdwa,totalSharedCameras,previous,0,0,0,,0.0,OnePasco,Pasco,WA,2026-09-15T23:12:06Z,2026-09-15T23:21:16Z,0.006366,True,False,https://api.fususone.com/api/public/organizations/pascopdwa/stats/
pascopdwa,totalMaxCameras,previous,150,150,0,0.0,0.0,OnePasco,Pasco,WA,2026-09-15T23:12:06Z,2026-09-15T23:21:16Z,0.006366,False,False,https://api.fususone.com/api/public/organizations/pascopdwa/stats/
pascopdwa,subscribedCameras,previous,142,142,0,0.0,0.0,OnePasco,Pasco,WA,2026-09-15T23:12:06Z,2026-09-15T23:21:16Z,0.006366,False,False,https://api.fususone.com/api/public/organizations/pascopdwa/stats/
patersonpdnj,totalRegisteredCameras,previous,182,182,0,0.0,0.0,Connect Paterson,Paterson,NJ,2026-09-15T23:12:07Z,2026-09-15T23:21:17Z,0.006366,False,False,https://api.fususone.com/api/public/organizations/patersonpdnj/stats/
patersonpdnj,totalIntegratedCameras,previous,379,379,0,0.0,0.0,Connect Paterson,Paterson,NJ,2026-09-15T23:12:07Z,2026-09-15T23:21:17Z,0.006366,False,False,https://api.fususone.com/api/public/organizations/patersonpdnj/stats/
patersonpdnj,totalOwnedCameras,previous,379,379,0,0.0,0.0,Connect Paterson,Paterson,NJ,2026-09-15T23:12:07Z,2026-09-15T23:21:17Z,0.006366,False,False,https://api.fususone.com/api/public/organizations/patersonpdnj/stats/
patersonpdnj,totalSharedCameras,previous,0,0,0,,0.0,Connect Paterson,Paterson,NJ,2026-09-15T23:12:07Z,2026-09-15T23:21:17Z,0.006366,True,False,https://api.fususone.com/api/public/organizations/patersonpdnj/stats/
patersonpdnj,totalMaxCameras,previous,10000,10000,0,0.0,0.0,Connect Paterson,Paterson,NJ,2026-09-15T23:12:07Z,2026-09-15T23:21:17Z,0.006366,False,False,https://api.fususone.com/api/public/organizations/patersonpdnj/stats/
patersonpdnj,subscribedCameras,previous,374,374,0,0.0,0.0,Connect Paterson,Paterson,NJ,2026-09-15T23:12:07Z,2026-09-15T23:21:17Z,0.006366,False,False,https://api.fususone.com/api/public/organizations/patersonpdnj/stats/
pbso,totalRegisteredCameras,previous,1734,1734,0,0.0,0.0,Keep Palm Beach County Safe,Palm Beach County,FL,2026-09-15T23:12:08Z,2026-09-15T23:21:18Z,0.006366,False,False,https://api.fususone.com/api/public/organizations/pbso/stats/
pbso,totalIntegratedCameras,previous,1497,1497,0,0.0,0.0,Keep Palm Beach County Safe,Palm Beach County,FL,2026-09-15T23:12:08Z,2026-09-15T23:21:18Z,0.006366,False,False,https://api.fususone.com/api/public/organizations/pbso/stats/
pbso,totalOwnedCameras,previous,1011,1011,0,0.0,0.0,Keep Palm Beach County Safe,Palm Beach County,FL,2026-09-15T23:12:08Z,2026-09-15T23:21:18Z,0.006366,False,False,https://api.fususone.com/api/public/organizations/pbso/stats/
pbso,totalSharedCameras,previous,0,0,0,,0.0,Keep Palm Beach County Safe,Palm Beach County,FL,2026-09-15T23:12:08Z,2026-09-15T23:21:18Z,0.006366,True,False,https://api.fususone.com/api/public/organizations/pbso/stats/
pbso,totalMaxCameras,previous,1,1,0,0.0,0.0,Keep Palm Beach County Safe,Palm Beach County,FL,2026-09-15T23:12:08Z,2026-09-15T23:21:18Z,0.006366,False,False,https://api.fususone.com/api/public/organizations/pbso/stats/
pbso,subscribedCameras,previous,925,925,0,0.0,0.0,Keep Palm Beach County Safe,Palm Beach County,FL,2026-09-15T23:12:08Z,2026-09-15T23:21:18Z,0.006366,False,False,https://api.fususone.com/api/public/organizations/pbso/stats/
peachtreecorners,totalRegisteredCameras,previous,445,445,0,0.0,0.0,Connect Peachtree,Peachtree Corners,GA,2026-09-15T23:12:09Z,2026-09-15T23:21:19Z,0.006366,False,False,https://api.fususone.com/api/public/organizations/peachtreecorners/stats/
peachtreecorners,totalIntegratedCameras,previous,191,191,0,0.0,0.0,Connect Peachtree,Peachtree Corners,GA,2026-09-15T23:12:09Z,2026-09-15T23:21:19Z,0.006366,False,False,https://api.fususone.com/api/public/organizations/peachtreecorners/stats/
peachtreecorners,totalOwnedCameras,previous,142,142,0,0.0,0.0,Connect Peachtree,Peachtree Corners,GA,2026-09-15T23:12:09Z,2026-09-15T23:21:19Z,0.006366,False,False,https://api.fususone.com/api/public/organizations/peachtreecorners/stats/
peachtreecorners,totalSharedCameras,previous,32,32,0,0.0,0.0,Connect Peachtree,Peachtree Corners,GA,2026-09-15T23:12:09Z,2026-09-15T23:21:19Z,0.006366,False,False,https://api.fususone.com/api/public/organizations/peachtreecorners/stats/
peachtreecorners,totalMaxCameras,previous,500,500,0,0.0,0.0,Connect Peachtree,Peachtree Corners,GA,2026-09-15T23:12:09Z,2026-09-15T23:21:19Z,0.006366,False,False,https://api.fususone.com/api/public/organizations/peachtreecorners/stats/
peachtreecorners,subscribedCameras,previous,139,139,0,0.0,0.0,Connect Peachtree,Peachtree Corners,GA,2026-09-15T23:12:09Z,2026-09-15T23:21:19Z,0.006366,False,False,https://api.fususone.com/api/public/organizations/peachtreecorners/stats/
pekinpdil,totalRegisteredCameras,previous,0,0,0,,0.0,Connect Pekin,Pekin,IL,2026-09-15T23:12:10Z,2026-09-15T23:21:20Z,0.006366,True,False,https://api.fususone.com/api/public/organizations/pekinpdil/stats/
pekinpdil,totalIntegratedCameras,previous,87,87,0,0.0,0.0,Connect Pekin,Pekin,IL,2026-09-15T23:12:10Z,2026-09-15T23:21:20Z,0.006366,False,False,https://api.fususone.com/api/public/organizations/pekinpdil/stats/
pekinpdil,totalOwnedCameras,previous,68,68,0,0.0,0.0,Connect Pekin,Pekin,IL,2026-09-15T23:12:10Z,2026-09-15T23:21:20Z,0.006366,False,False,https://api.fususone.com/api/public/organizations/pekinpdil/stats/
pekinpdil,totalSharedCameras,previous,0,0,0,,0.0,Connect Pekin,Pekin,IL,2026-09-15T23:12:10Z,2026-09-15T23:21:20Z,0.006366,True,False,https://api.fususone.com/api/public/organizations/pekinpdil/stats/
pekinpdil,totalMaxCameras,previous,0,0,0,,0.0,Connect Pekin,Pekin,IL,2026-09-15T23:12:10Z,2026-09-15T23:21:20Z,0.006366,True,False,https://api.fususone.com/api/public/organizations/pekinpdil/stats/
pekinpdil,subscribedCameras,previous,68,68,0,0.0,0.0,Connect Pekin,Pekin,IL,2026-09-15T23:12:10Z,2026-09-15T23:21:20Z,0.006366,False,False,https://api.fususone.com/api/public/organizations/pekinpdil/stats/
pellcitypd,totalRegisteredCameras,previous,272,272,0,0.0,0.0,Connect Pell City,Pell City,AL,2026-09-15T23:12:11Z,2026-09-15T23:21:21Z,0.006366,False,False,https://api.fususone.com/api/public/organizations/pellcitypd/stats/
pellcitypd,totalIntegratedCameras,previous,976,976,0,0.0,0.0,Connect Pell City,Pell City,AL,2026-09-15T23:12:11Z,2026-09-15T23:21:21Z,0.006366,False,False,https://api.fususone.com/api/public/organizations/pellcitypd/stats/
pellcitypd,totalOwnedCameras,previous,279,279,0,0.0,0.0,Connect Pell City,Pell City,AL,2026-09-15T23:12:11Z,2026-09-15T23:21:21Z,0.006366,False,False,https://api.fususone.com/api/public/organizations/pellcitypd/stats/
pellcitypd,totalSharedCameras,previous,697,697,0,0.0,0.0,Connect Pell City,Pell City,AL,2026-09-15T23:12:11Z,2026-09-15T23:21:21Z,0.006366,False,False,https://api.fususone.com/api/public/organizations/pellcitypd/stats/
pellcitypd,totalMaxCameras,previous,1000,1000,0,0.0,0.0,Connect Pell City,Pell City,AL,2026-09-15T23:12:11Z,2026-09-15T23:21:21Z,0.006366,False,False,https://api.fususone.com/api/public/organizations/pellcitypd/stats/
pellcitypd,subscribedCameras,previous,279,279,0,0.0,0.0,Connect Pell City,Pell City,AL,2026-09-15T23:12:11Z,2026-09-15T23:21:21Z,0.006366,False,False,https://api.fususone.com/api/public/organizations/pellcitypd/stats/
peoriapd,totalRegisteredCameras,previous,445,445,0,0.0,0.0,Connect Peoria,Peoria,IL,2026-09-15T23:12:12Z,2026-09-15T23:21:22Z,0.006366,False,False,https://api.fususone.com/api/public/organizations/peoriapd/stats/
peoriapd,totalIntegratedCameras,previous,899,899,0,0.0,0.0,Connect Peoria,Peoria,IL,2026-09-15T23:12:12Z,2026-09-15T23:21:22Z,0.006366,False,False,https://api.fususone.com/api/public/organizations/peoriapd/stats/
peoriapd,totalOwnedCameras,previous,544,544,0,0.0,0.0,Connect Peoria,Peoria,IL,2026-09-15T23:12:12Z,2026-09-15T23:21:22Z,0.006366,False,False,https://api.fususone.com/api/public/organizations/peoriapd/stats/
peoriapd,totalSharedCameras,previous,0,0,0,,0.0,Connect Peoria,Peoria,IL,2026-09-15T23:12:12Z,2026-09-15T23:21:22Z,0.006366,True,False,https://api.fususone.com/api/public/organizations/peoriapd/stats/
peoriapd,totalMaxCameras,previous,1500,1500,0,0.0,0.0,Connect Peoria,Peoria,IL,2026-09-15T23:12:12Z,2026-09-15T23:21:22Z,0.006366,False,False,https://api.fususone.com/api/public/organizations/peoriapd/stats/
peoriapd,subscribedCameras,previous,537,537,0,0.0,0.0,Connect Peoria,Peoria,IL,2026-09-15T23:12:12Z,2026-09-15T23:21:22Z,0.006366,False,False,https://api.fususone.com/api/public/organizations/peoriapd/stats/
peoriapdaz,totalRegisteredCameras,previous,76,76,0,0.0,0.0,Connect Peoria,Peoria,AZ,2026-09-15T23:12:13Z,2026-09-15T23:21:23Z,0.006366,False,False,https://api.fususone.com/api/public/organizations/peoriapdaz/stats/
peoriapdaz,totalIntegratedCameras,previous,592,592,0,0.0,0.0,Connect Peoria,Peoria,AZ,2026-09-15T23:12:13Z,2026-09-15T23:21:23Z,0.006366,False,False,https://api.fususone.com/api/public/organizations/peoriapdaz/stats/
peoriapdaz,totalOwnedCameras,previous,396,396,0,0.0,0.0,Connect Peoria,Peoria,AZ,2026-09-15T23:12:13Z,2026-09-15T23:21:23Z,0.006366,False,False,https://api.fususone.com/api/public/organizations/peoriapdaz/stats/
peoriapdaz,totalSharedCameras,previous,25,25,0,0.0,0.0,Connect Peoria,Peoria,AZ,2026-09-15T23:12:13Z,2026-09-15T23:21:23Z,0.006366,False,False,https://api.fususone.com/api/public/organizations/peoriapdaz/stats/
peoriapdaz,totalMaxCameras,previous,10000,10000,0,0.0,0.0,Connect Peoria,Peoria,AZ,2026-09-15T23:12:13Z,2026-09-15T23:21:23Z,0.006366,False,False,https://api.fususone.com/api/public/organizations/peoriapdaz/stats/
peoriapdaz,subscribedCameras,previous,393,393,0,0.0,0.0,Connect Peoria,Peoria,AZ,2026-09-15T23:12:13Z,2026-09-15T23:21:23Z,0.006366,False,False,https://api.fususone.com/api/public/organizations/peoriapdaz/stats/
petersburgpd,totalRegisteredCameras,previous,358,358,0,0.0,0.0,Connect Petersburg,Petersburg,VA,2026-09-15T23:12:14Z,2026-09-15T23:21:24Z,0.006366,False,False,https://api.fususone.com/api/public/organizations/petersburgpd/stats/
petersburgpd,totalIntegratedCameras,previous,1711,1711,0,0.0,0.0,Connect Petersburg,Petersburg,VA,2026-09-15T23:12:14Z,2026-09-15T23:21:24Z,0.006366,False,False,https://api.fususone.com/api/public/organizations/petersburgpd/stats/
petersburgpd,totalOwnedCameras,previous,298,298,0,0.0,0.0,Connect Petersburg,Petersburg,VA,2026-09-15T23:12:14Z,2026-09-15T23:21:24Z,0.006366,False,False,https://api.fususone.com/api/public/organizations/petersburgpd/stats/
petersburgpd,totalSharedCameras,previous,1413,1413,0,0.0,0.0,Connect Petersburg,Petersburg,VA,2026-09-15T23:12:14Z,2026-09-15T23:21:24Z,0.006366,False,False,https://api.fususone.com/api/public/organizations/petersburgpd/stats/
petersburgpd,totalMaxCameras,previous,1500,1500,0,0.0,0.0,Connect Petersburg,Petersburg,VA,2026-09-15T23:12:14Z,2026-09-15T23:21:24Z,0.006366,False,False,https://api.fususone.com/api/public/organizations/petersburgpd/stats/
petersburgpd,subscribedCameras,previous,273,273,0,0.0,0.0,Connect Petersburg,Petersburg,VA,2026-09-15T23:12:14Z,2026-09-15T23:21:24Z,0.006366,False,False,https://api.fususone.com/api/public/organizations/petersburgpd/stats/
pgcountypd,totalRegisteredCameras,previous,461,461,0,0.0,0.0,Connect Prince George's County,Prince George's County,MD,2026-09-15T23:12:15Z,2026-09-15T23:21:25Z,0.006366,False,False,https://api.fususone.com/api/public/organizations/pgcountypd/stats/
pgcountypd,totalIntegratedCameras,previous,3223,3223,0,0.0,0.0,Connect Prince George's County,Prince George's County,MD,2026-09-15T23:12:15Z,2026-09-15T23:21:25Z,0.006366,False,False,https://api.fususone.com/api/public/organizations/pgcountypd/stats/
pgcountypd,totalOwnedCameras,previous,1782,1782,0,0.0,0.0,Connect Prince George's County,Prince George's County,MD,2026-09-15T23:12:15Z,2026-09-15T23:21:25Z,0.006366,False,False,https://api.fususone.com/api/public/organizations/pgcountypd/stats/
pgcountypd,totalSharedCameras,previous,578,578,0,0.0,0.0,Connect Prince George's County,Prince George's County,MD,2026-09-15T23:12:15Z,2026-09-15T23:21:25Z,0.006366,False,False,https://api.fususone.com/api/public/organizations/pgcountypd/stats/
pgcountypd,totalMaxCameras,previous,1500,1500,0,0.0,0.0,Connect Prince George's County,Prince George's County,MD,2026-09-15T23:12:15Z,2026-09-15T23:21:25Z,0.006366,False,False,https://api.fususone.com/api/public/organizations/pgcountypd/stats/
pgcountypd,subscribedCameras,previous,1483,1483,0,0.0,0.0,Connect Prince George's County,Prince George's County,MD,2026-09-15T23:12:15Z,2026-09-15T23:21:25Z,0.006366,False,False,https://api.fususone.com/api/public/organizations/pgcountypd/stats/
placerca,totalRegisteredCameras,previous,550,550,0,0.0,0.0,Connect Placer County,Placer County,CA,2026-09-15T23:12:16Z,2026-09-15T23:21:26Z,0.006366,False,False,https://api.fususone.com/api/public/organizations/placerca/stats/
placerca,totalIntegratedCameras,previous,912,912,0,0.0,0.0,Connect Placer County,Placer County,CA,2026-09-15T23:12:16Z,2026-09-15T23:21:26Z,0.006366,False,False,https://api.fususone.com/api/public/organizations/placerca/stats/
placerca,totalOwnedCameras,previous,263,263,0,0.0,0.0,Connect Placer County,Placer County,CA,2026-09-15T23:12:16Z,2026-09-15T23:21:26Z,0.006366,False,False,https://api.fususone.com/api/public/organizations/placerca/stats/
placerca,totalSharedCameras,previous,472,472,0,0.0,0.0,Connect Placer County,Placer County,CA,2026-09-15T23:12:16Z,2026-09-15T23:21:26Z,0.006366,False,False,https://api.fususone.com/api/public/organizations/placerca/stats/
placerca,totalMaxCameras,previous,500,500,0,0.0,0.0,Connect Placer County,Placer County,CA,2026-09-15T23:12:16Z,2026-09-15T23:21:26Z,0.006366,False,False,https://api.fususone.com/api/public/organizations/placerca/stats/
placerca,subscribedCameras,previous,219,219,0,0.0,0.0,Connect Placer County,Placer County,CA,2026-09-15T23:12:16Z,2026-09-15T23:21:26Z,0.006366,False,False,https://api.fususone.com/api/public/organizations/placerca/stats/
planotx,totalRegisteredCameras,previous,18,18,0,0.0,0.0,Keep Plano Safe,Plano,TX,2026-09-15T23:12:17Z,2026-09-15T23:21:27Z,0.006366,False,False,https://api.fususone.com/api/public/organizations/planotx/stats/
planotx,totalIntegratedCameras,previous,324,324,0,0.0,0.0,Keep Plano Safe,Plano,TX,2026-09-15T23:12:17Z,2026-09-15T23:21:27Z,0.006366,False,False,https://api.fususone.com/api/public/organizations/planotx/stats/
planotx,totalOwnedCameras,previous,324,324,0,0.0,0.0,Keep Plano Safe,Plano,TX,2026-09-15T23:12:17Z,2026-09-15T23:21:27Z,0.006366,False,False,https://api.fususone.com/api/public/organizations/planotx/stats/
planotx,totalSharedCameras,previous,0,0,0,,0.0,Keep Plano Safe,Plano,TX,2026-09-15T23:12:17Z,2026-09-15T23:21:27Z,0.006366,True,False,https://api.fususone.com/api/public/organizations/planotx/stats/
planotx,totalMaxCameras,previous,500,500,0,0.0,0.0,Keep Plano Safe,Plano,TX,2026-09-15T23:12:17Z,2026-09-15T23:21:27Z,0.006366,False,False,https://api.fususone.com/api/public/organizations/planotx/stats/
planotx,subscribedCameras,previous,316,316,0,0.0,0.0,Keep Plano Safe,Plano,TX,2026-09-15T23:12:17Z,2026-09-15T23:21:27Z,0.006366,False,False,https://api.fususone.com/api/public/organizations/planotx/stats/
plaqueminesparishso,totalRegisteredCameras,previous,8,8,0,0.0,0.0,Connect Plaquemines Parish,Plaquemines Parish,LA,2026-09-15T23:12:18Z,2026-09-15T23:21:28Z,0.006366,False,False,https://api.fususone.com/api/public/organizations/plaqueminesparishso/stats/
plaqueminesparishso,totalIntegratedCameras,previous,532,532,0,0.0,0.0,Connect Plaquemines Parish,Plaquemines Parish,LA,2026-09-15T23:12:18Z,2026-09-15T23:21:28Z,0.006366,False,False,https://api.fususone.com/api/public/organizations/plaqueminesparishso/stats/
plaqueminesparishso,totalOwnedCameras,previous,35,35,0,0.0,0.0,Connect Plaquemines Parish,Plaquemines Parish,LA,2026-09-15T23:12:18Z,2026-09-15T23:21:28Z,0.006366,False,False,https://api.fususone.com/api/public/organizations/plaqueminesparishso/stats/
plaqueminesparishso,totalSharedCameras,previous,497,497,0,0.0,0.0,Connect Plaquemines Parish,Plaquemines Parish,LA,2026-09-15T23:12:18Z,2026-09-15T23:21:28Z,0.006366,False,False,https://api.fususone.com/api/public/organizations/plaqueminesparishso/stats/
plaqueminesparishso,totalMaxCameras,previous,10000,10000,0,0.0,0.0,Connect Plaquemines Parish,Plaquemines Parish,LA,2026-09-15T23:12:18Z,2026-09-15T23:21:28Z,0.006366,False,False,https://api.fususone.com/api/public/organizations/plaqueminesparishso/stats/
plaqueminesparishso,subscribedCameras,previous,35,35,0,0.0,0.0,Connect Plaquemines Parish,Plaquemines Parish,LA,2026-09-15T23:12:18Z,2026-09-15T23:21:28Z,0.006366,False,False,https://api.fususone.com/api/public/organizations/plaqueminesparishso/stats/
pomonapd,totalRegisteredCameras,previous,264,264,0,0.0,0.0,Pomona Safe Communities,Pomona,CA,2026-09-15T23:12:19Z,2026-09-15T23:21:29Z,0.006366,False,False,https://api.fususone.com/api/public/organizations/pomonapd/stats/
pomonapd,totalIntegratedCameras,previous,187,187,0,0.0,0.0,Pomona Safe Communities,Pomona,CA,2026-09-15T23:12:19Z,2026-09-15T23:21:29Z,0.006366,False,False,https://api.fususone.com/api/public/organizations/pomonapd/stats/
pomonapd,totalOwnedCameras,previous,179,179,0,0.0,0.0,Pomona Safe Communities,Pomona,CA,2026-09-15T23:12:19Z,2026-09-15T23:21:29Z,0.006366,False,False,https://api.fususone.com/api/public/organizations/pomonapd/stats/
pomonapd,totalSharedCameras,previous,8,8,0,0.0,0.0,Pomona Safe Communities,Pomona,CA,2026-09-15T23:12:19Z,2026-09-15T23:21:29Z,0.006366,False,False,https://api.fususone.com/api/public/organizations/pomonapd/stats/
pomonapd,totalMaxCameras,previous,10000,10000,0,0.0,0.0,Pomona Safe Communities,Pomona,CA,2026-09-15T23:12:19Z,2026-09-15T23:21:29Z,0.006366,False,False,https://api.fususone.com/api/public/organizations/pomonapd/stats/
pomonapd,subscribedCameras,previous,168,168,0,0.0,0.0,Pomona Safe Communities,Pomona,CA,2026-09-15T23:12:19Z,2026-09-15T23:21:29Z,0.006366,False,False,https://api.fususone.com/api/public/organizations/pomonapd/stats/
portsmouthpd,totalRegisteredCameras,previous,491,491,0,0.0,0.0,Portsmouth Connect,Portsmouth,VA,2026-09-15T23:12:20Z,2026-09-15T23:21:30Z,0.006366,False,False,https://api.fususone.com/api/public/organizations/portsmouthpd/stats/
portsmouthpd,totalIntegratedCameras,previous,1806,1806,0,0.0,0.0,Portsmouth Connect,Portsmouth,VA,2026-09-15T23:12:20Z,2026-09-15T23:21:30Z,0.006366,False,False,https://api.fususone.com/api/public/organizations/portsmouthpd/stats/
portsmouthpd,totalOwnedCameras,previous,393,393,0,0.0,0.0,Portsmouth Connect,Portsmouth,VA,2026-09-15T23:12:20Z,2026-09-15T23:21:30Z,0.006366,False,False,https://api.fususone.com/api/public/organizations/portsmouthpd/stats/
portsmouthpd,totalSharedCameras,previous,1413,1413,0,0.0,0.0,Portsmouth Connect,Portsmouth,VA,2026-09-15T23:12:20Z,2026-09-15T23:21:30Z,0.006366,False,False,https://api.fususone.com/api/public/organizations/portsmouthpd/stats/
portsmouthpd,totalMaxCameras,previous,1500,1500,0,0.0,0.0,Portsmouth Connect,Portsmouth,VA,2026-09-15T23:12:20Z,2026-09-15T23:21:30Z,0.006366,False,False,https://api.fususone.com/api/public/organizations/portsmouthpd/stats/
portsmouthpd,subscribedCameras,previous,392,392,0,0.0,0.0,Portsmouth Connect,Portsmouth,VA,2026-09-15T23:12:20Z,2026-09-15T23:21:30Z,0.006366,False,False,https://api.fususone.com/api/public/organizations/portsmouthpd/stats/
powderspringspd,totalRegisteredCameras,previous,113,113,0,0.0,0.0,Connect Powder Springs,Powder Springs,GA,2026-09-15T23:12:21Z,2026-09-15T23:21:31Z,0.006366,False,False,https://api.fususone.com/api/public/organizations/powderspringspd/stats/
powderspringspd,totalIntegratedCameras,previous,2954,2954,0,0.0,0.0,Connect Powder Springs,Powder Springs,GA,2026-09-15T23:12:21Z,2026-09-15T23:21:31Z,0.006366,False,False,https://api.fususone.com/api/public/organizations/powderspringspd/stats/
powderspringspd,totalOwnedCameras,previous,52,52,0,0.0,0.0,Connect Powder Springs,Powder Springs,GA,2026-09-15T23:12:21Z,2026-09-15T23:21:31Z,0.006366,False,False,https://api.fususone.com/api/public/organizations/powderspringspd/stats/
powderspringspd,totalSharedCameras,previous,18,18,0,0.0,0.0,Connect Powder Springs,Powder Springs,GA,2026-09-15T23:12:21Z,2026-09-15T23:21:31Z,0.006366,False,False,https://api.fususone.com/api/public/organizations/powderspringspd/stats/
powderspringspd,totalMaxCameras,previous,150,150,0,0.0,0.0,Connect Powder Springs,Powder Springs,GA,2026-09-15T23:12:21Z,2026-09-15T23:21:31Z,0.006366,False,False,https://api.fususone.com/api/public/organizations/powderspringspd/stats/
powderspringspd,subscribedCameras,previous,52,52,0,0.0,0.0,Connect Powder Springs,Powder Springs,GA,2026-09-15T23:12:21Z,2026-09-15T23:21:31Z,0.006366,False,False,https://api.fususone.com/api/public/organizations/powderspringspd/stats/
prairievillagepdks,totalRegisteredCameras,previous,116,116,0,0.0,0.0,Connect Prairie Village,Prairie Village,KS,2026-09-15T23:12:22Z,2026-09-15T23:21:32Z,0.006366,False,False,https://api.fususone.com/api/public/organizations/prairievillagepdks/stats/
prairievillagepdks,totalIntegratedCameras,previous,1488,1488,0,0.0,0.0,Connect Prairie Village,Prairie Village,KS,2026-09-15T23:12:22Z,2026-09-15T23:21:32Z,0.006366,False,False,https://api.fususone.com/api/public/organizations/prairievillagepdks/stats/
prairievillagepdks,totalOwnedCameras,previous,327,327,0,0.0,0.0,Connect Prairie Village,Prairie Village,KS,2026-09-15T23:12:22Z,2026-09-15T23:21:32Z,0.006366,False,False,https://api.fususone.com/api/public/organizations/prairievillagepdks/stats/
prairievillagepdks,totalSharedCameras,previous,320,320,0,0.0,0.0,Connect Prairie Village,Prairie Village,KS,2026-09-15T23:12:22Z,2026-09-15T23:21:32Z,0.006366,False,False,https://api.fususone.com/api/public/organizations/prairievillagepdks/stats/
prairievillagepdks,totalMaxCameras,previous,1500,1500,0,0.0,0.0,Connect Prairie Village,Prairie Village,KS,2026-09-15T23:12:22Z,2026-09-15T23:21:32Z,0.006366,False,False,https://api.fususone.com/api/public/organizations/prairievillagepdks/stats/
prairievillagepdks,subscribedCameras,previous,312,312,0,0.0,0.0,Connect Prairie Village,Prairie Village,KS,2026-09-15T23:12:22Z,2026-09-15T23:21:32Z,0.006366,False,False,https://api.fususone.com/api/public/organizations/prairievillagepdks/stats/
queencreekaz,totalRegisteredCameras,previous,76,76,0,0.0,0.0,Connect Queen Creek,Queen Creek,AZ,2026-09-15T23:12:23Z,2026-09-15T23:21:33Z,0.006366,False,False,https://api.fususone.com/api/public/organizations/queencreekaz/stats/
queencreekaz,totalIntegratedCameras,previous,945,945,0,0.0,0.0,Connect Queen Creek,Queen Creek,AZ,2026-09-15T23:12:23Z,2026-09-15T23:21:33Z,0.006366,False,False,https://api.fususone.com/api/public/organizations/queencreekaz/stats/
queencreekaz,totalOwnedCameras,previous,441,441,0,0.0,0.0,Connect Queen Creek,Queen Creek,AZ,2026-09-15T23:12:23Z,2026-09-15T23:21:33Z,0.006366,False,False,https://api.fususone.com/api/public/organizations/queencreekaz/stats/
queencreekaz,totalSharedCameras,previous,333,333,0,0.0,0.0,Connect Queen Creek,Queen Creek,AZ,2026-09-15T23:12:23Z,2026-09-15T23:21:33Z,0.006366,False,False,https://api.fususone.com/api/public/organizations/queencreekaz/stats/
queencreekaz,totalMaxCameras,previous,1499,1499,0,0.0,0.0,Connect Queen Creek,Queen Creek,AZ,2026-09-15T23:12:23Z,2026-09-15T23:21:33Z,0.006366,False,False,https://api.fususone.com/api/public/organizations/queencreekaz/stats/
queencreekaz,subscribedCameras,previous,433,433,0,0.0,0.0,Connect Queen Creek,Queen Creek,AZ,2026-09-15T23:12:23Z,2026-09-15T23:21:33Z,0.006366,False,False,https://api.fususone.com/api/public/organizations/queencreekaz/stats/
raleighncpd,totalRegisteredCameras,previous,1846,1846,0,0.0,0.0,CONNECTRALEIGH,Raleigh,NC,2026-09-15T23:12:24Z,2026-09-15T23:21:34Z,0.006366,False,False,https://api.fususone.com/api/public/organizations/raleighncpd/stats/
raleighncpd,totalIntegratedCameras,previous,1637,1637,0,0.0,0.0,CONNECTRALEIGH,Raleigh,NC,2026-09-15T23:12:24Z,2026-09-15T23:21:34Z,0.006366,False,False,https://api.fususone.com/api/public/organizations/raleighncpd/stats/
raleighncpd,totalOwnedCameras,previous,1152,1152,0,0.0,0.0,CONNECTRALEIGH,Raleigh,NC,2026-09-15T23:12:24Z,2026-09-15T23:21:34Z,0.006366,False,False,https://api.fususone.com/api/public/organizations/raleighncpd/stats/
raleighncpd,totalSharedCameras,previous,56,56,0,0.0,0.0,CONNECTRALEIGH,Raleigh,NC,2026-09-15T23:12:24Z,2026-09-15T23:21:34Z,0.006366,False,False,https://api.fususone.com/api/public/organizations/raleighncpd/stats/
raleighncpd,totalMaxCameras,previous,1500,1500,0,0.0,0.0,CONNECTRALEIGH,Raleigh,NC,2026-09-15T23:12:24Z,2026-09-15T23:21:34Z,0.006366,False,False,https://api.fususone.com/api/public/organizations/raleighncpd/stats/
raleighncpd,subscribedCameras,previous,1149,1149,0,0.0,0.0,CONNECTRALEIGH,Raleigh,NC,2026-09-15T23:12:24Z,2026-09-15T23:21:34Z,0.006366,False,False,https://api.fususone.com/api/public/organizations/raleighncpd/stats/
rankincounty,totalRegisteredCameras,previous,0,0,0,,0.0,Connect Rankin County,Rankin County,MS,2026-09-15T23:12:25Z,2026-09-15T23:21:35Z,0.006366,True,False,https://api.fususone.com/api/public/organizations/rankincounty/stats/
rankincounty,totalIntegratedCameras,previous,368,368,0,0.0,0.0,Connect Rankin County,Rankin County,MS,2026-09-15T23:12:25Z,2026-09-15T23:21:35Z,0.006366,False,False,https://api.fususone.com/api/public/organizations/rankincounty/stats/
rankincounty,totalOwnedCameras,previous,266,266,0,0.0,0.0,Connect Rankin County,Rankin County,MS,2026-09-15T23:12:25Z,2026-09-15T23:21:35Z,0.006366,False,False,https://api.fususone.com/api/public/organizations/rankincounty/stats/
rankincounty,totalSharedCameras,previous,58,58,0,0.0,0.0,Connect Rankin County,Rankin County,MS,2026-09-15T23:12:25Z,2026-09-15T23:21:35Z,0.006366,False,False,https://api.fususone.com/api/public/organizations/rankincounty/stats/
rankincounty,totalMaxCameras,previous,1500,1500,0,0.0,0.0,Connect Rankin County,Rankin County,MS,2026-09-15T23:12:25Z,2026-09-15T23:21:35Z,0.006366,False,False,https://api.fususone.com/api/public/organizations/rankincounty/stats/
rankincounty,subscribedCameras,previous,261,261,0,0.0,0.0,Connect Rankin County,Rankin County,MS,2026-09-15T23:12:25Z,2026-09-15T23:21:35Z,0.006366,False,False,https://api.fususone.com/api/public/organizations/rankincounty/stats/
redondobchpd,totalRegisteredCameras,previous,445,445,0,0.0,0.0,Connect Redondo Beach,Redondo Beach,CA,2026-09-15T23:12:26Z,2026-09-15T23:21:36Z,0.006366,False,False,https://api.fususone.com/api/public/organizations/redondobchpd/stats/
redondobchpd,totalIntegratedCameras,previous,482,482,0,0.0,0.0,Connect Redondo Beach,Redondo Beach,CA,2026-09-15T23:12:26Z,2026-09-15T23:21:36Z,0.006366,False,False,https://api.fususone.com/api/public/organizations/redondobchpd/stats/
redondobchpd,totalOwnedCameras,previous,77,77,0,0.0,0.0,Connect Redondo Beach,Redondo Beach,CA,2026-09-15T23:12:26Z,2026-09-15T23:21:36Z,0.006366,False,False,https://api.fususone.com/api/public/organizations/redondobchpd/stats/
redondobchpd,totalSharedCameras,previous,405,405,0,0.0,0.0,Connect Redondo Beach,Redondo Beach,CA,2026-09-15T23:12:26Z,2026-09-15T23:21:36Z,0.006366,False,False,https://api.fususone.com/api/public/organizations/redondobchpd/stats/
redondobchpd,totalMaxCameras,previous,350,350,0,0.0,0.0,Connect Redondo Beach,Redondo Beach,CA,2026-09-15T23:12:26Z,2026-09-15T23:21:36Z,0.006366,False,False,https://api.fususone.com/api/public/organizations/redondobchpd/stats/
redondobchpd,subscribedCameras,previous,75,75,0,0.0,0.0,Connect Redondo Beach,Redondo Beach,CA,2026-09-15T23:12:26Z,2026-09-15T23:21:36Z,0.006366,False,False,https://api.fususone.com/api/public/organizations/redondobchpd/stats/
renopd,totalRegisteredCameras,previous,708,708,0,0.0,0.0,Connect Reno,Reno,NV,2026-09-15T23:12:27Z,2026-09-15T23:21:37Z,0.006366,False,False,https://api.fususone.com/api/public/organizations/renopd/stats/
renopd,totalIntegratedCameras,previous,881,881,0,0.0,0.0,Connect Reno,Reno,NV,2026-09-15T23:12:27Z,2026-09-15T23:21:37Z,0.006366,False,False,https://api.fususone.com/api/public/organizations/renopd/stats/
renopd,totalOwnedCameras,previous,541,541,0,0.0,0.0,Connect Reno,Reno,NV,2026-09-15T23:12:27Z,2026-09-15T23:21:37Z,0.006366,False,False,https://api.fususone.com/api/public/organizations/renopd/stats/
renopd,totalSharedCameras,previous,141,141,0,0.0,0.0,Connect Reno,Reno,NV,2026-09-15T23:12:27Z,2026-09-15T23:21:37Z,0.006366,False,False,https://api.fususone.com/api/public/organizations/renopd/stats/
renopd,totalMaxCameras,previous,500,500,0,0.0,0.0,Connect Reno,Reno,NV,2026-09-15T23:12:27Z,2026-09-15T23:21:37Z,0.006366,False,False,https://api.fususone.com/api/public/organizations/renopd/stats/
renopd,subscribedCameras,previous,513,513,0,0.0,0.0,Connect Reno,Reno,NV,2026-09-15T23:12:27Z,2026-09-15T23:21:37Z,0.006366,False,False,https://api.fususone.com/api/public/organizations/renopd/stats/
rentonpdwa,totalRegisteredCameras,previous,1328,1328,0,0.0,0.0,Connect Renton,Renton,WA,2026-09-15T23:12:28Z,2026-09-15T23:21:38Z,0.006366,False,False,https://api.fususone.com/api/public/organizations/rentonpdwa/stats/
rentonpdwa,totalIntegratedCameras,previous,237,237,0,0.0,0.0,Connect Renton,Renton,WA,2026-09-15T23:12:28Z,2026-09-15T23:21:38Z,0.006366,False,False,https://api.fususone.com/api/public/organizations/rentonpdwa/stats/
rentonpdwa,totalOwnedCameras,previous,237,237,0,0.0,0.0,Connect Renton,Renton,WA,2026-09-15T23:12:28Z,2026-09-15T23:21:38Z,0.006366,False,False,https://api.fususone.com/api/public/organizations/rentonpdwa/stats/
rentonpdwa,totalSharedCameras,previous,0,0,0,,0.0,Connect Renton,Renton,WA,2026-09-15T23:12:28Z,2026-09-15T23:21:38Z,0.006366,True,False,https://api.fususone.com/api/public/organizations/rentonpdwa/stats/
rentonpdwa,totalMaxCameras,previous,0,0,0,,0.0,Connect Renton,Renton,WA,2026-09-15T23:12:28Z,2026-09-15T23:21:38Z,0.006366,True,False,https://api.fususone.com/api/public/organizations/rentonpdwa/stats/
rentonpdwa,subscribedCameras,previous,219,219,0,0.0,0.0,Connect Renton,Renton,WA,2026-09-15T23:12:28Z,2026-09-15T23:21:38Z,0.006366,False,False,https://api.fususone.com/api/public/organizations/rentonpdwa/stats/
rialtopd,totalRegisteredCameras,previous,349,349,0,0.0,0.0,Connect Rialto,Rialto,CA,2026-09-15T23:12:29Z,2026-09-15T23:21:39Z,0.006366,False,False,https://api.fususone.com/api/public/organizations/rialtopd/stats/
rialtopd,totalIntegratedCameras,previous,3610,3610,0,0.0,0.0,Connect Rialto,Rialto,CA,2026-09-15T23:12:29Z,2026-09-15T23:21:39Z,0.006366,False,False,https://api.fususone.com/api/public/organizations/rialtopd/stats/
rialtopd,totalOwnedCameras,previous,699,699,0,0.0,0.0,Connect Rialto,Rialto,CA,2026-09-15T23:12:29Z,2026-09-15T23:21:39Z,0.006366,False,False,https://api.fususone.com/api/public/organizations/rialtopd/stats/
rialtopd,totalSharedCameras,previous,2911,2911,0,0.0,0.0,Connect Rialto,Rialto,CA,2026-09-15T23:12:29Z,2026-09-15T23:21:39Z,0.006366,False,False,https://api.fususone.com/api/public/organizations/rialtopd/stats/
rialtopd,totalMaxCameras,previous,500,500,0,0.0,0.0,Connect Rialto,Rialto,CA,2026-09-15T23:12:29Z,2026-09-15T23:21:39Z,0.006366,False,False,https://api.fususone.com/api/public/organizations/rialtopd/stats/
rialtopd,subscribedCameras,previous,685,685,0,0.0,0.0,Connect Rialto,Rialto,CA,2026-09-15T23:12:29Z,2026-09-15T23:21:39Z,0.006366,False,False,https://api.fususone.com/api/public/organizations/rialtopd/stats/
richlandpdwa,totalRegisteredCameras,previous,40,40,0,0.0,0.0,Connect Richland,Richland,WA,2026-09-15T23:12:30Z,2026-09-15T23:21:40Z,0.006366,False,False,https://api.fususone.com/api/public/organizations/richlandpdwa/stats/
richlandpdwa,totalIntegratedCameras,previous,185,185,0,0.0,0.0,Connect Richland,Richland,WA,2026-09-15T23:12:30Z,2026-09-15T23:21:40Z,0.006366,False,False,https://api.fususone.com/api/public/organizations/richlandpdwa/stats/
richlandpdwa,totalOwnedCameras,previous,185,185,0,0.0,0.0,Connect Richland,Richland,WA,2026-09-15T23:12:30Z,2026-09-15T23:21:40Z,0.006366,False,False,https://api.fususone.com/api/public/organizations/richlandpdwa/stats/
richlandpdwa,totalSharedCameras,previous,0,0,0,,0.0,Connect Richland,Richland,WA,2026-09-15T23:12:30Z,2026-09-15T23:21:40Z,0.006366,True,False,https://api.fususone.com/api/public/organizations/richlandpdwa/stats/
richlandpdwa,totalMaxCameras,previous,0,0,0,,0.0,Connect Richland,Richland,WA,2026-09-15T23:12:30Z,2026-09-15T23:21:40Z,0.006366,True,False,https://api.fususone.com/api/public/organizations/richlandpdwa/stats/
richlandpdwa,subscribedCameras,previous,159,159,0,0.0,0.0,Connect Richland,Richland,WA,2026-09-15T23:12:30Z,2026-09-15T23:21:40Z,0.006366,False,False,https://api.fususone.com/api/public/organizations/richlandpdwa/stats/
richmondcsoga,totalRegisteredCameras,previous,0,0,0,,0.0,Connect Richmond County,Richmond County,GA,2026-09-15T23:12:31Z,2026-09-15T23:21:41Z,0.006366,True,False,https://api.fususone.com/api/public/organizations/richmondcsoga/stats/
richmondcsoga,totalIntegratedCameras,previous,141,141,0,0.0,0.0,Connect Richmond County,Richmond County,GA,2026-09-15T23:12:31Z,2026-09-15T23:21:41Z,0.006366,False,False,https://api.fususone.com/api/public/organizations/richmondcsoga/stats/
richmondcsoga,totalOwnedCameras,previous,141,141,0,0.0,0.0,Connect Richmond County,Richmond County,GA,2026-09-15T23:12:31Z,2026-09-15T23:21:41Z,0.006366,False,False,https://api.fususone.com/api/public/organizations/richmondcsoga/stats/
richmondcsoga,totalSharedCameras,previous,0,0,0,,0.0,Connect Richmond County,Richmond County,GA,2026-09-15T23:12:31Z,2026-09-15T23:21:41Z,0.006366,True,False,https://api.fususone.com/api/public/organizations/richmondcsoga/stats/
richmondcsoga,totalMaxCameras,previous,0,0,0,,0.0,Connect Richmond County,Richmond County,GA,2026-09-15T23:12:31Z,2026-09-15T23:21:41Z,0.006366,True,False,https://api.fususone.com/api/public/organizations/richmondcsoga/stats/
richmondcsoga,subscribedCameras,previous,141,141,0,0.0,0.0,Connect Richmond County,Richmond County,GA,2026-09-15T23:12:31Z,2026-09-15T23:21:41Z,0.006366,False,False,https://api.fususone.com/api/public/organizations/richmondcsoga/stats/
richmondva,totalRegisteredCameras,previous,235,235,0,0.0,0.0,Connect Richmond,Richmond,VA,2026-09-15T23:12:32Z,2026-09-15T23:21:42Z,0.006366,False,False,https://api.fususone.com/api/public/organizations/richmondva/stats/
richmondva,totalIntegratedCameras,previous,558,558,0,0.0,0.0,Connect Richmond,Richmond,VA,2026-09-15T23:12:32Z,2026-09-15T23:21:42Z,0.006366,False,False,https://api.fususone.com/api/public/organizations/richmondva/stats/
richmondva,totalOwnedCameras,previous,484,484,0,0.0,0.0,Connect Richmond,Richmond,VA,2026-09-15T23:12:32Z,2026-09-15T23:21:42Z,0.006366,False,False,https://api.fususone.com/api/public/organizations/richmondva/stats/
richmondva,totalSharedCameras,previous,0,0,0,,0.0,Connect Richmond,Richmond,VA,2026-09-15T23:12:32Z,2026-09-15T23:21:42Z,0.006366,True,False,https://api.fususone.com/api/public/organizations/richmondva/stats/
richmondva,totalMaxCameras,previous,1500,1500,0,0.0,0.0,Connect Richmond,Richmond,VA,2026-09-15T23:12:32Z,2026-09-15T23:21:42Z,0.006366,False,False,https://api.fususone.com/api/public/organizations/richmondva/stats/
richmondva,subscribedCameras,previous,405,405,0,0.0,0.0,Connect Richmond,Richmond,VA,2026-09-15T23:12:32Z,2026-09-15T23:21:42Z,0.006366,False,False,https://api.fususone.com/api/public/organizations/richmondva/stats/
rileycountypd,totalRegisteredCameras,previous,81,81,0,0.0,0.0,Connect Riley County,Riley County,KS,2026-09-15T23:12:33Z,2026-09-15T23:21:43Z,0.006366,False,False,https://api.fususone.com/api/public/organizations/rileycountypd/stats/
rileycountypd,totalIntegratedCameras,previous,47,47,0,0.0,0.0,Connect Riley County,Riley County,KS,2026-09-15T23:12:33Z,2026-09-15T23:21:43Z,0.006366,False,False,https://api.fususone.com/api/public/organizations/rileycountypd/stats/
rileycountypd,totalOwnedCameras,previous,47,47,0,0.0,0.0,Connect Riley County,Riley County,KS,2026-09-15T23:12:33Z,2026-09-15T23:21:43Z,0.006366,False,False,https://api.fususone.com/api/public/organizations/rileycountypd/stats/
rileycountypd,totalSharedCameras,previous,0,0,0,,0.0,Connect Riley County,Riley County,KS,2026-09-15T23:12:33Z,2026-09-15T23:21:43Z,0.006366,True,False,https://api.fususone.com/api/public/organizations/rileycountypd/stats/
rileycountypd,totalMaxCameras,previous,0,0,0,,0.0,Connect Riley County,Riley County,KS,2026-09-15T23:12:33Z,2026-09-15T23:21:43Z,0.006366,True,False,https://api.fususone.com/api/public/organizations/rileycountypd/stats/
rileycountypd,subscribedCameras,previous,47,47,0,0.0,0.0,Connect Riley County,Riley County,KS,2026-09-15T23:12:33Z,2026-09-15T23:21:43Z,0.006366,False,False,https://api.fususone.com/api/public/organizations/rileycountypd/stats/
rocklinpd,totalRegisteredCameras,previous,505,505,0,0.0,0.0,Rocklin on Watch,Rocklin,CA,2026-09-15T23:12:35Z,2026-09-15T23:21:45Z,0.006366,False,False,https://api.fususone.com/api/public/organizations/rocklinpd/stats/
rocklinpd,totalIntegratedCameras,previous,280,280,0,0.0,0.0,Rocklin on Watch,Rocklin,CA,2026-09-15T23:12:35Z,2026-09-15T23:21:45Z,0.006366,False,False,https://api.fususone.com/api/public/organizations/rocklinpd/stats/
rocklinpd,totalOwnedCameras,previous,99,99,0,0.0,0.0,Rocklin on Watch,Rocklin,CA,2026-09-15T23:12:35Z,2026-09-15T23:21:45Z,0.006366,False,False,https://api.fususone.com/api/public/organizations/rocklinpd/stats/
rocklinpd,totalSharedCameras,previous,147,147,0,0.0,0.0,Rocklin on Watch,Rocklin,CA,2026-09-15T23:12:35Z,2026-09-15T23:21:45Z,0.006366,False,False,https://api.fususone.com/api/public/organizations/rocklinpd/stats/
rocklinpd,totalMaxCameras,previous,150,150,0,0.0,0.0,Rocklin on Watch,Rocklin,CA,2026-09-15T23:12:35Z,2026-09-15T23:21:45Z,0.006366,False,False,https://api.fususone.com/api/public/organizations/rocklinpd/stats/
rocklinpd,subscribedCameras,previous,99,99,0,0.0,0.0,Rocklin on Watch,Rocklin,CA,2026-09-15T23:12:35Z,2026-09-15T23:21:45Z,0.006366,False,False,https://api.fususone.com/api/public/organizations/rocklinpd/stats/
rockymountpd,totalRegisteredCameras,previous,112,112,0,0.0,0.0,Connect Rocky Mount,Rocky Mount,NC,2026-09-15T23:12:36Z,2026-09-15T23:21:46Z,0.006366,False,False,https://api.fususone.com/api/public/organizations/rockymountpd/stats/
rockymountpd,totalIntegratedCameras,previous,726,726,0,0.0,0.0,Connect Rocky Mount,Rocky Mount,NC,2026-09-15T23:12:36Z,2026-09-15T23:21:46Z,0.006366,False,False,https://api.fususone.com/api/public/organizations/rockymountpd/stats/
rockymountpd,totalOwnedCameras,previous,674,674,0,0.0,0.0,Connect Rocky Mount,Rocky Mount,NC,2026-09-15T23:12:36Z,2026-09-15T23:21:46Z,0.006366,False,False,https://api.fususone.com/api/public/organizations/rockymountpd/stats/
rockymountpd,totalSharedCameras,previous,50,50,0,0.0,0.0,Connect Rocky Mount,Rocky Mount,NC,2026-09-15T23:12:36Z,2026-09-15T23:21:46Z,0.006366,False,False,https://api.fususone.com/api/public/organizations/rockymountpd/stats/
rockymountpd,totalMaxCameras,previous,5000,5000,0,0.0,0.0,Connect Rocky Mount,Rocky Mount,NC,2026-09-15T23:12:36Z,2026-09-15T23:21:46Z,0.006366,False,False,https://api.fususone.com/api/public/organizations/rockymountpd/stats/
rockymountpd,subscribedCameras,previous,616,616,0,0.0,0.0,Connect Rocky Mount,Rocky Mount,NC,2026-09-15T23:12:36Z,2026-09-15T23:21:46Z,0.006366,False,False,https://api.fususone.com/api/public/organizations/rockymountpd/stats/
rogerspdar,totalRegisteredCameras,previous,280,280,0,0.0,0.0,Connect Rogers,Rogers,AR,2026-09-15T23:12:37Z,2026-09-15T23:21:47Z,0.006366,False,False,https://api.fususone.com/api/public/organizations/rogerspdar/stats/
rogerspdar,totalIntegratedCameras,previous,258,258,0,0.0,0.0,Connect Rogers,Rogers,AR,2026-09-15T23:12:37Z,2026-09-15T23:21:47Z,0.006366,False,False,https://api.fususone.com/api/public/organizations/rogerspdar/stats/
rogerspdar,totalOwnedCameras,previous,258,258,0,0.0,0.0,Connect Rogers,Rogers,AR,2026-09-15T23:12:37Z,2026-09-15T23:21:47Z,0.006366,False,False,https://api.fususone.com/api/public/organizations/rogerspdar/stats/
rogerspdar,totalSharedCameras,previous,0,0,0,,0.0,Connect Rogers,Rogers,AR,2026-09-15T23:12:37Z,2026-09-15T23:21:47Z,0.006366,True,False,https://api.fususone.com/api/public/organizations/rogerspdar/stats/
rogerspdar,totalMaxCameras,previous,0,0,0,,0.0,Connect Rogers,Rogers,AR,2026-09-15T23:12:37Z,2026-09-15T23:21:47Z,0.006366,True,False,https://api.fususone.com/api/public/organizations/rogerspdar/stats/
rogerspdar,subscribedCameras,previous,249,249,0,0.0,0.0,Connect Rogers,Rogers,AR,2026-09-15T23:12:37Z,2026-09-15T23:21:47Z,0.006366,False,False,https://api.fususone.com/api/public/organizations/rogerspdar/stats/
roswellpdnm,totalRegisteredCameras,previous,4,4,0,0.0,0.0,SaferRoswell,Roswell,NM,2026-09-15T23:12:38Z,2026-09-15T23:21:48Z,0.006366,False,False,https://api.fususone.com/api/public/organizations/roswellpdnm/stats/
roswellpdnm,totalIntegratedCameras,previous,102,102,0,0.0,0.0,SaferRoswell,Roswell,NM,2026-09-15T23:12:38Z,2026-09-15T23:21:48Z,0.006366,False,False,https://api.fususone.com/api/public/organizations/roswellpdnm/stats/
roswellpdnm,totalOwnedCameras,previous,102,102,0,0.0,0.0,SaferRoswell,Roswell,NM,2026-09-15T23:12:38Z,2026-09-15T23:21:48Z,0.006366,False,False,https://api.fususone.com/api/public/organizations/roswellpdnm/stats/
roswellpdnm,totalSharedCameras,previous,0,0,0,,0.0,SaferRoswell,Roswell,NM,2026-09-15T23:12:38Z,2026-09-15T23:21:48Z,0.006366,True,False,https://api.fususone.com/api/public/organizations/roswellpdnm/stats/
roswellpdnm,totalMaxCameras,previous,0,0,0,,0.0,SaferRoswell,Roswell,NM,2026-09-15T23:12:38Z,2026-09-15T23:21:48Z,0.006366,True,False,https://api.fususone.com/api/public/organizations/roswellpdnm/stats/
roswellpdnm,subscribedCameras,previous,102,102,0,0.0,0.0,SaferRoswell,Roswell,NM,2026-09-15T23:12:38Z,2026-09-15T23:21:48Z,0.006366,False,False,https://api.fususone.com/api/public/organizations/roswellpdnm/stats/
sacramentocoso,totalRegisteredCameras,previous,345,345,0,0.0,0.0,Connect Sacramento County,Sacramento County,CA,2026-09-15T23:12:39Z,2026-09-15T23:21:49Z,0.006366,False,False,https://api.fususone.com/api/public/organizations/sacramentocoso/stats/
sacramentocoso,totalIntegratedCameras,previous,414,414,0,0.0,0.0,Connect Sacramento County,Sacramento County,CA,2026-09-15T23:12:39Z,2026-09-15T23:21:49Z,0.006366,False,False,https://api.fususone.com/api/public/organizations/sacramentocoso/stats/
sacramentocoso,totalOwnedCameras,previous,187,187,0,0.0,0.0,Connect Sacramento County,Sacramento County,CA,2026-09-15T23:12:39Z,2026-09-15T23:21:49Z,0.006366,False,False,https://api.fususone.com/api/public/organizations/sacramentocoso/stats/
sacramentocoso,totalSharedCameras,previous,227,227,0,0.0,0.0,Connect Sacramento County,Sacramento County,CA,2026-09-15T23:12:39Z,2026-09-15T23:21:49Z,0.006366,False,False,https://api.fususone.com/api/public/organizations/sacramentocoso/stats/
sacramentocoso,totalMaxCameras,previous,5000,5000,0,0.0,0.0,Connect Sacramento County,Sacramento County,CA,2026-09-15T23:12:39Z,2026-09-15T23:21:49Z,0.006366,False,False,https://api.fususone.com/api/public/organizations/sacramentocoso/stats/
sacramentocoso,subscribedCameras,previous,186,186,0,0.0,0.0,Connect Sacramento County,Sacramento County,CA,2026-09-15T23:12:39Z,2026-09-15T23:21:49Z,0.006366,False,False,https://api.fususone.com/api/public/organizations/sacramentocoso/stats/
sacramentopd,totalRegisteredCameras,previous,887,887,0,0.0,0.0,Sacramento PD Connect,Sacramento,CA,2026-09-15T23:12:40Z,2026-09-15T23:21:50Z,0.006366,False,False,https://api.fususone.com/api/public/organizations/sacramentopd/stats/
sacramentopd,totalIntegratedCameras,previous,1755,1755,0,0.0,0.0,Sacramento PD Connect,Sacramento,CA,2026-09-15T23:12:40Z,2026-09-15T23:21:50Z,0.006366,False,False,https://api.fususone.com/api/public/organizations/sacramentopd/stats/
sacramentopd,totalOwnedCameras,previous,1031,1031,0,0.0,0.0,Sacramento PD Connect,Sacramento,CA,2026-09-15T23:12:40Z,2026-09-15T23:21:50Z,0.006366,False,False,https://api.fususone.com/api/public/organizations/sacramentopd/stats/
sacramentopd,totalSharedCameras,previous,406,406,0,0.0,0.0,Sacramento PD Connect,Sacramento,CA,2026-09-15T23:12:40Z,2026-09-15T23:21:50Z,0.006366,False,False,https://api.fususone.com/api/public/organizations/sacramentopd/stats/
sacramentopd,totalMaxCameras,previous,2000,2000,0,0.0,0.0,Sacramento PD Connect,Sacramento,CA,2026-09-15T23:12:40Z,2026-09-15T23:21:50Z,0.006366,False,False,https://api.fususone.com/api/public/organizations/sacramentopd/stats/
sacramentopd,subscribedCameras,previous,1009,1009,0,0.0,0.0,Sacramento PD Connect,Sacramento,CA,2026-09-15T23:12:40Z,2026-09-15T23:21:50Z,0.006366,False,False,https://api.fususone.com/api/public/organizations/sacramentopd/stats/
salinaspd,totalRegisteredCameras,previous,42,42,0,0.0,0.0,Connect Salinas,Salinas,CA,2026-09-15T23:12:41Z,2026-09-15T23:21:51Z,0.006366,False,False,https://api.fususone.com/api/public/organizations/salinaspd/stats/
salinaspd,totalIntegratedCameras,previous,2947,2947,0,0.0,0.0,Connect Salinas,Salinas,CA,2026-09-15T23:12:41Z,2026-09-15T23:21:51Z,0.006366,False,False,https://api.fususone.com/api/public/organizations/salinaspd/stats/
salinaspd,totalOwnedCameras,previous,264,264,0,0.0,0.0,Connect Salinas,Salinas,CA,2026-09-15T23:12:41Z,2026-09-15T23:21:51Z,0.006366,False,False,https://api.fususone.com/api/public/organizations/salinaspd/stats/
salinaspd,totalSharedCameras,previous,2683,2683,0,0.0,0.0,Connect Salinas,Salinas,CA,2026-09-15T23:12:41Z,2026-09-15T23:21:51Z,0.006366,False,False,https://api.fususone.com/api/public/organizations/salinaspd/stats/
salinaspd,totalMaxCameras,previous,500,500,0,0.0,0.0,Connect Salinas,Salinas,CA,2026-09-15T23:12:41Z,2026-09-15T23:21:51Z,0.006366,False,False,https://api.fususone.com/api/public/organizations/salinaspd/stats/
salinaspd,subscribedCameras,previous,262,262,0,0.0,0.0,Connect Salinas,Salinas,CA,2026-09-15T23:12:41Z,2026-09-15T23:21:51Z,0.006366,False,False,https://api.fususone.com/api/public/organizations/salinaspd/stats/
sanbernardinopdca,totalRegisteredCameras,previous,152,152,0,0.0,0.0,Connect San Bernardino,San Bernardino,CA,2026-09-15T23:12:42Z,2026-09-15T23:21:52Z,0.006366,False,False,https://api.fususone.com/api/public/organizations/sanbernardinopdca/stats/
sanbernardinopdca,totalIntegratedCameras,previous,673,673,0,0.0,0.0,Connect San Bernardino,San Bernardino,CA,2026-09-15T23:12:42Z,2026-09-15T23:21:52Z,0.006366,False,False,https://api.fususone.com/api/public/organizations/sanbernardinopdca/stats/
sanbernardinopdca,totalOwnedCameras,previous,552,552,0,0.0,0.0,Connect San Bernardino,San Bernardino,CA,2026-09-15T23:12:42Z,2026-09-15T23:21:52Z,0.006366,False,False,https://api.fususone.com/api/public/organizations/sanbernardinopdca/stats/
sanbernardinopdca,totalSharedCameras,previous,121,121,0,0.0,0.0,Connect San Bernardino,San Bernardino,CA,2026-09-15T23:12:42Z,2026-09-15T23:21:52Z,0.006366,False,False,https://api.fususone.com/api/public/organizations/sanbernardinopdca/stats/
sanbernardinopdca,totalMaxCameras,previous,6000,6000,0,0.0,0.0,Connect San Bernardino,San Bernardino,CA,2026-09-15T23:12:42Z,2026-09-15T23:21:52Z,0.006366,False,False,https://api.fususone.com/api/public/organizations/sanbernardinopdca/stats/
sanbernardinopdca,subscribedCameras,previous,451,451,0,0.0,0.0,Connect San Bernardino,San Bernardino,CA,2026-09-15T23:12:42Z,2026-09-15T23:21:52Z,0.006366,False,False,https://api.fususone.com/api/public/organizations/sanbernardinopdca/stats/
sandyspringspd,totalRegisteredCameras,previous,877,877,0,0.0,0.0,Connect Sandy Springs,Sandy Springs,GA,2026-09-15T23:12:43Z,2026-09-15T23:21:53Z,0.006366,False,False,https://api.fususone.com/api/public/organizations/sandyspringspd/stats/
sandyspringspd,totalIntegratedCameras,previous,15183,15183,0,0.0,0.0,Connect Sandy Springs,Sandy Springs,GA,2026-09-15T23:12:43Z,2026-09-15T23:21:53Z,0.006366,False,False,https://api.fususone.com/api/public/organizations/sandyspringspd/stats/
sandyspringspd,totalOwnedCameras,previous,260,260,0,0.0,0.0,Connect Sandy Springs,Sandy Springs,GA,2026-09-15T23:12:43Z,2026-09-15T23:21:53Z,0.006366,False,False,https://api.fususone.com/api/public/organizations/sandyspringspd/stats/
sandyspringspd,totalSharedCameras,previous,4381,4381,0,0.0,0.0,Connect Sandy Springs,Sandy Springs,GA,2026-09-15T23:12:43Z,2026-09-15T23:21:53Z,0.006366,False,False,https://api.fususone.com/api/public/organizations/sandyspringspd/stats/
sandyspringspd,totalMaxCameras,previous,7782,7782,0,0.0,0.0,Connect Sandy Springs,Sandy Springs,GA,2026-09-15T23:12:43Z,2026-09-15T23:21:53Z,0.006366,False,False,https://api.fususone.com/api/public/organizations/sandyspringspd/stats/
sandyspringspd,subscribedCameras,previous,257,257,0,0.0,0.0,Connect Sandy Springs,Sandy Springs,GA,2026-09-15T23:12:43Z,2026-09-15T23:21:53Z,0.006366,False,False,https://api.fususone.com/api/public/organizations/sandyspringspd/stats/
sanjoaquincsoca,totalRegisteredCameras,previous,152,152,0,0.0,0.0,ConnectSJSO,San Joaquin County,CA,2026-09-15T23:12:44Z,2026-09-15T23:21:54Z,0.006366,False,False,https://api.fususone.com/api/public/organizations/sanjoaquincsoca/stats/
sanjoaquincsoca,totalIntegratedCameras,previous,131,131,0,0.0,0.0,ConnectSJSO,San Joaquin County,CA,2026-09-15T23:12:44Z,2026-09-15T23:21:54Z,0.006366,False,False,https://api.fususone.com/api/public/organizations/sanjoaquincsoca/stats/
sanjoaquincsoca,totalOwnedCameras,previous,63,63,0,0.0,0.0,ConnectSJSO,San Joaquin County,CA,2026-09-15T23:12:44Z,2026-09-15T23:21:54Z,0.006366,False,False,https://api.fususone.com/api/public/organizations/sanjoaquincsoca/stats/
sanjoaquincsoca,totalSharedCameras,previous,68,68,0,0.0,0.0,ConnectSJSO,San Joaquin County,CA,2026-09-15T23:12:44Z,2026-09-15T23:21:54Z,0.006366,False,False,https://api.fususone.com/api/public/organizations/sanjoaquincsoca/stats/
sanjoaquincsoca,totalMaxCameras,previous,0,0,0,,0.0,ConnectSJSO,San Joaquin County,CA,2026-09-15T23:12:44Z,2026-09-15T23:21:54Z,0.006366,True,False,https://api.fususone.com/api/public/organizations/sanjoaquincsoca/stats/
sanjoaquincsoca,subscribedCameras,previous,62,62,0,0.0,0.0,ConnectSJSO,San Joaquin County,CA,2026-09-15T23:12:44Z,2026-09-15T23:21:54Z,0.006366,False,False,https://api.fususone.com/api/public/organizations/sanjoaquincsoca/stats/
sanjose,totalRegisteredCameras,previous,10810,10810,0,0.0,0.0,Connect San Jose,San Jose,CA,2026-09-15T23:12:45Z,2026-09-15T23:21:55Z,0.006366,False,False,https://api.fususone.com/api/public/organizations/sanjose/stats/
sanjose,totalIntegratedCameras,previous,1481,1481,0,0.0,0.0,Connect San Jose,San Jose,CA,2026-09-15T23:12:45Z,2026-09-15T23:21:55Z,0.006366,False,False,https://api.fususone.com/api/public/organizations/sanjose/stats/
sanjose,totalOwnedCameras,previous,1204,1204,0,0.0,0.0,Connect San Jose,San Jose,CA,2026-09-15T23:12:45Z,2026-09-15T23:21:55Z,0.006366,False,False,https://api.fususone.com/api/public/organizations/sanjose/stats/
sanjose,totalSharedCameras,previous,277,277,0,0.0,0.0,Connect San Jose,San Jose,CA,2026-09-15T23:12:45Z,2026-09-15T23:21:55Z,0.006366,False,False,https://api.fususone.com/api/public/organizations/sanjose/stats/
sanjose,totalMaxCameras,previous,1500,1500,0,0.0,0.0,Connect San Jose,San Jose,CA,2026-09-15T23:12:45Z,2026-09-15T23:21:55Z,0.006366,False,False,https://api.fususone.com/api/public/organizations/sanjose/stats/
sanjose,subscribedCameras,previous,1203,1203,0,0.0,0.0,Connect San Jose,San Jose,CA,2026-09-15T23:12:45Z,2026-09-15T23:21:55Z,0.006366,False,False,https://api.fususone.com/api/public/organizations/sanjose/stats/
sanmarcospdtx,totalRegisteredCameras,previous,62,62,0,0.0,0.0,Connect San Marcos,San Marcos,TX,2026-09-15T23:12:46Z,2026-09-15T23:21:56Z,0.006366,False,False,https://api.fususone.com/api/public/organizations/sanmarcospdtx/stats/
sanmarcospdtx,totalIntegratedCameras,previous,78,78,0,0.0,0.0,Connect San Marcos,San Marcos,TX,2026-09-15T23:12:46Z,2026-09-15T23:21:56Z,0.006366,False,False,https://api.fususone.com/api/public/organizations/sanmarcospdtx/stats/
sanmarcospdtx,totalOwnedCameras,previous,78,78,0,0.0,0.0,Connect San Marcos,San Marcos,TX,2026-09-15T23:12:46Z,2026-09-15T23:21:56Z,0.006366,False,False,https://api.fususone.com/api/public/organizations/sanmarcospdtx/stats/
sanmarcospdtx,totalSharedCameras,previous,0,0,0,,0.0,Connect San Marcos,San Marcos,TX,2026-09-15T23:12:46Z,2026-09-15T23:21:56Z,0.006366,True,False,https://api.fususone.com/api/public/organizations/sanmarcospdtx/stats/
sanmarcospdtx,totalMaxCameras,previous,10000,10000,0,0.0,0.0,Connect San Marcos,San Marcos,TX,2026-09-15T23:12:46Z,2026-09-15T23:21:56Z,0.006366,False,False,https://api.fususone.com/api/public/organizations/sanmarcospdtx/stats/
sanmarcospdtx,subscribedCameras,previous,78,78,0,0.0,0.0,Connect San Marcos,San Marcos,TX,2026-09-15T23:12:46Z,2026-09-15T23:21:56Z,0.006366,False,False,https://api.fususone.com/api/public/organizations/sanmarcospdtx/stats/
sanmateopd,totalRegisteredCameras,previous,3101,3101,0,0.0,0.0,Connect San Mateo,San Mateo,CA,2026-09-15T23:12:47Z,2026-09-15T23:21:57Z,0.006366,False,False,https://api.fususone.com/api/public/organizations/sanmateopd/stats/
sanmateopd,totalIntegratedCameras,previous,99,99,0,0.0,0.0,Connect San Mateo,San Mateo,CA,2026-09-15T23:12:47Z,2026-09-15T23:21:57Z,0.006366,False,False,https://api.fususone.com/api/public/organizations/sanmateopd/stats/
sanmateopd,totalOwnedCameras,previous,99,99,0,0.0,0.0,Connect San Mateo,San Mateo,CA,2026-09-15T23:12:47Z,2026-09-15T23:21:57Z,0.006366,False,False,https://api.fususone.com/api/public/organizations/sanmateopd/stats/
sanmateopd,totalSharedCameras,previous,0,0,0,,0.0,Connect San Mateo,San Mateo,CA,2026-09-15T23:12:47Z,2026-09-15T23:21:57Z,0.006366,True,False,https://api.fususone.com/api/public/organizations/sanmateopd/stats/
sanmateopd,totalMaxCameras,previous,1500,1500,0,0.0,0.0,Connect San Mateo,San Mateo,CA,2026-09-15T23:12:47Z,2026-09-15T23:21:57Z,0.006366,False,False,https://api.fususone.com/api/public/organizations/sanmateopd/stats/
sanmateopd,subscribedCameras,previous,96,96,0,0.0,0.0,Connect San Mateo,San Mateo,CA,2026-09-15T23:12:47Z,2026-09-15T23:21:57Z,0.006366,False,False,https://api.fususone.com/api/public/organizations/sanmateopd/stats/
sarasotacsofl,totalRegisteredCameras,previous,5,5,0,0.0,0.0,Connect Sarasota County,Sarasota County,FL,2026-09-15T23:12:48Z,2026-09-15T23:21:58Z,0.006366,False,False,https://api.fususone.com/api/public/organizations/sarasotacsofl/stats/
sarasotacsofl,totalIntegratedCameras,previous,451,451,0,0.0,0.0,Connect Sarasota County,Sarasota County,FL,2026-09-15T23:12:48Z,2026-09-15T23:21:58Z,0.006366,False,False,https://api.fususone.com/api/public/organizations/sarasotacsofl/stats/
sarasotacsofl,totalOwnedCameras,previous,385,385,0,0.0,0.0,Connect Sarasota County,Sarasota County,FL,2026-09-15T23:12:48Z,2026-09-15T23:21:58Z,0.006366,False,False,https://api.fususone.com/api/public/organizations/sarasotacsofl/stats/
sarasotacsofl,totalSharedCameras,previous,66,66,0,0.0,0.0,Connect Sarasota County,Sarasota County,FL,2026-09-15T23:12:48Z,2026-09-15T23:21:58Z,0.006366,False,False,https://api.fususone.com/api/public/organizations/sarasotacsofl/stats/
sarasotacsofl,totalMaxCameras,previous,0,0,0,,0.0,Connect Sarasota County,Sarasota County,FL,2026-09-15T23:12:48Z,2026-09-15T23:21:58Z,0.006366,True,False,https://api.fususone.com/api/public/organizations/sarasotacsofl/stats/
sarasotacsofl,subscribedCameras,previous,373,373,0,0.0,0.0,Connect Sarasota County,Sarasota County,FL,2026-09-15T23:12:48Z,2026-09-15T23:21:58Z,0.006366,False,False,https://api.fususone.com/api/public/organizations/sarasotacsofl/stats/
saratogaspringspdny,totalRegisteredCameras,previous,130,130,0,0.0,0.0,Connect Saratoga Springs,Saratoga Springs,NY,2026-09-15T23:12:49Z,2026-09-15T23:21:59Z,0.006366,False,False,https://api.fususone.com/api/public/organizations/saratogaspringspdny/stats/
saratogaspringspdny,totalIntegratedCameras,previous,197,197,0,0.0,0.0,Connect Saratoga Springs,Saratoga Springs,NY,2026-09-15T23:12:49Z,2026-09-15T23:21:59Z,0.006366,False,False,https://api.fususone.com/api/public/organizations/saratogaspringspdny/stats/
saratogaspringspdny,totalOwnedCameras,previous,181,181,0,0.0,0.0,Connect Saratoga Springs,Saratoga Springs,NY,2026-09-15T23:12:49Z,2026-09-15T23:21:59Z,0.006366,False,False,https://api.fususone.com/api/public/organizations/saratogaspringspdny/stats/
saratogaspringspdny,totalSharedCameras,previous,16,16,0,0.0,0.0,Connect Saratoga Springs,Saratoga Springs,NY,2026-09-15T23:12:49Z,2026-09-15T23:21:59Z,0.006366,False,False,https://api.fususone.com/api/public/organizations/saratogaspringspdny/stats/
saratogaspringspdny,totalMaxCameras,previous,0,0,0,,0.0,Connect Saratoga Springs,Saratoga Springs,NY,2026-09-15T23:12:49Z,2026-09-15T23:21:59Z,0.006366,True,False,https://api.fususone.com/api/public/organizations/saratogaspringspdny/stats/
saratogaspringspdny,subscribedCameras,previous,180,180,0,0.0,0.0,Connect Saratoga Springs,Saratoga Springs,NY,2026-09-15T23:12:49Z,2026-09-15T23:21:59Z,0.006366,False,False,https://api.fususone.com/api/public/organizations/saratogaspringspdny/stats/
savannahpd,totalRegisteredCameras,previous,1167,1167,0,0.0,0.0,Connect Savannah,Savannah,GA,2026-09-15T23:12:50Z,2026-09-15T23:22:00Z,0.006366,False,False,https://api.fususone.com/api/public/organizations/savannahpd/stats/
savannahpd,totalIntegratedCameras,previous,9258,9258,0,0.0,0.0,Connect Savannah,Savannah,GA,2026-09-15T23:12:50Z,2026-09-15T23:22:00Z,0.006366,False,False,https://api.fususone.com/api/public/organizations/savannahpd/stats/
savannahpd,totalOwnedCameras,previous,304,304,0,0.0,0.0,Connect Savannah,Savannah,GA,2026-09-15T23:12:50Z,2026-09-15T23:22:00Z,0.006366,False,False,https://api.fususone.com/api/public/organizations/savannahpd/stats/
savannahpd,totalSharedCameras,previous,23,23,0,0.0,0.0,Connect Savannah,Savannah,GA,2026-09-15T23:12:50Z,2026-09-15T23:22:00Z,0.006366,False,False,https://api.fususone.com/api/public/organizations/savannahpd/stats/
savannahpd,totalMaxCameras,previous,1500,1500,0,0.0,0.0,Connect Savannah,Savannah,GA,2026-09-15T23:12:50Z,2026-09-15T23:22:00Z,0.006366,False,False,https://api.fususone.com/api/public/organizations/savannahpd/stats/
savannahpd,subscribedCameras,previous,304,304,0,0.0,0.0,Connect Savannah,Savannah,GA,2026-09-15T23:12:50Z,2026-09-15T23:22:00Z,0.006366,False,False,https://api.fususone.com/api/public/organizations/savannahpd/stats/
schenectadypdny,totalRegisteredCameras,previous,0,0,0,,0.0,Connect Schenectady,Schenectady,NY,2026-09-15T23:12:51Z,2026-09-15T23:22:01Z,0.006366,True,False,https://api.fususone.com/api/public/organizations/schenectadypdny/stats/
schenectadypdny,totalIntegratedCameras,previous,69,69,0,0.0,0.0,Connect Schenectady,Schenectady,NY,2026-09-15T23:12:51Z,2026-09-15T23:22:01Z,0.006366,False,False,https://api.fususone.com/api/public/organizations/schenectadypdny/stats/
schenectadypdny,totalOwnedCameras,previous,69,69,0,0.0,0.0,Connect Schenectady,Schenectady,NY,2026-09-15T23:12:51Z,2026-09-15T23:22:01Z,0.006366,False,False,https://api.fususone.com/api/public/organizations/schenectadypdny/stats/
schenectadypdny,totalSharedCameras,previous,0,0,0,,0.0,Connect Schenectady,Schenectady,NY,2026-09-15T23:12:51Z,2026-09-15T23:22:01Z,0.006366,True,False,https://api.fususone.com/api/public/organizations/schenectadypdny/stats/
schenectadypdny,totalMaxCameras,previous,0,0,0,,0.0,Connect Schenectady,Schenectady,NY,2026-09-15T23:12:51Z,2026-09-15T23:22:01Z,0.006366,True,False,https://api.fususone.com/api/public/organizations/schenectadypdny/stats/
schenectadypdny,subscribedCameras,previous,69,69,0,0.0,0.0,Connect Schenectady,Schenectady,NY,2026-09-15T23:12:51Z,2026-09-15T23:22:01Z,0.006366,False,False,https://api.fususone.com/api/public/organizations/schenectadypdny/stats/
scrantonpd,totalRegisteredCameras,previous,349,349,0,0.0,0.0,Connect Scranton,Scranton,PA,2026-09-15T23:12:52Z,2026-09-15T23:22:02Z,0.006366,False,False,https://api.fususone.com/api/public/organizations/scrantonpd/stats/
scrantonpd,totalIntegratedCameras,previous,60,60,0,0.0,0.0,Connect Scranton,Scranton,PA,2026-09-15T23:12:52Z,2026-09-15T23:22:02Z,0.006366,False,False,https://api.fususone.com/api/public/organizations/scrantonpd/stats/
scrantonpd,totalOwnedCameras,previous,60,60,0,0.0,0.0,Connect Scranton,Scranton,PA,2026-09-15T23:12:52Z,2026-09-15T23:22:02Z,0.006366,False,False,https://api.fususone.com/api/public/organizations/scrantonpd/stats/
scrantonpd,totalSharedCameras,previous,0,0,0,,0.0,Connect Scranton,Scranton,PA,2026-09-15T23:12:52Z,2026-09-15T23:22:02Z,0.006366,True,False,https://api.fususone.com/api/public/organizations/scrantonpd/stats/
scrantonpd,totalMaxCameras,previous,0,0,0,,0.0,Connect Scranton,Scranton,PA,2026-09-15T23:12:52Z,2026-09-15T23:22:02Z,0.006366,True,False,https://api.fususone.com/api/public/organizations/scrantonpd/stats/
scrantonpd,subscribedCameras,previous,60,60,0,0.0,0.0,Connect Scranton,Scranton,PA,2026-09-15T23:12:52Z,2026-09-15T23:22:02Z,0.006366,False,False,https://api.fususone.com/api/public/organizations/scrantonpd/stats/
seagovillepdtx,totalRegisteredCameras,previous,22,22,0,0.0,0.0,Seagoville Connect and Protect,Seagoville,TX,2026-09-15T23:12:53Z,2026-09-15T23:22:03Z,0.006366,False,False,https://api.fususone.com/api/public/organizations/seagovillepdtx/stats/
seagovillepdtx,totalIntegratedCameras,previous,49,49,0,0.0,0.0,Seagoville Connect and Protect,Seagoville,TX,2026-09-15T23:12:53Z,2026-09-15T23:22:03Z,0.006366,False,False,https://api.fususone.com/api/public/organizations/seagovillepdtx/stats/
seagovillepdtx,totalOwnedCameras,previous,49,49,0,0.0,0.0,Seagoville Connect and Protect,Seagoville,TX,2026-09-15T23:12:53Z,2026-09-15T23:22:03Z,0.006366,False,False,https://api.fususone.com/api/public/organizations/seagovillepdtx/stats/
seagovillepdtx,totalSharedCameras,previous,0,0,0,,0.0,Seagoville Connect and Protect,Seagoville,TX,2026-09-15T23:12:53Z,2026-09-15T23:22:03Z,0.006366,True,False,https://api.fususone.com/api/public/organizations/seagovillepdtx/stats/
seagovillepdtx,totalMaxCameras,previous,225,225,0,0.0,0.0,Seagoville Connect and Protect,Seagoville,TX,2026-09-15T23:12:53Z,2026-09-15T23:22:03Z,0.006366,False,False,https://api.fususone.com/api/public/organizations/seagovillepdtx/stats/
seagovillepdtx,subscribedCameras,previous,49,49,0,0.0,0.0,Seagoville Connect and Protect,Seagoville,TX,2026-09-15T23:12:53Z,2026-09-15T23:22:03Z,0.006366,False,False,https://api.fususone.com/api/public/organizations/seagovillepdtx/stats/
seatpleasantmd,totalRegisteredCameras,previous,0,0,0,,0.0,Connect Seat Pleasant,Seat Pleasant,MD,2026-09-15T23:12:54Z,2026-09-15T23:22:04Z,0.006366,True,False,https://api.fususone.com/api/public/organizations/seatpleasantmd/stats/
seatpleasantmd,totalIntegratedCameras,previous,1526,1526,0,0.0,0.0,Connect Seat Pleasant,Seat Pleasant,MD,2026-09-15T23:12:54Z,2026-09-15T23:22:04Z,0.006366,False,False,https://api.fususone.com/api/public/organizations/seatpleasantmd/stats/
seatpleasantmd,totalOwnedCameras,previous,104,104,0,0.0,0.0,Connect Seat Pleasant,Seat Pleasant,MD,2026-09-15T23:12:54Z,2026-09-15T23:22:04Z,0.006366,False,False,https://api.fususone.com/api/public/organizations/seatpleasantmd/stats/
seatpleasantmd,totalSharedCameras,previous,534,534,0,0.0,0.0,Connect Seat Pleasant,Seat Pleasant,MD,2026-09-15T23:12:54Z,2026-09-15T23:22:04Z,0.006366,False,False,https://api.fususone.com/api/public/organizations/seatpleasantmd/stats/
seatpleasantmd,totalMaxCameras,previous,500,500,0,0.0,0.0,Connect Seat Pleasant,Seat Pleasant,MD,2026-09-15T23:12:54Z,2026-09-15T23:22:04Z,0.006366,False,False,https://api.fususone.com/api/public/organizations/seatpleasantmd/stats/
seatpleasantmd,subscribedCameras,previous,102,102,0,0.0,0.0,Connect Seat Pleasant,Seat Pleasant,MD,2026-09-15T23:12:54Z,2026-09-15T23:22:04Z,0.006366,False,False,https://api.fususone.com/api/public/organizations/seatpleasantmd/stats/
seattlepd,totalRegisteredCameras,previous,882,882,0,0.0,0.0,Connect Seattle,Seattle,WA,2026-09-15T23:12:55Z,2026-09-15T23:22:05Z,0.006366,False,False,https://api.fususone.com/api/public/organizations/seattlepd/stats/
seattlepd,totalIntegratedCameras,previous,697,697,0,0.0,0.0,Connect Seattle,Seattle,WA,2026-09-15T23:12:55Z,2026-09-15T23:22:05Z,0.006366,False,False,https://api.fususone.com/api/public/organizations/seattlepd/stats/
seattlepd,totalOwnedCameras,previous,674,674,0,0.0,0.0,Connect Seattle,Seattle,WA,2026-09-15T23:12:55Z,2026-09-15T23:22:05Z,0.006366,False,False,https://api.fususone.com/api/public/organizations/seattlepd/stats/
seattlepd,totalSharedCameras,previous,0,0,0,,0.0,Connect Seattle,Seattle,WA,2026-09-15T23:12:55Z,2026-09-15T23:22:05Z,0.006366,True,False,https://api.fususone.com/api/public/organizations/seattlepd/stats/
seattlepd,totalMaxCameras,previous,5000,5000,0,0.0,0.0,Connect Seattle,Seattle,WA,2026-09-15T23:12:55Z,2026-09-15T23:22:05Z,0.006366,False,False,https://api.fususone.com/api/public/organizations/seattlepd/stats/
seattlepd,subscribedCameras,previous,673,673,0,0.0,0.0,Connect Seattle,Seattle,WA,2026-09-15T23:12:55Z,2026-09-15T23:22:05Z,0.006366,False,False,https://api.fususone.com/api/public/organizations/seattlepd/stats/
seminolecountyso,totalRegisteredCameras,previous,110,110,0,0.0,0.0,Connect Seminole,Seminole County,FL,2026-09-15T23:12:56Z,2026-09-15T23:22:06Z,0.006366,False,False,https://api.fususone.com/api/public/organizations/seminolecountyso/stats/
seminolecountyso,totalIntegratedCameras,previous,2077,2077,0,0.0,0.0,Connect Seminole,Seminole County,FL,2026-09-15T23:12:56Z,2026-09-15T23:22:06Z,0.006366,False,False,https://api.fususone.com/api/public/organizations/seminolecountyso/stats/
seminolecountyso,totalOwnedCameras,previous,529,529,0,0.0,0.0,Connect Seminole,Seminole County,FL,2026-09-15T23:12:56Z,2026-09-15T23:22:06Z,0.006366,False,False,https://api.fususone.com/api/public/organizations/seminolecountyso/stats/
seminolecountyso,totalSharedCameras,previous,1111,1111,0,0.0,0.0,Connect Seminole,Seminole County,FL,2026-09-15T23:12:56Z,2026-09-15T23:22:06Z,0.006366,False,False,https://api.fususone.com/api/public/organizations/seminolecountyso/stats/
seminolecountyso,totalMaxCameras,previous,1500,1500,0,0.0,0.0,Connect Seminole,Seminole County,FL,2026-09-15T23:12:56Z,2026-09-15T23:22:06Z,0.006366,False,False,https://api.fususone.com/api/public/organizations/seminolecountyso/stats/
seminolecountyso,subscribedCameras,previous,519,519,0,0.0,0.0,Connect Seminole,Seminole County,FL,2026-09-15T23:12:56Z,2026-09-15T23:22:06Z,0.006366,False,False,https://api.fususone.com/api/public/organizations/seminolecountyso/stats/
shawneecosheriff,totalRegisteredCameras,previous,1203,1203,0,0.0,0.0,Connect Shawnee County and the City of Topeka,Shawnee County and the City of Topeka,KS,2026-09-15T23:12:57Z,2026-09-15T23:22:07Z,0.006366,False,False,https://api.fususone.com/api/public/organizations/shawneecosheriff/stats/
shawneecosheriff,totalIntegratedCameras,previous,2241,2241,0,0.0,0.0,Connect Shawnee County and the City of Topeka,Shawnee County and the City of Topeka,KS,2026-09-15T23:12:57Z,2026-09-15T23:22:07Z,0.006366,False,False,https://api.fususone.com/api/public/organizations/shawneecosheriff/stats/
shawneecosheriff,totalOwnedCameras,previous,641,641,0,0.0,0.0,Connect Shawnee County and the City of Topeka,Shawnee County and the City of Topeka,KS,2026-09-15T23:12:57Z,2026-09-15T23:22:07Z,0.006366,False,False,https://api.fususone.com/api/public/organizations/shawneecosheriff/stats/
shawneecosheriff,totalSharedCameras,previous,1600,1600,0,0.0,0.0,Connect Shawnee County and the City of Topeka,Shawnee County and the City of Topeka,KS,2026-09-15T23:12:57Z,2026-09-15T23:22:07Z,0.006366,False,False,https://api.fususone.com/api/public/organizations/shawneecosheriff/stats/
shawneecosheriff,totalMaxCameras,previous,500,500,0,0.0,0.0,Connect Shawnee County and the City of Topeka,Shawnee County and the City of Topeka,KS,2026-09-15T23:12:57Z,2026-09-15T23:22:07Z,0.006366,False,False,https://api.fususone.com/api/public/organizations/shawneecosheriff/stats/
shawneecosheriff,subscribedCameras,previous,523,523,0,0.0,0.0,Connect Shawnee County and the City of Topeka,Shawnee County and the City of Topeka,KS,2026-09-15T23:12:57Z,2026-09-15T23:22:07Z,0.006366,False,False,https://api.fususone.com/api/public/organizations/shawneecosheriff/stats/
shelbycoso,totalRegisteredCameras,previous,1307,1307,0,0.0,0.0,Connect Shelby County,Shelby County,TN,2026-09-15T23:12:58Z,2026-09-15T23:22:08Z,0.006366,False,False,https://api.fususone.com/api/public/organizations/shelbycoso/stats/
shelbycoso,totalIntegratedCameras,previous,2324,2324,0,0.0,0.0,Connect Shelby County,Shelby County,TN,2026-09-15T23:12:58Z,2026-09-15T23:22:08Z,0.006366,False,False,https://api.fususone.com/api/public/organizations/shelbycoso/stats/
shelbycoso,totalOwnedCameras,previous,181,181,0,0.0,0.0,Connect Shelby County,Shelby County,TN,2026-09-15T23:12:58Z,2026-09-15T23:22:08Z,0.006366,False,False,https://api.fususone.com/api/public/organizations/shelbycoso/stats/
shelbycoso,totalSharedCameras,previous,123,123,0,0.0,0.0,Connect Shelby County,Shelby County,TN,2026-09-15T23:12:58Z,2026-09-15T23:22:08Z,0.006366,False,False,https://api.fususone.com/api/public/organizations/shelbycoso/stats/
shelbycoso,totalMaxCameras,previous,1500,1500,0,0.0,0.0,Connect Shelby County,Shelby County,TN,2026-09-15T23:12:58Z,2026-09-15T23:22:08Z,0.006366,False,False,https://api.fususone.com/api/public/organizations/shelbycoso/stats/
shelbycoso,subscribedCameras,previous,152,152,0,0.0,0.0,Connect Shelby County,Shelby County,TN,2026-09-15T23:12:58Z,2026-09-15T23:22:08Z,0.006366,False,False,https://api.fususone.com/api/public/organizations/shelbycoso/stats/
smyrnaga,totalRegisteredCameras,previous,333,333,0,0.0,0.0,Connect Smyrna,Smyrna,GA,2026-09-15T23:12:59Z,2026-09-15T23:22:09Z,0.006366,False,False,https://api.fususone.com/api/public/organizations/smyrnaga/stats/
smyrnaga,totalIntegratedCameras,previous,13064,13064,0,0.0,0.0,Connect Smyrna,Smyrna,GA,2026-09-15T23:12:59Z,2026-09-15T23:22:09Z,0.006366,False,False,https://api.fususone.com/api/public/organizations/smyrnaga/stats/
smyrnaga,totalOwnedCameras,previous,262,262,0,0.0,0.0,Connect Smyrna,Smyrna,GA,2026-09-15T23:12:59Z,2026-09-15T23:22:09Z,0.006366,False,False,https://api.fususone.com/api/public/organizations/smyrnaga/stats/
smyrnaga,totalSharedCameras,previous,3416,3416,0,0.0,0.0,Connect Smyrna,Smyrna,GA,2026-09-15T23:12:59Z,2026-09-15T23:22:09Z,0.006366,False,False,https://api.fususone.com/api/public/organizations/smyrnaga/stats/
smyrnaga,totalMaxCameras,previous,3058,3058,0,0.0,0.0,Connect Smyrna,Smyrna,GA,2026-09-15T23:12:59Z,2026-09-15T23:22:09Z,0.006366,False,False,https://api.fususone.com/api/public/organizations/smyrnaga/stats/
smyrnaga,subscribedCameras,previous,257,257,0,0.0,0.0,Connect Smyrna,Smyrna,GA,2026-09-15T23:12:59Z,2026-09-15T23:22:09Z,0.006366,False,False,https://api.fususone.com/api/public/organizations/smyrnaga/stats/
southbendpd,totalRegisteredCameras,previous,2520,2520,0,0.0,0.0,Sync South Bend,South Bend,IN,2026-09-15T23:13:00Z,2026-09-15T23:22:10Z,0.006366,False,False,https://api.fususone.com/api/public/organizations/southbendpd/stats/
southbendpd,totalIntegratedCameras,previous,2035,2035,0,0.0,0.0,Sync South Bend,South Bend,IN,2026-09-15T23:13:00Z,2026-09-15T23:22:10Z,0.006366,False,False,https://api.fususone.com/api/public/organizations/southbendpd/stats/
southbendpd,totalOwnedCameras,previous,1291,1291,0,0.0,0.0,Sync South Bend,South Bend,IN,2026-09-15T23:13:00Z,2026-09-15T23:22:10Z,0.006366,False,False,https://api.fususone.com/api/public/organizations/southbendpd/stats/
southbendpd,totalSharedCameras,previous,744,744,0,0.0,0.0,Sync South Bend,South Bend,IN,2026-09-15T23:13:00Z,2026-09-15T23:22:10Z,0.006366,False,False,https://api.fususone.com/api/public/organizations/southbendpd/stats/
southbendpd,totalMaxCameras,previous,1500,1500,0,0.0,0.0,Sync South Bend,South Bend,IN,2026-09-15T23:13:00Z,2026-09-15T23:22:10Z,0.006366,False,False,https://api.fususone.com/api/public/organizations/southbendpd/stats/
southbendpd,subscribedCameras,previous,1278,1278,0,0.0,0.0,Sync South Bend,South Bend,IN,2026-09-15T23:13:00Z,2026-09-15T23:22:10Z,0.006366,False,False,https://api.fususone.com/api/public/organizations/southbendpd/stats/
southfultonga,totalRegisteredCameras,previous,460,460,0,0.0,0.0,Connect South Fulton,South Fulton,GA,2026-09-15T23:13:01Z,2026-09-15T23:22:11Z,0.006366,False,False,https://api.fususone.com/api/public/organizations/southfultonga/stats/
southfultonga,totalIntegratedCameras,previous,14804,14804,0,0.0,0.0,Connect South Fulton,South Fulton,GA,2026-09-15T23:13:01Z,2026-09-15T23:22:11Z,0.006366,False,False,https://api.fususone.com/api/public/organizations/southfultonga/stats/
southfultonga,totalOwnedCameras,previous,552,552,0,0.0,0.0,Connect South Fulton,South Fulton,GA,2026-09-15T23:13:01Z,2026-09-15T23:22:11Z,0.006366,False,False,https://api.fususone.com/api/public/organizations/southfultonga/stats/
southfultonga,totalSharedCameras,previous,4105,4105,0,0.0,0.0,Connect South Fulton,South Fulton,GA,2026-09-15T23:13:01Z,2026-09-15T23:22:11Z,0.006366,False,False,https://api.fususone.com/api/public/organizations/southfultonga/stats/
southfultonga,totalMaxCameras,previous,8000,8000,0,0.0,0.0,Connect South Fulton,South Fulton,GA,2026-09-15T23:13:01Z,2026-09-15T23:22:11Z,0.006366,False,False,https://api.fususone.com/api/public/organizations/southfultonga/stats/
southfultonga,subscribedCameras,previous,537,537,0,0.0,0.0,Connect South Fulton,South Fulton,GA,2026-09-15T23:13:01Z,2026-09-15T23:22:11Z,0.006366,False,False,https://api.fususone.com/api/public/organizations/southfultonga/stats/
sparkspdnv,totalRegisteredCameras,previous,244,244,0,0.0,0.0,Connect Sparks,Sparks,NV,2026-09-15T23:13:02Z,2026-09-15T23:22:12Z,0.006366,False,False,https://api.fususone.com/api/public/organizations/sparkspdnv/stats/
sparkspdnv,totalIntegratedCameras,previous,658,658,0,0.0,0.0,Connect Sparks,Sparks,NV,2026-09-15T23:13:02Z,2026-09-15T23:22:12Z,0.006366,False,False,https://api.fususone.com/api/public/organizations/sparkspdnv/stats/
sparkspdnv,totalOwnedCameras,previous,215,215,0,0.0,0.0,Connect Sparks,Sparks,NV,2026-09-15T23:13:02Z,2026-09-15T23:22:12Z,0.006366,False,False,https://api.fususone.com/api/public/organizations/sparkspdnv/stats/
sparkspdnv,totalSharedCameras,previous,0,0,0,,0.0,Connect Sparks,Sparks,NV,2026-09-15T23:13:02Z,2026-09-15T23:22:12Z,0.006366,True,False,https://api.fususone.com/api/public/organizations/sparkspdnv/stats/
sparkspdnv,totalMaxCameras,previous,500,500,0,0.0,0.0,Connect Sparks,Sparks,NV,2026-09-15T23:13:02Z,2026-09-15T23:22:12Z,0.006366,False,False,https://api.fususone.com/api/public/organizations/sparkspdnv/stats/
sparkspdnv,subscribedCameras,previous,201,201,0,0.0,0.0,Connect Sparks,Sparks,NV,2026-09-15T23:13:02Z,2026-09-15T23:22:12Z,0.006366,False,False,https://api.fususone.com/api/public/organizations/sparkspdnv/stats/
spartanburgpd,totalRegisteredCameras,previous,187,187,0,0.0,0.0,Connect Spartanburg,Spartanburg,SC,2026-09-15T23:13:03Z,2026-09-15T23:22:13Z,0.006366,False,False,https://api.fususone.com/api/public/organizations/spartanburgpd/stats/
spartanburgpd,totalIntegratedCameras,previous,639,639,0,0.0,0.0,Connect Spartanburg,Spartanburg,SC,2026-09-15T23:13:03Z,2026-09-15T23:22:13Z,0.006366,False,False,https://api.fususone.com/api/public/organizations/spartanburgpd/stats/
spartanburgpd,totalOwnedCameras,previous,635,635,0,0.0,0.0,Connect Spartanburg,Spartanburg,SC,2026-09-15T23:13:03Z,2026-09-15T23:22:13Z,0.006366,False,False,https://api.fususone.com/api/public/organizations/spartanburgpd/stats/
spartanburgpd,totalSharedCameras,previous,4,4,0,0.0,0.0,Connect Spartanburg,Spartanburg,SC,2026-09-15T23:13:03Z,2026-09-15T23:22:13Z,0.006366,False,False,https://api.fususone.com/api/public/organizations/spartanburgpd/stats/
spartanburgpd,totalMaxCameras,previous,500,500,0,0.0,0.0,Connect Spartanburg,Spartanburg,SC,2026-09-15T23:13:03Z,2026-09-15T23:22:13Z,0.006366,False,False,https://api.fususone.com/api/public/organizations/spartanburgpd/stats/
spartanburgpd,subscribedCameras,previous,635,635,0,0.0,0.0,Connect Spartanburg,Spartanburg,SC,2026-09-15T23:13:03Z,2026-09-15T23:22:13Z,0.006366,False,False,https://api.fususone.com/api/public/organizations/spartanburgpd/stats/
spokanecsowa,totalRegisteredCameras,previous,48,48,0,0.0,0.0,Connect Spokane County,Spokane County,WA,2026-09-15T23:13:04Z,2026-09-15T23:22:14Z,0.006366,False,False,https://api.fususone.com/api/public/organizations/spokanecsowa/stats/
spokanecsowa,totalIntegratedCameras,previous,959,959,0,0.0,0.0,Connect Spokane County,Spokane County,WA,2026-09-15T23:13:04Z,2026-09-15T23:22:14Z,0.006366,False,False,https://api.fususone.com/api/public/organizations/spokanecsowa/stats/
spokanecsowa,totalOwnedCameras,previous,827,827,0,0.0,0.0,Connect Spokane County,Spokane County,WA,2026-09-15T23:13:04Z,2026-09-15T23:22:14Z,0.006366,False,False,https://api.fususone.com/api/public/organizations/spokanecsowa/stats/
spokanecsowa,totalSharedCameras,previous,131,131,0,0.0,0.0,Connect Spokane County,Spokane County,WA,2026-09-15T23:13:04Z,2026-09-15T23:22:14Z,0.006366,False,False,https://api.fususone.com/api/public/organizations/spokanecsowa/stats/
spokanecsowa,totalMaxCameras,previous,150,150,0,0.0,0.0,Connect Spokane County,Spokane County,WA,2026-09-15T23:13:04Z,2026-09-15T23:22:14Z,0.006366,False,False,https://api.fususone.com/api/public/organizations/spokanecsowa/stats/
spokanecsowa,subscribedCameras,previous,720,720,0,0.0,0.0,Connect Spokane County,Spokane County,WA,2026-09-15T23:13:04Z,2026-09-15T23:22:14Z,0.006366,False,False,https://api.fususone.com/api/public/organizations/spokanecsowa/stats/
springfieldpd,totalRegisteredCameras,previous,1647,1647,0,0.0,0.0,Sync Springfield,Springfield,IL,2026-09-15T23:13:05Z,2026-09-15T23:22:15Z,0.006366,False,False,https://api.fususone.com/api/public/organizations/springfieldpd/stats/
springfieldpd,totalIntegratedCameras,previous,2546,2546,0,0.0,0.0,Sync Springfield,Springfield,IL,2026-09-15T23:13:05Z,2026-09-15T23:22:15Z,0.006366,False,False,https://api.fususone.com/api/public/organizations/springfieldpd/stats/
springfieldpd,totalOwnedCameras,previous,2473,2473,0,0.0,0.0,Sync Springfield,Springfield,IL,2026-09-15T23:13:05Z,2026-09-15T23:22:15Z,0.006366,False,False,https://api.fususone.com/api/public/organizations/springfieldpd/stats/
springfieldpd,totalSharedCameras,previous,0,0,0,,0.0,Sync Springfield,Springfield,IL,2026-09-15T23:13:05Z,2026-09-15T23:22:15Z,0.006366,True,False,https://api.fususone.com/api/public/organizations/springfieldpd/stats/
springfieldpd,totalMaxCameras,previous,1500,1500,0,0.0,0.0,Sync Springfield,Springfield,IL,2026-09-15T23:13:05Z,2026-09-15T23:22:15Z,0.006366,False,False,https://api.fususone.com/api/public/organizations/springfieldpd/stats/
springfieldpd,subscribedCameras,previous,2452,2452,0,0.0,0.0,Sync Springfield,Springfield,IL,2026-09-15T23:13:05Z,2026-09-15T23:22:15Z,0.006366,False,False,https://api.fususone.com/api/public/organizations/springfieldpd/stats/
springfieldpdmo,totalRegisteredCameras,previous,14,14,0,0.0,0.0,Springfield Safe,Springfield,MO,2026-09-15T23:13:06Z,2026-09-15T23:22:16Z,0.006366,False,False,https://api.fususone.com/api/public/organizations/springfieldpdmo/stats/
springfieldpdmo,totalIntegratedCameras,previous,313,313,0,0.0,0.0,Springfield Safe,Springfield,MO,2026-09-15T23:13:06Z,2026-09-15T23:22:16Z,0.006366,False,False,https://api.fususone.com/api/public/organizations/springfieldpdmo/stats/
springfieldpdmo,totalOwnedCameras,previous,162,162,0,0.0,0.0,Springfield Safe,Springfield,MO,2026-09-15T23:13:06Z,2026-09-15T23:22:16Z,0.006366,False,False,https://api.fususone.com/api/public/organizations/springfieldpdmo/stats/
springfieldpdmo,totalSharedCameras,previous,151,151,0,0.0,0.0,Springfield Safe,Springfield,MO,2026-09-15T23:13:06Z,2026-09-15T23:22:16Z,0.006366,False,False,https://api.fususone.com/api/public/organizations/springfieldpdmo/stats/
springfieldpdmo,totalMaxCameras,previous,0,0,0,,0.0,Springfield Safe,Springfield,MO,2026-09-15T23:13:06Z,2026-09-15T23:22:16Z,0.006366,True,False,https://api.fususone.com/api/public/organizations/springfieldpdmo/stats/
springfieldpdmo,subscribedCameras,previous,153,153,0,0.0,0.0,Springfield Safe,Springfield,MO,2026-09-15T23:13:06Z,2026-09-15T23:22:16Z,0.006366,False,False,https://api.fususone.com/api/public/organizations/springfieldpdmo/stats/
statesboropd,totalRegisteredCameras,previous,1,1,0,0.0,0.0,Connect Statesboro,Statesboro,GA,2026-09-15T23:13:07Z,2026-09-15T23:22:17Z,0.006366,False,False,https://api.fususone.com/api/public/organizations/statesboropd/stats/
statesboropd,totalIntegratedCameras,previous,14447,14447,0,0.0,0.0,Connect Statesboro,Statesboro,GA,2026-09-15T23:13:07Z,2026-09-15T23:22:17Z,0.006366,False,False,https://api.fususone.com/api/public/organizations/statesboropd/stats/
statesboropd,totalOwnedCameras,previous,629,629,0,0.0,0.0,Connect Statesboro,Statesboro,GA,2026-09-15T23:13:07Z,2026-09-15T23:22:17Z,0.006366,False,False,https://api.fususone.com/api/public/organizations/statesboropd/stats/
statesboropd,totalSharedCameras,previous,4131,4131,0,0.0,0.0,Connect Statesboro,Statesboro,GA,2026-09-15T23:13:07Z,2026-09-15T23:22:17Z,0.006366,False,False,https://api.fususone.com/api/public/organizations/statesboropd/stats/
statesboropd,totalMaxCameras,previous,3950,3950,0,0.0,0.0,Connect Statesboro,Statesboro,GA,2026-09-15T23:13:07Z,2026-09-15T23:22:17Z,0.006366,False,False,https://api.fususone.com/api/public/organizations/statesboropd/stats/
statesboropd,subscribedCameras,previous,622,622,0,0.0,0.0,Connect Statesboro,Statesboro,GA,2026-09-15T23:13:07Z,2026-09-15T23:22:17Z,0.006366,False,False,https://api.fususone.com/api/public/organizations/statesboropd/stats/
stbernardso,totalRegisteredCameras,previous,147,147,0,0.0,0.0,Protect St. Bernard,St. Bernard Parish,LA,2026-09-15T23:13:08Z,2026-09-15T23:22:18Z,0.006366,False,False,https://api.fususone.com/api/public/organizations/stbernardso/stats/
stbernardso,totalIntegratedCameras,previous,1796,1796,0,0.0,0.0,Protect St. Bernard,St. Bernard Parish,LA,2026-09-15T23:13:08Z,2026-09-15T23:22:18Z,0.006366,False,False,https://api.fususone.com/api/public/organizations/stbernardso/stats/
stbernardso,totalOwnedCameras,previous,84,84,0,0.0,0.0,Protect St. Bernard,St. Bernard Parish,LA,2026-09-15T23:13:08Z,2026-09-15T23:22:18Z,0.006366,False,False,https://api.fususone.com/api/public/organizations/stbernardso/stats/
stbernardso,totalSharedCameras,previous,1712,1712,0,0.0,0.0,Protect St. Bernard,St. Bernard Parish,LA,2026-09-15T23:13:08Z,2026-09-15T23:22:18Z,0.006366,False,False,https://api.fususone.com/api/public/organizations/stbernardso/stats/
stbernardso,totalMaxCameras,previous,781,781,0,0.0,0.0,Protect St. Bernard,St. Bernard Parish,LA,2026-09-15T23:13:08Z,2026-09-15T23:22:18Z,0.006366,False,False,https://api.fususone.com/api/public/organizations/stbernardso/stats/
stbernardso,subscribedCameras,previous,84,84,0,0.0,0.0,Protect St. Bernard,St. Bernard Parish,LA,2026-09-15T23:13:08Z,2026-09-15T23:22:18Z,0.006366,False,False,https://api.fususone.com/api/public/organizations/stbernardso/stats/
stcloud,totalRegisteredCameras,previous,356,356,0,0.0,0.0,Connect St. Cloud,St. Cloud,FL,2026-09-15T23:13:09Z,2026-09-15T23:22:19Z,0.006366,False,False,https://api.fususone.com/api/public/organizations/stcloud/stats/
stcloud,totalIntegratedCameras,previous,9164,9164,0,0.0,0.0,Connect St. Cloud,St. Cloud,FL,2026-09-15T23:13:09Z,2026-09-15T23:22:19Z,0.006366,False,False,https://api.fususone.com/api/public/organizations/stcloud/stats/
stcloud,totalOwnedCameras,previous,1862,1862,0,0.0,0.0,Connect St. Cloud,St. Cloud,FL,2026-09-15T23:13:09Z,2026-09-15T23:22:19Z,0.006366,False,False,https://api.fususone.com/api/public/organizations/stcloud/stats/
stcloud,totalSharedCameras,previous,5972,5972,0,0.0,0.0,Connect St. Cloud,St. Cloud,FL,2026-09-15T23:13:09Z,2026-09-15T23:22:19Z,0.006366,False,False,https://api.fususone.com/api/public/organizations/stcloud/stats/
stcloud,totalMaxCameras,previous,7000,7000,0,0.0,0.0,Connect St. Cloud,St. Cloud,FL,2026-09-15T23:13:09Z,2026-09-15T23:22:19Z,0.006366,False,False,https://api.fususone.com/api/public/organizations/stcloud/stats/
stcloud,subscribedCameras,previous,1839,1839,0,0.0,0.0,Connect St. Cloud,St. Cloud,FL,2026-09-15T23:13:09Z,2026-09-15T23:22:19Z,0.006366,False,False,https://api.fususone.com/api/public/organizations/stcloud/stats/
stcloudpdmn,totalRegisteredCameras,previous,0,0,0,,0.0,Saint Cloud Connect and Protect,Saint Cloud,MN,2026-09-15T23:13:10Z,2026-09-15T23:22:20Z,0.006366,True,False,https://api.fususone.com/api/public/organizations/stcloudpdmn/stats/
stcloudpdmn,totalIntegratedCameras,previous,27,27,0,0.0,0.0,Saint Cloud Connect and Protect,Saint Cloud,MN,2026-09-15T23:13:10Z,2026-09-15T23:22:20Z,0.006366,False,False,https://api.fususone.com/api/public/organizations/stcloudpdmn/stats/
stcloudpdmn,totalOwnedCameras,previous,27,27,0,0.0,0.0,Saint Cloud Connect and Protect,Saint Cloud,MN,2026-09-15T23:13:10Z,2026-09-15T23:22:20Z,0.006366,False,False,https://api.fususone.com/api/public/organizations/stcloudpdmn/stats/
stcloudpdmn,totalSharedCameras,previous,0,0,0,,0.0,Saint Cloud Connect and Protect,Saint Cloud,MN,2026-09-15T23:13:10Z,2026-09-15T23:22:20Z,0.006366,True,False,https://api.fususone.com/api/public/organizations/stcloudpdmn/stats/
stcloudpdmn,totalMaxCameras,previous,350,350,0,0.0,0.0,Saint Cloud Connect and Protect,Saint Cloud,MN,2026-09-15T23:13:10Z,2026-09-15T23:22:20Z,0.006366,False,False,https://api.fususone.com/api/public/organizations/stcloudpdmn/stats/
stcloudpdmn,subscribedCameras,previous,19,19,0,0.0,0.0,Saint Cloud Connect and Protect,Saint Cloud,MN,2026-09-15T23:13:10Z,2026-09-15T23:22:20Z,0.006366,False,False,https://api.fususone.com/api/public/organizations/stcloudpdmn/stats/
stjohnscountyso,totalRegisteredCameras,previous,1710,1710,0,0.0,0.0,Connect St. Johns,St. Johns County,FL,2026-09-15T23:13:11Z,2026-09-15T23:22:21Z,0.006366,False,False,https://api.fususone.com/api/public/organizations/stjohnscountyso/stats/
stjohnscountyso,totalIntegratedCameras,previous,1309,1309,0,0.0,0.0,Connect St. Johns,St. Johns County,FL,2026-09-15T23:13:11Z,2026-09-15T23:22:21Z,0.006366,False,False,https://api.fususone.com/api/public/organizations/stjohnscountyso/stats/
stjohnscountyso,totalOwnedCameras,previous,1123,1123,0,0.0,0.0,Connect St. Johns,St. Johns County,FL,2026-09-15T23:13:11Z,2026-09-15T23:22:21Z,0.006366,False,False,https://api.fususone.com/api/public/organizations/stjohnscountyso/stats/
stjohnscountyso,totalSharedCameras,previous,186,186,0,0.0,0.0,Connect St. Johns,St. Johns County,FL,2026-09-15T23:13:11Z,2026-09-15T23:22:21Z,0.006366,False,False,https://api.fususone.com/api/public/organizations/stjohnscountyso/stats/
stjohnscountyso,totalMaxCameras,previous,1500,1500,0,0.0,0.0,Connect St. Johns,St. Johns County,FL,2026-09-15T23:13:11Z,2026-09-15T23:22:21Z,0.006366,False,False,https://api.fususone.com/api/public/organizations/stjohnscountyso/stats/
stjohnscountyso,subscribedCameras,previous,1077,1077,0,0.0,0.0,Connect St. Johns,St. Johns County,FL,2026-09-15T23:13:11Z,2026-09-15T23:22:21Z,0.006366,False,False,https://api.fususone.com/api/public/organizations/stjohnscountyso/stats/
stluciesheriff,totalRegisteredCameras,previous,831,831,0,0.0,0.0,Connect St Lucie County,St. Lucie County,FL,2026-09-15T23:13:12Z,2026-09-15T23:22:22Z,0.006366,False,False,https://api.fususone.com/api/public/organizations/stluciesheriff/stats/
stluciesheriff,totalIntegratedCameras,previous,124,124,0,0.0,0.0,Connect St Lucie County,St. Lucie County,FL,2026-09-15T23:13:12Z,2026-09-15T23:22:22Z,0.006366,False,False,https://api.fususone.com/api/public/organizations/stluciesheriff/stats/
stluciesheriff,totalOwnedCameras,previous,124,124,0,0.0,0.0,Connect St Lucie County,St. Lucie County,FL,2026-09-15T23:13:12Z,2026-09-15T23:22:22Z,0.006366,False,False,https://api.fususone.com/api/public/organizations/stluciesheriff/stats/
stluciesheriff,totalSharedCameras,previous,0,0,0,,0.0,Connect St Lucie County,St. Lucie County,FL,2026-09-15T23:13:12Z,2026-09-15T23:22:22Z,0.006366,True,False,https://api.fususone.com/api/public/organizations/stluciesheriff/stats/
stluciesheriff,totalMaxCameras,previous,1500,1500,0,0.0,0.0,Connect St Lucie County,St. Lucie County,FL,2026-09-15T23:13:12Z,2026-09-15T23:22:22Z,0.006366,False,False,https://api.fususone.com/api/public/organizations/stluciesheriff/stats/
stluciesheriff,subscribedCameras,previous,72,72,0,0.0,0.0,Connect St Lucie County,St. Lucie County,FL,2026-09-15T23:13:12Z,2026-09-15T23:22:22Z,0.006366,False,False,https://api.fususone.com/api/public/organizations/stluciesheriff/stats/
stocktonpdca,totalRegisteredCameras,previous,52,52,0,0.0,0.0,SaferStockton,Stockton,CA,2026-09-15T23:13:13Z,2026-09-15T23:22:23Z,0.006366,False,False,https://api.fususone.com/api/public/organizations/stocktonpdca/stats/
stocktonpdca,totalIntegratedCameras,previous,371,371,0,0.0,0.0,SaferStockton,Stockton,CA,2026-09-15T23:13:13Z,2026-09-15T23:22:23Z,0.006366,False,False,https://api.fususone.com/api/public/organizations/stocktonpdca/stats/
stocktonpdca,totalOwnedCameras,previous,370,370,0,0.0,0.0,SaferStockton,Stockton,CA,2026-09-15T23:13:13Z,2026-09-15T23:22:23Z,0.006366,False,False,https://api.fususone.com/api/public/organizations/stocktonpdca/stats/
stocktonpdca,totalSharedCameras,previous,1,1,0,0.0,0.0,SaferStockton,Stockton,CA,2026-09-15T23:13:13Z,2026-09-15T23:22:23Z,0.006366,False,False,https://api.fususone.com/api/public/organizations/stocktonpdca/stats/
stocktonpdca,totalMaxCameras,previous,1,1,0,0.0,0.0,SaferStockton,Stockton,CA,2026-09-15T23:13:13Z,2026-09-15T23:22:23Z,0.006366,False,False,https://api.fususone.com/api/public/organizations/stocktonpdca/stats/
stocktonpdca,subscribedCameras,previous,366,366,0,0.0,0.0,SaferStockton,Stockton,CA,2026-09-15T23:13:13Z,2026-09-15T23:22:23Z,0.006366,False,False,https://api.fususone.com/api/public/organizations/stocktonpdca/stats/
stpaulpdmn,totalRegisteredCameras,previous,24,24,0,0.0,0.0,Connect Saint Paul,Saint Paul,MN,2026-09-15T23:13:14Z,2026-09-15T23:22:24Z,0.006366,False,False,https://api.fususone.com/api/public/organizations/stpaulpdmn/stats/
stpaulpdmn,totalIntegratedCameras,previous,1247,1247,0,0.0,0.0,Connect Saint Paul,Saint Paul,MN,2026-09-15T23:13:14Z,2026-09-15T23:22:24Z,0.006366,False,False,https://api.fususone.com/api/public/organizations/stpaulpdmn/stats/
stpaulpdmn,totalOwnedCameras,previous,341,341,0,0.0,0.0,Connect Saint Paul,Saint Paul,MN,2026-09-15T23:13:14Z,2026-09-15T23:22:24Z,0.006366,False,False,https://api.fususone.com/api/public/organizations/stpaulpdmn/stats/
stpaulpdmn,totalSharedCameras,previous,445,445,0,0.0,0.0,Connect Saint Paul,Saint Paul,MN,2026-09-15T23:13:14Z,2026-09-15T23:22:24Z,0.006366,False,False,https://api.fususone.com/api/public/organizations/stpaulpdmn/stats/
stpaulpdmn,totalMaxCameras,previous,0,0,0,,0.0,Connect Saint Paul,Saint Paul,MN,2026-09-15T23:13:14Z,2026-09-15T23:22:24Z,0.006366,True,False,https://api.fususone.com/api/public/organizations/stpaulpdmn/stats/
stpaulpdmn,subscribedCameras,previous,332,332,0,0.0,0.0,Connect Saint Paul,Saint Paul,MN,2026-09-15T23:13:14Z,2026-09-15T23:22:24Z,0.006366,False,False,https://api.fususone.com/api/public/organizations/stpaulpdmn/stats/
sumnercounty,totalRegisteredCameras,previous,461,461,0,0.0,0.0,Connect Sumner,Sumner,TN,2026-09-15T23:13:15Z,2026-09-15T23:22:25Z,0.006366,False,False,https://api.fususone.com/api/public/organizations/sumnercounty/stats/
sumnercounty,totalIntegratedCameras,previous,92,92,0,0.0,0.0,Connect Sumner,Sumner,TN,2026-09-15T23:13:15Z,2026-09-15T23:22:25Z,0.006366,False,False,https://api.fususone.com/api/public/organizations/sumnercounty/stats/
sumnercounty,totalOwnedCameras,previous,33,33,0,0.0,0.0,Connect Sumner,Sumner,TN,2026-09-15T23:13:15Z,2026-09-15T23:22:25Z,0.006366,False,False,https://api.fususone.com/api/public/organizations/sumnercounty/stats/
sumnercounty,totalSharedCameras,previous,38,38,0,0.0,0.0,Connect Sumner,Sumner,TN,2026-09-15T23:13:15Z,2026-09-15T23:22:25Z,0.006366,False,False,https://api.fususone.com/api/public/organizations/sumnercounty/stats/
sumnercounty,totalMaxCameras,previous,4000,4000,0,0.0,0.0,Connect Sumner,Sumner,TN,2026-09-15T23:13:15Z,2026-09-15T23:22:25Z,0.006366,False,False,https://api.fususone.com/api/public/organizations/sumnercounty/stats/
sumnercounty,subscribedCameras,previous,31,31,0,0.0,0.0,Connect Sumner,Sumner,TN,2026-09-15T23:13:15Z,2026-09-15T23:22:25Z,0.006366,False,False,https://api.fususone.com/api/public/organizations/sumnercounty/stats/
tempepd,totalRegisteredCameras,previous,172,172,0,0.0,0.0,Connect Tempe,Tempe,AZ,2026-09-15T23:13:16Z,2026-09-15T23:22:26Z,0.006366,False,False,https://api.fususone.com/api/public/organizations/tempepd/stats/
tempepd,totalIntegratedCameras,previous,1506,1506,0,0.0,0.0,Connect Tempe,Tempe,AZ,2026-09-15T23:13:16Z,2026-09-15T23:22:26Z,0.006366,False,False,https://api.fususone.com/api/public/organizations/tempepd/stats/
tempepd,totalOwnedCameras,previous,907,907,0,0.0,0.0,Connect Tempe,Tempe,AZ,2026-09-15T23:13:16Z,2026-09-15T23:22:26Z,0.006366,False,False,https://api.fususone.com/api/public/organizations/tempepd/stats/
tempepd,totalSharedCameras,previous,0,0,0,,0.0,Connect Tempe,Tempe,AZ,2026-09-15T23:13:16Z,2026-09-15T23:22:26Z,0.006366,True,False,https://api.fususone.com/api/public/organizations/tempepd/stats/
tempepd,totalMaxCameras,previous,1500,1500,0,0.0,0.0,Connect Tempe,Tempe,AZ,2026-09-15T23:13:16Z,2026-09-15T23:22:26Z,0.006366,False,False,https://api.fususone.com/api/public/organizations/tempepd/stats/
tempepd,subscribedCameras,previous,907,907,0,0.0,0.0,Connect Tempe,Tempe,AZ,2026-09-15T23:13:16Z,2026-09-15T23:22:26Z,0.006366,False,False,https://api.fususone.com/api/public/organizations/tempepd/stats/
torrancepd,totalRegisteredCameras,previous,132,132,0,0.0,0.0,Secure Torrance,Torrance,CA,2026-09-15T23:13:17Z,2026-09-15T23:22:27Z,0.006366,False,False,https://api.fususone.com/api/public/organizations/torrancepd/stats/
torrancepd,totalIntegratedCameras,previous,389,389,0,0.0,0.0,Secure Torrance,Torrance,CA,2026-09-15T23:13:17Z,2026-09-15T23:22:27Z,0.006366,False,False,https://api.fususone.com/api/public/organizations/torrancepd/stats/
torrancepd,totalOwnedCameras,previous,143,143,0,0.0,0.0,Secure Torrance,Torrance,CA,2026-09-15T23:13:17Z,2026-09-15T23:22:27Z,0.006366,False,False,https://api.fususone.com/api/public/organizations/torrancepd/stats/
torrancepd,totalSharedCameras,previous,246,246,0,0.0,0.0,Secure Torrance,Torrance,CA,2026-09-15T23:13:17Z,2026-09-15T23:22:27Z,0.006366,False,False,https://api.fususone.com/api/public/organizations/torrancepd/stats/
torrancepd,totalMaxCameras,previous,200,200,0,0.0,0.0,Secure Torrance,Torrance,CA,2026-09-15T23:13:17Z,2026-09-15T23:22:27Z,0.006366,False,False,https://api.fususone.com/api/public/organizations/torrancepd/stats/
torrancepd,subscribedCameras,previous,93,93,0,0.0,0.0,Secure Torrance,Torrance,CA,2026-09-15T23:13:17Z,2026-09-15T23:22:27Z,0.006366,False,False,https://api.fususone.com/api/public/organizations/torrancepd/stats/
tucsonpd,totalRegisteredCameras,previous,1329,1329,0,0.0,0.0,Connect Tucson,Tucson,AZ,2026-09-15T23:13:19Z,2026-09-15T23:22:29Z,0.006366,False,False,https://api.fususone.com/api/public/organizations/tucsonpd/stats/
tucsonpd,totalIntegratedCameras,previous,632,632,0,0.0,0.0,Connect Tucson,Tucson,AZ,2026-09-15T23:13:19Z,2026-09-15T23:22:29Z,0.006366,False,False,https://api.fususone.com/api/public/organizations/tucsonpd/stats/
tucsonpd,totalOwnedCameras,previous,461,461,0,0.0,0.0,Connect Tucson,Tucson,AZ,2026-09-15T23:13:19Z,2026-09-15T23:22:29Z,0.006366,False,False,https://api.fususone.com/api/public/organizations/tucsonpd/stats/
tucsonpd,totalSharedCameras,previous,0,0,0,,0.0,Connect Tucson,Tucson,AZ,2026-09-15T23:13:19Z,2026-09-15T23:22:29Z,0.006366,True,False,https://api.fususone.com/api/public/organizations/tucsonpd/stats/
tucsonpd,totalMaxCameras,previous,1500,1500,0,0.0,0.0,Connect Tucson,Tucson,AZ,2026-09-15T23:13:19Z,2026-09-15T23:22:29Z,0.006366,False,False,https://api.fususone.com/api/public/organizations/tucsonpd/stats/
tucsonpd,subscribedCameras,previous,462,462,0,0.0,0.0,Connect Tucson,Tucson,AZ,2026-09-15T23:13:19Z,2026-09-15T23:22:29Z,0.006366,False,False,https://api.fususone.com/api/public/organizations/tucsonpd/stats/
tupeloms,totalRegisteredCameras,previous,271,271,0,0.0,0.0,Connect Tupelo,Tupelo,MS,2026-09-15T23:13:20Z,2026-09-15T23:22:30Z,0.006366,False,False,https://api.fususone.com/api/public/organizations/tupeloms/stats/
tupeloms,totalIntegratedCameras,previous,349,349,0,0.0,0.0,Connect Tupelo,Tupelo,MS,2026-09-15T23:13:20Z,2026-09-15T23:22:30Z,0.006366,False,False,https://api.fususone.com/api/public/organizations/tupeloms/stats/
tupeloms,totalOwnedCameras,previous,349,349,0,0.0,0.0,Connect Tupelo,Tupelo,MS,2026-09-15T23:13:20Z,2026-09-15T23:22:30Z,0.006366,False,False,https://api.fususone.com/api/public/organizations/tupeloms/stats/
tupeloms,totalSharedCameras,previous,0,0,0,,0.0,Connect Tupelo,Tupelo,MS,2026-09-15T23:13:20Z,2026-09-15T23:22:30Z,0.006366,True,False,https://api.fususone.com/api/public/organizations/tupeloms/stats/
tupeloms,totalMaxCameras,previous,500,500,0,0.0,0.0,Connect Tupelo,Tupelo,MS,2026-09-15T23:13:20Z,2026-09-15T23:22:30Z,0.006366,False,False,https://api.fususone.com/api/public/organizations/tupeloms/stats/
tupeloms,subscribedCameras,previous,344,344,0,0.0,0.0,Connect Tupelo,Tupelo,MS,2026-09-15T23:13:20Z,2026-09-15T23:22:30Z,0.006366,False,False,https://api.fususone.com/api/public/organizations/tupeloms/stats/
turlockpd,totalRegisteredCameras,previous,199,199,0,0.0,0.0,Connect Turlock,Turlock,CA,2026-09-15T23:13:21Z,2026-09-15T23:22:31Z,0.006366,False,False,https://api.fususone.com/api/public/organizations/turlockpd/stats/
turlockpd,totalIntegratedCameras,previous,173,173,0,0.0,0.0,Connect Turlock,Turlock,CA,2026-09-15T23:13:21Z,2026-09-15T23:22:31Z,0.006366,False,False,https://api.fususone.com/api/public/organizations/turlockpd/stats/
turlockpd,totalOwnedCameras,previous,162,162,0,0.0,0.0,Connect Turlock,Turlock,CA,2026-09-15T23:13:21Z,2026-09-15T23:22:31Z,0.006366,False,False,https://api.fususone.com/api/public/organizations/turlockpd/stats/
turlockpd,totalSharedCameras,previous,11,11,0,0.0,0.0,Connect Turlock,Turlock,CA,2026-09-15T23:13:21Z,2026-09-15T23:22:31Z,0.006366,False,False,https://api.fususone.com/api/public/organizations/turlockpd/stats/
turlockpd,totalMaxCameras,previous,150,150,0,0.0,0.0,Connect Turlock,Turlock,CA,2026-09-15T23:13:21Z,2026-09-15T23:22:31Z,0.006366,False,False,https://api.fususone.com/api/public/organizations/turlockpd/stats/
turlockpd,subscribedCameras,previous,162,162,0,0.0,0.0,Connect Turlock,Turlock,CA,2026-09-15T23:13:21Z,2026-09-15T23:22:31Z,0.006366,False,False,https://api.fususone.com/api/public/organizations/turlockpd/stats/
tuscaloosapd,totalRegisteredCameras,previous,258,258,0,0.0,0.0,Safeguard Tuscaloosa,Tuscaloosa,AL,2026-09-15T23:13:22Z,2026-09-15T23:22:32Z,0.006366,False,False,https://api.fususone.com/api/public/organizations/tuscaloosapd/stats/
tuscaloosapd,totalIntegratedCameras,previous,1096,1096,0,0.0,0.0,Safeguard Tuscaloosa,Tuscaloosa,AL,2026-09-15T23:13:22Z,2026-09-15T23:22:32Z,0.006366,False,False,https://api.fususone.com/api/public/organizations/tuscaloosapd/stats/
tuscaloosapd,totalOwnedCameras,previous,402,402,0,0.0,0.0,Safeguard Tuscaloosa,Tuscaloosa,AL,2026-09-15T23:13:22Z,2026-09-15T23:22:32Z,0.006366,False,False,https://api.fususone.com/api/public/organizations/tuscaloosapd/stats/
tuscaloosapd,totalSharedCameras,previous,624,624,0,0.0,0.0,Safeguard Tuscaloosa,Tuscaloosa,AL,2026-09-15T23:13:22Z,2026-09-15T23:22:32Z,0.006366,False,False,https://api.fususone.com/api/public/organizations/tuscaloosapd/stats/
tuscaloosapd,totalMaxCameras,previous,1500,1500,0,0.0,0.0,Safeguard Tuscaloosa,Tuscaloosa,AL,2026-09-15T23:13:22Z,2026-09-15T23:22:32Z,0.006366,False,False,https://api.fususone.com/api/public/organizations/tuscaloosapd/stats/
tuscaloosapd,subscribedCameras,previous,382,382,0,0.0,0.0,Safeguard Tuscaloosa,Tuscaloosa,AL,2026-09-15T23:13:22Z,2026-09-15T23:22:32Z,0.006366,False,False,https://api.fususone.com/api/public/organizations/tuscaloosapd/stats/
uarizonapdaz,totalRegisteredCameras,previous,0,0,0,,0.0,Connect University of Arizona,University of Arizona,AZ,2026-09-15T23:13:23Z,2026-09-15T23:22:33Z,0.006366,True,False,https://api.fususone.com/api/public/organizations/uarizonapdaz/stats/
uarizonapdaz,totalIntegratedCameras,previous,16,16,0,0.0,0.0,Connect University of Arizona,University of Arizona,AZ,2026-09-15T23:13:23Z,2026-09-15T23:22:33Z,0.006366,False,False,https://api.fususone.com/api/public/organizations/uarizonapdaz/stats/
uarizonapdaz,totalOwnedCameras,previous,4,4,0,0.0,0.0,Connect University of Arizona,University of Arizona,AZ,2026-09-15T23:13:23Z,2026-09-15T23:22:33Z,0.006366,False,False,https://api.fususone.com/api/public/organizations/uarizonapdaz/stats/
uarizonapdaz,totalSharedCameras,previous,0,0,0,,0.0,Connect University of Arizona,University of Arizona,AZ,2026-09-15T23:13:23Z,2026-09-15T23:22:33Z,0.006366,True,False,https://api.fususone.com/api/public/organizations/uarizonapdaz/stats/
uarizonapdaz,totalMaxCameras,previous,0,0,0,,0.0,Connect University of Arizona,University of Arizona,AZ,2026-09-15T23:13:23Z,2026-09-15T23:22:33Z,0.006366,True,False,https://api.fususone.com/api/public/organizations/uarizonapdaz/stats/
uarizonapdaz,subscribedCameras,previous,0,0,0,,0.0,Connect University of Arizona,University of Arizona,AZ,2026-09-15T23:13:23Z,2026-09-15T23:22:33Z,0.006366,True,False,https://api.fususone.com/api/public/organizations/uarizonapdaz/stats/
uillinoispd,totalRegisteredCameras,previous,3,3,0,0.0,0.0,Connect University of Illinois Urbana-Champaign,University of Illinois Urbana-Champaign,IL,2026-09-15T23:13:24Z,2026-09-15T23:22:34Z,0.006366,False,False,https://api.fususone.com/api/public/organizations/uillinoispd/stats/
uillinoispd,totalIntegratedCameras,previous,4177,4177,0,0.0,0.0,Connect University of Illinois Urbana-Champaign,University of Illinois Urbana-Champaign,IL,2026-09-15T23:13:24Z,2026-09-15T23:22:34Z,0.006366,False,False,https://api.fususone.com/api/public/organizations/uillinoispd/stats/
uillinoispd,totalOwnedCameras,previous,4089,4089,0,0.0,0.0,Connect University of Illinois Urbana-Champaign,University of Illinois Urbana-Champaign,IL,2026-09-15T23:13:24Z,2026-09-15T23:22:34Z,0.006366,False,False,https://api.fususone.com/api/public/organizations/uillinoispd/stats/
uillinoispd,totalSharedCameras,previous,0,0,0,,0.0,Connect University of Illinois Urbana-Champaign,University of Illinois Urbana-Champaign,IL,2026-09-15T23:13:24Z,2026-09-15T23:22:34Z,0.006366,True,False,https://api.fususone.com/api/public/organizations/uillinoispd/stats/
uillinoispd,totalMaxCameras,previous,0,0,0,,0.0,Connect University of Illinois Urbana-Champaign,University of Illinois Urbana-Champaign,IL,2026-09-15T23:13:24Z,2026-09-15T23:22:34Z,0.006366,True,False,https://api.fususone.com/api/public/organizations/uillinoispd/stats/
uillinoispd,subscribedCameras,previous,4079,4079,0,0.0,0.0,Connect University of Illinois Urbana-Champaign,University of Illinois Urbana-Champaign,IL,2026-09-15T23:13:24Z,2026-09-15T23:22:34Z,0.006366,False,False,https://api.fususone.com/api/public/organizations/uillinoispd/stats/
universityofmissouripdmo,totalRegisteredCameras,previous,145,145,0,0.0,0.0,Mizzou SafeConnect,Mizzou,MO,2026-09-15T23:13:25Z,2026-09-15T23:22:35Z,0.006366,False,False,https://api.fususone.com/api/public/organizations/universityofmissouripdmo/stats/
universityofmissouripdmo,totalIntegratedCameras,previous,1012,1012,0,0.0,0.0,Mizzou SafeConnect,Mizzou,MO,2026-09-15T23:13:25Z,2026-09-15T23:22:35Z,0.006366,False,False,https://api.fususone.com/api/public/organizations/universityofmissouripdmo/stats/
universityofmissouripdmo,totalOwnedCameras,previous,1012,1012,0,0.0,0.0,Mizzou SafeConnect,Mizzou,MO,2026-09-15T23:13:25Z,2026-09-15T23:22:35Z,0.006366,False,False,https://api.fususone.com/api/public/organizations/universityofmissouripdmo/stats/
universityofmissouripdmo,totalSharedCameras,previous,0,0,0,,0.0,Mizzou SafeConnect,Mizzou,MO,2026-09-15T23:13:25Z,2026-09-15T23:22:35Z,0.006366,True,False,https://api.fususone.com/api/public/organizations/universityofmissouripdmo/stats/
universityofmissouripdmo,totalMaxCameras,previous,0,0,0,,0.0,Mizzou SafeConnect,Mizzou,MO,2026-09-15T23:13:25Z,2026-09-15T23:22:35Z,0.006366,True,False,https://api.fususone.com/api/public/organizations/universityofmissouripdmo/stats/
universityofmissouripdmo,subscribedCameras,previous,999,999,0,0.0,0.0,Mizzou SafeConnect,Mizzou,MO,2026-09-15T23:13:25Z,2026-09-15T23:22:35Z,0.006366,False,False,https://api.fususone.com/api/public/organizations/universityofmissouripdmo/stats/
virginiabeachpd,totalRegisteredCameras,previous,1447,1447,0,0.0,0.0,Connect Virginia Beach,Virginia Beach,VA,2026-09-15T23:13:26Z,2026-09-15T23:22:36Z,0.006366,False,False,https://api.fususone.com/api/public/organizations/virginiabeachpd/stats/
virginiabeachpd,totalIntegratedCameras,previous,3301,3301,0,0.0,0.0,Connect Virginia Beach,Virginia Beach,VA,2026-09-15T23:13:26Z,2026-09-15T23:22:36Z,0.006366,False,False,https://api.fususone.com/api/public/organizations/virginiabeachpd/stats/
virginiabeachpd,totalOwnedCameras,previous,647,647,0,0.0,0.0,Connect Virginia Beach,Virginia Beach,VA,2026-09-15T23:13:26Z,2026-09-15T23:22:36Z,0.006366,False,False,https://api.fususone.com/api/public/organizations/virginiabeachpd/stats/
virginiabeachpd,totalSharedCameras,previous,1409,1409,0,0.0,0.0,Connect Virginia Beach,Virginia Beach,VA,2026-09-15T23:13:26Z,2026-09-15T23:22:36Z,0.006366,False,False,https://api.fususone.com/api/public/organizations/virginiabeachpd/stats/
virginiabeachpd,totalMaxCameras,previous,2000,2000,0,0.0,0.0,Connect Virginia Beach,Virginia Beach,VA,2026-09-15T23:13:26Z,2026-09-15T23:22:36Z,0.006366,False,False,https://api.fususone.com/api/public/organizations/virginiabeachpd/stats/
virginiabeachpd,subscribedCameras,previous,636,636,0,0.0,0.0,Connect Virginia Beach,Virginia Beach,VA,2026-09-15T23:13:26Z,2026-09-15T23:22:36Z,0.006366,False,False,https://api.fususone.com/api/public/organizations/virginiabeachpd/stats/
volusiasheriff,totalRegisteredCameras,previous,670,670,0,0.0,0.0,Connect Volusia,Volusia,FL,2026-09-15T23:13:27Z,2026-09-15T23:22:37Z,0.006366,False,False,https://api.fususone.com/api/public/organizations/volusiasheriff/stats/
volusiasheriff,totalIntegratedCameras,previous,3954,3954,0,0.0,0.0,Connect Volusia,Volusia,FL,2026-09-15T23:13:27Z,2026-09-15T23:22:37Z,0.006366,False,False,https://api.fususone.com/api/public/organizations/volusiasheriff/stats/
volusiasheriff,totalOwnedCameras,previous,576,576,0,0.0,0.0,Connect Volusia,Volusia,FL,2026-09-15T23:13:27Z,2026-09-15T23:22:37Z,0.006366,False,False,https://api.fususone.com/api/public/organizations/volusiasheriff/stats/
volusiasheriff,totalSharedCameras,previous,3025,3025,0,0.0,0.0,Connect Volusia,Volusia,FL,2026-09-15T23:13:27Z,2026-09-15T23:22:37Z,0.006366,False,False,https://api.fususone.com/api/public/organizations/volusiasheriff/stats/
volusiasheriff,totalMaxCameras,previous,1500,1500,0,0.0,0.0,Connect Volusia,Volusia,FL,2026-09-15T23:13:27Z,2026-09-15T23:22:37Z,0.006366,False,False,https://api.fususone.com/api/public/organizations/volusiasheriff/stats/
volusiasheriff,subscribedCameras,previous,899,899,0,0.0,0.0,Connect Volusia,Volusia,FL,2026-09-15T23:13:27Z,2026-09-15T23:22:37Z,0.006366,False,False,https://api.fususone.com/api/public/organizations/volusiasheriff/stats/
wakecounty,totalRegisteredCameras,previous,42,42,0,0.0,0.0,Connect Wake County,Wake County,NC,2026-09-15T23:13:28Z,2026-09-15T23:22:38Z,0.006366,False,False,https://api.fususone.com/api/public/organizations/wakecounty/stats/
wakecounty,totalIntegratedCameras,previous,966,966,0,0.0,0.0,Connect Wake County,Wake County,NC,2026-09-15T23:13:28Z,2026-09-15T23:22:38Z,0.006366,False,False,https://api.fususone.com/api/public/organizations/wakecounty/stats/
wakecounty,totalOwnedCameras,previous,282,282,0,0.0,0.0,Connect Wake County,Wake County,NC,2026-09-15T23:13:28Z,2026-09-15T23:22:38Z,0.006366,False,False,https://api.fususone.com/api/public/organizations/wakecounty/stats/
wakecounty,totalSharedCameras,previous,57,57,0,0.0,0.0,Connect Wake County,Wake County,NC,2026-09-15T23:13:28Z,2026-09-15T23:22:38Z,0.006366,False,False,https://api.fususone.com/api/public/organizations/wakecounty/stats/
wakecounty,totalMaxCameras,previous,1500,1500,0,0.0,0.0,Connect Wake County,Wake County,NC,2026-09-15T23:13:28Z,2026-09-15T23:22:38Z,0.006366,False,False,https://api.fususone.com/api/public/organizations/wakecounty/stats/
wakecounty,subscribedCameras,previous,250,250,0,0.0,0.0,Connect Wake County,Wake County,NC,2026-09-15T23:13:28Z,2026-09-15T23:22:38Z,0.006366,False,False,https://api.fususone.com/api/public/organizations/wakecounty/stats/
warnerrobinspd,totalRegisteredCameras,previous,218,218,0,0.0,0.0,Connect Warner Robins,Warner Robins,GA,2026-09-15T23:13:29Z,2026-09-15T23:22:39Z,0.006366,False,False,https://api.fususone.com/api/public/organizations/warnerrobinspd/stats/
warnerrobinspd,totalIntegratedCameras,previous,9230,9230,0,0.0,0.0,Connect Warner Robins,Warner Robins,GA,2026-09-15T23:13:29Z,2026-09-15T23:22:39Z,0.006366,False,False,https://api.fususone.com/api/public/organizations/warnerrobinspd/stats/
warnerrobinspd,totalOwnedCameras,previous,139,139,0,0.0,0.0,Connect Warner Robins,Warner Robins,GA,2026-09-15T23:13:29Z,2026-09-15T23:22:39Z,0.006366,False,False,https://api.fususone.com/api/public/organizations/warnerrobinspd/stats/
warnerrobinspd,totalSharedCameras,previous,0,0,0,,0.0,Connect Warner Robins,Warner Robins,GA,2026-09-15T23:13:29Z,2026-09-15T23:22:39Z,0.006366,True,False,https://api.fususone.com/api/public/organizations/warnerrobinspd/stats/
warnerrobinspd,totalMaxCameras,previous,500,500,0,0.0,0.0,Connect Warner Robins,Warner Robins,GA,2026-09-15T23:13:29Z,2026-09-15T23:22:39Z,0.006366,False,False,https://api.fususone.com/api/public/organizations/warnerrobinspd/stats/
warnerrobinspd,subscribedCameras,previous,139,139,0,0.0,0.0,Connect Warner Robins,Warner Robins,GA,2026-09-15T23:13:29Z,2026-09-15T23:22:39Z,0.006366,False,False,https://api.fususone.com/api/public/organizations/warnerrobinspd/stats/
warrenpdmi,totalRegisteredCameras,previous,64,64,0,0.0,0.0,Connect Warren,Warren,MI,2026-09-15T23:13:30Z,2026-09-15T23:22:40Z,0.006366,False,False,https://api.fususone.com/api/public/organizations/warrenpdmi/stats/
warrenpdmi,totalIntegratedCameras,previous,196,196,0,0.0,0.0,Connect Warren,Warren,MI,2026-09-15T23:13:30Z,2026-09-15T23:22:40Z,0.006366,False,False,https://api.fususone.com/api/public/organizations/warrenpdmi/stats/
warrenpdmi,totalOwnedCameras,previous,117,117,0,0.0,0.0,Connect Warren,Warren,MI,2026-09-15T23:13:30Z,2026-09-15T23:22:40Z,0.006366,False,False,https://api.fususone.com/api/public/organizations/warrenpdmi/stats/
warrenpdmi,totalSharedCameras,previous,79,79,0,0.0,0.0,Connect Warren,Warren,MI,2026-09-15T23:13:30Z,2026-09-15T23:22:40Z,0.006366,False,False,https://api.fususone.com/api/public/organizations/warrenpdmi/stats/
warrenpdmi,totalMaxCameras,previous,1500,1500,0,0.0,0.0,Connect Warren,Warren,MI,2026-09-15T23:13:30Z,2026-09-15T23:22:40Z,0.006366,False,False,https://api.fususone.com/api/public/organizations/warrenpdmi/stats/
warrenpdmi,subscribedCameras,previous,90,90,0,0.0,0.0,Connect Warren,Warren,MI,2026-09-15T23:13:30Z,2026-09-15T23:22:40Z,0.006366,False,False,https://api.fususone.com/api/public/organizations/warrenpdmi/stats/
washoesheriff,totalRegisteredCameras,previous,9,9,0,0.0,0.0,Connect Washoe County,Washoe County,NV,2026-09-15T23:13:31Z,2026-09-15T23:22:41Z,0.006366,False,False,https://api.fususone.com/api/public/organizations/washoesheriff/stats/
washoesheriff,totalIntegratedCameras,previous,453,453,0,0.0,0.0,Connect Washoe County,Washoe County,NV,2026-09-15T23:13:31Z,2026-09-15T23:22:41Z,0.006366,False,False,https://api.fususone.com/api/public/organizations/washoesheriff/stats/
washoesheriff,totalOwnedCameras,previous,161,161,0,0.0,0.0,Connect Washoe County,Washoe County,NV,2026-09-15T23:13:31Z,2026-09-15T23:22:41Z,0.006366,False,False,https://api.fususone.com/api/public/organizations/washoesheriff/stats/
washoesheriff,totalSharedCameras,previous,4,4,0,0.0,0.0,Connect Washoe County,Washoe County,NV,2026-09-15T23:13:31Z,2026-09-15T23:22:41Z,0.006366,False,False,https://api.fususone.com/api/public/organizations/washoesheriff/stats/
washoesheriff,totalMaxCameras,previous,500,500,0,0.0,0.0,Connect Washoe County,Washoe County,NV,2026-09-15T23:13:31Z,2026-09-15T23:22:41Z,0.006366,False,False,https://api.fususone.com/api/public/organizations/washoesheriff/stats/
washoesheriff,subscribedCameras,previous,154,154,0,0.0,0.0,Connect Washoe County,Washoe County,NV,2026-09-15T23:13:31Z,2026-09-15T23:22:41Z,0.006366,False,False,https://api.fususone.com/api/public/organizations/washoesheriff/stats/
webbcountyso,totalRegisteredCameras,previous,0,0,0,,0.0,Connect Webb County,Webb County,TX,2026-09-15T23:13:32Z,2026-09-15T23:22:42Z,0.006366,True,False,https://api.fususone.com/api/public/organizations/webbcountyso/stats/
webbcountyso,totalIntegratedCameras,previous,279,279,0,0.0,0.0,Connect Webb County,Webb County,TX,2026-09-15T23:13:32Z,2026-09-15T23:22:42Z,0.006366,False,False,https://api.fususone.com/api/public/organizations/webbcountyso/stats/
webbcountyso,totalOwnedCameras,previous,279,279,0,0.0,0.0,Connect Webb County,Webb County,TX,2026-09-15T23:13:32Z,2026-09-15T23:22:42Z,0.006366,False,False,https://api.fususone.com/api/public/organizations/webbcountyso/stats/
webbcountyso,totalSharedCameras,previous,0,0,0,,0.0,Connect Webb County,Webb County,TX,2026-09-15T23:13:32Z,2026-09-15T23:22:42Z,0.006366,True,False,https://api.fususone.com/api/public/organizations/webbcountyso/stats/
webbcountyso,totalMaxCameras,previous,2000,2000,0,0.0,0.0,Connect Webb County,Webb County,TX,2026-09-15T23:13:32Z,2026-09-15T23:22:42Z,0.006366,False,False,https://api.fususone.com/api/public/organizations/webbcountyso/stats/
webbcountyso,subscribedCameras,previous,275,275,0,0.0,0.0,Connect Webb County,Webb County,TX,2026-09-15T23:13:32Z,2026-09-15T23:22:42Z,0.006366,False,False,https://api.fususone.com/api/public/organizations/webbcountyso/stats/
westsacramento,totalRegisteredCameras,previous,831,831,0,0.0,0.0,West Sacramento Safe and Secure,West Sacramento,CA,2026-09-15T23:13:33Z,2026-09-15T23:22:43Z,0.006366,False,False,https://api.fususone.com/api/public/organizations/westsacramento/stats/
westsacramento,totalIntegratedCameras,previous,514,514,0,0.0,0.0,West Sacramento Safe and Secure,West Sacramento,CA,2026-09-15T23:13:33Z,2026-09-15T23:22:43Z,0.006366,False,False,https://api.fususone.com/api/public/organizations/westsacramento/stats/
westsacramento,totalOwnedCameras,previous,339,339,0,0.0,0.0,West Sacramento Safe and Secure,West Sacramento,CA,2026-09-15T23:13:33Z,2026-09-15T23:22:43Z,0.006366,False,False,https://api.fususone.com/api/public/organizations/westsacramento/stats/
westsacramento,totalSharedCameras,previous,89,89,0,0.0,0.0,West Sacramento Safe and Secure,West Sacramento,CA,2026-09-15T23:13:33Z,2026-09-15T23:22:43Z,0.006366,False,False,https://api.fususone.com/api/public/organizations/westsacramento/stats/
westsacramento,totalMaxCameras,previous,500,500,0,0.0,0.0,West Sacramento Safe and Secure,West Sacramento,CA,2026-09-15T23:13:33Z,2026-09-15T23:22:43Z,0.006366,False,False,https://api.fususone.com/api/public/organizations/westsacramento/stats/
westsacramento,subscribedCameras,previous,328,328,0,0.0,0.0,West Sacramento Safe and Secure,West Sacramento,CA,2026-09-15T23:13:33Z,2026-09-15T23:22:43Z,0.006366,False,False,https://api.fususone.com/api/public/organizations/westsacramento/stats/
wheatonpd,totalRegisteredCameras,previous,427,427,0,0.0,0.0,Connect Wheaton,Wheaton,IL,2026-09-15T23:13:35Z,2026-09-15T23:22:44Z,0.006354,False,False,https://api.fususone.com/api/public/organizations/wheatonpd/stats/
wheatonpd,totalIntegratedCameras,previous,535,535,0,0.0,0.0,Connect Wheaton,Wheaton,IL,2026-09-15T23:13:35Z,2026-09-15T23:22:44Z,0.006354,False,False,https://api.fususone.com/api/public/organizations/wheatonpd/stats/
wheatonpd,totalOwnedCameras,previous,535,535,0,0.0,0.0,Connect Wheaton,Wheaton,IL,2026-09-15T23:13:35Z,2026-09-15T23:22:44Z,0.006354,False,False,https://api.fususone.com/api/public/organizations/wheatonpd/stats/
wheatonpd,totalSharedCameras,previous,0,0,0,,0.0,Connect Wheaton,Wheaton,IL,2026-09-15T23:13:35Z,2026-09-15T23:22:44Z,0.006354,True,False,https://api.fususone.com/api/public/organizations/wheatonpd/stats/
wheatonpd,totalMaxCameras,previous,1500,1500,0,0.0,0.0,Connect Wheaton,Wheaton,IL,2026-09-15T23:13:35Z,2026-09-15T23:22:44Z,0.006354,False,False,https://api.fususone.com/api/public/organizations/wheatonpd/stats/
wheatonpd,subscribedCameras,previous,531,531,0,0.0,0.0,Connect Wheaton,Wheaton,IL,2026-09-15T23:13:35Z,2026-09-15T23:22:44Z,0.006354,False,False,https://api.fususone.com/api/public/organizations/wheatonpd/stats/
whitehallpd,totalRegisteredCameras,previous,575,575,0,0.0,0.0,Connect Whitehall,Whitehall,OH,2026-09-15T23:13:36Z,2026-09-15T23:22:45Z,0.006354,False,False,https://api.fususone.com/api/public/organizations/whitehallpd/stats/
whitehallpd,totalIntegratedCameras,previous,615,615,0,0.0,0.0,Connect Whitehall,Whitehall,OH,2026-09-15T23:13:36Z,2026-09-15T23:22:45Z,0.006354,False,False,https://api.fususone.com/api/public/organizations/whitehallpd/stats/
whitehallpd,totalOwnedCameras,previous,153,153,0,0.0,0.0,Connect Whitehall,Whitehall,OH,2026-09-15T23:13:36Z,2026-09-15T23:22:45Z,0.006354,False,False,https://api.fususone.com/api/public/organizations/whitehallpd/stats/
whitehallpd,totalSharedCameras,previous,462,462,0,0.0,0.0,Connect Whitehall,Whitehall,OH,2026-09-15T23:13:36Z,2026-09-15T23:22:45Z,0.006354,False,False,https://api.fususone.com/api/public/organizations/whitehallpd/stats/
whitehallpd,totalMaxCameras,previous,1500,1500,0,0.0,0.0,Connect Whitehall,Whitehall,OH,2026-09-15T23:13:36Z,2026-09-15T23:22:45Z,0.006354,False,False,https://api.fususone.com/api/public/organizations/whitehallpd/stats/
whitehallpd,subscribedCameras,previous,151,151,0,0.0,0.0,Connect Whitehall,Whitehall,OH,2026-09-15T23:13:36Z,2026-09-15T23:22:45Z,0.006354,False,False,https://api.fususone.com/api/public/organizations/whitehallpd/stats/
wichitapdks,totalRegisteredCameras,previous,4,4,0,0.0,0.0,Connected Wichita,Wichita,KS,2026-09-15T23:13:37Z,2026-09-15T23:22:46Z,0.006354,False,False,https://api.fususone.com/api/public/organizations/wichitapdks/stats/
wichitapdks,totalIntegratedCameras,previous,365,365,0,0.0,0.0,Connected Wichita,Wichita,KS,2026-09-15T23:13:37Z,2026-09-15T23:22:46Z,0.006354,False,False,https://api.fususone.com/api/public/organizations/wichitapdks/stats/
wichitapdks,totalOwnedCameras,previous,344,344,0,0.0,0.0,Connected Wichita,Wichita,KS,2026-09-15T23:13:37Z,2026-09-15T23:22:46Z,0.006354,False,False,https://api.fususone.com/api/public/organizations/wichitapdks/stats/
wichitapdks,totalSharedCameras,previous,21,21,0,0.0,0.0,Connected Wichita,Wichita,KS,2026-09-15T23:13:37Z,2026-09-15T23:22:46Z,0.006354,False,False,https://api.fususone.com/api/public/organizations/wichitapdks/stats/
wichitapdks,totalMaxCameras,previous,1500,1500,0,0.0,0.0,Connected Wichita,Wichita,KS,2026-09-15T23:13:37Z,2026-09-15T23:22:46Z,0.006354,False,False,https://api.fususone.com/api/public/organizations/wichitapdks/stats/
wichitapdks,subscribedCameras,previous,311,311,0,0.0,0.0,Connected Wichita,Wichita,KS,2026-09-15T23:13:37Z,2026-09-15T23:22:46Z,0.006354,False,False,https://api.fususone.com/api/public/organizations/wichitapdks/stats/
williamsoncsotn,totalRegisteredCameras,previous,103,103,0,0.0,0.0,Connect Williamson,Williamson County,TN,2026-09-15T23:13:38Z,2026-09-15T23:22:47Z,0.006354,False,False,https://api.fususone.com/api/public/organizations/williamsoncsotn/stats/
williamsoncsotn,totalIntegratedCameras,previous,9,9,0,0.0,0.0,Connect Williamson,Williamson County,TN,2026-09-15T23:13:38Z,2026-09-15T23:22:47Z,0.006354,False,False,https://api.fususone.com/api/public/organizations/williamsoncsotn/stats/
williamsoncsotn,totalOwnedCameras,previous,9,9,0,0.0,0.0,Connect Williamson,Williamson County,TN,2026-09-15T23:13:38Z,2026-09-15T23:22:47Z,0.006354,False,False,https://api.fususone.com/api/public/organizations/williamsoncsotn/stats/
williamsoncsotn,totalSharedCameras,previous,0,0,0,,0.0,Connect Williamson,Williamson County,TN,2026-09-15T23:13:38Z,2026-09-15T23:22:47Z,0.006354,True,False,https://api.fususone.com/api/public/organizations/williamsoncsotn/stats/
williamsoncsotn,totalMaxCameras,previous,0,0,0,,0.0,Connect Williamson,Williamson County,TN,2026-09-15T23:13:38Z,2026-09-15T23:22:47Z,0.006354,True,False,https://api.fususone.com/api/public/organizations/williamsoncsotn/stats/
williamsoncsotn,subscribedCameras,previous,0,0,0,,0.0,Connect Williamson,Williamson County,TN,2026-09-15T23:13:38Z,2026-09-15T23:22:47Z,0.006354,True,False,https://api.fususone.com/api/public/organizations/williamsoncsotn/stats/
wilmingtonnc,totalRegisteredCameras,previous,2,2,0,0.0,0.0,Connect Wilmington,Wilmington,NC,2026-09-15T23:13:39Z,2026-09-15T23:22:48Z,0.006354,False,False,https://api.fususone.com/api/public/organizations/wilmingtonnc/stats/
wilmingtonnc,totalIntegratedCameras,previous,712,712,0,0.0,0.0,Connect Wilmington,Wilmington,NC,2026-09-15T23:13:39Z,2026-09-15T23:22:48Z,0.006354,False,False,https://api.fususone.com/api/public/organizations/wilmingtonnc/stats/
wilmingtonnc,totalOwnedCameras,previous,696,696,0,0.0,0.0,Connect Wilmington,Wilmington,NC,2026-09-15T23:13:39Z,2026-09-15T23:22:48Z,0.006354,False,False,https://api.fususone.com/api/public/organizations/wilmingtonnc/stats/
wilmingtonnc,totalSharedCameras,previous,0,0,0,,0.0,Connect Wilmington,Wilmington,NC,2026-09-15T23:13:39Z,2026-09-15T23:22:48Z,0.006354,True,False,https://api.fususone.com/api/public/organizations/wilmingtonnc/stats/
wilmingtonnc,totalMaxCameras,previous,10000,10000,0,0.0,0.0,Connect Wilmington,Wilmington,NC,2026-09-15T23:13:39Z,2026-09-15T23:22:48Z,0.006354,False,False,https://api.fususone.com/api/public/organizations/wilmingtonnc/stats/
wilmingtonnc,subscribedCameras,previous,696,696,0,0.0,0.0,Connect Wilmington,Wilmington,NC,2026-09-15T23:13:39Z,2026-09-15T23:22:48Z,0.006354,False,False,https://api.fususone.com/api/public/organizations/wilmingtonnc/stats/
wintergarden,totalRegisteredCameras,previous,0,0,0,,0.0,Connect Winter Garden,Winter Garden,FL,2026-09-15T23:13:40Z,2026-09-15T23:22:49Z,0.006354,True,False,https://api.fususone.com/api/public/organizations/wintergarden/stats/
wintergarden,totalIntegratedCameras,previous,274,274,0,0.0,0.0,Connect Winter Garden,Winter Garden,FL,2026-09-15T23:13:40Z,2026-09-15T23:22:49Z,0.006354,False,False,https://api.fususone.com/api/public/organizations/wintergarden/stats/
wintergarden,totalOwnedCameras,previous,172,172,0,0.0,0.0,Connect Winter Garden,Winter Garden,FL,2026-09-15T23:13:40Z,2026-09-15T23:22:49Z,0.006354,False,False,https://api.fususone.com/api/public/organizations/wintergarden/stats/
wintergarden,totalSharedCameras,previous,0,0,0,,0.0,Connect Winter Garden,Winter Garden,FL,2026-09-15T23:13:40Z,2026-09-15T23:22:49Z,0.006354,True,False,https://api.fususone.com/api/public/organizations/wintergarden/stats/
wintergarden,totalMaxCameras,previous,500,500,0,0.0,0.0,Connect Winter Garden,Winter Garden,FL,2026-09-15T23:13:40Z,2026-09-15T23:22:49Z,0.006354,False,False,https://api.fususone.com/api/public/organizations/wintergarden/stats/
wintergarden,subscribedCameras,previous,172,172,0,0.0,0.0,Connect Winter Garden,Winter Garden,FL,2026-09-15T23:13:40Z,2026-09-15T23:22:49Z,0.006354,False,False,https://api.fususone.com/api/public/organizations/wintergarden/stats/
winterpark,totalRegisteredCameras,previous,294,294,0,0.0,0.0,Connect Winter Park,Winter Park,FL,2026-09-15T23:13:41Z,2026-09-15T23:22:50Z,0.006354,False,False,https://api.fususone.com/api/public/organizations/winterpark/stats/
winterpark,totalIntegratedCameras,previous,1544,1544,0,0.0,0.0,Connect Winter Park,Winter Park,FL,2026-09-15T23:13:41Z,2026-09-15T23:22:50Z,0.006354,False,False,https://api.fususone.com/api/public/organizations/winterpark/stats/
winterpark,totalOwnedCameras,previous,1081,1081,0,0.0,0.0,Connect Winter Park,Winter Park,FL,2026-09-15T23:13:41Z,2026-09-15T23:22:50Z,0.006354,False,False,https://api.fususone.com/api/public/organizations/winterpark/stats/
winterpark,totalSharedCameras,previous,0,0,0,,0.0,Connect Winter Park,Winter Park,FL,2026-09-15T23:13:41Z,2026-09-15T23:22:50Z,0.006354,True,False,https://api.fususone.com/api/public/organizations/winterpark/stats/
winterpark,totalMaxCameras,previous,1500,1500,0,0.0,0.0,Connect Winter Park,Winter Park,FL,2026-09-15T23:13:41Z,2026-09-15T23:22:50Z,0.006354,False,False,https://api.fususone.com/api/public/organizations/winterpark/stats/
winterpark,subscribedCameras,previous,1073,1073,0,0.0,0.0,Connect Winter Park,Winter Park,FL,2026-09-15T23:13:41Z,2026-09-15T23:22:50Z,0.006354,False,False,https://api.fususone.com/api/public/organizations/winterpark/stats/
wpb,totalRegisteredCameras,previous,1815,1815,0,0.0,0.0,CityWatch Connect,West Palm Beach,FL,2026-09-15T23:13:42Z,2026-09-15T23:22:51Z,0.006354,False,False,https://api.fususone.com/api/public/organizations/wpb/stats/
wpb,totalIntegratedCameras,previous,958,958,0,0.0,0.0,CityWatch Connect,West Palm Beach,FL,2026-09-15T23:13:42Z,2026-09-15T23:22:51Z,0.006354,False,False,https://api.fususone.com/api/public/organizations/wpb/stats/
wpb,totalOwnedCameras,previous,460,460,0,0.0,0.0,CityWatch Connect,West Palm Beach,FL,2026-09-15T23:13:42Z,2026-09-15T23:22:51Z,0.006354,False,False,https://api.fususone.com/api/public/organizations/wpb/stats/
wpb,totalSharedCameras,previous,245,245,0,0.0,0.0,CityWatch Connect,West Palm Beach,FL,2026-09-15T23:13:42Z,2026-09-15T23:22:51Z,0.006354,False,False,https://api.fususone.com/api/public/organizations/wpb/stats/
wpb,totalMaxCameras,previous,1000,1000,0,0.0,0.0,CityWatch Connect,West Palm Beach,FL,2026-09-15T23:13:42Z,2026-09-15T23:22:51Z,0.006354,False,False,https://api.fususone.com/api/public/organizations/wpb/stats/
wpb,subscribedCameras,previous,434,434,0,0.0,0.0,CityWatch Connect,West Palm Beach,FL,2026-09-15T23:13:42Z,2026-09-15T23:22:51Z,0.006354,False,False,https://api.fususone.com/api/public/organizations/wpb/stats/
zacharypdla,totalRegisteredCameras,previous,7,7,0,0.0,0.0,Connect Zachary,Zachary,LA,2026-09-15T23:13:43Z,2026-09-15T23:22:52Z,0.006354,False,False,https://api.fususone.com/api/public/organizations/zacharypdla/stats/
zacharypdla,totalIntegratedCameras,previous,8,8,0,0.0,0.0,Connect Zachary,Zachary,LA,2026-09-15T23:13:43Z,2026-09-15T23:22:52Z,0.006354,False,False,https://api.fususone.com/api/public/organizations/zacharypdla/stats/
zacharypdla,totalOwnedCameras,previous,8,8,0,0.0,0.0,Connect Zachary,Zachary,LA,2026-09-15T23:13:43Z,2026-09-15T23:22:52Z,0.006354,False,False,https://api.fususone.com/api/public/organizations/zacharypdla/stats/
zacharypdla,totalSharedCameras,previous,0,0,0,,0.0,Connect Zachary,Zachary,LA,2026-09-15T23:13:43Z,2026-09-15T23:22:52Z,0.006354,True,False,https://api.fususone.com/api/public/organizations/zacharypdla/stats/
zacharypdla,totalMaxCameras,previous,0,0,0,,0.0,Connect Zachary,Zachary,LA,2026-09-15T23:13:43Z,2026-09-15T23:22:52Z,0.006354,True,False,https://api.fususone.com/api/public/organizations/zacharypdla/stats/
zacharypdla,subscribedCameras,previous,8,8,0,0.0,0.0,Connect Zachary,Zachary,LA,2026-09-15T23:13:43Z,2026-09-15T23:22:52Z,0.006354,False,False,https://api.fususone.com/api/public/organizations/zacharypdla/stats/
