quality_ok,snapshot_at,observed_at,org,program_count,programs,city,state,status,http_status,error,missing_metrics,source_url,totalRegisteredCameras,totalIntegratedCameras,totalOwnedCameras,totalSharedCameras,totalMaxCameras,subscribedCameras
True,2026-09-15T23:08:15Z,2026-09-15T23:08:16Z,aacounty,1,Connect Anne Arundel,Anne Arundel County,MD,ok,200,,,https://api.fususone.com/api/public/organizations/aacounty/stats/,1026,3664,2372,534,1500,2336
True,2026-09-15T23:08:15Z,2026-09-15T23:08:17Z,accpd,1,Connect Athens-Clarke County,Athens-Clarke County,GA,ok,200,,,https://api.fususone.com/api/public/organizations/accpd/stats/,68,4308,1827,297,500,526
True,2026-09-15T23:08:15Z,2026-09-15T23:08:18Z,acworthga,1,Connect Acworth,Acworth,GA,ok,200,,,https://api.fususone.com/api/public/organizations/acworthga/stats/,150,10580,237,451,500,237
True,2026-09-15T23:08:15Z,2026-09-15T23:08:19Z,adamscsoco,1,Connect Adams County,Adams County,CO,ok,200,,,https://api.fususone.com/api/public/organizations/adamscsoco/stats/,156,166,166,0,1500,166
True,2026-09-15T23:08:15Z,2026-09-15T23:08:20Z,alachuasheriff,1,Connect Alachua County,Alachua County,FL,ok,200,,,https://api.fususone.com/api/public/organizations/alachuasheriff/stats/,0,216,160,0,850,143
True,2026-09-15T23:08:15Z,2026-09-15T23:08:21Z,albanypolice,1,Connect Albany,Albany,GA,ok,200,,,https://api.fususone.com/api/public/organizations/albanypolice/stats/,725,13935,1154,3414,6634,1140
True,2026-09-15T23:08:15Z,2026-09-15T23:08:22Z,alpharetta,1,Connect Alpharetta,Alpharetta,GA,ok,200,,,https://api.fususone.com/api/public/organizations/alpharetta/stats/,0,0,0,0,2500,0
True,2026-09-15T23:08:15Z,2026-09-15T23:08:23Z,alsipil,1,Connect Alsip,Alsip,IL,ok,200,,,https://api.fususone.com/api/public/organizations/alsipil/stats/,737,977,930,26,1500,979
True,2026-09-15T23:08:15Z,2026-09-15T23:08:24Z,altoonapd,1,Connect Altoona,Altoona,IA,ok,200,,,https://api.fususone.com/api/public/organizations/altoonapd/stats/,345,605,605,0,925,595
True,2026-09-15T23:08:15Z,2026-09-15T23:08:25Z,amarillopd,1,Connect Amarillo,Amarillo,TX,ok,200,,,https://api.fususone.com/api/public/organizations/amarillopd/stats/,32,491,491,0,500,483
True,2026-09-15T23:08:15Z,2026-09-15T23:08:26Z,anaheim,1,Connect Anaheim,Anaheim,CA,ok,200,,,https://api.fususone.com/api/public/organizations/anaheim/stats/,424,714,667,3,1500,636
True,2026-09-15T23:08:15Z,2026-09-15T23:08:27Z,anchoragepdak,1,Safe Anchorage,Anchorage,AK,ok,200,,,https://api.fususone.com/api/public/organizations/anchoragepdak/stats/,269,40,18,22,0,18
True,2026-09-15T23:08:15Z,2026-09-15T23:08:28Z,anokacountysomn,1,Anoka County Real Time Crime Center,Anoka County,MN,ok,200,,,https://api.fususone.com/api/public/organizations/anokacountysomn/stats/,374,2674,635,1721,500,634
True,2026-09-15T23:08:15Z,2026-09-15T23:08:29Z,apachejunctionpdaz,1,Connect Apache Junction,Apache Junction,AZ,ok,200,,,https://api.fususone.com/api/public/organizations/apachejunctionpdaz/stats/,0,199,199,0,225,191
True,2026-09-15T23:08:15Z,2026-09-15T23:08:30Z,apopkapd,1,Connect Apopka,Apopka,FL,ok,200,,,https://api.fususone.com/api/public/organizations/apopkapd/stats/,174,7852,224,6894,500,221
True,2026-09-15T23:08:15Z,2026-09-15T23:08:31Z,arlingtonheightspd,1,Connect Arlington Heights,Arlington Heights,IL,ok,200,,,https://api.fususone.com/api/public/organizations/arlingtonheightspd/stats/,652,1142,379,763,1500,363
True,2026-09-15T23:08:15Z,2026-09-15T23:08:32Z,artesianmpd,1,Connect Artesia,Artesia,MN,ok,200,,,https://api.fususone.com/api/public/organizations/artesianmpd/stats/,57,209,209,0,0,207
True,2026-09-15T23:08:15Z,2026-09-15T23:08:33Z,ashevillepdnc,1,Connect Asheville,Asheville,NC,ok,200,,,https://api.fususone.com/api/public/organizations/ashevillepdnc/stats/,11,19,19,0,500,7
True,2026-09-15T23:08:15Z,2026-09-15T23:08:34Z,ashlandpdal,1,Connect Ashland,Ashland,AL,ok,200,,,https://api.fususone.com/api/public/organizations/ashlandpdal/stats/,8,673,49,624,125,49
True,2026-09-15T23:08:15Z,2026-09-15T23:08:35Z,auroragov,1,Connect Aurora,Aurora,CO,ok,200,,,https://api.fususone.com/api/public/organizations/auroragov/stats/,55,930,930,0,10000,930
True,2026-09-15T23:08:15Z,2026-09-15T23:08:36Z,baltimorecountypd,1,Connect Baltimore County,Baltimore County,MD,ok,200,,,https://api.fususone.com/api/public/organizations/baltimorecountypd/stats/,4,592,531,61,5000,500
True,2026-09-15T23:08:15Z,2026-09-15T23:08:37Z,bartowfl,1,Connect Bartow,Bartow,FL,ok,200,,,https://api.fususone.com/api/public/organizations/bartowfl/stats/,0,34,34,0,0,32
True,2026-09-15T23:08:15Z,2026-09-15T23:08:38Z,baycounty,1,Connect Bay County,Bay County,FL,ok,200,,,https://api.fususone.com/api/public/organizations/baycounty/stats/,1709,1504,1150,289,1500,1122
True,2026-09-15T23:08:15Z,2026-09-15T23:08:39Z,beaumonttx,1,Connect Southeast Texas,Southeast Texas,TX,ok,200,,,https://api.fususone.com/api/public/organizations/beaumonttx/stats/,4033,3793,1529,2094,4500,755
True,2026-09-15T23:08:15Z,2026-09-15T23:08:40Z,bedfordparkpd,1,Connect Bedford Park,Bedford Park,IL,ok,200,,,https://api.fususone.com/api/public/organizations/bedfordparkpd/stats/,126,282,217,3,500,200
True,2026-09-15T23:08:15Z,2026-09-15T23:08:41Z,bendpd,1,Connect Bend,Bend,OR,ok,200,,,https://api.fususone.com/api/public/organizations/bendpd/stats/,774,322,254,68,150,210
True,2026-09-15T23:08:15Z,2026-09-15T23:08:42Z,bensalem,1,Connect Bensalem,Bensalem,PA,ok,200,,,https://api.fususone.com/api/public/organizations/bensalem/stats/,1174,1006,990,16,1500,978
True,2026-09-15T23:08:15Z,2026-09-15T23:08:43Z,bernalillo,1,Connect Bernalillo County,Bernalillo County,NM,ok,200,,,https://api.fususone.com/api/public/organizations/bernalillo/stats/,216,453,373,80,500,293
True,2026-09-15T23:08:15Z,2026-09-15T23:08:44Z,beverlyhillspd,1,Beverly Hills Connect,Beverly Hills,CA,ok,200,,,https://api.fususone.com/api/public/organizations/beverlyhillspd/stats/,520,1883,1782,101,1750,1776
True,2026-09-15T23:08:15Z,2026-09-15T23:08:45Z,biloxi,1,Connect Biloxi,Biloxi,MS,ok,200,,,https://api.fususone.com/api/public/organizations/biloxi/stats/,157,846,423,373,1000,416
True,2026-09-15T23:08:15Z,2026-09-15T23:08:46Z,birminghampd,1,Connect Birmingham,Birmingham,AL,ok,200,,,https://api.fususone.com/api/public/organizations/birminghampd/stats/,773,948,280,212,10000,237
True,2026-09-15T23:08:15Z,2026-09-15T23:08:47Z,blackmanleonitwp,1,Connect Blackman Leoni Township,Blackman Leoni Township,MI,ok,200,,,https://api.fususone.com/api/public/organizations/blackmanleonitwp/stats/,1,3,3,0,0,3
True,2026-09-15T23:08:15Z,2026-09-15T23:08:48Z,bocaratonpdfl,1,Connect BRPD,Boca Raton,FL,ok,200,,,https://api.fususone.com/api/public/organizations/bocaratonpdfl/stats/,5,911,677,8,0,654
True,2026-09-15T23:08:15Z,2026-09-15T23:08:49Z,boernepdtx,1,Connect Boerne,Boerne,TX,ok,200,,,https://api.fususone.com/api/public/organizations/boernepdtx/stats/,0,77,77,0,0,77
True,2026-09-15T23:08:15Z,2026-09-15T23:08:50Z,boulderpdco,1,Boulder Community Connect,Boulder,CO,ok,200,,,https://api.fususone.com/api/public/organizations/boulderpdco/stats/,0,161,161,0,0,108
True,2026-09-15T23:08:15Z,2026-09-15T23:08:51Z,bradentonfl,1,Connect Bradenton,Bradenton,FL,ok,200,,,https://api.fususone.com/api/public/organizations/bradentonfl/stats/,319,3160,269,2891,1500,258
True,2026-09-15T23:08:15Z,2026-09-15T23:08:52Z,brazostx,1,Connect Brazos County,Brazos County,TX,ok,200,,,https://api.fususone.com/api/public/organizations/brazostx/stats/,155,197,176,0,1500,158
True,2026-09-15T23:08:15Z,2026-09-15T23:08:53Z,brooklynparkpdmn,1,Brooklyn Park Community Cameras,Brooklyn Park,MN,ok,200,,,https://api.fususone.com/api/public/organizations/brooklynparkpdmn/stats/,503,240,229,0,0,205
True,2026-09-15T23:08:15Z,2026-09-15T23:08:54Z,brownsvillepd,1,Connect Brownsville,Brownsville,TX,ok,200,,,https://api.fususone.com/api/public/organizations/brownsvillepd/stats/,664,219,219,0,500,199
True,2026-09-15T23:08:15Z,2026-09-15T23:08:55Z,buncombesheriff,1,Connect Buncombe County,Buncombe County,NC,ok,200,,,https://api.fususone.com/api/public/organizations/buncombesheriff/stats/,563,2657,437,2220,4500,316
True,2026-09-15T23:08:15Z,2026-09-15T23:08:56Z,burbankpdil,1,Connect Burbank,Burbank,IL,ok,200,,,https://api.fususone.com/api/public/organizations/burbankpdil/stats/,304,425,399,3,150,399
True,2026-09-15T23:08:15Z,2026-09-15T23:08:57Z,calcasieusheriff,1,Connect Calcasieu Parish,Calcasieu Parish,LA,ok,200,,,https://api.fususone.com/api/public/organizations/calcasieusheriff/stats/,3,98,98,0,10000,98
True,2026-09-15T23:08:15Z,2026-09-15T23:08:58Z,caldwellpdid,1,Connect Caldwell,Caldwell,ID,ok,200,,,https://api.fususone.com/api/public/organizations/caldwellpdid/stats/,61,215,215,0,225,204
True,2026-09-15T23:08:15Z,2026-09-15T23:08:59Z,campbellpd,1,Connect Campbell,Campbell,CA,ok,200,,,https://api.fususone.com/api/public/organizations/campbellpd/stats/,198,313,281,32,10000,270
True,2026-09-15T23:08:15Z,2026-09-15T23:09:00Z,carencropd,1,Connect Carencro,Carencro,LA,ok,200,,,https://api.fususone.com/api/public/organizations/carencropd/stats/,85,1610,215,12,914,215
True,2026-09-15T23:08:15Z,2026-09-15T23:09:01Z,carlsbadpdnm,1,Connect Carlsbad,Carlsbad,NM,ok,200,,,https://api.fususone.com/api/public/organizations/carlsbadpdnm/stats/,3,12,12,0,0,4
True,2026-09-15T23:08:15Z,2026-09-15T23:09:02Z,carypd,1,Connect Cary,Cary,NC,ok,200,,,https://api.fususone.com/api/public/organizations/carypd/stats/,37,1267,841,0,1500,840
True,2026-09-15T23:08:15Z,2026-09-15T23:09:03Z,charlestonpd,1,Connect Charleston,Charleston,SC,ok,200,,,https://api.fususone.com/api/public/organizations/charlestonpd/stats/,300,577,501,25,500,466
True,2026-09-15T23:08:15Z,2026-09-15T23:09:04Z,charlottecounty,1,Connect Charlotte County,Charlotte County,FL,ok,200,,,https://api.fususone.com/api/public/organizations/charlottecounty/stats/,2327,3826,353,3391,1500,330
True,2026-09-15T23:08:15Z,2026-09-15T23:09:05Z,charlottemecklenburg,1,Connect Charlotte,Charlotte,NC,ok,200,,,https://api.fususone.com/api/public/organizations/charlottemecklenburg/stats/,3086,1728,1523,21,1500,1377
True,2026-09-15T23:08:15Z,2026-09-15T23:09:06Z,chattanoogapd,1,Dragonfly Community Connect,Chattanooga,TN,ok,200,,,https://api.fususone.com/api/public/organizations/chattanoogapd/stats/,0,774,773,1,1500,764
True,2026-09-15T23:08:15Z,2026-09-15T23:09:07Z,cherokeega,1,Connect Cherokee,Cherokee County,GA,ok,200,,,https://api.fususone.com/api/public/organizations/cherokeega/stats/,624,13420,622,548,2500,566
True,2026-09-15T23:08:15Z,2026-09-15T23:09:08Z,chesterfieldcounty,1,Chesterfield Community Connect Program,Chesterfield County,VA,ok,200,,,https://api.fususone.com/api/public/organizations/chesterfieldcounty/stats/,768,11171,1010,10099,4500,949
True,2026-09-15T23:08:15Z,2026-09-15T23:09:09Z,chicagoheights,1,Connect Chicago Heights,Chicago Heights,IL,ok,200,,,https://api.fususone.com/api/public/organizations/chicagoheights/stats/,221,1221,1168,0,500,725
True,2026-09-15T23:08:15Z,2026-09-15T23:09:10Z,chicopee,1,Connect Chicopee,Chicopee,MA,ok,200,,,https://api.fususone.com/api/public/organizations/chicopee/stats/,128,512,512,0,1500,509
True,2026-09-15T23:08:15Z,2026-09-15T23:09:11Z,ciceropd,1,Cicero SAFE (Shared Access For Enforcement),Cicero,IL,ok,200,,,https://api.fususone.com/api/public/organizations/ciceropd/stats/,29,549,549,0,1500,541
True,2026-09-15T23:08:15Z,2026-09-15T23:09:12Z,cincinnatipd,1,Connect Cincinnati,Cincinnati,OH,ok,200,,,https://api.fususone.com/api/public/organizations/cincinnatipd/stats/,1713,844,801,43,1500,746
True,2026-09-15T23:08:15Z,2026-09-15T23:09:13Z,cityofatlanta,1,Connect Atlanta,Atlanta,GA,ok,200,,,https://api.fususone.com/api/public/organizations/cityofatlanta/stats/,17517,28373,2583,11643,29250,2549
True,2026-09-15T23:08:15Z,2026-09-15T23:09:14Z,cityofcanton,1,Connect Canton,Canton,MS,ok,200,,,https://api.fususone.com/api/public/organizations/cityofcanton/stats/,0,31,0,31,10000,0
True,2026-09-15T23:08:15Z,2026-09-15T23:09:15Z,cityofdoralpd,1,Connect Doral,Doral,FL,ok,200,,,https://api.fususone.com/api/public/organizations/cityofdoralpd/stats/,221,3425,397,3028,10000,243
True,2026-09-15T23:08:15Z,2026-09-15T23:09:16Z,cityofhawthorne,1,Connect Hawthorne,Hawthorne,CA,ok,200,,,https://api.fususone.com/api/public/organizations/cityofhawthorne/stats/,0,3715,874,2841,1500,844
True,2026-09-15T23:08:15Z,2026-09-15T23:09:17Z,cityofmanchester,1,Connect Manchester,City of Manchester,NH,ok,200,,,https://api.fususone.com/api/public/organizations/cityofmanchester/stats/,584,1006,436,570,1500,434
True,2026-09-15T23:08:15Z,2026-09-15T23:09:18Z,cityofmiamipd,1,Connect Miami,Miami,FL,ok,200,,,https://api.fususone.com/api/public/organizations/cityofmiamipd/stats/,2406,4383,1249,2905,1500,1231
True,2026-09-15T23:08:15Z,2026-09-15T23:09:19Z,cityofnewark,1,Connect Newark,Newark,NJ,ok,200,,,https://api.fususone.com/api/public/organizations/cityofnewark/stats/,1208,929,497,231,500,488
True,2026-09-15T23:08:15Z,2026-09-15T23:09:20Z,cityofomaha,1,Connect Omaha,Omaha,NE,ok,200,,,https://api.fususone.com/api/public/organizations/cityofomaha/stats/,1257,1559,760,698,1500,685
True,2026-09-15T23:08:15Z,2026-09-15T23:09:21Z,cityofoxford,1,Connect Oxford,City of Oxford,AL,ok,200,,,https://api.fususone.com/api/public/organizations/cityofoxford/stats/,12,1126,324,753,1500,321
True,2026-09-15T23:08:15Z,2026-09-15T23:09:22Z,cityofroswell,1,Connect Roswell,Roswell,GA,ok,200,,,https://api.fususone.com/api/public/organizations/cityofroswell/stats/,653,10641,512,373,2793,511
True,2026-09-15T23:08:15Z,2026-09-15T23:09:23Z,cityofshreveport,1,Connect Shreveport,Shreveport,LA,ok,200,,,https://api.fususone.com/api/public/organizations/cityofshreveport/stats/,1141,2829,2320,509,1500,2332
True,2026-09-15T23:08:15Z,2026-09-15T23:09:24Z,cityofstarkville,1,Connect Starkville,Starkville,MS,ok,200,,,https://api.fususone.com/api/public/organizations/cityofstarkville/stats/,879,851,574,277,500,563
True,2026-09-15T23:08:15Z,2026-09-15T23:09:25Z,cityofws,1,Connect Winston-Salem,the City of Winston-Salem,NC,ok,200,,,https://api.fususone.com/api/public/organizations/cityofws/stats/,1678,3276,1740,362,2000,1724
True,2026-09-15T23:08:15Z,2026-09-15T23:09:26Z,claycountysheriff,1,Connect Clay County,Clay County,FL,ok,200,,,https://api.fususone.com/api/public/organizations/claycountysheriff/stats/,158,3433,3265,126,2000,3260
True,2026-09-15T23:08:15Z,2026-09-15T23:09:27Z,claytoncountypd,1,Connect Clayton County,Clayton County,GA,ok,200,,,https://api.fususone.com/api/public/organizations/claytoncountypd/stats/,398,10827,1025,294,8814,1010
True,2026-09-15T23:08:15Z,2026-09-15T23:09:28Z,clearwaterpd,1,Clearwater Camera Sharing,Clearwater,FL,ok,200,,,https://api.fususone.com/api/public/organizations/clearwaterpd/stats/,693,912,842,70,10000,792
True,2026-09-15T23:08:15Z,2026-09-15T23:09:29Z,clermontpd,1,Connect Clermont,Clermont,FL,ok,200,,,https://api.fususone.com/api/public/organizations/clermontpd/stats/,74,664,69,595,150,63
True,2026-09-15T23:08:15Z,2026-09-15T23:09:30Z,clevelanddps,1,Safe Smart CLE,Cleveland,OH,ok,200,,,https://api.fususone.com/api/public/organizations/clevelanddps/stats/,1763,4169,4050,0,2375,4053
True,2026-09-15T23:08:15Z,2026-09-15T23:09:31Z,clevelandmetroparksoh,1,Cleveland Metroparks Connect,Cleveland Metroparks,OH,ok,200,,,https://api.fususone.com/api/public/organizations/clevelandmetroparksoh/stats/,0,24,24,0,0,24
True,2026-09-15T23:08:15Z,2026-09-15T23:09:32Z,cobbcountypd,1,Connect Cobb ,Cobb County,GA,ok,200,,,https://api.fususone.com/api/public/organizations/cobbcountypd/stats/,3543,12810,1277,4093,9008,997
True,2026-09-15T23:08:15Z,2026-09-15T23:09:33Z,collegeparkga,1,Connect College Park,College Park,GA,ok,200,,,https://api.fususone.com/api/public/organizations/collegeparkga/stats/,0,10505,171,426,2539,143
True,2026-09-15T23:08:15Z,2026-09-15T23:09:34Z,coloradospringspd,1,Together COS,Colorado Springs,CO,ok,200,,,https://api.fususone.com/api/public/organizations/coloradospringspd/stats/,1313,1084,945,139,750,844
True,2026-09-15T23:08:15Z,2026-09-15T23:09:35Z,coltonpdca,1,Connect Colton,Colton,CA,ok,200,,,https://api.fususone.com/api/public/organizations/coltonpdca/stats/,345,28,19,9,0,19
True,2026-09-15T23:08:15Z,2026-09-15T23:09:36Z,columbuspdga,1,Connect Columbus,"Columbus, Georgia",GA,ok,200,,,https://api.fususone.com/api/public/organizations/columbuspdga/stats/,2439,566,566,0,1500,557
True,2026-09-15T23:08:15Z,2026-09-15T23:09:37Z,connectnewportrichey,1,Connect New Port Richey,New Port Richey,FL,ok,200,,,https://api.fususone.com/api/public/organizations/connectnewportrichey/stats/,6,8,8,0,0,8
True,2026-09-15T23:08:15Z,2026-09-15T23:09:38Z,connecttallahassee,1,Connect Tallahassee,Tallahassee,FL,ok,200,,,https://api.fususone.com/api/public/organizations/connecttallahassee/stats/,253,369,369,0,1500,349
True,2026-09-15T23:08:15Z,2026-09-15T23:09:39Z,covinapdca,1,SaferCovina,Covina,CA,ok,200,,,https://api.fususone.com/api/public/organizations/covinapdca/stats/,15,2,2,0,150,0
True,2026-09-15T23:08:15Z,2026-09-15T23:09:40Z,crestviewpdfl,1,Connect Crestview,Crestview,FL,ok,200,,,https://api.fususone.com/api/public/organizations/crestviewpdfl/stats/,0,52,52,0,0,20
True,2026-09-15T23:08:15Z,2026-09-15T23:09:41Z,crestwoodpdil,1,Connect Crestwood,Crestwood,MN,ok,200,,,https://api.fususone.com/api/public/organizations/crestwoodpdil/stats/,0,90,4,86,0,0
True,2026-09-15T23:08:15Z,2026-09-15T23:09:42Z,cummingpdga,1,Connect Cumming,Cumming,GA,ok,200,,,https://api.fususone.com/api/public/organizations/cummingpdga/stats/,5,3094,167,367,1500,149
True,2026-09-15T23:08:15Z,2026-09-15T23:09:43Z,dallaspd,1,Connect Dallas,Dallas,TX,ok,200,,,https://api.fususone.com/api/public/organizations/dallaspd/stats/,4054,1499,1140,358,1500,1040
True,2026-09-15T23:08:15Z,2026-09-15T23:09:44Z,dalycitypdca,1,Connect Daly City,Daly City,CA,ok,200,,,https://api.fususone.com/api/public/organizations/dalycitypdca/stats/,23,87,46,41,450,15
True,2026-09-15T23:08:15Z,2026-09-15T23:09:45Z,danvillepd,1,"One Community, Connect Danville",Danville,VA,ok,200,,,https://api.fususone.com/api/public/organizations/danvillepd/stats/,418,1755,342,1413,500,341
True,2026-09-15T23:08:15Z,2026-09-15T23:09:46Z,dbsfl,1,Connect Daytona Beach Shores,Daytona Beach Shores,FL,ok,200,,,https://api.fususone.com/api/public/organizations/dbsfl/stats/,3,72,72,0,0,70
True,2026-09-15T23:08:15Z,2026-09-15T23:09:47Z,dcmetro,1,CameraConnectDC,Washington DC,DC,ok,200,,,https://api.fususone.com/api/public/organizations/dcmetro/stats/,44118,1454,1259,119,4500,1127
True,2026-09-15T23:08:15Z,2026-09-15T23:09:48Z,dealpdnj,1,Connect Deal,Deal,NJ,ok,200,,,https://api.fususone.com/api/public/organizations/dealpdnj/stats/,322,976,224,0,0,224
True,2026-09-15T23:08:15Z,2026-09-15T23:09:49Z,dearbornpdmi,1,Connect Dearborn,Dearborn,MI,ok,200,,,https://api.fususone.com/api/public/organizations/dearbornpdmi/stats/,686,674,513,4,1500,499
True,2026-09-15T23:08:15Z,2026-09-15T23:09:50Z,dekalbcountyga,1,Connect DeKalb County,DeKalb County,GA,ok,200,,,https://api.fususone.com/api/public/organizations/dekalbcountyga/stats/,3513,9123,901,44,1500,751
True,2026-09-15T23:08:15Z,2026-09-15T23:09:51Z,delraybeach,1,Connect Delray Beach,Delray Beach,FL,ok,200,,,https://api.fususone.com/api/public/organizations/delraybeach/stats/,887,523,297,0,500,286
True,2026-09-15T23:08:15Z,2026-09-15T23:09:52Z,dentonpdtx,1,Denton Connects,Denton,TX,ok,200,,,https://api.fususone.com/api/public/organizations/dentonpdtx/stats/,2,186,186,0,0,183
True,2026-09-15T23:08:15Z,2026-09-15T23:09:53Z,dothanpd,1,Connect Dothan,Dothan,AL,ok,200,,,https://api.fususone.com/api/public/organizations/dothanpd/stats/,0,186,186,0,0,178
True,2026-09-15T23:08:15Z,2026-09-15T23:09:54Z,douglascountysonv,1,Safer Douglas County,Douglas County,NV,ok,200,,,https://api.fususone.com/api/public/organizations/douglascountysonv/stats/,0,50,50,0,100,50
True,2026-09-15T23:08:15Z,2026-09-15T23:09:55Z,douglasvillepolice,1,Connect Douglasville,Douglasville ,GA,ok,200,,,https://api.fususone.com/api/public/organizations/douglasvillepolice/stats/,260,12889,397,3354,10000,397
True,2026-09-15T23:08:15Z,2026-09-15T23:09:56Z,duncanvillepdtx,1,Connect Duncanville,Duncanville,TX,ok,200,,,https://api.fususone.com/api/public/organizations/duncanvillepdtx/stats/,15,128,120,8,0,116
True,2026-09-15T23:08:15Z,2026-09-15T23:09:57Z,eaganpdmn,1,Connect Eagan,Eagan,MN,ok,200,,,https://api.fususone.com/api/public/organizations/eaganpdmn/stats/,21,76,76,0,0,76
True,2026-09-15T23:08:15Z,2026-09-15T23:09:58Z,eastbatonrougesola,1,Connect East Baton Rouge,East Baton Rouge,LA,ok,200,,,https://api.fususone.com/api/public/organizations/eastbatonrougesola/stats/,28,66,27,39,500,27
True,2026-09-15T23:08:15Z,2026-09-15T23:09:59Z,eastpointpdga,1,Connect East Point,East Point,GA,ok,200,,,https://api.fususone.com/api/public/organizations/eastpointpdga/stats/,60,5112,382,469,500,374
True,2026-09-15T23:08:15Z,2026-09-15T23:10:00Z,elcajonpdca,1,Connect El Cajon,El Cajon,CA,ok,200,,,https://api.fususone.com/api/public/organizations/elcajonpdca/stats/,51,221,185,36,0,166
True,2026-09-15T23:08:15Z,2026-09-15T23:10:01Z,elizabethnj,1,Connect Elizabeth,Elizabeth,NJ,ok,200,,,https://api.fususone.com/api/public/organizations/elizabethnj/stats/,184,3442,625,2566,2690,594
True,2026-09-15T23:08:15Z,2026-09-15T23:10:02Z,elyriapdoh,1,Connect Elyria,Elyria,OH,ok,200,,,https://api.fususone.com/api/public/organizations/elyriapdoh/stats/,174,280,231,49,150,219
True,2026-09-15T23:08:15Z,2026-09-15T23:10:03Z,escambiafl,1,Star Network,Escambia County,FL,ok,200,,,https://api.fususone.com/api/public/organizations/escambiafl/stats/,1488,1265,917,109,1500,367
True,2026-09-15T23:08:15Z,2026-09-15T23:10:04Z,euclidpdoh,1,Connect Euclid,Euclid,OH,ok,200,,,https://api.fususone.com/api/public/organizations/euclidpdoh/stats/,288,209,209,0,0,209
True,2026-09-15T23:08:15Z,2026-09-15T23:10:05Z,eurekapdmo,1,Connect Eureka,Eureka,MO,ok,200,,,https://api.fususone.com/api/public/organizations/eurekapdmo/stats/,183,11,0,11,0,0
True,2026-09-15T23:08:15Z,2026-09-15T23:10:06Z,fairfaxcopd,1,Connect Fairfax County,Fairfax County,VA,ok,200,,,https://api.fususone.com/api/public/organizations/fairfaxcopd/stats/,3526,2188,724,1425,1500,623
True,2026-09-15T23:08:15Z,2026-09-15T23:10:07Z,farmingtonpd,2,Connect Farmington,Farmington ,NM,ok,200,,,https://api.fususone.com/api/public/organizations/farmingtonpd/stats/,55,545,545,0,1500,529
True,2026-09-15T23:08:15Z,2026-09-15T23:10:08Z,fayettevillepd,1,Connect Fayetteville,Fayetteville,NC,ok,200,,,https://api.fususone.com/api/public/organizations/fayettevillepd/stats/,1532,533,442,48,1500,439
True,2026-09-15T23:08:15Z,2026-09-15T23:10:09Z,federalwaypdwa,1,Connect Federal Way,Federal Way,WA,ok,200,,,https://api.fususone.com/api/public/organizations/federalwaypdwa/stats/,0,247,247,0,0,242
True,2026-09-15T23:08:15Z,2026-09-15T23:10:10Z,flaglercountysheriff,1,Connect Flagler County,Flagler County,FL,ok,200,,,https://api.fususone.com/api/public/organizations/flaglercountysheriff/stats/,932,2169,1962,0,10000,1942
True,2026-09-15T23:08:15Z,2026-09-15T23:10:11Z,forestparkpd,1,Connect Forest Park,Forest Park,GA,ok,200,,,https://api.fususone.com/api/public/organizations/forestparkpd/stats/,13,10503,239,295,10000,221
True,2026-09-15T23:08:15Z,2026-09-15T23:10:12Z,forsyth,1,Connect Forsyth County,"Forsyth County, NC",SC,ok,200,,,https://api.fususone.com/api/public/organizations/forsyth/stats/,1441,1052,495,183,500,475
True,2026-09-15T23:08:15Z,2026-09-15T23:10:13Z,forsythcosoga,1,Connect Forsyth County,Forsyth County,GA,ok,200,,,https://api.fususone.com/api/public/organizations/forsythcosoga/stats/,776,6923,93,3347,1500,93
True,2026-09-15T23:08:15Z,2026-09-15T23:10:14Z,fortbendcounty,1,Connect Fort Bend,Fort Bend County,TX,ok,200,,,https://api.fususone.com/api/public/organizations/fortbendcounty/stats/,559,205,201,4,500,201
True,2026-09-15T23:08:15Z,2026-09-15T23:10:15Z,fortwaltonbeachpd,1,Connect Fort Walton Beach,Fort Walton Beach,FL,ok,200,,,https://api.fususone.com/api/public/organizations/fortwaltonbeachpd/stats/,6,261,222,9,300,226
True,2026-09-15T23:08:15Z,2026-09-15T23:10:16Z,garypd,1,Connect Gary,Gary,IN,ok,200,,,https://api.fususone.com/api/public/organizations/garypd/stats/,1672,1321,795,0,1500,750
True,2026-09-15T23:08:15Z,2026-09-15T23:10:17Z,glendorapdca,1,Connect Glendora,Glendora,CA,ok,200,,,https://api.fususone.com/api/public/organizations/glendorapdca/stats/,20,101,101,0,0,101
True,2026-09-15T23:08:15Z,2026-09-15T23:10:18Z,grapevinepdtx,1,Connect Grapevine,Grapevine,TX,ok,200,,,https://api.fususone.com/api/public/organizations/grapevinepdtx/stats/,2,261,230,25,1,213
True,2026-09-15T23:08:15Z,2026-09-15T23:10:19Z,greeleypd,1,Connect Greeley,Greeley,CO,ok,200,,,https://api.fususone.com/api/public/organizations/greeleypd/stats/,247,2415,245,2170,1500,229
True,2026-09-15T23:08:15Z,2026-09-15T23:10:20Z,greensboropd,1,Connect Greensboro,Greensboro,NC,ok,200,,,https://api.fususone.com/api/public/organizations/greensboropd/stats/,752,1178,716,156,1501,676
True,2026-09-15T23:08:15Z,2026-09-15T23:10:21Z,greenvillecsosc,1,Connect Greenville County,Greenville County,SC,ok,200,,,https://api.fususone.com/api/public/organizations/greenvillecsosc/stats/,203,281,232,49,3000,232
True,2026-09-15T23:08:15Z,2026-09-15T23:10:22Z,guilfordsheriff,1,Connect Guilford County,Guilford County ,NC,ok,200,,,https://api.fususone.com/api/public/organizations/guilfordsheriff/stats/,869,226,181,40,500,180
True,2026-09-15T23:08:15Z,2026-09-15T23:10:23Z,hainescitypdfl,1,Connect Haines City,Haines City,FL,ok,200,,,https://api.fususone.com/api/public/organizations/hainescitypdfl/stats/,3,127,127,0,150,125
True,2026-09-15T23:08:15Z,2026-09-15T23:10:24Z,hamiltoncoso,1,Connect Hamilton County,Hamilton County,OH,ok,200,,,https://api.fususone.com/api/public/organizations/hamiltoncoso/stats/,1692,472,472,0,2000,472
True,2026-09-15T23:08:15Z,2026-09-15T23:10:25Z,hammondpd,1,Hammond BlueNET,Hammond,IN,ok,200,,,https://api.fususone.com/api/public/organizations/hammondpd/stats/,1221,1325,1193,10,1500,823
True,2026-09-15T23:08:15Z,2026-09-15T23:10:26Z,hamptonpdva,1,Connect Hampton,Hampton,VA,ok,200,,,https://api.fususone.com/api/public/organizations/hamptonpdva/stats/,2,162,161,1,1,153
True,2026-09-15T23:08:15Z,2026-09-15T23:10:27Z,hanoverparkpdil,1,Connect Hanover Park,Hanover Park,IL,ok,200,,,https://api.fususone.com/api/public/organizations/hanoverparkpdil/stats/,0,70,70,0,225,66
True,2026-09-15T23:08:15Z,2026-09-15T23:10:28Z,harrisoncso,1,Connect Harrison County,Harrison County,MS,ok,200,,,https://api.fususone.com/api/public/organizations/harrisoncso/stats/,549,504,76,57,1000,72
True,2026-09-15T23:08:15Z,2026-09-15T23:10:29Z,hartfordpd,1,Connect Hartford,Hartford,CT,ok,200,,,https://api.fususone.com/api/public/organizations/hartfordpd/stats/,228,1101,1101,0,2000,646
True,2026-09-15T23:08:15Z,2026-09-15T23:10:30Z,harveypdil,1,Connect Harvey,Harvey,IL,ok,200,,,https://api.fususone.com/api/public/organizations/harveypdil/stats/,0,55,55,0,1500,34
True,2026-09-15T23:08:15Z,2026-09-15T23:10:31Z,hcso,1,Connect Hillsborough,Hillsborough County,FL,ok,200,,,https://api.fususone.com/api/public/organizations/hcso/stats/,289,4851,1653,3151,1000,1575
True,2026-09-15T23:08:15Z,2026-09-15T23:10:32Z,hennepincountyso,1,Connect Hennepin County,Hennepin County,MN,ok,200,,,https://api.fususone.com/api/public/organizations/hennepincountyso/stats/,451,3015,389,1766,1500,389
True,2026-09-15T23:08:15Z,2026-09-15T23:10:33Z,henricocountypdva,1,Connect Henrico County,Henrico County,VA,ok,200,,,https://api.fususone.com/api/public/organizations/henricocountypdva/stats/,66,2234,809,1385,1500,811
True,2026-09-15T23:08:15Z,2026-09-15T23:10:34Z,henrycountypd,1,Henry Safer Together,Henry County,GA,ok,200,,,https://api.fususone.com/api/public/organizations/henrycountypd/stats/,4971,13830,677,3626,7950,670
True,2026-09-15T23:08:15Z,2026-09-15T23:10:35Z,herndonpdva,1,Connect Herndon,Herndon,VA,ok,200,,,https://api.fususone.com/api/public/organizations/herndonpdva/stats/,26,42,42,0,150,42
True,2026-09-15T23:08:15Z,2026-09-15T23:10:36Z,highpointncpd,1,Link High Point,High Point,NC,ok,200,,,https://api.fususone.com/api/public/organizations/highpointncpd/stats/,1243,573,474,0,500,468
True,2026-09-15T23:08:15Z,2026-09-15T23:10:37Z,hoodcoso,1,Connect Hood County,Hood County,TX,ok,200,,,https://api.fususone.com/api/public/organizations/hoodcoso/stats/,0,222,222,0,0,222
True,2026-09-15T23:08:15Z,2026-09-15T23:10:38Z,hooverpd,1,Connect Hoover,Hoover,AL,ok,200,,,https://api.fususone.com/api/public/organizations/hooverpd/stats/,36,917,393,0,1500,391
True,2026-09-15T23:08:15Z,2026-09-15T23:10:39Z,hopemillspd,1,Connect Hope Mills,Hope Mills,NC,ok,200,,,https://api.fususone.com/api/public/organizations/hopemillspd/stats/,17,335,63,0,10000,63
True,2026-09-15T23:08:15Z,2026-09-15T23:10:40Z,ilstatepolice,1,Connect Illinois,Illinois,IL,ok,200,,,https://api.fususone.com/api/public/organizations/ilstatepolice/stats/,18,1476,789,0,1500,786
True,2026-09-15T23:08:15Z,2026-09-15T23:10:41Z,indianriversheriff,1,Connect Indian River County,Indian River County,FL,ok,200,,,https://api.fususone.com/api/public/organizations/indianriversheriff/stats/,220,2492,808,1530,1500,738
True,2026-09-15T23:08:15Z,2026-09-15T23:10:42Z,irvingpdtx,1,Connect Irving,Irving,TX,ok,200,,,https://api.fususone.com/api/public/organizations/irvingpdtx/stats/,61,1446,1246,200,1500,1158
True,2026-09-15T23:08:15Z,2026-09-15T23:10:44Z,jacksonms,1,Connect Jackson MS,Jackson,MS,ok,200,,,https://api.fususone.com/api/public/organizations/jacksonms/stats/,324,1246,735,505,2067,728
True,2026-09-15T23:08:15Z,2026-09-15T23:10:45Z,jacksonpdtn,1,"Safe Jackson, TN",Jackson,TN,ok,200,,,https://api.fususone.com/api/public/organizations/jacksonpdtn/stats/,0,364,302,0,500,281
True,2026-09-15T23:08:15Z,2026-09-15T23:10:46Z,jacksonvillesheriff,1,ConnectDuval,Duval County,FL,ok,200,,,https://api.fususone.com/api/public/organizations/jacksonvillesheriff/stats/,6800,9707,2586,6975,1500,1638
True,2026-09-15T23:08:15Z,2026-09-15T23:10:47Z,jeffersoncountysheriff,1,Connect Jefferson County,Jefferson County,AL,ok,200,,,https://api.fususone.com/api/public/organizations/jeffersoncountysheriff/stats/,1469,2674,1788,808,1500,1786
True,2026-09-15T23:08:15Z,2026-09-15T23:10:48Z,kalamazoodps,1,Connect Kalamazoo,Kalamazoo,MI,ok,200,,,https://api.fususone.com/api/public/organizations/kalamazoodps/stats/,837,1104,1104,0,1500,1093
True,2026-09-15T23:08:15Z,2026-09-15T23:10:49Z,kansascitykspd,1,Connect KCK,"Kansas City, Kansas",KS,ok,200,,,https://api.fususone.com/api/public/organizations/kansascitykspd/stats/,3340,1193,1148,45,1500,1144
True,2026-09-15T23:08:15Z,2026-09-15T23:10:50Z,kennesawpd,1,Connect Kennesaw,Kennesaw,GA,ok,200,,,https://api.fususone.com/api/public/organizations/kennesawpd/stats/,566,9229,257,34,500,256
True,2026-09-15T23:08:15Z,2026-09-15T23:10:51Z,kentcountysd,1,The Kent Safety Network,Kent County,MI,ok,200,,,https://api.fususone.com/api/public/organizations/kentcountysd/stats/,575,2705,735,1942,4500,485
True,2026-09-15T23:08:15Z,2026-09-15T23:10:52Z,killeenpd,1,KPD Connect,Killeen,TX,ok,200,,,https://api.fususone.com/api/public/organizations/killeenpd/stats/,1406,505,505,0,1500,497
True,2026-09-15T23:08:15Z,2026-09-15T23:10:53Z,knoxvillepdtn,1,Connect Knoxville,Knoxville,TN,ok,200,,,https://api.fususone.com/api/public/organizations/knoxvillepdtn/stats/,581,682,552,130,500,187
True,2026-09-15T23:08:15Z,2026-09-15T23:10:54Z,kylepdtx,1,Connect Kyle,Kyle,TX,ok,200,,,https://api.fususone.com/api/public/organizations/kylepdtx/stats/,153,110,110,0,500,110
True,2026-09-15T23:08:15Z,2026-09-15T23:10:55Z,lafayettepd,1,Connect Lafayette,Lafayette,LA,ok,200,,,https://api.fususone.com/api/public/organizations/lafayettepd/stats/,378,2210,1576,350,1500,1545
True,2026-09-15T23:08:15Z,2026-09-15T23:10:56Z,lafourcheparishso,1,Connect Lafourche Parish,Lafourche Parish,LA,ok,200,,,https://api.fususone.com/api/public/organizations/lafourcheparishso/stats/,755,136,136,0,500,136
True,2026-09-15T23:08:15Z,2026-09-15T23:10:57Z,lagrangepd,1,Connect Lagrange,Lagrange,GA,ok,200,,,https://api.fususone.com/api/public/organizations/lagrangepd/stats/,37,58,58,0,150,52
True,2026-09-15T23:08:15Z,2026-09-15T23:10:58Z,lagunabeachpd,1,Connect Laguna Beach,Laguna Beach,CA,ok,200,,,https://api.fususone.com/api/public/organizations/lagunabeachpd/stats/,0,25,25,0,148,25
True,2026-09-15T23:08:15Z,2026-09-15T23:10:59Z,lakecountysheriff,1,Connect Lake County,Lake County,FL,ok,200,,,https://api.fususone.com/api/public/organizations/lakecountysheriff/stats/,2249,6351,96,5760,1500,80
True,2026-09-15T23:08:15Z,2026-09-15T23:11:00Z,lakewoodpdco,1,Connect Lakewood,Lakewood,CO,ok,200,,,https://api.fususone.com/api/public/organizations/lakewoodpdco/stats/,151,496,496,0,0,484
True,2026-09-15T23:08:15Z,2026-09-15T23:11:01Z,lapd,1,Connect Los Angeles,Los Angeles,CA,ok,200,,,https://api.fususone.com/api/public/organizations/lapd/stats/,0,271,271,0,0,216
True,2026-09-15T23:08:15Z,2026-09-15T23:11:02Z,lasd,1,Connect Los Angeles County,Los Angeles County,CA,ok,200,,,https://api.fususone.com/api/public/organizations/lasd/stats/,2177,2999,1595,1404,1500,442
True,2026-09-15T23:08:15Z,2026-09-15T23:11:03Z,lawrencepdks,1,Connect Lawrence,Lawrence,KS,ok,200,,,https://api.fususone.com/api/public/organizations/lawrencepdks/stats/,132,467,467,0,500,467
True,2026-09-15T23:08:15Z,2026-09-15T23:11:04Z,lawrencevillepdga,1,Connect Lawrenceville,"Lawrenceville, Georgia",GA,ok,200,,,https://api.fususone.com/api/public/organizations/lawrencevillepdga/stats/,0,707,456,193,1,453
True,2026-09-15T23:08:15Z,2026-09-15T23:11:05Z,lawtonpdok,1,Connect Lawton,Lawton,OK,ok,200,,,https://api.fususone.com/api/public/organizations/lawtonpdok/stats/,0,24,24,0,0,24
True,2026-09-15T23:08:15Z,2026-09-15T23:11:06Z,leavenworthpdks,1,Connect Leavenworth,Leavenworth,KS,ok,200,,,https://api.fususone.com/api/public/organizations/leavenworthpdks/stats/,0,47,47,0,0,47
True,2026-09-15T23:08:15Z,2026-09-15T23:11:07Z,lenexapdks,1,Connect Lenexa,Lenexa,KS,ok,200,,,https://api.fususone.com/api/public/organizations/lenexapdks/stats/,0,1169,334,0,0,324
True,2026-09-15T23:08:15Z,2026-09-15T23:11:08Z,lexingtonky,1,Connect Lexington,Lexington,KY,ok,200,,,https://api.fususone.com/api/public/organizations/lexingtonky/stats/,2107,1087,811,275,10000,807
True,2026-09-15T23:08:15Z,2026-09-15T23:11:09Z,lincolnbrookhaven,1,Connect Brookhaven and Lincoln County,Brookhaven and Lincoln County,MS,ok,200,,,https://api.fususone.com/api/public/organizations/lincolnbrookhaven/stats/,124,181,181,0,10000,179
True,2026-09-15T23:08:15Z,2026-09-15T23:11:10Z,littlerockpd,1,Connect Little Rock,Little Rock,AR,ok,200,,,https://api.fususone.com/api/public/organizations/littlerockpd/stats/,2859,2567,1797,542,1500,1904
True,2026-09-15T23:08:15Z,2026-09-15T23:11:11Z,losgatospdca,1,Community Protecht,Los Gatos,CA,ok,200,,,https://api.fususone.com/api/public/organizations/losgatospdca/stats/,0,38,38,0,0,33
True,2026-09-15T23:08:15Z,2026-09-15T23:11:12Z,louisvillemetro,1,Connect Louisville,Louisville,KY,ok,200,,,https://api.fususone.com/api/public/organizations/louisvillemetro/stats/,1021,1733,1490,240,1500,1446
True,2026-09-15T23:08:15Z,2026-09-15T23:11:13Z,lynchburgpd,1,Hill City Connect,Lynchburg,VA,ok,200,,,https://api.fususone.com/api/public/organizations/lynchburgpd/stats/,1388,716,716,0,1500,708
True,2026-09-15T23:08:15Z,2026-09-15T23:11:14Z,madisonthecity,1,Connect Madison,Madison,MS,ok,200,,,https://api.fususone.com/api/public/organizations/madisonthecity/stats/,33,170,85,0,1500,62
True,2026-09-15T23:08:15Z,2026-09-15T23:11:15Z,manassaspdva,1,Connect Manassas City,Manassas City,VA,ok,200,,,https://api.fususone.com/api/public/organizations/manassaspdva/stats/,0,451,48,403,0,48
True,2026-09-15T23:08:15Z,2026-09-15T23:11:16Z,manhattanbeach,1,Connect Manhattan Beach,Manhattan Beach,CA,ok,200,,,https://api.fususone.com/api/public/organizations/manhattanbeach/stats/,7,2881,167,2714,10000,164
True,2026-09-15T23:08:15Z,2026-09-15T23:11:17Z,manheimtwp,1,Connect Manheim Township,Manheim Township,PA,ok,200,,,https://api.fususone.com/api/public/organizations/manheimtwp/stats/,0,30,30,0,0,27
True,2026-09-15T23:08:15Z,2026-09-15T23:11:18Z,martincountyso,2,Connect Martin County,Martin County,FL,ok,200,,,https://api.fususone.com/api/public/organizations/martincountyso/stats/,1143,6030,585,5179,1500,504
True,2026-09-15T23:08:15Z,2026-09-15T23:11:19Z,mcpdmd,1,MoCoConnect,Montgomery County,MD,ok,200,,,https://api.fususone.com/api/public/organizations/mcpdmd/stats/,2252,1999,1200,595,10000,1150
True,2026-09-15T23:08:15Z,2026-09-15T23:11:20Z,mcso-tn,1,Connect Madison County,Madison County,TN,ok,200,,,https://api.fususone.com/api/public/organizations/mcso-tn/stats/,0,621,365,0,150,365
True,2026-09-15T23:08:15Z,2026-09-15T23:11:21Z,melroseparkpdil,1,Connect Melrose Park,Melrose Park,IL,ok,200,,,https://api.fususone.com/api/public/organizations/melroseparkpdil/stats/,32,231,196,35,0,192
True,2026-09-15T23:08:15Z,2026-09-15T23:11:22Z,memphispd,1,Connect Memphis,Memphis,TN,ok,200,,,https://api.fususone.com/api/public/organizations/memphispd/stats/,14121,3079,2256,665,2750,2112
True,2026-09-15T23:08:15Z,2026-09-15T23:11:23Z,mercedpdca,1,Merced Community Camera Program,Merced,CA,ok,200,,,https://api.fususone.com/api/public/organizations/mercedpdca/stats/,423,105,105,0,0,105
True,2026-09-15T23:08:15Z,2026-09-15T23:11:24Z,meridianpdms,1,Connect Meridian,Meridian,MS,ok,200,,,https://api.fususone.com/api/public/organizations/meridianpdms/stats/,0,303,303,0,10000,303
True,2026-09-15T23:08:15Z,2026-09-15T23:11:25Z,miamibeachpdfl,1,Connect Miami Beach,Miami Beach,FL,ok,200,,,https://api.fususone.com/api/public/organizations/miamibeachpdfl/stats/,0,525,525,0,0,480
True,2026-09-15T23:08:15Z,2026-09-15T23:11:26Z,miamidadepd,1,Connect Miami-Dade,Miami-Dade,FL,ok,200,,,https://api.fususone.com/api/public/organizations/miamidadepd/stats/,1249,1799,767,299,5000,694
True,2026-09-15T23:08:15Z,2026-09-15T23:11:27Z,milwaukeepd,1,Community Connect Milwaukee,Milwaukee,WI,ok,200,,,https://api.fususone.com/api/public/organizations/milwaukeepd/stats/,1552,1225,1014,211,1500,985
True,2026-09-15T23:08:15Z,2026-09-15T23:11:28Z,minnetonkapdmn,1,Keep Minnetonka Safe,Minnetonka,MN,ok,200,,,https://api.fususone.com/api/public/organizations/minnetonkapdmn/stats/,692,1895,660,1235,1500,644
True,2026-09-15T23:08:15Z,2026-09-15T23:11:29Z,missoulapdmt,1,Connect Missoula,Missoula,MT,ok,200,,,https://api.fususone.com/api/public/organizations/missoulapdmt/stats/,99,25,25,0,0,25
True,2026-09-15T23:08:15Z,2026-09-15T23:11:30Z,mobilepdal,1,Connect Mobile,Mobile,AL,ok,200,,,https://api.fususone.com/api/public/organizations/mobilepdal/stats/,0,259,259,0,0,259
True,2026-09-15T23:08:15Z,2026-09-15T23:11:31Z,modestopd,1,Connect Modesto,Modesto,CA,ok,200,,,https://api.fususone.com/api/public/organizations/modestopd/stats/,89,424,408,16,1500,392
True,2026-09-15T23:08:15Z,2026-09-15T23:11:32Z,monmouthcounty,1,Connect Monmouth County,Monmouth County,NJ,ok,200,,,https://api.fususone.com/api/public/organizations/monmouthcounty/stats/,53,1810,1058,0,1500,1020
True,2026-09-15T23:08:15Z,2026-09-15T23:11:33Z,monroecoso,1,Connect Monroe County,Monroe County,NY,ok,200,,,https://api.fususone.com/api/public/organizations/monroecoso/stats/,181,783,783,0,10000,716
True,2026-09-15T23:08:15Z,2026-09-15T23:11:34Z,montgomerypd-al,1,STAR Watch Program,Montgomery,AL,ok,200,,,https://api.fususone.com/api/public/organizations/montgomerypd-al/stats/,2915,960,263,631,1500,261
True,2026-09-15T23:08:15Z,2026-09-15T23:11:35Z,montgomeryso-al,1,Connect Montgomery County,Montgomery County,AL,ok,200,,,https://api.fususone.com/api/public/organizations/montgomeryso-al/stats/,23,295,86,0,402,86
True,2026-09-15T23:08:15Z,2026-09-15T23:11:36Z,montrosepdco,1,Connect Montrose,Montrose,CO,ok,200,,,https://api.fususone.com/api/public/organizations/montrosepdco/stats/,0,169,169,0,0,169
True,2026-09-15T23:08:15Z,2026-09-15T23:11:37Z,mooresvillepd,1,Connect Mooresville,Mooresville,NC,ok,200,,,https://api.fususone.com/api/public/organizations/mooresvillepd/stats/,0,267,267,0,1500,267
True,2026-09-15T23:08:15Z,2026-09-15T23:11:38Z,mpls,1,Connect Minneapolis,Minneapolis,MN,ok,200,,,https://api.fususone.com/api/public/organizations/mpls/stats/,2644,2740,763,1429,1500,757
True,2026-09-15T23:08:15Z,2026-09-15T23:11:39Z,munsterpdin,1,Connect Munster,Munster,IN,ok,200,,,https://api.fususone.com/api/public/organizations/munsterpdin/stats/,109,274,98,0,150,98
True,2026-09-15T23:08:15Z,2026-09-15T23:11:40Z,newbrunswickpdnj,1,Connect New Brunswick,New Brunswick,NJ,ok,200,,,https://api.fususone.com/api/public/organizations/newbrunswickpdnj/stats/,0,127,127,0,0,127
True,2026-09-15T23:08:15Z,2026-09-15T23:11:41Z,newcastlede,1,Connect New Castle County,New Castle County,DE,ok,200,,,https://api.fususone.com/api/public/organizations/newcastlede/stats/,21,165,157,8,0,88
True,2026-09-15T23:08:15Z,2026-09-15T23:11:42Z,newhavenct,1,Connect New Haven,New Haven,CT,ok,200,,,https://api.fususone.com/api/public/organizations/newhavenct/stats/,193,699,699,0,1500,699
True,2026-09-15T23:08:15Z,2026-09-15T23:11:43Z,newlondonpdct,1,Connect New London,New London,CT,ok,200,,,https://api.fususone.com/api/public/organizations/newlondonpdct/stats/,0,5,5,0,0,3
True,2026-09-15T23:08:15Z,2026-09-15T23:11:44Z,newportbeachpdca,1,Connect Newport Beach,Newport Beach,CA,ok,200,,,https://api.fususone.com/api/public/organizations/newportbeachpdca/stats/,397,234,175,59,1,134
True,2026-09-15T23:08:15Z,2026-09-15T23:11:45Z,newportnewspd,1,Connect Newport News,Newport News,VA,ok,200,,,https://api.fususone.com/api/public/organizations/newportnewspd/stats/,1414,2293,892,1385,1500,884
True,2026-09-15T23:08:15Z,2026-09-15T23:11:46Z,newtonsheriff,1,Connect Newton County,Newton County,GA,ok,200,,,https://api.fususone.com/api/public/organizations/newtonsheriff/stats/,342,3518,523,52,150,520
True,2026-09-15T23:08:15Z,2026-09-15T23:11:47Z,norfolkpd,1,Connect Norfolk,Norfolk,VA,ok,200,,,https://api.fususone.com/api/public/organizations/norfolkpd/stats/,435,3644,2023,1385,4500,1921
True,2026-09-15T23:08:15Z,2026-09-15T23:11:48Z,northcharlestonpd,1,Connect North Charleston,North Charleston,SC,ok,200,,,https://api.fususone.com/api/public/organizations/northcharlestonpd/stats/,1365,570,291,71,10000,283
True,2026-09-15T23:08:15Z,2026-09-15T23:11:49Z,northlittlerock,1,Connect North Little Rock,North Little Rock,AR,ok,200,,,https://api.fususone.com/api/public/organizations/northlittlerock/stats/,408,994,730,61,1500,730
True,2026-09-15T23:08:15Z,2026-09-15T23:11:50Z,northport,1,Connect North Port,North Port,FL,ok,200,,,https://api.fususone.com/api/public/organizations/northport/stats/,149,891,244,543,150,200
True,2026-09-15T23:08:15Z,2026-09-15T23:11:51Z,novatopdca,1,Connect Novato,Novato,CA,ok,200,,,https://api.fususone.com/api/public/organizations/novatopdca/stats/,667,42,42,0,0,42
True,2026-09-15T23:08:15Z,2026-09-15T23:11:52Z,nypd,1,Connect NYPD,New York City,NY,ok,200,,,https://api.fususone.com/api/public/organizations/nypd/stats/,5511,2150,2150,0,32767,2080
True,2026-09-15T23:08:15Z,2026-09-15T23:11:53Z,oakbrookpd,1,Connect Oak Brook,Oak Brook,IL,ok,200,,,https://api.fususone.com/api/public/organizations/oakbrookpd/stats/,166,399,359,40,1500,359
True,2026-09-15T23:08:15Z,2026-09-15T23:11:54Z,oakdaleca,1,Connect Oakdale,Oakdale,CA,ok,200,,,https://api.fususone.com/api/public/organizations/oakdaleca/stats/,17,259,246,13,500,244
True,2026-09-15T23:08:15Z,2026-09-15T23:11:55Z,oaklawn,1,Connect Oak Lawn,Oak Lawn,IL,ok,200,,,https://api.fususone.com/api/public/organizations/oaklawn/stats/,1424,2203,953,1157,1500,789
True,2026-09-15T23:08:15Z,2026-09-15T23:11:56Z,obterracepd,1,Connect Oakbrook Terrace,Oakbrook Terrace,IL,ok,200,,,https://api.fususone.com/api/public/organizations/obterracepd/stats/,163,312,0,6,500,0
True,2026-09-15T23:08:15Z,2026-09-15T23:11:57Z,oceansidepdca,1,Connect Oceanside,Oceanside,CA,ok,200,,,https://api.fususone.com/api/public/organizations/oceansidepdca/stats/,323,257,150,107,0,150
True,2026-09-15T23:08:15Z,2026-09-15T23:11:58Z,ocsdca,1,Connect Orange County,Orange County,CA,ok,200,,,https://api.fususone.com/api/public/organizations/ocsdca/stats/,2811,2860,1328,1511,5000,1183
True,2026-09-15T23:08:15Z,2026-09-15T23:11:59Z,okaloosacounty,1,Connect Okaloosa County,Okaloosa County,FL,ok,200,,,https://api.fususone.com/api/public/organizations/okaloosacounty/stats/,781,516,186,262,1500,156
True,2026-09-15T23:08:15Z,2026-09-15T23:12:00Z,okcpd,1,Connect Oklahoma City,Oklahoma City,OK,ok,200,,,https://api.fususone.com/api/public/organizations/okcpd/stats/,1730,6736,5897,839,1500,1905
True,2026-09-15T23:08:15Z,2026-09-15T23:12:01Z,ontariopolice,1,Connect Ontario,Ontario,CA,ok,200,,,https://api.fususone.com/api/public/organizations/ontariopolice/stats/,319,2069,1324,745,1500,1259
True,2026-09-15T23:08:15Z,2026-09-15T23:12:02Z,orangecofl,1,Connect Orange County,Orange County,FL,ok,200,,,https://api.fususone.com/api/public/organizations/orangecofl/stats/,2299,10416,857,7670,7750,758
True,2026-09-15T23:08:15Z,2026-09-15T23:12:03Z,orlando,1,Orlando Connect,Orlando,FL,ok,200,,,https://api.fususone.com/api/public/organizations/orlando/stats/,7306,4100,1054,2658,1500,1006
True,2026-09-15T23:08:15Z,2026-09-15T23:12:04Z,orlandparkpd,1,Connect Orland Park,Orland Park,IL,ok,200,,,https://api.fususone.com/api/public/organizations/orlandparkpd/stats/,425,1269,423,846,10000,380
True,2026-09-15T23:08:15Z,2026-09-15T23:12:05Z,overlandparkpdks,1,Secure OP,Overland Park,KS,ok,200,,,https://api.fususone.com/api/public/organizations/overlandparkpdks/stats/,6,1087,553,0,0,540
True,2026-09-15T23:08:15Z,2026-09-15T23:12:06Z,pascopdwa,1,OnePasco,Pasco,WA,ok,200,,,https://api.fususone.com/api/public/organizations/pascopdwa/stats/,35,148,148,0,150,142
True,2026-09-15T23:08:15Z,2026-09-15T23:12:07Z,patersonpdnj,1,Connect Paterson,Paterson,NJ,ok,200,,,https://api.fususone.com/api/public/organizations/patersonpdnj/stats/,182,379,379,0,10000,374
True,2026-09-15T23:08:15Z,2026-09-15T23:12:08Z,pbso,1,Keep Palm Beach County Safe,Palm Beach County,FL,ok,200,,,https://api.fususone.com/api/public/organizations/pbso/stats/,1734,1497,1011,0,1,925
True,2026-09-15T23:08:15Z,2026-09-15T23:12:09Z,peachtreecorners,1,Connect Peachtree,Peachtree Corners,GA,ok,200,,,https://api.fususone.com/api/public/organizations/peachtreecorners/stats/,445,191,142,32,500,139
True,2026-09-15T23:08:15Z,2026-09-15T23:12:10Z,pekinpdil,1,Connect Pekin,Pekin,IL,ok,200,,,https://api.fususone.com/api/public/organizations/pekinpdil/stats/,0,87,68,0,0,68
True,2026-09-15T23:08:15Z,2026-09-15T23:12:11Z,pellcitypd,1,Connect Pell City,Pell City,AL,ok,200,,,https://api.fususone.com/api/public/organizations/pellcitypd/stats/,272,976,279,697,1000,279
True,2026-09-15T23:08:15Z,2026-09-15T23:12:12Z,peoriapd,1,Connect Peoria,Peoria,IL,ok,200,,,https://api.fususone.com/api/public/organizations/peoriapd/stats/,445,899,544,0,1500,537
True,2026-09-15T23:08:15Z,2026-09-15T23:12:13Z,peoriapdaz,1,Connect Peoria,Peoria,AZ,ok,200,,,https://api.fususone.com/api/public/organizations/peoriapdaz/stats/,76,592,396,25,10000,393
True,2026-09-15T23:08:15Z,2026-09-15T23:12:14Z,petersburgpd,1,Connect Petersburg,Petersburg,VA,ok,200,,,https://api.fususone.com/api/public/organizations/petersburgpd/stats/,358,1711,298,1413,1500,273
True,2026-09-15T23:08:15Z,2026-09-15T23:12:15Z,pgcountypd,1,Connect Prince George's County,Prince George's County,MD,ok,200,,,https://api.fususone.com/api/public/organizations/pgcountypd/stats/,461,3223,1782,578,1500,1483
True,2026-09-15T23:08:15Z,2026-09-15T23:12:16Z,placerca,1,Connect Placer County,Placer County,CA,ok,200,,,https://api.fususone.com/api/public/organizations/placerca/stats/,550,912,263,472,500,219
True,2026-09-15T23:08:15Z,2026-09-15T23:12:17Z,planotx,1,Keep Plano Safe,Plano,TX,ok,200,,,https://api.fususone.com/api/public/organizations/planotx/stats/,18,324,324,0,500,316
True,2026-09-15T23:08:15Z,2026-09-15T23:12:18Z,plaqueminesparishso,1,Connect Plaquemines Parish,Plaquemines Parish,LA,ok,200,,,https://api.fususone.com/api/public/organizations/plaqueminesparishso/stats/,8,532,35,497,10000,35
True,2026-09-15T23:08:15Z,2026-09-15T23:12:19Z,pomonapd,1,Pomona Safe Communities,Pomona,CA,ok,200,,,https://api.fususone.com/api/public/organizations/pomonapd/stats/,264,187,179,8,10000,168
True,2026-09-15T23:08:15Z,2026-09-15T23:12:20Z,portsmouthpd,1,Portsmouth Connect,Portsmouth,VA,ok,200,,,https://api.fususone.com/api/public/organizations/portsmouthpd/stats/,491,1806,393,1413,1500,392
True,2026-09-15T23:08:15Z,2026-09-15T23:12:21Z,powderspringspd,1,Connect Powder Springs,Powder Springs,GA,ok,200,,,https://api.fususone.com/api/public/organizations/powderspringspd/stats/,113,2954,52,18,150,52
True,2026-09-15T23:08:15Z,2026-09-15T23:12:22Z,prairievillagepdks,1,Connect Prairie Village,Prairie Village,KS,ok,200,,,https://api.fususone.com/api/public/organizations/prairievillagepdks/stats/,116,1488,327,320,1500,312
True,2026-09-15T23:08:15Z,2026-09-15T23:12:23Z,queencreekaz,1,Connect Queen Creek,Queen Creek,AZ,ok,200,,,https://api.fususone.com/api/public/organizations/queencreekaz/stats/,76,945,441,333,1499,433
True,2026-09-15T23:08:15Z,2026-09-15T23:12:24Z,raleighncpd,1,CONNECTRALEIGH,Raleigh,NC,ok,200,,,https://api.fususone.com/api/public/organizations/raleighncpd/stats/,1846,1637,1152,56,1500,1149
True,2026-09-15T23:08:15Z,2026-09-15T23:12:25Z,rankincounty,1,Connect Rankin County,Rankin County,MS,ok,200,,,https://api.fususone.com/api/public/organizations/rankincounty/stats/,0,368,266,58,1500,261
True,2026-09-15T23:08:15Z,2026-09-15T23:12:26Z,redondobchpd,1,Connect Redondo Beach,Redondo Beach,CA,ok,200,,,https://api.fususone.com/api/public/organizations/redondobchpd/stats/,445,482,77,405,350,75
True,2026-09-15T23:08:15Z,2026-09-15T23:12:27Z,renopd,1,Connect Reno,Reno,NV,ok,200,,,https://api.fususone.com/api/public/organizations/renopd/stats/,708,881,541,141,500,513
True,2026-09-15T23:08:15Z,2026-09-15T23:12:28Z,rentonpdwa,1,Connect Renton,Renton,WA,ok,200,,,https://api.fususone.com/api/public/organizations/rentonpdwa/stats/,1328,237,237,0,0,219
True,2026-09-15T23:08:15Z,2026-09-15T23:12:29Z,rialtopd,1,Connect Rialto,Rialto,CA,ok,200,,,https://api.fususone.com/api/public/organizations/rialtopd/stats/,349,3610,699,2911,500,685
True,2026-09-15T23:08:15Z,2026-09-15T23:12:30Z,richlandpdwa,1,Connect Richland,Richland,WA,ok,200,,,https://api.fususone.com/api/public/organizations/richlandpdwa/stats/,40,185,185,0,0,159
True,2026-09-15T23:08:15Z,2026-09-15T23:12:31Z,richmondcsoga,1,Connect Richmond County,Richmond County,GA,ok,200,,,https://api.fususone.com/api/public/organizations/richmondcsoga/stats/,0,141,141,0,0,141
True,2026-09-15T23:08:15Z,2026-09-15T23:12:32Z,richmondva,1,Connect Richmond,Richmond,VA,ok,200,,,https://api.fususone.com/api/public/organizations/richmondva/stats/,235,558,484,0,1500,405
True,2026-09-15T23:08:15Z,2026-09-15T23:12:33Z,rileycountypd,1,Connect Riley County,Riley County,KS,ok,200,,,https://api.fususone.com/api/public/organizations/rileycountypd/stats/,81,47,47,0,0,47
True,2026-09-15T23:08:15Z,2026-09-15T23:12:34Z,riverdalepd,1,Connect Riverdale,Riverdale,IL,error,404,HTTP 404,totalRegisteredCameras;totalIntegratedCameras;totalOwnedCameras;totalSharedCameras;totalMaxCameras;subscribedCameras,https://api.fususone.com/api/public/organizations/riverdalepd/stats/,,,,,,
True,2026-09-15T23:08:15Z,2026-09-15T23:12:35Z,rocklinpd,1,Rocklin on Watch,Rocklin,CA,ok,200,,,https://api.fususone.com/api/public/organizations/rocklinpd/stats/,505,280,99,147,150,99
True,2026-09-15T23:08:15Z,2026-09-15T23:12:36Z,rockymountpd,1,Connect Rocky Mount,Rocky Mount,NC,ok,200,,,https://api.fususone.com/api/public/organizations/rockymountpd/stats/,112,726,674,50,5000,616
True,2026-09-15T23:08:15Z,2026-09-15T23:12:37Z,rogerspdar,1,Connect Rogers,Rogers,AR,ok,200,,,https://api.fususone.com/api/public/organizations/rogerspdar/stats/,280,258,258,0,0,249
True,2026-09-15T23:08:15Z,2026-09-15T23:12:38Z,roswellpdnm,1,SaferRoswell,Roswell,NM,ok,200,,,https://api.fususone.com/api/public/organizations/roswellpdnm/stats/,4,102,102,0,0,102
True,2026-09-15T23:08:15Z,2026-09-15T23:12:39Z,sacramentocoso,1,Connect Sacramento County,Sacramento County,CA,ok,200,,,https://api.fususone.com/api/public/organizations/sacramentocoso/stats/,345,414,187,227,5000,186
True,2026-09-15T23:08:15Z,2026-09-15T23:12:40Z,sacramentopd,1,Sacramento PD Connect,Sacramento,CA,ok,200,,,https://api.fususone.com/api/public/organizations/sacramentopd/stats/,887,1755,1031,406,2000,1009
True,2026-09-15T23:08:15Z,2026-09-15T23:12:41Z,salinaspd,1,Connect Salinas,Salinas,CA,ok,200,,,https://api.fususone.com/api/public/organizations/salinaspd/stats/,42,2947,264,2683,500,262
True,2026-09-15T23:08:15Z,2026-09-15T23:12:42Z,sanbernardinopdca,1,Connect San Bernardino,San Bernardino,CA,ok,200,,,https://api.fususone.com/api/public/organizations/sanbernardinopdca/stats/,152,673,552,121,6000,451
True,2026-09-15T23:08:15Z,2026-09-15T23:12:43Z,sandyspringspd,1,Connect Sandy Springs,Sandy Springs,GA,ok,200,,,https://api.fususone.com/api/public/organizations/sandyspringspd/stats/,877,15183,260,4381,7782,257
True,2026-09-15T23:08:15Z,2026-09-15T23:12:44Z,sanjoaquincsoca,1,ConnectSJSO,San Joaquin County,CA,ok,200,,,https://api.fususone.com/api/public/organizations/sanjoaquincsoca/stats/,152,131,63,68,0,62
True,2026-09-15T23:08:15Z,2026-09-15T23:12:45Z,sanjose,1,Connect San Jose,San Jose,CA,ok,200,,,https://api.fususone.com/api/public/organizations/sanjose/stats/,10810,1481,1204,277,1500,1203
True,2026-09-15T23:08:15Z,2026-09-15T23:12:46Z,sanmarcospdtx,1,Connect San Marcos,San Marcos,TX,ok,200,,,https://api.fususone.com/api/public/organizations/sanmarcospdtx/stats/,62,78,78,0,10000,78
True,2026-09-15T23:08:15Z,2026-09-15T23:12:47Z,sanmateopd,1,Connect San Mateo,San Mateo,CA,ok,200,,,https://api.fususone.com/api/public/organizations/sanmateopd/stats/,3101,99,99,0,1500,96
True,2026-09-15T23:08:15Z,2026-09-15T23:12:48Z,sarasotacsofl,1,Connect Sarasota County,Sarasota County,FL,ok,200,,,https://api.fususone.com/api/public/organizations/sarasotacsofl/stats/,5,451,385,66,0,373
True,2026-09-15T23:08:15Z,2026-09-15T23:12:49Z,saratogaspringspdny,1,Connect Saratoga Springs,Saratoga Springs,NY,ok,200,,,https://api.fususone.com/api/public/organizations/saratogaspringspdny/stats/,130,197,181,16,0,180
True,2026-09-15T23:08:15Z,2026-09-15T23:12:50Z,savannahpd,1,Connect Savannah,Savannah,GA,ok,200,,,https://api.fususone.com/api/public/organizations/savannahpd/stats/,1167,9258,304,23,1500,304
True,2026-09-15T23:08:15Z,2026-09-15T23:12:51Z,schenectadypdny,1,Connect Schenectady,Schenectady,NY,ok,200,,,https://api.fususone.com/api/public/organizations/schenectadypdny/stats/,0,69,69,0,0,69
True,2026-09-15T23:08:15Z,2026-09-15T23:12:52Z,scrantonpd,1,Connect Scranton,Scranton,PA,ok,200,,,https://api.fususone.com/api/public/organizations/scrantonpd/stats/,349,60,60,0,0,60
True,2026-09-15T23:08:15Z,2026-09-15T23:12:53Z,seagovillepdtx,1,Seagoville Connect and Protect,Seagoville,TX,ok,200,,,https://api.fususone.com/api/public/organizations/seagovillepdtx/stats/,22,49,49,0,225,49
True,2026-09-15T23:08:15Z,2026-09-15T23:12:54Z,seatpleasantmd,1,Connect Seat Pleasant,Seat Pleasant,MD,ok,200,,,https://api.fususone.com/api/public/organizations/seatpleasantmd/stats/,0,1526,104,534,500,102
True,2026-09-15T23:08:15Z,2026-09-15T23:12:55Z,seattlepd,1,Connect Seattle,Seattle,WA,ok,200,,,https://api.fususone.com/api/public/organizations/seattlepd/stats/,882,697,674,0,5000,673
True,2026-09-15T23:08:15Z,2026-09-15T23:12:56Z,seminolecountyso,1,Connect Seminole,Seminole County,FL,ok,200,,,https://api.fususone.com/api/public/organizations/seminolecountyso/stats/,110,2077,529,1111,1500,519
True,2026-09-15T23:08:15Z,2026-09-15T23:12:57Z,shawneecosheriff,1,Connect Shawnee County and the City of Topeka,Shawnee County and the City of Topeka,KS,ok,200,,,https://api.fususone.com/api/public/organizations/shawneecosheriff/stats/,1203,2241,641,1600,500,523
True,2026-09-15T23:08:15Z,2026-09-15T23:12:58Z,shelbycoso,1,Connect Shelby County,Shelby County,TN,ok,200,,,https://api.fususone.com/api/public/organizations/shelbycoso/stats/,1307,2324,181,123,1500,152
True,2026-09-15T23:08:15Z,2026-09-15T23:12:59Z,smyrnaga,1,Connect Smyrna,Smyrna,GA,ok,200,,,https://api.fususone.com/api/public/organizations/smyrnaga/stats/,333,13064,262,3416,3058,257
True,2026-09-15T23:08:15Z,2026-09-15T23:13:00Z,southbendpd,1,Sync South Bend,South Bend,IN,ok,200,,,https://api.fususone.com/api/public/organizations/southbendpd/stats/,2520,2035,1291,744,1500,1278
True,2026-09-15T23:08:15Z,2026-09-15T23:13:01Z,southfultonga,1,Connect South Fulton,South Fulton,GA,ok,200,,,https://api.fususone.com/api/public/organizations/southfultonga/stats/,460,14804,552,4105,8000,537
True,2026-09-15T23:08:15Z,2026-09-15T23:13:02Z,sparkspdnv,1,Connect Sparks,Sparks,NV,ok,200,,,https://api.fususone.com/api/public/organizations/sparkspdnv/stats/,244,658,215,0,500,201
True,2026-09-15T23:08:15Z,2026-09-15T23:13:03Z,spartanburgpd,1,Connect Spartanburg,Spartanburg,SC,ok,200,,,https://api.fususone.com/api/public/organizations/spartanburgpd/stats/,187,639,635,4,500,635
True,2026-09-15T23:08:15Z,2026-09-15T23:13:04Z,spokanecsowa,1,Connect Spokane County,Spokane County,WA,ok,200,,,https://api.fususone.com/api/public/organizations/spokanecsowa/stats/,48,959,827,131,150,720
True,2026-09-15T23:08:15Z,2026-09-15T23:13:05Z,springfieldpd,1,Sync Springfield,Springfield,IL,ok,200,,,https://api.fususone.com/api/public/organizations/springfieldpd/stats/,1647,2546,2473,0,1500,2452
True,2026-09-15T23:08:15Z,2026-09-15T23:13:06Z,springfieldpdmo,1,Springfield Safe,Springfield,MO,ok,200,,,https://api.fususone.com/api/public/organizations/springfieldpdmo/stats/,14,313,162,151,0,153
True,2026-09-15T23:08:15Z,2026-09-15T23:13:07Z,statesboropd,1,Connect Statesboro,Statesboro,GA,ok,200,,,https://api.fususone.com/api/public/organizations/statesboropd/stats/,1,14447,629,4131,3950,622
True,2026-09-15T23:08:15Z,2026-09-15T23:13:08Z,stbernardso,1,Protect St. Bernard,St. Bernard Parish,LA,ok,200,,,https://api.fususone.com/api/public/organizations/stbernardso/stats/,147,1796,84,1712,781,84
True,2026-09-15T23:08:15Z,2026-09-15T23:13:09Z,stcloud,1,Connect St. Cloud,St. Cloud,FL,ok,200,,,https://api.fususone.com/api/public/organizations/stcloud/stats/,356,9164,1862,5972,7000,1839
True,2026-09-15T23:08:15Z,2026-09-15T23:13:10Z,stcloudpdmn,1,Saint Cloud Connect and Protect,Saint Cloud,MN,ok,200,,,https://api.fususone.com/api/public/organizations/stcloudpdmn/stats/,0,27,27,0,350,19
True,2026-09-15T23:08:15Z,2026-09-15T23:13:11Z,stjohnscountyso,1,Connect St. Johns,St. Johns County,FL,ok,200,,,https://api.fususone.com/api/public/organizations/stjohnscountyso/stats/,1710,1309,1123,186,1500,1077
True,2026-09-15T23:08:15Z,2026-09-15T23:13:12Z,stluciesheriff,1,Connect St Lucie County,St. Lucie County,FL,ok,200,,,https://api.fususone.com/api/public/organizations/stluciesheriff/stats/,831,124,124,0,1500,72
True,2026-09-15T23:08:15Z,2026-09-15T23:13:13Z,stocktonpdca,1,SaferStockton,Stockton,CA,ok,200,,,https://api.fususone.com/api/public/organizations/stocktonpdca/stats/,52,371,370,1,1,366
True,2026-09-15T23:08:15Z,2026-09-15T23:13:14Z,stpaulpdmn,1,Connect Saint Paul,Saint Paul,MN,ok,200,,,https://api.fususone.com/api/public/organizations/stpaulpdmn/stats/,24,1247,341,445,0,332
True,2026-09-15T23:08:15Z,2026-09-15T23:13:15Z,sumnercounty,1,Connect Sumner,Sumner,TN,ok,200,,,https://api.fususone.com/api/public/organizations/sumnercounty/stats/,461,92,33,38,4000,31
True,2026-09-15T23:08:15Z,2026-09-15T23:13:16Z,tempepd,1,Connect Tempe,Tempe,AZ,ok,200,,,https://api.fususone.com/api/public/organizations/tempepd/stats/,172,1506,907,0,1500,907
True,2026-09-15T23:08:15Z,2026-09-15T23:13:17Z,torrancepd,1,Secure Torrance,Torrance,CA,ok,200,,,https://api.fususone.com/api/public/organizations/torrancepd/stats/,132,389,143,246,200,93
True,2026-09-15T23:08:15Z,2026-09-15T23:13:18Z,troypdil,1,Connect Troy,Troy,MI,error,404,HTTP 404,totalRegisteredCameras;totalIntegratedCameras;totalOwnedCameras;totalSharedCameras;totalMaxCameras;subscribedCameras,https://api.fususone.com/api/public/organizations/troypdil/stats/,,,,,,
True,2026-09-15T23:08:15Z,2026-09-15T23:13:19Z,tucsonpd,1,Connect Tucson,Tucson,AZ,ok,200,,,https://api.fususone.com/api/public/organizations/tucsonpd/stats/,1329,632,461,0,1500,462
True,2026-09-15T23:08:15Z,2026-09-15T23:13:20Z,tupeloms,1,Connect Tupelo,Tupelo,MS,ok,200,,,https://api.fususone.com/api/public/organizations/tupeloms/stats/,271,349,349,0,500,344
True,2026-09-15T23:08:15Z,2026-09-15T23:13:21Z,turlockpd,1,Connect Turlock,Turlock,CA,ok,200,,,https://api.fususone.com/api/public/organizations/turlockpd/stats/,199,173,162,11,150,162
True,2026-09-15T23:08:15Z,2026-09-15T23:13:22Z,tuscaloosapd,1,Safeguard Tuscaloosa,Tuscaloosa,AL,ok,200,,,https://api.fususone.com/api/public/organizations/tuscaloosapd/stats/,258,1096,402,624,1500,382
True,2026-09-15T23:08:15Z,2026-09-15T23:13:23Z,uarizonapdaz,1,Connect University of Arizona,University of Arizona,AZ,ok,200,,,https://api.fususone.com/api/public/organizations/uarizonapdaz/stats/,0,16,4,0,0,0
True,2026-09-15T23:08:15Z,2026-09-15T23:13:24Z,uillinoispd,1,Connect University of Illinois Urbana-Champaign,University of Illinois Urbana-Champaign,IL,ok,200,,,https://api.fususone.com/api/public/organizations/uillinoispd/stats/,3,4177,4089,0,0,4079
True,2026-09-15T23:08:15Z,2026-09-15T23:13:25Z,universityofmissouripdmo,1,Mizzou SafeConnect,Mizzou,MO,ok,200,,,https://api.fususone.com/api/public/organizations/universityofmissouripdmo/stats/,145,1012,1012,0,0,999
True,2026-09-15T23:08:15Z,2026-09-15T23:13:26Z,virginiabeachpd,1,Connect Virginia Beach,Virginia Beach,VA,ok,200,,,https://api.fususone.com/api/public/organizations/virginiabeachpd/stats/,1447,3301,647,1409,2000,636
True,2026-09-15T23:08:15Z,2026-09-15T23:13:27Z,volusiasheriff,1,Connect Volusia,Volusia,FL,ok,200,,,https://api.fususone.com/api/public/organizations/volusiasheriff/stats/,670,3954,576,3025,1500,899
True,2026-09-15T23:08:15Z,2026-09-15T23:13:28Z,wakecounty,1,Connect Wake County,Wake County,NC,ok,200,,,https://api.fususone.com/api/public/organizations/wakecounty/stats/,42,966,282,57,1500,250
True,2026-09-15T23:08:15Z,2026-09-15T23:13:29Z,warnerrobinspd,1,Connect Warner Robins,Warner Robins,GA,ok,200,,,https://api.fususone.com/api/public/organizations/warnerrobinspd/stats/,218,9230,139,0,500,139
True,2026-09-15T23:08:15Z,2026-09-15T23:13:30Z,warrenpdmi,1,Connect Warren,Warren,MI,ok,200,,,https://api.fususone.com/api/public/organizations/warrenpdmi/stats/,64,196,117,79,1500,90
True,2026-09-15T23:08:15Z,2026-09-15T23:13:31Z,washoesheriff,1,Connect Washoe County,Washoe County,NV,ok,200,,,https://api.fususone.com/api/public/organizations/washoesheriff/stats/,9,453,161,4,500,154
True,2026-09-15T23:08:15Z,2026-09-15T23:13:32Z,webbcountyso,1,Connect Webb County,Webb County,TX,ok,200,,,https://api.fususone.com/api/public/organizations/webbcountyso/stats/,0,279,279,0,2000,275
True,2026-09-15T23:08:15Z,2026-09-15T23:13:33Z,westsacramento,1,West Sacramento Safe and Secure,West Sacramento,CA,ok,200,,,https://api.fususone.com/api/public/organizations/westsacramento/stats/,831,514,339,89,500,328
True,2026-09-15T23:08:15Z,2026-09-15T23:13:35Z,wheatonpd,1,Connect Wheaton,Wheaton,IL,ok,200,,,https://api.fususone.com/api/public/organizations/wheatonpd/stats/,427,535,535,0,1500,531
True,2026-09-15T23:08:15Z,2026-09-15T23:13:36Z,whitehallpd,1,Connect Whitehall,Whitehall,OH,ok,200,,,https://api.fususone.com/api/public/organizations/whitehallpd/stats/,575,615,153,462,1500,151
True,2026-09-15T23:08:15Z,2026-09-15T23:13:37Z,wichitapdks,1,Connected Wichita,Wichita,KS,ok,200,,,https://api.fususone.com/api/public/organizations/wichitapdks/stats/,4,365,344,21,1500,311
True,2026-09-15T23:08:15Z,2026-09-15T23:13:38Z,williamsoncsotn,1,Connect Williamson,Williamson County,TN,ok,200,,,https://api.fususone.com/api/public/organizations/williamsoncsotn/stats/,103,9,9,0,0,0
True,2026-09-15T23:08:15Z,2026-09-15T23:13:39Z,wilmingtonnc,1,Connect Wilmington,Wilmington,NC,ok,200,,,https://api.fususone.com/api/public/organizations/wilmingtonnc/stats/,2,712,696,0,10000,696
True,2026-09-15T23:08:15Z,2026-09-15T23:13:40Z,wintergarden,1,Connect Winter Garden,Winter Garden,FL,ok,200,,,https://api.fususone.com/api/public/organizations/wintergarden/stats/,0,274,172,0,500,172
True,2026-09-15T23:08:15Z,2026-09-15T23:13:41Z,winterpark,1,Connect Winter Park,Winter Park,FL,ok,200,,,https://api.fususone.com/api/public/organizations/winterpark/stats/,294,1544,1081,0,1500,1073
True,2026-09-15T23:08:15Z,2026-09-15T23:13:42Z,wpb,1,CityWatch Connect,West Palm Beach,FL,ok,200,,,https://api.fususone.com/api/public/organizations/wpb/stats/,1815,958,460,245,1000,434
True,2026-09-15T23:08:15Z,2026-09-15T23:13:43Z,zacharypdla,1,Connect Zachary,Zachary,LA,ok,200,,,https://api.fususone.com/api/public/organizations/zacharypdla/stats/,7,8,8,0,0,8
True,2026-09-15T23:17:26Z,2026-09-15T23:17:27Z,aacounty,1,Connect Anne Arundel,Anne Arundel County,MD,ok,200,,,https://api.fususone.com/api/public/organizations/aacounty/stats/,1026,3664,2372,534,1500,2336
True,2026-09-15T23:17:26Z,2026-09-15T23:17:28Z,accpd,1,Connect Athens-Clarke County,Athens-Clarke County,GA,ok,200,,,https://api.fususone.com/api/public/organizations/accpd/stats/,68,4308,1827,297,500,526
True,2026-09-15T23:17:26Z,2026-09-15T23:17:29Z,acworthga,1,Connect Acworth,Acworth,GA,ok,200,,,https://api.fususone.com/api/public/organizations/acworthga/stats/,150,10580,237,451,500,237
True,2026-09-15T23:17:26Z,2026-09-15T23:17:30Z,adamscsoco,1,Connect Adams County,Adams County,CO,ok,200,,,https://api.fususone.com/api/public/organizations/adamscsoco/stats/,156,166,166,0,1500,166
True,2026-09-15T23:17:26Z,2026-09-15T23:17:31Z,alachuasheriff,1,Connect Alachua County,Alachua County,FL,ok,200,,,https://api.fususone.com/api/public/organizations/alachuasheriff/stats/,0,216,160,0,850,143
True,2026-09-15T23:17:26Z,2026-09-15T23:17:32Z,albanypolice,1,Connect Albany,Albany,GA,ok,200,,,https://api.fususone.com/api/public/organizations/albanypolice/stats/,725,13935,1154,3414,6634,1140
True,2026-09-15T23:17:26Z,2026-09-15T23:17:33Z,alpharetta,1,Connect Alpharetta,Alpharetta,GA,ok,200,,,https://api.fususone.com/api/public/organizations/alpharetta/stats/,0,0,0,0,2500,0
True,2026-09-15T23:17:26Z,2026-09-15T23:17:34Z,alsipil,1,Connect Alsip,Alsip,IL,ok,200,,,https://api.fususone.com/api/public/organizations/alsipil/stats/,737,977,930,26,1500,979
True,2026-09-15T23:17:26Z,2026-09-15T23:17:35Z,altoonapd,1,Connect Altoona,Altoona,IA,ok,200,,,https://api.fususone.com/api/public/organizations/altoonapd/stats/,345,605,605,0,925,595
True,2026-09-15T23:17:26Z,2026-09-15T23:17:36Z,amarillopd,1,Connect Amarillo,Amarillo,TX,ok,200,,,https://api.fususone.com/api/public/organizations/amarillopd/stats/,32,491,491,0,500,483
True,2026-09-15T23:17:26Z,2026-09-15T23:17:37Z,anaheim,1,Connect Anaheim,Anaheim,CA,ok,200,,,https://api.fususone.com/api/public/organizations/anaheim/stats/,424,714,667,3,1500,636
True,2026-09-15T23:17:26Z,2026-09-15T23:17:38Z,anchoragepdak,1,Safe Anchorage,Anchorage,AK,ok,200,,,https://api.fususone.com/api/public/organizations/anchoragepdak/stats/,269,40,18,22,0,18
True,2026-09-15T23:17:26Z,2026-09-15T23:17:39Z,anokacountysomn,1,Anoka County Real Time Crime Center,Anoka County,MN,ok,200,,,https://api.fususone.com/api/public/organizations/anokacountysomn/stats/,374,2674,635,1721,500,634
True,2026-09-15T23:17:26Z,2026-09-15T23:17:40Z,apachejunctionpdaz,1,Connect Apache Junction,Apache Junction,AZ,ok,200,,,https://api.fususone.com/api/public/organizations/apachejunctionpdaz/stats/,0,199,199,0,225,191
True,2026-09-15T23:17:26Z,2026-09-15T23:17:41Z,apopkapd,1,Connect Apopka,Apopka,FL,ok,200,,,https://api.fususone.com/api/public/organizations/apopkapd/stats/,174,7852,224,6894,500,221
True,2026-09-15T23:17:26Z,2026-09-15T23:17:42Z,arlingtonheightspd,1,Connect Arlington Heights,Arlington Heights,IL,ok,200,,,https://api.fususone.com/api/public/organizations/arlingtonheightspd/stats/,652,1142,379,763,1500,363
True,2026-09-15T23:17:26Z,2026-09-15T23:17:43Z,artesianmpd,1,Connect Artesia,Artesia,MN,ok,200,,,https://api.fususone.com/api/public/organizations/artesianmpd/stats/,57,209,209,0,0,207
True,2026-09-15T23:17:26Z,2026-09-15T23:17:44Z,ashevillepdnc,1,Connect Asheville,Asheville,NC,ok,200,,,https://api.fususone.com/api/public/organizations/ashevillepdnc/stats/,11,19,19,0,500,7
True,2026-09-15T23:17:26Z,2026-09-15T23:17:45Z,ashlandpdal,1,Connect Ashland,Ashland,AL,ok,200,,,https://api.fususone.com/api/public/organizations/ashlandpdal/stats/,8,673,49,624,125,49
True,2026-09-15T23:17:26Z,2026-09-15T23:17:46Z,auroragov,1,Connect Aurora,Aurora,CO,ok,200,,,https://api.fususone.com/api/public/organizations/auroragov/stats/,55,930,930,0,10000,930
True,2026-09-15T23:17:26Z,2026-09-15T23:17:47Z,baltimorecountypd,1,Connect Baltimore County,Baltimore County,MD,ok,200,,,https://api.fususone.com/api/public/organizations/baltimorecountypd/stats/,4,592,531,61,5000,500
True,2026-09-15T23:17:26Z,2026-09-15T23:17:48Z,bartowfl,1,Connect Bartow,Bartow,FL,ok,200,,,https://api.fususone.com/api/public/organizations/bartowfl/stats/,0,34,34,0,0,32
True,2026-09-15T23:17:26Z,2026-09-15T23:17:49Z,baycounty,1,Connect Bay County,Bay County,FL,ok,200,,,https://api.fususone.com/api/public/organizations/baycounty/stats/,1709,1504,1150,289,1500,1122
True,2026-09-15T23:17:26Z,2026-09-15T23:17:50Z,beaumonttx,1,Connect Southeast Texas,Southeast Texas,TX,ok,200,,,https://api.fususone.com/api/public/organizations/beaumonttx/stats/,4033,3793,1529,2094,4500,755
True,2026-09-15T23:17:26Z,2026-09-15T23:17:51Z,bedfordparkpd,1,Connect Bedford Park,Bedford Park,IL,ok,200,,,https://api.fususone.com/api/public/organizations/bedfordparkpd/stats/,126,282,217,3,500,200
True,2026-09-15T23:17:26Z,2026-09-15T23:17:52Z,bendpd,1,Connect Bend,Bend,OR,ok,200,,,https://api.fususone.com/api/public/organizations/bendpd/stats/,774,322,254,68,150,210
True,2026-09-15T23:17:26Z,2026-09-15T23:17:53Z,bensalem,1,Connect Bensalem,Bensalem,PA,ok,200,,,https://api.fususone.com/api/public/organizations/bensalem/stats/,1174,1006,990,16,1500,978
True,2026-09-15T23:17:26Z,2026-09-15T23:17:54Z,bernalillo,1,Connect Bernalillo County,Bernalillo County,NM,ok,200,,,https://api.fususone.com/api/public/organizations/bernalillo/stats/,216,453,373,80,500,293
True,2026-09-15T23:17:26Z,2026-09-15T23:17:55Z,beverlyhillspd,1,Beverly Hills Connect,Beverly Hills,CA,ok,200,,,https://api.fususone.com/api/public/organizations/beverlyhillspd/stats/,520,1883,1782,101,1750,1776
True,2026-09-15T23:17:26Z,2026-09-15T23:17:56Z,biloxi,1,Connect Biloxi,Biloxi,MS,ok,200,,,https://api.fususone.com/api/public/organizations/biloxi/stats/,157,846,423,373,1000,416
True,2026-09-15T23:17:26Z,2026-09-15T23:17:57Z,birminghampd,1,Connect Birmingham,Birmingham,AL,ok,200,,,https://api.fususone.com/api/public/organizations/birminghampd/stats/,773,948,280,212,10000,237
True,2026-09-15T23:17:26Z,2026-09-15T23:17:58Z,blackmanleonitwp,1,Connect Blackman Leoni Township,Blackman Leoni Township,MI,ok,200,,,https://api.fususone.com/api/public/organizations/blackmanleonitwp/stats/,1,3,3,0,0,3
True,2026-09-15T23:17:26Z,2026-09-15T23:17:59Z,bocaratonpdfl,1,Connect BRPD,Boca Raton,FL,ok,200,,,https://api.fususone.com/api/public/organizations/bocaratonpdfl/stats/,5,911,677,8,0,654
True,2026-09-15T23:17:26Z,2026-09-15T23:18:00Z,boernepdtx,1,Connect Boerne,Boerne,TX,ok,200,,,https://api.fususone.com/api/public/organizations/boernepdtx/stats/,0,77,77,0,0,77
True,2026-09-15T23:17:26Z,2026-09-15T23:18:01Z,boulderpdco,1,Boulder Community Connect,Boulder,CO,ok,200,,,https://api.fususone.com/api/public/organizations/boulderpdco/stats/,0,161,161,0,0,108
True,2026-09-15T23:17:26Z,2026-09-15T23:18:02Z,bradentonfl,1,Connect Bradenton,Bradenton,FL,ok,200,,,https://api.fususone.com/api/public/organizations/bradentonfl/stats/,319,3160,269,2891,1500,258
True,2026-09-15T23:17:26Z,2026-09-15T23:18:03Z,brazostx,1,Connect Brazos County,Brazos County,TX,ok,200,,,https://api.fususone.com/api/public/organizations/brazostx/stats/,155,197,176,0,1500,158
True,2026-09-15T23:17:26Z,2026-09-15T23:18:04Z,brooklynparkpdmn,1,Brooklyn Park Community Cameras,Brooklyn Park,MN,ok,200,,,https://api.fususone.com/api/public/organizations/brooklynparkpdmn/stats/,503,240,229,0,0,205
True,2026-09-15T23:17:26Z,2026-09-15T23:18:05Z,brownsvillepd,1,Connect Brownsville,Brownsville,TX,ok,200,,,https://api.fususone.com/api/public/organizations/brownsvillepd/stats/,664,219,219,0,500,199
True,2026-09-15T23:17:26Z,2026-09-15T23:18:06Z,buncombesheriff,1,Connect Buncombe County,Buncombe County,NC,ok,200,,,https://api.fususone.com/api/public/organizations/buncombesheriff/stats/,563,2657,437,2220,4500,316
True,2026-09-15T23:17:26Z,2026-09-15T23:18:07Z,burbankpdil,1,Connect Burbank,Burbank,IL,ok,200,,,https://api.fususone.com/api/public/organizations/burbankpdil/stats/,304,425,399,3,150,399
True,2026-09-15T23:17:26Z,2026-09-15T23:18:08Z,calcasieusheriff,1,Connect Calcasieu Parish,Calcasieu Parish,LA,ok,200,,,https://api.fususone.com/api/public/organizations/calcasieusheriff/stats/,3,98,98,0,10000,98
True,2026-09-15T23:17:26Z,2026-09-15T23:18:09Z,caldwellpdid,1,Connect Caldwell,Caldwell,ID,ok,200,,,https://api.fususone.com/api/public/organizations/caldwellpdid/stats/,61,215,215,0,225,204
True,2026-09-15T23:17:26Z,2026-09-15T23:18:10Z,campbellpd,1,Connect Campbell,Campbell,CA,ok,200,,,https://api.fususone.com/api/public/organizations/campbellpd/stats/,198,313,281,32,10000,270
True,2026-09-15T23:17:26Z,2026-09-15T23:18:11Z,carencropd,1,Connect Carencro,Carencro,LA,ok,200,,,https://api.fususone.com/api/public/organizations/carencropd/stats/,85,1610,215,12,914,215
True,2026-09-15T23:17:26Z,2026-09-15T23:18:12Z,carlsbadpdnm,1,Connect Carlsbad,Carlsbad,NM,ok,200,,,https://api.fususone.com/api/public/organizations/carlsbadpdnm/stats/,3,12,12,0,0,4
True,2026-09-15T23:17:26Z,2026-09-15T23:18:13Z,carypd,1,Connect Cary,Cary,NC,ok,200,,,https://api.fususone.com/api/public/organizations/carypd/stats/,37,1267,841,0,1500,840
True,2026-09-15T23:17:26Z,2026-09-15T23:18:14Z,charlestonpd,1,Connect Charleston,Charleston,SC,ok,200,,,https://api.fususone.com/api/public/organizations/charlestonpd/stats/,300,577,501,25,500,466
True,2026-09-15T23:17:26Z,2026-09-15T23:18:15Z,charlottecounty,1,Connect Charlotte County,Charlotte County,FL,ok,200,,,https://api.fususone.com/api/public/organizations/charlottecounty/stats/,2327,3826,353,3391,1500,330
True,2026-09-15T23:17:26Z,2026-09-15T23:18:16Z,charlottemecklenburg,1,Connect Charlotte,Charlotte,NC,ok,200,,,https://api.fususone.com/api/public/organizations/charlottemecklenburg/stats/,3086,1728,1523,21,1500,1377
True,2026-09-15T23:17:26Z,2026-09-15T23:18:17Z,chattanoogapd,1,Dragonfly Community Connect,Chattanooga,TN,ok,200,,,https://api.fususone.com/api/public/organizations/chattanoogapd/stats/,0,774,773,1,1500,764
True,2026-09-15T23:17:26Z,2026-09-15T23:18:18Z,cherokeega,1,Connect Cherokee,Cherokee County,GA,ok,200,,,https://api.fususone.com/api/public/organizations/cherokeega/stats/,624,13420,622,548,2500,566
True,2026-09-15T23:17:26Z,2026-09-15T23:18:19Z,chesterfieldcounty,1,Chesterfield Community Connect Program,Chesterfield County,VA,ok,200,,,https://api.fususone.com/api/public/organizations/chesterfieldcounty/stats/,768,11171,1010,10099,4500,949
True,2026-09-15T23:17:26Z,2026-09-15T23:18:20Z,chicagoheights,1,Connect Chicago Heights,Chicago Heights,IL,ok,200,,,https://api.fususone.com/api/public/organizations/chicagoheights/stats/,221,1221,1168,0,500,725
True,2026-09-15T23:17:26Z,2026-09-15T23:18:21Z,chicopee,1,Connect Chicopee,Chicopee,MA,ok,200,,,https://api.fususone.com/api/public/organizations/chicopee/stats/,128,512,512,0,1500,509
True,2026-09-15T23:17:26Z,2026-09-15T23:18:22Z,ciceropd,1,Cicero SAFE (Shared Access For Enforcement),Cicero,IL,ok,200,,,https://api.fususone.com/api/public/organizations/ciceropd/stats/,29,549,549,0,1500,541
True,2026-09-15T23:17:26Z,2026-09-15T23:18:23Z,cincinnatipd,1,Connect Cincinnati,Cincinnati,OH,ok,200,,,https://api.fususone.com/api/public/organizations/cincinnatipd/stats/,1713,844,801,43,1500,746
True,2026-09-15T23:17:26Z,2026-09-15T23:18:24Z,cityofatlanta,1,Connect Atlanta,Atlanta,GA,ok,200,,,https://api.fususone.com/api/public/organizations/cityofatlanta/stats/,17517,28373,2583,11643,29250,2549
True,2026-09-15T23:17:26Z,2026-09-15T23:18:25Z,cityofcanton,1,Connect Canton,Canton,MS,ok,200,,,https://api.fususone.com/api/public/organizations/cityofcanton/stats/,0,31,0,31,10000,0
True,2026-09-15T23:17:26Z,2026-09-15T23:18:26Z,cityofdoralpd,1,Connect Doral,Doral,FL,ok,200,,,https://api.fususone.com/api/public/organizations/cityofdoralpd/stats/,221,3425,397,3028,10000,243
True,2026-09-15T23:17:26Z,2026-09-15T23:18:27Z,cityofhawthorne,1,Connect Hawthorne,Hawthorne,CA,ok,200,,,https://api.fususone.com/api/public/organizations/cityofhawthorne/stats/,0,3715,874,2841,1500,844
True,2026-09-15T23:17:26Z,2026-09-15T23:18:28Z,cityofmanchester,1,Connect Manchester,City of Manchester,NH,ok,200,,,https://api.fususone.com/api/public/organizations/cityofmanchester/stats/,584,1006,436,570,1500,434
True,2026-09-15T23:17:26Z,2026-09-15T23:18:29Z,cityofmiamipd,1,Connect Miami,Miami,FL,ok,200,,,https://api.fususone.com/api/public/organizations/cityofmiamipd/stats/,2406,4383,1249,2905,1500,1231
True,2026-09-15T23:17:26Z,2026-09-15T23:18:30Z,cityofnewark,1,Connect Newark,Newark,NJ,ok,200,,,https://api.fususone.com/api/public/organizations/cityofnewark/stats/,1208,929,497,231,500,488
True,2026-09-15T23:17:26Z,2026-09-15T23:18:31Z,cityofomaha,1,Connect Omaha,Omaha,NE,ok,200,,,https://api.fususone.com/api/public/organizations/cityofomaha/stats/,1257,1559,760,698,1500,685
True,2026-09-15T23:17:26Z,2026-09-15T23:18:32Z,cityofoxford,1,Connect Oxford,City of Oxford,AL,ok,200,,,https://api.fususone.com/api/public/organizations/cityofoxford/stats/,12,1126,324,753,1500,321
True,2026-09-15T23:17:26Z,2026-09-15T23:18:33Z,cityofroswell,1,Connect Roswell,Roswell,GA,ok,200,,,https://api.fususone.com/api/public/organizations/cityofroswell/stats/,653,10641,512,373,2793,511
True,2026-09-15T23:17:26Z,2026-09-15T23:18:34Z,cityofshreveport,1,Connect Shreveport,Shreveport,LA,ok,200,,,https://api.fususone.com/api/public/organizations/cityofshreveport/stats/,1141,2829,2320,509,1500,2332
True,2026-09-15T23:17:26Z,2026-09-15T23:18:35Z,cityofstarkville,1,Connect Starkville,Starkville,MS,ok,200,,,https://api.fususone.com/api/public/organizations/cityofstarkville/stats/,879,851,574,277,500,563
True,2026-09-15T23:17:26Z,2026-09-15T23:18:36Z,cityofws,1,Connect Winston-Salem,the City of Winston-Salem,NC,ok,200,,,https://api.fususone.com/api/public/organizations/cityofws/stats/,1678,3276,1740,362,2000,1724
True,2026-09-15T23:17:26Z,2026-09-15T23:18:37Z,claycountysheriff,1,Connect Clay County,Clay County,FL,ok,200,,,https://api.fususone.com/api/public/organizations/claycountysheriff/stats/,158,3433,3265,126,2000,3260
True,2026-09-15T23:17:26Z,2026-09-15T23:18:38Z,claytoncountypd,1,Connect Clayton County,Clayton County,GA,ok,200,,,https://api.fususone.com/api/public/organizations/claytoncountypd/stats/,398,10827,1025,294,8814,1010
True,2026-09-15T23:17:26Z,2026-09-15T23:18:39Z,clearwaterpd,1,Clearwater Camera Sharing,Clearwater,FL,ok,200,,,https://api.fususone.com/api/public/organizations/clearwaterpd/stats/,693,912,842,70,10000,792
True,2026-09-15T23:17:26Z,2026-09-15T23:18:40Z,clermontpd,1,Connect Clermont,Clermont,FL,ok,200,,,https://api.fususone.com/api/public/organizations/clermontpd/stats/,74,664,69,595,150,63
True,2026-09-15T23:17:26Z,2026-09-15T23:18:41Z,clevelanddps,1,Safe Smart CLE,Cleveland,OH,ok,200,,,https://api.fususone.com/api/public/organizations/clevelanddps/stats/,1763,4169,4050,0,2375,4053
True,2026-09-15T23:17:26Z,2026-09-15T23:18:42Z,clevelandmetroparksoh,1,Cleveland Metroparks Connect,Cleveland Metroparks,OH,ok,200,,,https://api.fususone.com/api/public/organizations/clevelandmetroparksoh/stats/,0,24,24,0,0,24
True,2026-09-15T23:17:26Z,2026-09-15T23:18:43Z,cobbcountypd,1,Connect Cobb ,Cobb County,GA,ok,200,,,https://api.fususone.com/api/public/organizations/cobbcountypd/stats/,3543,12810,1277,4093,9008,997
True,2026-09-15T23:17:26Z,2026-09-15T23:18:44Z,collegeparkga,1,Connect College Park,College Park,GA,ok,200,,,https://api.fususone.com/api/public/organizations/collegeparkga/stats/,0,10505,171,426,2539,143
True,2026-09-15T23:17:26Z,2026-09-15T23:18:45Z,coloradospringspd,1,Together COS,Colorado Springs,CO,ok,200,,,https://api.fususone.com/api/public/organizations/coloradospringspd/stats/,1313,1084,945,139,750,844
True,2026-09-15T23:17:26Z,2026-09-15T23:18:46Z,coltonpdca,1,Connect Colton,Colton,CA,ok,200,,,https://api.fususone.com/api/public/organizations/coltonpdca/stats/,345,28,19,9,0,19
True,2026-09-15T23:17:26Z,2026-09-15T23:18:47Z,columbuspdga,1,Connect Columbus,"Columbus, Georgia",GA,ok,200,,,https://api.fususone.com/api/public/organizations/columbuspdga/stats/,2439,566,566,0,1500,557
True,2026-09-15T23:17:26Z,2026-09-15T23:18:48Z,connectnewportrichey,1,Connect New Port Richey,New Port Richey,FL,ok,200,,,https://api.fususone.com/api/public/organizations/connectnewportrichey/stats/,6,8,8,0,0,8
True,2026-09-15T23:17:26Z,2026-09-15T23:18:49Z,connecttallahassee,1,Connect Tallahassee,Tallahassee,FL,ok,200,,,https://api.fususone.com/api/public/organizations/connecttallahassee/stats/,253,369,369,0,1500,349
True,2026-09-15T23:17:26Z,2026-09-15T23:18:50Z,covinapdca,1,SaferCovina,Covina,CA,ok,200,,,https://api.fususone.com/api/public/organizations/covinapdca/stats/,15,2,2,0,150,0
True,2026-09-15T23:17:26Z,2026-09-15T23:18:51Z,crestviewpdfl,1,Connect Crestview,Crestview,FL,ok,200,,,https://api.fususone.com/api/public/organizations/crestviewpdfl/stats/,0,52,52,0,0,20
True,2026-09-15T23:17:26Z,2026-09-15T23:18:52Z,crestwoodpdil,1,Connect Crestwood,Crestwood,MN,ok,200,,,https://api.fususone.com/api/public/organizations/crestwoodpdil/stats/,0,90,4,86,0,0
True,2026-09-15T23:17:26Z,2026-09-15T23:18:53Z,cummingpdga,1,Connect Cumming,Cumming,GA,ok,200,,,https://api.fususone.com/api/public/organizations/cummingpdga/stats/,5,3094,167,367,1500,149
True,2026-09-15T23:17:26Z,2026-09-15T23:18:54Z,dallaspd,1,Connect Dallas,Dallas,TX,ok,200,,,https://api.fususone.com/api/public/organizations/dallaspd/stats/,4054,1499,1140,358,1500,1040
True,2026-09-15T23:17:26Z,2026-09-15T23:18:55Z,dalycitypdca,1,Connect Daly City,Daly City,CA,ok,200,,,https://api.fususone.com/api/public/organizations/dalycitypdca/stats/,23,87,46,41,450,15
True,2026-09-15T23:17:26Z,2026-09-15T23:18:56Z,danvillepd,1,"One Community, Connect Danville",Danville,VA,ok,200,,,https://api.fususone.com/api/public/organizations/danvillepd/stats/,418,1755,342,1413,500,341
True,2026-09-15T23:17:26Z,2026-09-15T23:18:57Z,dbsfl,1,Connect Daytona Beach Shores,Daytona Beach Shores,FL,ok,200,,,https://api.fususone.com/api/public/organizations/dbsfl/stats/,3,72,72,0,0,70
True,2026-09-15T23:17:26Z,2026-09-15T23:18:58Z,dcmetro,1,CameraConnectDC,Washington DC,DC,ok,200,,,https://api.fususone.com/api/public/organizations/dcmetro/stats/,44118,1454,1259,119,4500,1127
True,2026-09-15T23:17:26Z,2026-09-15T23:18:59Z,dealpdnj,1,Connect Deal,Deal,NJ,ok,200,,,https://api.fususone.com/api/public/organizations/dealpdnj/stats/,322,976,224,0,0,224
True,2026-09-15T23:17:26Z,2026-09-15T23:19:00Z,dearbornpdmi,1,Connect Dearborn,Dearborn,MI,ok,200,,,https://api.fususone.com/api/public/organizations/dearbornpdmi/stats/,686,674,513,4,1500,499
True,2026-09-15T23:17:26Z,2026-09-15T23:19:01Z,dekalbcountyga,1,Connect DeKalb County,DeKalb County,GA,ok,200,,,https://api.fususone.com/api/public/organizations/dekalbcountyga/stats/,3513,9123,901,44,1500,751
True,2026-09-15T23:17:26Z,2026-09-15T23:19:02Z,delraybeach,1,Connect Delray Beach,Delray Beach,FL,ok,200,,,https://api.fususone.com/api/public/organizations/delraybeach/stats/,887,523,297,0,500,286
True,2026-09-15T23:17:26Z,2026-09-15T23:19:03Z,dentonpdtx,1,Denton Connects,Denton,TX,ok,200,,,https://api.fususone.com/api/public/organizations/dentonpdtx/stats/,2,186,186,0,0,183
True,2026-09-15T23:17:26Z,2026-09-15T23:19:04Z,dothanpd,1,Connect Dothan,Dothan,AL,ok,200,,,https://api.fususone.com/api/public/organizations/dothanpd/stats/,0,186,186,0,0,178
True,2026-09-15T23:17:26Z,2026-09-15T23:19:05Z,douglascountysonv,1,Safer Douglas County,Douglas County,NV,ok,200,,,https://api.fususone.com/api/public/organizations/douglascountysonv/stats/,0,50,50,0,100,50
True,2026-09-15T23:17:26Z,2026-09-15T23:19:06Z,douglasvillepolice,1,Connect Douglasville,Douglasville ,GA,ok,200,,,https://api.fususone.com/api/public/organizations/douglasvillepolice/stats/,260,12889,397,3354,10000,397
True,2026-09-15T23:17:26Z,2026-09-15T23:19:07Z,duncanvillepdtx,1,Connect Duncanville,Duncanville,TX,ok,200,,,https://api.fususone.com/api/public/organizations/duncanvillepdtx/stats/,15,128,120,8,0,116
True,2026-09-15T23:17:26Z,2026-09-15T23:19:08Z,eaganpdmn,1,Connect Eagan,Eagan,MN,ok,200,,,https://api.fususone.com/api/public/organizations/eaganpdmn/stats/,21,76,76,0,0,76
True,2026-09-15T23:17:26Z,2026-09-15T23:19:09Z,eastbatonrougesola,1,Connect East Baton Rouge,East Baton Rouge,LA,ok,200,,,https://api.fususone.com/api/public/organizations/eastbatonrougesola/stats/,28,66,27,39,500,27
True,2026-09-15T23:17:26Z,2026-09-15T23:19:10Z,eastpointpdga,1,Connect East Point,East Point,GA,ok,200,,,https://api.fususone.com/api/public/organizations/eastpointpdga/stats/,60,5112,382,469,500,374
True,2026-09-15T23:17:26Z,2026-09-15T23:19:11Z,elcajonpdca,1,Connect El Cajon,El Cajon,CA,ok,200,,,https://api.fususone.com/api/public/organizations/elcajonpdca/stats/,51,221,185,36,0,166
True,2026-09-15T23:17:26Z,2026-09-15T23:19:12Z,elizabethnj,1,Connect Elizabeth,Elizabeth,NJ,ok,200,,,https://api.fususone.com/api/public/organizations/elizabethnj/stats/,184,3442,625,2566,2690,594
True,2026-09-15T23:17:26Z,2026-09-15T23:19:13Z,elyriapdoh,1,Connect Elyria,Elyria,OH,ok,200,,,https://api.fususone.com/api/public/organizations/elyriapdoh/stats/,174,280,231,49,150,219
True,2026-09-15T23:17:26Z,2026-09-15T23:19:14Z,escambiafl,1,Star Network,Escambia County,FL,ok,200,,,https://api.fususone.com/api/public/organizations/escambiafl/stats/,1488,1265,917,109,1500,367
True,2026-09-15T23:17:26Z,2026-09-15T23:19:15Z,euclidpdoh,1,Connect Euclid,Euclid,OH,ok,200,,,https://api.fususone.com/api/public/organizations/euclidpdoh/stats/,288,209,209,0,0,209
True,2026-09-15T23:17:26Z,2026-09-15T23:19:16Z,eurekapdmo,1,Connect Eureka,Eureka,MO,ok,200,,,https://api.fususone.com/api/public/organizations/eurekapdmo/stats/,183,11,0,11,0,0
True,2026-09-15T23:17:26Z,2026-09-15T23:19:17Z,fairfaxcopd,1,Connect Fairfax County,Fairfax County,VA,ok,200,,,https://api.fususone.com/api/public/organizations/fairfaxcopd/stats/,3526,2188,724,1425,1500,623
True,2026-09-15T23:17:26Z,2026-09-15T23:19:18Z,farmingtonpd,2,Connect Farmington,Farmington ,NM,ok,200,,,https://api.fususone.com/api/public/organizations/farmingtonpd/stats/,55,545,545,0,1500,529
True,2026-09-15T23:17:26Z,2026-09-15T23:19:19Z,fayettevillepd,1,Connect Fayetteville,Fayetteville,NC,ok,200,,,https://api.fususone.com/api/public/organizations/fayettevillepd/stats/,1532,533,442,48,1500,439
True,2026-09-15T23:17:26Z,2026-09-15T23:19:20Z,federalwaypdwa,1,Connect Federal Way,Federal Way,WA,ok,200,,,https://api.fususone.com/api/public/organizations/federalwaypdwa/stats/,0,247,247,0,0,242
True,2026-09-15T23:17:26Z,2026-09-15T23:19:21Z,flaglercountysheriff,1,Connect Flagler County,Flagler County,FL,ok,200,,,https://api.fususone.com/api/public/organizations/flaglercountysheriff/stats/,932,2169,1962,0,10000,1942
True,2026-09-15T23:17:26Z,2026-09-15T23:19:22Z,forestparkpd,1,Connect Forest Park,Forest Park,GA,ok,200,,,https://api.fususone.com/api/public/organizations/forestparkpd/stats/,13,10503,239,295,10000,221
True,2026-09-15T23:17:26Z,2026-09-15T23:19:23Z,forsyth,1,Connect Forsyth County,"Forsyth County, NC",SC,ok,200,,,https://api.fususone.com/api/public/organizations/forsyth/stats/,1441,1052,495,183,500,475
True,2026-09-15T23:17:26Z,2026-09-15T23:19:24Z,forsythcosoga,1,Connect Forsyth County,Forsyth County,GA,ok,200,,,https://api.fususone.com/api/public/organizations/forsythcosoga/stats/,776,6923,93,3347,1500,93
True,2026-09-15T23:17:26Z,2026-09-15T23:19:25Z,fortbendcounty,1,Connect Fort Bend,Fort Bend County,TX,ok,200,,,https://api.fususone.com/api/public/organizations/fortbendcounty/stats/,559,205,201,4,500,201
True,2026-09-15T23:17:26Z,2026-09-15T23:19:26Z,fortwaltonbeachpd,1,Connect Fort Walton Beach,Fort Walton Beach,FL,ok,200,,,https://api.fususone.com/api/public/organizations/fortwaltonbeachpd/stats/,6,261,222,9,300,226
True,2026-09-15T23:17:26Z,2026-09-15T23:19:27Z,garypd,1,Connect Gary,Gary,IN,ok,200,,,https://api.fususone.com/api/public/organizations/garypd/stats/,1672,1321,795,0,1500,750
True,2026-09-15T23:17:26Z,2026-09-15T23:19:28Z,glendorapdca,1,Connect Glendora,Glendora,CA,ok,200,,,https://api.fususone.com/api/public/organizations/glendorapdca/stats/,20,101,101,0,0,101
True,2026-09-15T23:17:26Z,2026-09-15T23:19:29Z,grapevinepdtx,1,Connect Grapevine,Grapevine,TX,ok,200,,,https://api.fususone.com/api/public/organizations/grapevinepdtx/stats/,2,261,230,25,1,213
True,2026-09-15T23:17:26Z,2026-09-15T23:19:30Z,greeleypd,1,Connect Greeley,Greeley,CO,ok,200,,,https://api.fususone.com/api/public/organizations/greeleypd/stats/,247,2415,245,2170,1500,229
True,2026-09-15T23:17:26Z,2026-09-15T23:19:31Z,greensboropd,1,Connect Greensboro,Greensboro,NC,ok,200,,,https://api.fususone.com/api/public/organizations/greensboropd/stats/,752,1178,716,156,1501,676
True,2026-09-15T23:17:26Z,2026-09-15T23:19:32Z,greenvillecsosc,1,Connect Greenville County,Greenville County,SC,ok,200,,,https://api.fususone.com/api/public/organizations/greenvillecsosc/stats/,203,281,232,49,3000,232
True,2026-09-15T23:17:26Z,2026-09-15T23:19:33Z,guilfordsheriff,1,Connect Guilford County,Guilford County ,NC,ok,200,,,https://api.fususone.com/api/public/organizations/guilfordsheriff/stats/,869,226,181,40,500,180
True,2026-09-15T23:17:26Z,2026-09-15T23:19:34Z,hainescitypdfl,1,Connect Haines City,Haines City,FL,ok,200,,,https://api.fususone.com/api/public/organizations/hainescitypdfl/stats/,3,127,127,0,150,125
True,2026-09-15T23:17:26Z,2026-09-15T23:19:35Z,hamiltoncoso,1,Connect Hamilton County,Hamilton County,OH,ok,200,,,https://api.fususone.com/api/public/organizations/hamiltoncoso/stats/,1692,472,472,0,2000,472
True,2026-09-15T23:17:26Z,2026-09-15T23:19:36Z,hammondpd,1,Hammond BlueNET,Hammond,IN,ok,200,,,https://api.fususone.com/api/public/organizations/hammondpd/stats/,1221,1325,1193,10,1500,823
True,2026-09-15T23:17:26Z,2026-09-15T23:19:37Z,hamptonpdva,1,Connect Hampton,Hampton,VA,ok,200,,,https://api.fususone.com/api/public/organizations/hamptonpdva/stats/,2,162,161,1,1,153
True,2026-09-15T23:17:26Z,2026-09-15T23:19:38Z,hanoverparkpdil,1,Connect Hanover Park,Hanover Park,IL,ok,200,,,https://api.fususone.com/api/public/organizations/hanoverparkpdil/stats/,0,70,70,0,225,66
True,2026-09-15T23:17:26Z,2026-09-15T23:19:39Z,harrisoncso,1,Connect Harrison County,Harrison County,MS,ok,200,,,https://api.fususone.com/api/public/organizations/harrisoncso/stats/,549,504,76,57,1000,72
True,2026-09-15T23:17:26Z,2026-09-15T23:19:40Z,hartfordpd,1,Connect Hartford,Hartford,CT,ok,200,,,https://api.fususone.com/api/public/organizations/hartfordpd/stats/,228,1101,1101,0,2000,646
True,2026-09-15T23:17:26Z,2026-09-15T23:19:41Z,harveypdil,1,Connect Harvey,Harvey,IL,ok,200,,,https://api.fususone.com/api/public/organizations/harveypdil/stats/,0,55,55,0,1500,34
True,2026-09-15T23:17:26Z,2026-09-15T23:19:42Z,hcso,1,Connect Hillsborough,Hillsborough County,FL,ok,200,,,https://api.fususone.com/api/public/organizations/hcso/stats/,289,4851,1653,3151,1000,1575
True,2026-09-15T23:17:26Z,2026-09-15T23:19:43Z,hennepincountyso,1,Connect Hennepin County,Hennepin County,MN,ok,200,,,https://api.fususone.com/api/public/organizations/hennepincountyso/stats/,451,3015,389,1766,1500,389
True,2026-09-15T23:17:26Z,2026-09-15T23:19:44Z,henricocountypdva,1,Connect Henrico County,Henrico County,VA,ok,200,,,https://api.fususone.com/api/public/organizations/henricocountypdva/stats/,66,2234,809,1385,1500,811
True,2026-09-15T23:17:26Z,2026-09-15T23:19:45Z,henrycountypd,1,Henry Safer Together,Henry County,GA,ok,200,,,https://api.fususone.com/api/public/organizations/henrycountypd/stats/,4971,13830,677,3626,7950,670
True,2026-09-15T23:17:26Z,2026-09-15T23:19:46Z,herndonpdva,1,Connect Herndon,Herndon,VA,ok,200,,,https://api.fususone.com/api/public/organizations/herndonpdva/stats/,26,42,42,0,150,42
True,2026-09-15T23:17:26Z,2026-09-15T23:19:47Z,highpointncpd,1,Link High Point,High Point,NC,ok,200,,,https://api.fususone.com/api/public/organizations/highpointncpd/stats/,1243,573,474,0,500,468
True,2026-09-15T23:17:26Z,2026-09-15T23:19:48Z,hoodcoso,1,Connect Hood County,Hood County,TX,ok,200,,,https://api.fususone.com/api/public/organizations/hoodcoso/stats/,0,222,222,0,0,222
True,2026-09-15T23:17:26Z,2026-09-15T23:19:49Z,hooverpd,1,Connect Hoover,Hoover,AL,ok,200,,,https://api.fususone.com/api/public/organizations/hooverpd/stats/,36,917,393,0,1500,391
True,2026-09-15T23:17:26Z,2026-09-15T23:19:50Z,hopemillspd,1,Connect Hope Mills,Hope Mills,NC,ok,200,,,https://api.fususone.com/api/public/organizations/hopemillspd/stats/,17,335,63,0,10000,63
True,2026-09-15T23:17:26Z,2026-09-15T23:19:51Z,ilstatepolice,1,Connect Illinois,Illinois,IL,ok,200,,,https://api.fususone.com/api/public/organizations/ilstatepolice/stats/,18,1476,789,0,1500,786
True,2026-09-15T23:17:26Z,2026-09-15T23:19:52Z,indianriversheriff,1,Connect Indian River County,Indian River County,FL,ok,200,,,https://api.fususone.com/api/public/organizations/indianriversheriff/stats/,220,2492,808,1530,1500,738
True,2026-09-15T23:17:26Z,2026-09-15T23:19:53Z,irvingpdtx,1,Connect Irving,Irving,TX,ok,200,,,https://api.fususone.com/api/public/organizations/irvingpdtx/stats/,61,1446,1246,200,1500,1158
True,2026-09-15T23:17:26Z,2026-09-15T23:19:54Z,jacksonms,1,Connect Jackson MS,Jackson,MS,ok,200,,,https://api.fususone.com/api/public/organizations/jacksonms/stats/,324,1246,735,505,2067,728
True,2026-09-15T23:17:26Z,2026-09-15T23:19:55Z,jacksonpdtn,1,"Safe Jackson, TN",Jackson,TN,ok,200,,,https://api.fususone.com/api/public/organizations/jacksonpdtn/stats/,0,364,302,0,500,281
True,2026-09-15T23:17:26Z,2026-09-15T23:19:56Z,jacksonvillesheriff,1,ConnectDuval,Duval County,FL,ok,200,,,https://api.fususone.com/api/public/organizations/jacksonvillesheriff/stats/,6800,9707,2586,6975,1500,1638
True,2026-09-15T23:17:26Z,2026-09-15T23:19:57Z,jeffersoncountysheriff,1,Connect Jefferson County,Jefferson County,AL,ok,200,,,https://api.fususone.com/api/public/organizations/jeffersoncountysheriff/stats/,1469,2674,1788,808,1500,1786
True,2026-09-15T23:17:26Z,2026-09-15T23:19:58Z,kalamazoodps,1,Connect Kalamazoo,Kalamazoo,MI,ok,200,,,https://api.fususone.com/api/public/organizations/kalamazoodps/stats/,837,1104,1104,0,1500,1093
True,2026-09-15T23:17:26Z,2026-09-15T23:19:59Z,kansascitykspd,1,Connect KCK,"Kansas City, Kansas",KS,ok,200,,,https://api.fususone.com/api/public/organizations/kansascitykspd/stats/,3340,1193,1148,45,1500,1144
True,2026-09-15T23:17:26Z,2026-09-15T23:20:00Z,kennesawpd,1,Connect Kennesaw,Kennesaw,GA,ok,200,,,https://api.fususone.com/api/public/organizations/kennesawpd/stats/,566,9229,257,34,500,256
True,2026-09-15T23:17:26Z,2026-09-15T23:20:01Z,kentcountysd,1,The Kent Safety Network,Kent County,MI,ok,200,,,https://api.fususone.com/api/public/organizations/kentcountysd/stats/,575,2705,735,1942,4500,485
True,2026-09-15T23:17:26Z,2026-09-15T23:20:02Z,killeenpd,1,KPD Connect,Killeen,TX,ok,200,,,https://api.fususone.com/api/public/organizations/killeenpd/stats/,1406,505,505,0,1500,497
True,2026-09-15T23:17:26Z,2026-09-15T23:20:03Z,knoxvillepdtn,1,Connect Knoxville,Knoxville,TN,ok,200,,,https://api.fususone.com/api/public/organizations/knoxvillepdtn/stats/,581,682,552,130,500,187
True,2026-09-15T23:17:26Z,2026-09-15T23:20:04Z,kylepdtx,1,Connect Kyle,Kyle,TX,ok,200,,,https://api.fususone.com/api/public/organizations/kylepdtx/stats/,153,110,110,0,500,110
True,2026-09-15T23:17:26Z,2026-09-15T23:20:05Z,lafayettepd,1,Connect Lafayette,Lafayette,LA,ok,200,,,https://api.fususone.com/api/public/organizations/lafayettepd/stats/,378,2210,1576,350,1500,1545
True,2026-09-15T23:17:26Z,2026-09-15T23:20:06Z,lafourcheparishso,1,Connect Lafourche Parish,Lafourche Parish,LA,ok,200,,,https://api.fususone.com/api/public/organizations/lafourcheparishso/stats/,755,136,136,0,500,136
True,2026-09-15T23:17:26Z,2026-09-15T23:20:07Z,lagrangepd,1,Connect Lagrange,Lagrange,GA,ok,200,,,https://api.fususone.com/api/public/organizations/lagrangepd/stats/,37,58,58,0,150,52
True,2026-09-15T23:17:26Z,2026-09-15T23:20:08Z,lagunabeachpd,1,Connect Laguna Beach,Laguna Beach,CA,ok,200,,,https://api.fususone.com/api/public/organizations/lagunabeachpd/stats/,0,25,25,0,148,25
True,2026-09-15T23:17:26Z,2026-09-15T23:20:09Z,lakecountysheriff,1,Connect Lake County,Lake County,FL,ok,200,,,https://api.fususone.com/api/public/organizations/lakecountysheriff/stats/,2249,6351,96,5760,1500,80
True,2026-09-15T23:17:26Z,2026-09-15T23:20:10Z,lakewoodpdco,1,Connect Lakewood,Lakewood,CO,ok,200,,,https://api.fususone.com/api/public/organizations/lakewoodpdco/stats/,151,496,496,0,0,484
True,2026-09-15T23:17:26Z,2026-09-15T23:20:11Z,lapd,1,Connect Los Angeles,Los Angeles,CA,ok,200,,,https://api.fususone.com/api/public/organizations/lapd/stats/,0,271,271,0,0,216
True,2026-09-15T23:17:26Z,2026-09-15T23:20:12Z,lasd,1,Connect Los Angeles County,Los Angeles County,CA,ok,200,,,https://api.fususone.com/api/public/organizations/lasd/stats/,2177,2999,1595,1404,1500,442
True,2026-09-15T23:17:26Z,2026-09-15T23:20:13Z,lawrencepdks,1,Connect Lawrence,Lawrence,KS,ok,200,,,https://api.fususone.com/api/public/organizations/lawrencepdks/stats/,132,467,467,0,500,467
True,2026-09-15T23:17:26Z,2026-09-15T23:20:14Z,lawrencevillepdga,1,Connect Lawrenceville,"Lawrenceville, Georgia",GA,ok,200,,,https://api.fususone.com/api/public/organizations/lawrencevillepdga/stats/,0,707,456,193,1,453
True,2026-09-15T23:17:26Z,2026-09-15T23:20:15Z,lawtonpdok,1,Connect Lawton,Lawton,OK,ok,200,,,https://api.fususone.com/api/public/organizations/lawtonpdok/stats/,0,24,24,0,0,24
True,2026-09-15T23:17:26Z,2026-09-15T23:20:16Z,leavenworthpdks,1,Connect Leavenworth,Leavenworth,KS,ok,200,,,https://api.fususone.com/api/public/organizations/leavenworthpdks/stats/,0,47,47,0,0,47
True,2026-09-15T23:17:26Z,2026-09-15T23:20:17Z,lenexapdks,1,Connect Lenexa,Lenexa,KS,ok,200,,,https://api.fususone.com/api/public/organizations/lenexapdks/stats/,0,1169,334,0,0,324
True,2026-09-15T23:17:26Z,2026-09-15T23:20:18Z,lexingtonky,1,Connect Lexington,Lexington,KY,ok,200,,,https://api.fususone.com/api/public/organizations/lexingtonky/stats/,2107,1087,811,275,10000,807
True,2026-09-15T23:17:26Z,2026-09-15T23:20:19Z,lincolnbrookhaven,1,Connect Brookhaven and Lincoln County,Brookhaven and Lincoln County,MS,ok,200,,,https://api.fususone.com/api/public/organizations/lincolnbrookhaven/stats/,124,181,181,0,10000,179
True,2026-09-15T23:17:26Z,2026-09-15T23:20:20Z,littlerockpd,1,Connect Little Rock,Little Rock,AR,ok,200,,,https://api.fususone.com/api/public/organizations/littlerockpd/stats/,2859,2567,1797,542,1500,1904
True,2026-09-15T23:17:26Z,2026-09-15T23:20:21Z,losgatospdca,1,Community Protecht,Los Gatos,CA,ok,200,,,https://api.fususone.com/api/public/organizations/losgatospdca/stats/,0,38,38,0,0,33
True,2026-09-15T23:17:26Z,2026-09-15T23:20:22Z,louisvillemetro,1,Connect Louisville,Louisville,KY,ok,200,,,https://api.fususone.com/api/public/organizations/louisvillemetro/stats/,1021,1733,1490,240,1500,1446
True,2026-09-15T23:17:26Z,2026-09-15T23:20:23Z,lynchburgpd,1,Hill City Connect,Lynchburg,VA,ok,200,,,https://api.fususone.com/api/public/organizations/lynchburgpd/stats/,1388,716,716,0,1500,708
True,2026-09-15T23:17:26Z,2026-09-15T23:20:24Z,madisonthecity,1,Connect Madison,Madison,MS,ok,200,,,https://api.fususone.com/api/public/organizations/madisonthecity/stats/,33,170,85,0,1500,62
True,2026-09-15T23:17:26Z,2026-09-15T23:20:25Z,manassaspdva,1,Connect Manassas City,Manassas City,VA,ok,200,,,https://api.fususone.com/api/public/organizations/manassaspdva/stats/,0,451,48,403,0,48
True,2026-09-15T23:17:26Z,2026-09-15T23:20:26Z,manhattanbeach,1,Connect Manhattan Beach,Manhattan Beach,CA,ok,200,,,https://api.fususone.com/api/public/organizations/manhattanbeach/stats/,7,2881,167,2714,10000,164
True,2026-09-15T23:17:26Z,2026-09-15T23:20:27Z,manheimtwp,1,Connect Manheim Township,Manheim Township,PA,ok,200,,,https://api.fususone.com/api/public/organizations/manheimtwp/stats/,0,30,30,0,0,27
True,2026-09-15T23:17:26Z,2026-09-15T23:20:28Z,martincountyso,2,Connect Martin County,Martin County,FL,ok,200,,,https://api.fususone.com/api/public/organizations/martincountyso/stats/,1143,6030,585,5179,1500,504
True,2026-09-15T23:17:26Z,2026-09-15T23:20:29Z,mcpdmd,1,MoCoConnect,Montgomery County,MD,ok,200,,,https://api.fususone.com/api/public/organizations/mcpdmd/stats/,2252,1999,1200,595,10000,1150
True,2026-09-15T23:17:26Z,2026-09-15T23:20:30Z,mcso-tn,1,Connect Madison County,Madison County,TN,ok,200,,,https://api.fususone.com/api/public/organizations/mcso-tn/stats/,0,621,365,0,150,365
True,2026-09-15T23:17:26Z,2026-09-15T23:20:31Z,melroseparkpdil,1,Connect Melrose Park,Melrose Park,IL,ok,200,,,https://api.fususone.com/api/public/organizations/melroseparkpdil/stats/,32,231,196,35,0,192
True,2026-09-15T23:17:26Z,2026-09-15T23:20:32Z,memphispd,1,Connect Memphis,Memphis,TN,ok,200,,,https://api.fususone.com/api/public/organizations/memphispd/stats/,14121,3079,2256,665,2750,2112
True,2026-09-15T23:17:26Z,2026-09-15T23:20:33Z,mercedpdca,1,Merced Community Camera Program,Merced,CA,ok,200,,,https://api.fususone.com/api/public/organizations/mercedpdca/stats/,423,105,105,0,0,105
True,2026-09-15T23:17:26Z,2026-09-15T23:20:34Z,meridianpdms,1,Connect Meridian,Meridian,MS,ok,200,,,https://api.fususone.com/api/public/organizations/meridianpdms/stats/,0,303,303,0,10000,303
True,2026-09-15T23:17:26Z,2026-09-15T23:20:35Z,miamibeachpdfl,1,Connect Miami Beach,Miami Beach,FL,ok,200,,,https://api.fususone.com/api/public/organizations/miamibeachpdfl/stats/,0,525,525,0,0,480
True,2026-09-15T23:17:26Z,2026-09-15T23:20:36Z,miamidadepd,1,Connect Miami-Dade,Miami-Dade,FL,ok,200,,,https://api.fususone.com/api/public/organizations/miamidadepd/stats/,1249,1799,767,299,5000,694
True,2026-09-15T23:17:26Z,2026-09-15T23:20:37Z,milwaukeepd,1,Community Connect Milwaukee,Milwaukee,WI,ok,200,,,https://api.fususone.com/api/public/organizations/milwaukeepd/stats/,1552,1225,1014,211,1500,985
True,2026-09-15T23:17:26Z,2026-09-15T23:20:38Z,minnetonkapdmn,1,Keep Minnetonka Safe,Minnetonka,MN,ok,200,,,https://api.fususone.com/api/public/organizations/minnetonkapdmn/stats/,692,1895,660,1235,1500,644
True,2026-09-15T23:17:26Z,2026-09-15T23:20:39Z,missoulapdmt,1,Connect Missoula,Missoula,MT,ok,200,,,https://api.fususone.com/api/public/organizations/missoulapdmt/stats/,99,25,25,0,0,25
True,2026-09-15T23:17:26Z,2026-09-15T23:20:40Z,mobilepdal,1,Connect Mobile,Mobile,AL,ok,200,,,https://api.fususone.com/api/public/organizations/mobilepdal/stats/,0,259,259,0,0,259
True,2026-09-15T23:17:26Z,2026-09-15T23:20:41Z,modestopd,1,Connect Modesto,Modesto,CA,ok,200,,,https://api.fususone.com/api/public/organizations/modestopd/stats/,89,424,408,16,1500,392
True,2026-09-15T23:17:26Z,2026-09-15T23:20:42Z,monmouthcounty,1,Connect Monmouth County,Monmouth County,NJ,ok,200,,,https://api.fususone.com/api/public/organizations/monmouthcounty/stats/,53,1810,1058,0,1500,1020
True,2026-09-15T23:17:26Z,2026-09-15T23:20:43Z,monroecoso,1,Connect Monroe County,Monroe County,NY,ok,200,,,https://api.fususone.com/api/public/organizations/monroecoso/stats/,181,783,783,0,10000,716
True,2026-09-15T23:17:26Z,2026-09-15T23:20:44Z,montgomerypd-al,1,STAR Watch Program,Montgomery,AL,ok,200,,,https://api.fususone.com/api/public/organizations/montgomerypd-al/stats/,2915,960,263,631,1500,261
True,2026-09-15T23:17:26Z,2026-09-15T23:20:45Z,montgomeryso-al,1,Connect Montgomery County,Montgomery County,AL,ok,200,,,https://api.fususone.com/api/public/organizations/montgomeryso-al/stats/,23,295,86,0,402,86
True,2026-09-15T23:17:26Z,2026-09-15T23:20:46Z,montrosepdco,1,Connect Montrose,Montrose,CO,ok,200,,,https://api.fususone.com/api/public/organizations/montrosepdco/stats/,0,169,169,0,0,169
True,2026-09-15T23:17:26Z,2026-09-15T23:20:47Z,mooresvillepd,1,Connect Mooresville,Mooresville,NC,ok,200,,,https://api.fususone.com/api/public/organizations/mooresvillepd/stats/,0,267,267,0,1500,267
True,2026-09-15T23:17:26Z,2026-09-15T23:20:48Z,mpls,1,Connect Minneapolis,Minneapolis,MN,ok,200,,,https://api.fususone.com/api/public/organizations/mpls/stats/,2644,2740,763,1429,1500,757
True,2026-09-15T23:17:26Z,2026-09-15T23:20:49Z,munsterpdin,1,Connect Munster,Munster,IN,ok,200,,,https://api.fususone.com/api/public/organizations/munsterpdin/stats/,109,274,98,0,150,98
True,2026-09-15T23:17:26Z,2026-09-15T23:20:50Z,newbrunswickpdnj,1,Connect New Brunswick,New Brunswick,NJ,ok,200,,,https://api.fususone.com/api/public/organizations/newbrunswickpdnj/stats/,0,127,127,0,0,127
True,2026-09-15T23:17:26Z,2026-09-15T23:20:51Z,newcastlede,1,Connect New Castle County,New Castle County,DE,ok,200,,,https://api.fususone.com/api/public/organizations/newcastlede/stats/,21,165,157,8,0,88
True,2026-09-15T23:17:26Z,2026-09-15T23:20:52Z,newhavenct,1,Connect New Haven,New Haven,CT,ok,200,,,https://api.fususone.com/api/public/organizations/newhavenct/stats/,193,699,699,0,1500,699
True,2026-09-15T23:17:26Z,2026-09-15T23:20:53Z,newlondonpdct,1,Connect New London,New London,CT,ok,200,,,https://api.fususone.com/api/public/organizations/newlondonpdct/stats/,0,5,5,0,0,3
True,2026-09-15T23:17:26Z,2026-09-15T23:20:54Z,newportbeachpdca,1,Connect Newport Beach,Newport Beach,CA,ok,200,,,https://api.fususone.com/api/public/organizations/newportbeachpdca/stats/,397,234,175,59,1,134
True,2026-09-15T23:17:26Z,2026-09-15T23:20:55Z,newportnewspd,1,Connect Newport News,Newport News,VA,ok,200,,,https://api.fususone.com/api/public/organizations/newportnewspd/stats/,1414,2293,892,1385,1500,884
True,2026-09-15T23:17:26Z,2026-09-15T23:20:56Z,newtonsheriff,1,Connect Newton County,Newton County,GA,ok,200,,,https://api.fususone.com/api/public/organizations/newtonsheriff/stats/,342,3518,523,52,150,520
True,2026-09-15T23:17:26Z,2026-09-15T23:20:57Z,norfolkpd,1,Connect Norfolk,Norfolk,VA,ok,200,,,https://api.fususone.com/api/public/organizations/norfolkpd/stats/,435,3644,2023,1385,4500,1921
True,2026-09-15T23:17:26Z,2026-09-15T23:20:58Z,northcharlestonpd,1,Connect North Charleston,North Charleston,SC,ok,200,,,https://api.fususone.com/api/public/organizations/northcharlestonpd/stats/,1365,570,291,71,10000,283
True,2026-09-15T23:17:26Z,2026-09-15T23:20:59Z,northlittlerock,1,Connect North Little Rock,North Little Rock,AR,ok,200,,,https://api.fususone.com/api/public/organizations/northlittlerock/stats/,408,994,730,61,1500,730
True,2026-09-15T23:17:26Z,2026-09-15T23:21:00Z,northport,1,Connect North Port,North Port,FL,ok,200,,,https://api.fususone.com/api/public/organizations/northport/stats/,149,891,244,543,150,200
True,2026-09-15T23:17:26Z,2026-09-15T23:21:01Z,novatopdca,1,Connect Novato,Novato,CA,ok,200,,,https://api.fususone.com/api/public/organizations/novatopdca/stats/,667,42,42,0,0,42
True,2026-09-15T23:17:26Z,2026-09-15T23:21:02Z,nypd,1,Connect NYPD,New York City,NY,ok,200,,,https://api.fususone.com/api/public/organizations/nypd/stats/,5511,2150,2150,0,32767,2080
True,2026-09-15T23:17:26Z,2026-09-15T23:21:03Z,oakbrookpd,1,Connect Oak Brook,Oak Brook,IL,ok,200,,,https://api.fususone.com/api/public/organizations/oakbrookpd/stats/,166,399,359,40,1500,359
True,2026-09-15T23:17:26Z,2026-09-15T23:21:04Z,oakdaleca,1,Connect Oakdale,Oakdale,CA,ok,200,,,https://api.fususone.com/api/public/organizations/oakdaleca/stats/,17,259,246,13,500,244
True,2026-09-15T23:17:26Z,2026-09-15T23:21:05Z,oaklawn,1,Connect Oak Lawn,Oak Lawn,IL,ok,200,,,https://api.fususone.com/api/public/organizations/oaklawn/stats/,1424,2203,953,1157,1500,789
True,2026-09-15T23:17:26Z,2026-09-15T23:21:06Z,obterracepd,1,Connect Oakbrook Terrace,Oakbrook Terrace,IL,ok,200,,,https://api.fususone.com/api/public/organizations/obterracepd/stats/,163,312,0,6,500,0
True,2026-09-15T23:17:26Z,2026-09-15T23:21:07Z,oceansidepdca,1,Connect Oceanside,Oceanside,CA,ok,200,,,https://api.fususone.com/api/public/organizations/oceansidepdca/stats/,323,257,150,107,0,150
True,2026-09-15T23:17:26Z,2026-09-15T23:21:08Z,ocsdca,1,Connect Orange County,Orange County,CA,ok,200,,,https://api.fususone.com/api/public/organizations/ocsdca/stats/,2811,2860,1328,1511,5000,1183
True,2026-09-15T23:17:26Z,2026-09-15T23:21:09Z,okaloosacounty,1,Connect Okaloosa County,Okaloosa County,FL,ok,200,,,https://api.fususone.com/api/public/organizations/okaloosacounty/stats/,781,516,186,262,1500,156
True,2026-09-15T23:17:26Z,2026-09-15T23:21:10Z,okcpd,1,Connect Oklahoma City,Oklahoma City,OK,ok,200,,,https://api.fususone.com/api/public/organizations/okcpd/stats/,1730,6736,5897,839,1500,1905
True,2026-09-15T23:17:26Z,2026-09-15T23:21:11Z,ontariopolice,1,Connect Ontario,Ontario,CA,ok,200,,,https://api.fususone.com/api/public/organizations/ontariopolice/stats/,319,2069,1324,745,1500,1259
True,2026-09-15T23:17:26Z,2026-09-15T23:21:12Z,orangecofl,1,Connect Orange County,Orange County,FL,ok,200,,,https://api.fususone.com/api/public/organizations/orangecofl/stats/,2299,10416,857,7670,7750,758
True,2026-09-15T23:17:26Z,2026-09-15T23:21:13Z,orlando,1,Orlando Connect,Orlando,FL,ok,200,,,https://api.fususone.com/api/public/organizations/orlando/stats/,7306,4100,1054,2658,1500,1006
True,2026-09-15T23:17:26Z,2026-09-15T23:21:14Z,orlandparkpd,1,Connect Orland Park,Orland Park,IL,ok,200,,,https://api.fususone.com/api/public/organizations/orlandparkpd/stats/,425,1269,423,846,10000,380
True,2026-09-15T23:17:26Z,2026-09-15T23:21:15Z,overlandparkpdks,1,Secure OP,Overland Park,KS,ok,200,,,https://api.fususone.com/api/public/organizations/overlandparkpdks/stats/,6,1087,553,0,0,540
True,2026-09-15T23:17:26Z,2026-09-15T23:21:16Z,pascopdwa,1,OnePasco,Pasco,WA,ok,200,,,https://api.fususone.com/api/public/organizations/pascopdwa/stats/,35,148,148,0,150,142
True,2026-09-15T23:17:26Z,2026-09-15T23:21:17Z,patersonpdnj,1,Connect Paterson,Paterson,NJ,ok,200,,,https://api.fususone.com/api/public/organizations/patersonpdnj/stats/,182,379,379,0,10000,374
True,2026-09-15T23:17:26Z,2026-09-15T23:21:18Z,pbso,1,Keep Palm Beach County Safe,Palm Beach County,FL,ok,200,,,https://api.fususone.com/api/public/organizations/pbso/stats/,1734,1497,1011,0,1,925
True,2026-09-15T23:17:26Z,2026-09-15T23:21:19Z,peachtreecorners,1,Connect Peachtree,Peachtree Corners,GA,ok,200,,,https://api.fususone.com/api/public/organizations/peachtreecorners/stats/,445,191,142,32,500,139
True,2026-09-15T23:17:26Z,2026-09-15T23:21:20Z,pekinpdil,1,Connect Pekin,Pekin,IL,ok,200,,,https://api.fususone.com/api/public/organizations/pekinpdil/stats/,0,87,68,0,0,68
True,2026-09-15T23:17:26Z,2026-09-15T23:21:21Z,pellcitypd,1,Connect Pell City,Pell City,AL,ok,200,,,https://api.fususone.com/api/public/organizations/pellcitypd/stats/,272,976,279,697,1000,279
True,2026-09-15T23:17:26Z,2026-09-15T23:21:22Z,peoriapd,1,Connect Peoria,Peoria,IL,ok,200,,,https://api.fususone.com/api/public/organizations/peoriapd/stats/,445,899,544,0,1500,537
True,2026-09-15T23:17:26Z,2026-09-15T23:21:23Z,peoriapdaz,1,Connect Peoria,Peoria,AZ,ok,200,,,https://api.fususone.com/api/public/organizations/peoriapdaz/stats/,76,592,396,25,10000,393
True,2026-09-15T23:17:26Z,2026-09-15T23:21:24Z,petersburgpd,1,Connect Petersburg,Petersburg,VA,ok,200,,,https://api.fususone.com/api/public/organizations/petersburgpd/stats/,358,1711,298,1413,1500,273
True,2026-09-15T23:17:26Z,2026-09-15T23:21:25Z,pgcountypd,1,Connect Prince George's County,Prince George's County,MD,ok,200,,,https://api.fususone.com/api/public/organizations/pgcountypd/stats/,461,3223,1782,578,1500,1483
True,2026-09-15T23:17:26Z,2026-09-15T23:21:26Z,placerca,1,Connect Placer County,Placer County,CA,ok,200,,,https://api.fususone.com/api/public/organizations/placerca/stats/,550,912,263,472,500,219
True,2026-09-15T23:17:26Z,2026-09-15T23:21:27Z,planotx,1,Keep Plano Safe,Plano,TX,ok,200,,,https://api.fususone.com/api/public/organizations/planotx/stats/,18,324,324,0,500,316
True,2026-09-15T23:17:26Z,2026-09-15T23:21:28Z,plaqueminesparishso,1,Connect Plaquemines Parish,Plaquemines Parish,LA,ok,200,,,https://api.fususone.com/api/public/organizations/plaqueminesparishso/stats/,8,532,35,497,10000,35
True,2026-09-15T23:17:26Z,2026-09-15T23:21:29Z,pomonapd,1,Pomona Safe Communities,Pomona,CA,ok,200,,,https://api.fususone.com/api/public/organizations/pomonapd/stats/,264,187,179,8,10000,168
True,2026-09-15T23:17:26Z,2026-09-15T23:21:30Z,portsmouthpd,1,Portsmouth Connect,Portsmouth,VA,ok,200,,,https://api.fususone.com/api/public/organizations/portsmouthpd/stats/,491,1806,393,1413,1500,392
True,2026-09-15T23:17:26Z,2026-09-15T23:21:31Z,powderspringspd,1,Connect Powder Springs,Powder Springs,GA,ok,200,,,https://api.fususone.com/api/public/organizations/powderspringspd/stats/,113,2954,52,18,150,52
True,2026-09-15T23:17:26Z,2026-09-15T23:21:32Z,prairievillagepdks,1,Connect Prairie Village,Prairie Village,KS,ok,200,,,https://api.fususone.com/api/public/organizations/prairievillagepdks/stats/,116,1488,327,320,1500,312
True,2026-09-15T23:17:26Z,2026-09-15T23:21:33Z,queencreekaz,1,Connect Queen Creek,Queen Creek,AZ,ok,200,,,https://api.fususone.com/api/public/organizations/queencreekaz/stats/,76,945,441,333,1499,433
True,2026-09-15T23:17:26Z,2026-09-15T23:21:34Z,raleighncpd,1,CONNECTRALEIGH,Raleigh,NC,ok,200,,,https://api.fususone.com/api/public/organizations/raleighncpd/stats/,1846,1637,1152,56,1500,1149
True,2026-09-15T23:17:26Z,2026-09-15T23:21:35Z,rankincounty,1,Connect Rankin County,Rankin County,MS,ok,200,,,https://api.fususone.com/api/public/organizations/rankincounty/stats/,0,368,266,58,1500,261
True,2026-09-15T23:17:26Z,2026-09-15T23:21:36Z,redondobchpd,1,Connect Redondo Beach,Redondo Beach,CA,ok,200,,,https://api.fususone.com/api/public/organizations/redondobchpd/stats/,445,482,77,405,350,75
True,2026-09-15T23:17:26Z,2026-09-15T23:21:37Z,renopd,1,Connect Reno,Reno,NV,ok,200,,,https://api.fususone.com/api/public/organizations/renopd/stats/,708,881,541,141,500,513
True,2026-09-15T23:17:26Z,2026-09-15T23:21:38Z,rentonpdwa,1,Connect Renton,Renton,WA,ok,200,,,https://api.fususone.com/api/public/organizations/rentonpdwa/stats/,1328,237,237,0,0,219
True,2026-09-15T23:17:26Z,2026-09-15T23:21:39Z,rialtopd,1,Connect Rialto,Rialto,CA,ok,200,,,https://api.fususone.com/api/public/organizations/rialtopd/stats/,349,3610,699,2911,500,685
True,2026-09-15T23:17:26Z,2026-09-15T23:21:40Z,richlandpdwa,1,Connect Richland,Richland,WA,ok,200,,,https://api.fususone.com/api/public/organizations/richlandpdwa/stats/,40,185,185,0,0,159
True,2026-09-15T23:17:26Z,2026-09-15T23:21:41Z,richmondcsoga,1,Connect Richmond County,Richmond County,GA,ok,200,,,https://api.fususone.com/api/public/organizations/richmondcsoga/stats/,0,141,141,0,0,141
True,2026-09-15T23:17:26Z,2026-09-15T23:21:42Z,richmondva,1,Connect Richmond,Richmond,VA,ok,200,,,https://api.fususone.com/api/public/organizations/richmondva/stats/,235,558,484,0,1500,405
True,2026-09-15T23:17:26Z,2026-09-15T23:21:43Z,rileycountypd,1,Connect Riley County,Riley County,KS,ok,200,,,https://api.fususone.com/api/public/organizations/rileycountypd/stats/,81,47,47,0,0,47
True,2026-09-15T23:17:26Z,2026-09-15T23:21:44Z,riverdalepd,1,Connect Riverdale,Riverdale,IL,error,404,HTTP 404,totalRegisteredCameras;totalIntegratedCameras;totalOwnedCameras;totalSharedCameras;totalMaxCameras;subscribedCameras,https://api.fususone.com/api/public/organizations/riverdalepd/stats/,,,,,,
True,2026-09-15T23:17:26Z,2026-09-15T23:21:45Z,rocklinpd,1,Rocklin on Watch,Rocklin,CA,ok,200,,,https://api.fususone.com/api/public/organizations/rocklinpd/stats/,505,280,99,147,150,99
True,2026-09-15T23:17:26Z,2026-09-15T23:21:46Z,rockymountpd,1,Connect Rocky Mount,Rocky Mount,NC,ok,200,,,https://api.fususone.com/api/public/organizations/rockymountpd/stats/,112,726,674,50,5000,616
True,2026-09-15T23:17:26Z,2026-09-15T23:21:47Z,rogerspdar,1,Connect Rogers,Rogers,AR,ok,200,,,https://api.fususone.com/api/public/organizations/rogerspdar/stats/,280,258,258,0,0,249
True,2026-09-15T23:17:26Z,2026-09-15T23:21:48Z,roswellpdnm,1,SaferRoswell,Roswell,NM,ok,200,,,https://api.fususone.com/api/public/organizations/roswellpdnm/stats/,4,102,102,0,0,102
True,2026-09-15T23:17:26Z,2026-09-15T23:21:49Z,sacramentocoso,1,Connect Sacramento County,Sacramento County,CA,ok,200,,,https://api.fususone.com/api/public/organizations/sacramentocoso/stats/,345,414,187,227,5000,186
True,2026-09-15T23:17:26Z,2026-09-15T23:21:50Z,sacramentopd,1,Sacramento PD Connect,Sacramento,CA,ok,200,,,https://api.fususone.com/api/public/organizations/sacramentopd/stats/,887,1755,1031,406,2000,1009
True,2026-09-15T23:17:26Z,2026-09-15T23:21:51Z,salinaspd,1,Connect Salinas,Salinas,CA,ok,200,,,https://api.fususone.com/api/public/organizations/salinaspd/stats/,42,2947,264,2683,500,262
True,2026-09-15T23:17:26Z,2026-09-15T23:21:52Z,sanbernardinopdca,1,Connect San Bernardino,San Bernardino,CA,ok,200,,,https://api.fususone.com/api/public/organizations/sanbernardinopdca/stats/,152,673,552,121,6000,451
True,2026-09-15T23:17:26Z,2026-09-15T23:21:53Z,sandyspringspd,1,Connect Sandy Springs,Sandy Springs,GA,ok,200,,,https://api.fususone.com/api/public/organizations/sandyspringspd/stats/,877,15183,260,4381,7782,257
True,2026-09-15T23:17:26Z,2026-09-15T23:21:54Z,sanjoaquincsoca,1,ConnectSJSO,San Joaquin County,CA,ok,200,,,https://api.fususone.com/api/public/organizations/sanjoaquincsoca/stats/,152,131,63,68,0,62
True,2026-09-15T23:17:26Z,2026-09-15T23:21:55Z,sanjose,1,Connect San Jose,San Jose,CA,ok,200,,,https://api.fususone.com/api/public/organizations/sanjose/stats/,10810,1481,1204,277,1500,1203
True,2026-09-15T23:17:26Z,2026-09-15T23:21:56Z,sanmarcospdtx,1,Connect San Marcos,San Marcos,TX,ok,200,,,https://api.fususone.com/api/public/organizations/sanmarcospdtx/stats/,62,78,78,0,10000,78
True,2026-09-15T23:17:26Z,2026-09-15T23:21:57Z,sanmateopd,1,Connect San Mateo,San Mateo,CA,ok,200,,,https://api.fususone.com/api/public/organizations/sanmateopd/stats/,3101,99,99,0,1500,96
True,2026-09-15T23:17:26Z,2026-09-15T23:21:58Z,sarasotacsofl,1,Connect Sarasota County,Sarasota County,FL,ok,200,,,https://api.fususone.com/api/public/organizations/sarasotacsofl/stats/,5,451,385,66,0,373
True,2026-09-15T23:17:26Z,2026-09-15T23:21:59Z,saratogaspringspdny,1,Connect Saratoga Springs,Saratoga Springs,NY,ok,200,,,https://api.fususone.com/api/public/organizations/saratogaspringspdny/stats/,130,197,181,16,0,180
True,2026-09-15T23:17:26Z,2026-09-15T23:22:00Z,savannahpd,1,Connect Savannah,Savannah,GA,ok,200,,,https://api.fususone.com/api/public/organizations/savannahpd/stats/,1167,9258,304,23,1500,304
True,2026-09-15T23:17:26Z,2026-09-15T23:22:01Z,schenectadypdny,1,Connect Schenectady,Schenectady,NY,ok,200,,,https://api.fususone.com/api/public/organizations/schenectadypdny/stats/,0,69,69,0,0,69
True,2026-09-15T23:17:26Z,2026-09-15T23:22:02Z,scrantonpd,1,Connect Scranton,Scranton,PA,ok,200,,,https://api.fususone.com/api/public/organizations/scrantonpd/stats/,349,60,60,0,0,60
True,2026-09-15T23:17:26Z,2026-09-15T23:22:03Z,seagovillepdtx,1,Seagoville Connect and Protect,Seagoville,TX,ok,200,,,https://api.fususone.com/api/public/organizations/seagovillepdtx/stats/,22,49,49,0,225,49
True,2026-09-15T23:17:26Z,2026-09-15T23:22:04Z,seatpleasantmd,1,Connect Seat Pleasant,Seat Pleasant,MD,ok,200,,,https://api.fususone.com/api/public/organizations/seatpleasantmd/stats/,0,1526,104,534,500,102
True,2026-09-15T23:17:26Z,2026-09-15T23:22:05Z,seattlepd,1,Connect Seattle,Seattle,WA,ok,200,,,https://api.fususone.com/api/public/organizations/seattlepd/stats/,882,697,674,0,5000,673
True,2026-09-15T23:17:26Z,2026-09-15T23:22:06Z,seminolecountyso,1,Connect Seminole,Seminole County,FL,ok,200,,,https://api.fususone.com/api/public/organizations/seminolecountyso/stats/,110,2077,529,1111,1500,519
True,2026-09-15T23:17:26Z,2026-09-15T23:22:07Z,shawneecosheriff,1,Connect Shawnee County and the City of Topeka,Shawnee County and the City of Topeka,KS,ok,200,,,https://api.fususone.com/api/public/organizations/shawneecosheriff/stats/,1203,2241,641,1600,500,523
True,2026-09-15T23:17:26Z,2026-09-15T23:22:08Z,shelbycoso,1,Connect Shelby County,Shelby County,TN,ok,200,,,https://api.fususone.com/api/public/organizations/shelbycoso/stats/,1307,2324,181,123,1500,152
True,2026-09-15T23:17:26Z,2026-09-15T23:22:09Z,smyrnaga,1,Connect Smyrna,Smyrna,GA,ok,200,,,https://api.fususone.com/api/public/organizations/smyrnaga/stats/,333,13064,262,3416,3058,257
True,2026-09-15T23:17:26Z,2026-09-15T23:22:10Z,southbendpd,1,Sync South Bend,South Bend,IN,ok,200,,,https://api.fususone.com/api/public/organizations/southbendpd/stats/,2520,2035,1291,744,1500,1278
True,2026-09-15T23:17:26Z,2026-09-15T23:22:11Z,southfultonga,1,Connect South Fulton,South Fulton,GA,ok,200,,,https://api.fususone.com/api/public/organizations/southfultonga/stats/,460,14804,552,4105,8000,537
True,2026-09-15T23:17:26Z,2026-09-15T23:22:12Z,sparkspdnv,1,Connect Sparks,Sparks,NV,ok,200,,,https://api.fususone.com/api/public/organizations/sparkspdnv/stats/,244,658,215,0,500,201
True,2026-09-15T23:17:26Z,2026-09-15T23:22:13Z,spartanburgpd,1,Connect Spartanburg,Spartanburg,SC,ok,200,,,https://api.fususone.com/api/public/organizations/spartanburgpd/stats/,187,639,635,4,500,635
True,2026-09-15T23:17:26Z,2026-09-15T23:22:14Z,spokanecsowa,1,Connect Spokane County,Spokane County,WA,ok,200,,,https://api.fususone.com/api/public/organizations/spokanecsowa/stats/,48,959,827,131,150,720
True,2026-09-15T23:17:26Z,2026-09-15T23:22:15Z,springfieldpd,1,Sync Springfield,Springfield,IL,ok,200,,,https://api.fususone.com/api/public/organizations/springfieldpd/stats/,1647,2546,2473,0,1500,2452
True,2026-09-15T23:17:26Z,2026-09-15T23:22:16Z,springfieldpdmo,1,Springfield Safe,Springfield,MO,ok,200,,,https://api.fususone.com/api/public/organizations/springfieldpdmo/stats/,14,313,162,151,0,153
True,2026-09-15T23:17:26Z,2026-09-15T23:22:17Z,statesboropd,1,Connect Statesboro,Statesboro,GA,ok,200,,,https://api.fususone.com/api/public/organizations/statesboropd/stats/,1,14447,629,4131,3950,622
True,2026-09-15T23:17:26Z,2026-09-15T23:22:18Z,stbernardso,1,Protect St. Bernard,St. Bernard Parish,LA,ok,200,,,https://api.fususone.com/api/public/organizations/stbernardso/stats/,147,1796,84,1712,781,84
True,2026-09-15T23:17:26Z,2026-09-15T23:22:19Z,stcloud,1,Connect St. Cloud,St. Cloud,FL,ok,200,,,https://api.fususone.com/api/public/organizations/stcloud/stats/,356,9164,1862,5972,7000,1839
True,2026-09-15T23:17:26Z,2026-09-15T23:22:20Z,stcloudpdmn,1,Saint Cloud Connect and Protect,Saint Cloud,MN,ok,200,,,https://api.fususone.com/api/public/organizations/stcloudpdmn/stats/,0,27,27,0,350,19
True,2026-09-15T23:17:26Z,2026-09-15T23:22:21Z,stjohnscountyso,1,Connect St. Johns,St. Johns County,FL,ok,200,,,https://api.fususone.com/api/public/organizations/stjohnscountyso/stats/,1710,1309,1123,186,1500,1077
True,2026-09-15T23:17:26Z,2026-09-15T23:22:22Z,stluciesheriff,1,Connect St Lucie County,St. Lucie County,FL,ok,200,,,https://api.fususone.com/api/public/organizations/stluciesheriff/stats/,831,124,124,0,1500,72
True,2026-09-15T23:17:26Z,2026-09-15T23:22:23Z,stocktonpdca,1,SaferStockton,Stockton,CA,ok,200,,,https://api.fususone.com/api/public/organizations/stocktonpdca/stats/,52,371,370,1,1,366
True,2026-09-15T23:17:26Z,2026-09-15T23:22:24Z,stpaulpdmn,1,Connect Saint Paul,Saint Paul,MN,ok,200,,,https://api.fususone.com/api/public/organizations/stpaulpdmn/stats/,24,1247,341,445,0,332
True,2026-09-15T23:17:26Z,2026-09-15T23:22:25Z,sumnercounty,1,Connect Sumner,Sumner,TN,ok,200,,,https://api.fususone.com/api/public/organizations/sumnercounty/stats/,461,92,33,38,4000,31
True,2026-09-15T23:17:26Z,2026-09-15T23:22:26Z,tempepd,1,Connect Tempe,Tempe,AZ,ok,200,,,https://api.fususone.com/api/public/organizations/tempepd/stats/,172,1506,907,0,1500,907
True,2026-09-15T23:17:26Z,2026-09-15T23:22:27Z,torrancepd,1,Secure Torrance,Torrance,CA,ok,200,,,https://api.fususone.com/api/public/organizations/torrancepd/stats/,132,389,143,246,200,93
True,2026-09-15T23:17:26Z,2026-09-15T23:22:28Z,troypdil,1,Connect Troy,Troy,MI,error,404,HTTP 404,totalRegisteredCameras;totalIntegratedCameras;totalOwnedCameras;totalSharedCameras;totalMaxCameras;subscribedCameras,https://api.fususone.com/api/public/organizations/troypdil/stats/,,,,,,
True,2026-09-15T23:17:26Z,2026-09-15T23:22:29Z,tucsonpd,1,Connect Tucson,Tucson,AZ,ok,200,,,https://api.fususone.com/api/public/organizations/tucsonpd/stats/,1329,632,461,0,1500,462
True,2026-09-15T23:17:26Z,2026-09-15T23:22:30Z,tupeloms,1,Connect Tupelo,Tupelo,MS,ok,200,,,https://api.fususone.com/api/public/organizations/tupeloms/stats/,271,349,349,0,500,344
True,2026-09-15T23:17:26Z,2026-09-15T23:22:31Z,turlockpd,1,Connect Turlock,Turlock,CA,ok,200,,,https://api.fususone.com/api/public/organizations/turlockpd/stats/,199,173,162,11,150,162
True,2026-09-15T23:17:26Z,2026-09-15T23:22:32Z,tuscaloosapd,1,Safeguard Tuscaloosa,Tuscaloosa,AL,ok,200,,,https://api.fususone.com/api/public/organizations/tuscaloosapd/stats/,258,1096,402,624,1500,382
True,2026-09-15T23:17:26Z,2026-09-15T23:22:33Z,uarizonapdaz,1,Connect University of Arizona,University of Arizona,AZ,ok,200,,,https://api.fususone.com/api/public/organizations/uarizonapdaz/stats/,0,16,4,0,0,0
True,2026-09-15T23:17:26Z,2026-09-15T23:22:34Z,uillinoispd,1,Connect University of Illinois Urbana-Champaign,University of Illinois Urbana-Champaign,IL,ok,200,,,https://api.fususone.com/api/public/organizations/uillinoispd/stats/,3,4177,4089,0,0,4079
True,2026-09-15T23:17:26Z,2026-09-15T23:22:35Z,universityofmissouripdmo,1,Mizzou SafeConnect,Mizzou,MO,ok,200,,,https://api.fususone.com/api/public/organizations/universityofmissouripdmo/stats/,145,1012,1012,0,0,999
True,2026-09-15T23:17:26Z,2026-09-15T23:22:36Z,virginiabeachpd,1,Connect Virginia Beach,Virginia Beach,VA,ok,200,,,https://api.fususone.com/api/public/organizations/virginiabeachpd/stats/,1447,3301,647,1409,2000,636
True,2026-09-15T23:17:26Z,2026-09-15T23:22:37Z,volusiasheriff,1,Connect Volusia,Volusia,FL,ok,200,,,https://api.fususone.com/api/public/organizations/volusiasheriff/stats/,670,3954,576,3025,1500,899
True,2026-09-15T23:17:26Z,2026-09-15T23:22:38Z,wakecounty,1,Connect Wake County,Wake County,NC,ok,200,,,https://api.fususone.com/api/public/organizations/wakecounty/stats/,42,966,282,57,1500,250
True,2026-09-15T23:17:26Z,2026-09-15T23:22:39Z,warnerrobinspd,1,Connect Warner Robins,Warner Robins,GA,ok,200,,,https://api.fususone.com/api/public/organizations/warnerrobinspd/stats/,218,9230,139,0,500,139
True,2026-09-15T23:17:26Z,2026-09-15T23:22:40Z,warrenpdmi,1,Connect Warren,Warren,MI,ok,200,,,https://api.fususone.com/api/public/organizations/warrenpdmi/stats/,64,196,117,79,1500,90
True,2026-09-15T23:17:26Z,2026-09-15T23:22:41Z,washoesheriff,1,Connect Washoe County,Washoe County,NV,ok,200,,,https://api.fususone.com/api/public/organizations/washoesheriff/stats/,9,453,161,4,500,154
True,2026-09-15T23:17:26Z,2026-09-15T23:22:42Z,webbcountyso,1,Connect Webb County,Webb County,TX,ok,200,,,https://api.fususone.com/api/public/organizations/webbcountyso/stats/,0,279,279,0,2000,275
True,2026-09-15T23:17:26Z,2026-09-15T23:22:43Z,westsacramento,1,West Sacramento Safe and Secure,West Sacramento,CA,ok,200,,,https://api.fususone.com/api/public/organizations/westsacramento/stats/,831,514,339,89,500,328
True,2026-09-15T23:17:26Z,2026-09-15T23:22:44Z,wheatonpd,1,Connect Wheaton,Wheaton,IL,ok,200,,,https://api.fususone.com/api/public/organizations/wheatonpd/stats/,427,535,535,0,1500,531
True,2026-09-15T23:17:26Z,2026-09-15T23:22:45Z,whitehallpd,1,Connect Whitehall,Whitehall,OH,ok,200,,,https://api.fususone.com/api/public/organizations/whitehallpd/stats/,575,615,153,462,1500,151
True,2026-09-15T23:17:26Z,2026-09-15T23:22:46Z,wichitapdks,1,Connected Wichita,Wichita,KS,ok,200,,,https://api.fususone.com/api/public/organizations/wichitapdks/stats/,4,365,344,21,1500,311
True,2026-09-15T23:17:26Z,2026-09-15T23:22:47Z,williamsoncsotn,1,Connect Williamson,Williamson County,TN,ok,200,,,https://api.fususone.com/api/public/organizations/williamsoncsotn/stats/,103,9,9,0,0,0
True,2026-09-15T23:17:26Z,2026-09-15T23:22:48Z,wilmingtonnc,1,Connect Wilmington,Wilmington,NC,ok,200,,,https://api.fususone.com/api/public/organizations/wilmingtonnc/stats/,2,712,696,0,10000,696
True,2026-09-15T23:17:26Z,2026-09-15T23:22:49Z,wintergarden,1,Connect Winter Garden,Winter Garden,FL,ok,200,,,https://api.fususone.com/api/public/organizations/wintergarden/stats/,0,274,172,0,500,172
True,2026-09-15T23:17:26Z,2026-09-15T23:22:50Z,winterpark,1,Connect Winter Park,Winter Park,FL,ok,200,,,https://api.fususone.com/api/public/organizations/winterpark/stats/,294,1544,1081,0,1500,1073
True,2026-09-15T23:17:26Z,2026-09-15T23:22:51Z,wpb,1,CityWatch Connect,West Palm Beach,FL,ok,200,,,https://api.fususone.com/api/public/organizations/wpb/stats/,1815,958,460,245,1000,434
True,2026-09-15T23:17:26Z,2026-09-15T23:22:52Z,zacharypdla,1,Connect Zachary,Zachary,LA,ok,200,,,https://api.fususone.com/api/public/organizations/zacharypdla/stats/,7,8,8,0,0,8
True,2026-09-21T18:49:18Z,2026-09-21T18:49:19Z,aacounty,1,Connect Anne Arundel,Anne Arundel County,MD,ok,200,,,https://api.fususone.com/api/public/organizations/aacounty/stats/,1026,3664,2372,534,1500,2336
True,2026-09-21T18:49:18Z,2026-09-21T18:49:20Z,accpd,1,Connect Athens-Clarke County,Athens-Clarke County,GA,ok,200,,,https://api.fususone.com/api/public/organizations/accpd/stats/,68,4316,1835,297,500,526
True,2026-09-21T18:49:18Z,2026-09-21T18:49:21Z,acworthga,1,Connect Acworth,Acworth,GA,ok,200,,,https://api.fususone.com/api/public/organizations/acworthga/stats/,150,10580,237,451,500,237
True,2026-09-21T18:49:18Z,2026-09-21T18:49:22Z,adamscsoco,1,Connect Adams County,Adams County,CO,ok,200,,,https://api.fususone.com/api/public/organizations/adamscsoco/stats/,156,166,166,0,1500,166
True,2026-09-21T18:49:18Z,2026-09-21T18:49:23Z,alachuasheriff,1,Connect Alachua County,Alachua County,FL,ok,200,,,https://api.fususone.com/api/public/organizations/alachuasheriff/stats/,0,216,160,0,850,143
True,2026-09-21T18:49:18Z,2026-09-21T18:49:24Z,albanypolice,1,Connect Albany,Albany,GA,ok,200,,,https://api.fususone.com/api/public/organizations/albanypolice/stats/,726,13935,1154,3414,6634,1140
True,2026-09-21T18:49:18Z,2026-09-21T18:49:25Z,alpharetta,1,Connect Alpharetta,Alpharetta,GA,ok,200,,,https://api.fususone.com/api/public/organizations/alpharetta/stats/,0,0,0,0,2500,0
True,2026-09-21T18:49:18Z,2026-09-21T18:49:26Z,alsipil,1,Connect Alsip,Alsip,IL,ok,200,,,https://api.fususone.com/api/public/organizations/alsipil/stats/,737,977,930,26,1500,979
True,2026-09-21T18:49:18Z,2026-09-21T18:49:27Z,altoonapd,1,Connect Altoona,Altoona,IA,ok,200,,,https://api.fususone.com/api/public/organizations/altoonapd/stats/,347,605,605,0,925,595
True,2026-09-21T18:49:18Z,2026-09-21T18:49:29Z,amarillopd,1,Connect Amarillo,Amarillo,TX,ok,200,,,https://api.fususone.com/api/public/organizations/amarillopd/stats/,32,491,491,0,500,483
True,2026-09-21T18:49:18Z,2026-09-21T18:49:30Z,anaheim,1,Connect Anaheim,Anaheim,CA,ok,200,,,https://api.fususone.com/api/public/organizations/anaheim/stats/,424,714,667,3,1500,636
True,2026-09-21T18:49:18Z,2026-09-21T18:49:31Z,anchoragepdak,1,Safe Anchorage,Anchorage,AK,ok,200,,,https://api.fususone.com/api/public/organizations/anchoragepdak/stats/,269,41,19,22,0,19
True,2026-09-21T18:49:18Z,2026-09-21T18:49:32Z,anokacountysomn,1,Anoka County Real Time Crime Center,Anoka County,MN,ok,200,,,https://api.fususone.com/api/public/organizations/anokacountysomn/stats/,374,2674,635,1721,500,634
True,2026-09-21T18:49:18Z,2026-09-21T18:49:33Z,apachejunctionpdaz,1,Connect Apache Junction,Apache Junction,AZ,ok,200,,,https://api.fususone.com/api/public/organizations/apachejunctionpdaz/stats/,0,199,199,0,225,191
True,2026-09-21T18:49:18Z,2026-09-21T18:49:34Z,apopkapd,1,Connect Apopka,Apopka,FL,ok,200,,,https://api.fususone.com/api/public/organizations/apopkapd/stats/,174,7852,224,6894,500,221
True,2026-09-21T18:49:18Z,2026-09-21T18:49:35Z,arlingtonheightspd,1,Connect Arlington Heights,Arlington Heights,IL,ok,200,,,https://api.fususone.com/api/public/organizations/arlingtonheightspd/stats/,652,1142,379,763,1500,363
True,2026-09-21T18:49:18Z,2026-09-21T18:49:36Z,artesianmpd,1,Connect Artesia,Artesia,MN,ok,200,,,https://api.fususone.com/api/public/organizations/artesianmpd/stats/,57,209,209,0,0,207
True,2026-09-21T18:49:18Z,2026-09-21T18:49:37Z,ashevillepdnc,1,Connect Asheville,Asheville,NC,ok,200,,,https://api.fususone.com/api/public/organizations/ashevillepdnc/stats/,12,19,19,0,500,7
True,2026-09-21T18:49:18Z,2026-09-21T18:49:38Z,ashlandpdal,1,Connect Ashland,Ashland,AL,ok,200,,,https://api.fususone.com/api/public/organizations/ashlandpdal/stats/,8,673,49,624,125,49
True,2026-09-21T18:49:18Z,2026-09-21T18:49:39Z,auroragov,1,Connect Aurora,Aurora,CO,ok,200,,,https://api.fususone.com/api/public/organizations/auroragov/stats/,55,934,934,0,10000,934
True,2026-09-21T18:49:18Z,2026-09-21T18:49:40Z,baltimorecountypd,1,Connect Baltimore County,Baltimore County,MD,ok,200,,,https://api.fususone.com/api/public/organizations/baltimorecountypd/stats/,4,592,531,61,5000,500
True,2026-09-21T18:49:18Z,2026-09-21T18:49:41Z,bartowfl,1,Connect Bartow,Bartow,FL,ok,200,,,https://api.fususone.com/api/public/organizations/bartowfl/stats/,0,34,34,0,0,32
True,2026-09-21T18:49:18Z,2026-09-21T18:49:42Z,baycounty,1,Connect Bay County,Bay County,FL,ok,200,,,https://api.fususone.com/api/public/organizations/baycounty/stats/,1709,1510,1156,289,1500,1128
True,2026-09-21T18:49:18Z,2026-09-21T18:49:43Z,beaumonttx,1,Connect Southeast Texas,Southeast Texas,TX,ok,200,,,https://api.fususone.com/api/public/organizations/beaumonttx/stats/,4043,3793,1529,2094,4500,755
True,2026-09-21T18:49:18Z,2026-09-21T18:49:44Z,bedfordparkpd,1,Connect Bedford Park,Bedford Park,IL,ok,200,,,https://api.fususone.com/api/public/organizations/bedfordparkpd/stats/,126,282,217,3,500,200
True,2026-09-21T18:49:18Z,2026-09-21T18:49:45Z,bendpd,1,Connect Bend,Bend,OR,ok,200,,,https://api.fususone.com/api/public/organizations/bendpd/stats/,774,322,254,68,150,210
True,2026-09-21T18:49:18Z,2026-09-21T18:49:46Z,bensalem,1,Connect Bensalem,Bensalem,PA,ok,200,,,https://api.fususone.com/api/public/organizations/bensalem/stats/,1174,1006,990,16,1500,978
True,2026-09-21T18:49:18Z,2026-09-21T18:49:47Z,bernalillo,1,Connect Bernalillo County,Bernalillo County,NM,ok,200,,,https://api.fususone.com/api/public/organizations/bernalillo/stats/,216,453,373,80,500,293
True,2026-09-21T18:49:18Z,2026-09-21T18:49:48Z,beverlyhillspd,1,Beverly Hills Connect,Beverly Hills,CA,ok,200,,,https://api.fususone.com/api/public/organizations/beverlyhillspd/stats/,520,1883,1782,101,1750,1776
True,2026-09-21T18:49:18Z,2026-09-21T18:49:49Z,biloxi,1,Connect Biloxi,Biloxi,MS,ok,200,,,https://api.fususone.com/api/public/organizations/biloxi/stats/,157,846,423,373,1000,416
True,2026-09-21T18:49:18Z,2026-09-21T18:49:50Z,birminghampd,1,Connect Birmingham,Birmingham,AL,ok,200,,,https://api.fususone.com/api/public/organizations/birminghampd/stats/,773,948,280,212,10000,237
True,2026-09-21T18:49:18Z,2026-09-21T18:49:51Z,blackmanleonitwp,1,Connect Blackman Leoni Township,Blackman Leoni Township,MI,ok,200,,,https://api.fususone.com/api/public/organizations/blackmanleonitwp/stats/,1,3,3,0,0,3
True,2026-09-21T18:49:18Z,2026-09-21T18:49:52Z,bocaratonpdfl,1,Connect BRPD,Boca Raton,FL,ok,200,,,https://api.fususone.com/api/public/organizations/bocaratonpdfl/stats/,5,911,677,8,0,654
True,2026-09-21T18:49:18Z,2026-09-21T18:49:53Z,boernepdtx,1,Connect Boerne,Boerne,TX,ok,200,,,https://api.fususone.com/api/public/organizations/boernepdtx/stats/,0,77,77,0,0,77
True,2026-09-21T18:49:18Z,2026-09-21T18:49:54Z,boulderpdco,1,Boulder Community Connect,Boulder,CO,ok,200,,,https://api.fususone.com/api/public/organizations/boulderpdco/stats/,0,161,161,0,0,108
True,2026-09-21T18:49:18Z,2026-09-21T18:49:55Z,bradentonfl,1,Connect Bradenton,Bradenton,FL,ok,200,,,https://api.fususone.com/api/public/organizations/bradentonfl/stats/,319,3160,269,2891,1500,258
True,2026-09-21T18:49:18Z,2026-09-21T18:49:56Z,brazostx,1,Connect Brazos County,Brazos County,TX,ok,200,,,https://api.fususone.com/api/public/organizations/brazostx/stats/,155,197,176,0,1500,158
True,2026-09-21T18:49:18Z,2026-09-21T18:49:57Z,brooklynparkpdmn,1,Brooklyn Park Community Cameras,Brooklyn Park,MN,ok,200,,,https://api.fususone.com/api/public/organizations/brooklynparkpdmn/stats/,503,240,229,0,0,205
True,2026-09-21T18:49:18Z,2026-09-21T18:49:58Z,brownsvillepd,1,Connect Brownsville,Brownsville,TX,ok,200,,,https://api.fususone.com/api/public/organizations/brownsvillepd/stats/,664,219,219,0,500,199
True,2026-09-21T18:49:18Z,2026-09-21T18:49:59Z,buncombesheriff,1,Connect Buncombe County,Buncombe County,NC,ok,200,,,https://api.fususone.com/api/public/organizations/buncombesheriff/stats/,568,2689,437,2252,4500,316
True,2026-09-21T18:49:18Z,2026-09-21T18:50:00Z,burbankpdil,1,Connect Burbank,Burbank,IL,ok,200,,,https://api.fususone.com/api/public/organizations/burbankpdil/stats/,304,425,399,3,150,399
True,2026-09-21T18:49:18Z,2026-09-21T18:50:01Z,calcasieusheriff,1,Connect Calcasieu Parish,Calcasieu Parish,LA,ok,200,,,https://api.fususone.com/api/public/organizations/calcasieusheriff/stats/,3,98,98,0,10000,98
True,2026-09-21T18:49:18Z,2026-09-21T18:50:02Z,caldwellpdid,1,Connect Caldwell,Caldwell,ID,ok,200,,,https://api.fususone.com/api/public/organizations/caldwellpdid/stats/,61,215,215,0,225,204
True,2026-09-21T18:49:18Z,2026-09-21T18:50:03Z,campbellpd,1,Connect Campbell,Campbell,CA,ok,200,,,https://api.fususone.com/api/public/organizations/campbellpd/stats/,198,313,281,32,10000,270
True,2026-09-21T18:49:18Z,2026-09-21T18:50:04Z,carencropd,1,Connect Carencro,Carencro,LA,ok,200,,,https://api.fususone.com/api/public/organizations/carencropd/stats/,85,1610,215,12,914,215
True,2026-09-21T18:49:18Z,2026-09-21T18:50:05Z,carlsbadpdnm,1,Connect Carlsbad,Carlsbad,NM,ok,200,,,https://api.fususone.com/api/public/organizations/carlsbadpdnm/stats/,3,12,12,0,0,4
True,2026-09-21T18:49:18Z,2026-09-21T18:50:06Z,carypd,1,Connect Cary,Cary,NC,ok,200,,,https://api.fususone.com/api/public/organizations/carypd/stats/,37,1268,841,0,1500,840
True,2026-09-21T18:49:18Z,2026-09-21T18:50:07Z,charlestonpd,1,Connect Charleston,Charleston,SC,ok,200,,,https://api.fususone.com/api/public/organizations/charlestonpd/stats/,300,577,501,25,500,466
True,2026-09-21T18:49:18Z,2026-09-21T18:50:08Z,charlottecounty,1,Connect Charlotte County,Charlotte County,FL,ok,200,,,https://api.fususone.com/api/public/organizations/charlottecounty/stats/,2327,3826,353,3391,1500,330
True,2026-09-21T18:49:18Z,2026-09-21T18:50:09Z,charlottemecklenburg,1,Connect Charlotte,Charlotte,NC,ok,200,,,https://api.fususone.com/api/public/organizations/charlottemecklenburg/stats/,3109,1784,1579,21,1500,1433
True,2026-09-21T18:49:18Z,2026-09-21T18:50:10Z,chattanoogapd,1,Dragonfly Community Connect,Chattanooga,TN,ok,200,,,https://api.fususone.com/api/public/organizations/chattanoogapd/stats/,0,778,777,1,1500,768
True,2026-09-21T18:49:18Z,2026-09-21T18:50:11Z,cherokeega,1,Connect Cherokee,Cherokee County,GA,ok,200,,,https://api.fususone.com/api/public/organizations/cherokeega/stats/,625,13420,622,548,2500,566
True,2026-09-21T18:49:18Z,2026-09-21T18:50:12Z,chesterfieldcounty,1,Chesterfield Community Connect Program,Chesterfield County,VA,ok,200,,,https://api.fususone.com/api/public/organizations/chesterfieldcounty/stats/,768,11288,1006,10220,4500,947
True,2026-09-21T18:49:18Z,2026-09-21T18:50:13Z,chicagoheights,1,Connect Chicago Heights,Chicago Heights,IL,ok,200,,,https://api.fususone.com/api/public/organizations/chicagoheights/stats/,221,1221,1168,0,500,725
True,2026-09-21T18:49:18Z,2026-09-21T18:50:14Z,chicopee,1,Connect Chicopee,Chicopee,MA,ok,200,,,https://api.fususone.com/api/public/organizations/chicopee/stats/,128,512,512,0,1500,509
True,2026-09-21T18:49:18Z,2026-09-21T18:50:15Z,ciceropd,1,Cicero SAFE (Shared Access For Enforcement),Cicero,IL,ok,200,,,https://api.fususone.com/api/public/organizations/ciceropd/stats/,29,549,549,0,1500,541
True,2026-09-21T18:49:18Z,2026-09-21T18:50:16Z,cincinnatipd,1,Connect Cincinnati,Cincinnati,OH,ok,200,,,https://api.fususone.com/api/public/organizations/cincinnatipd/stats/,1721,844,801,43,1500,746
True,2026-09-21T18:49:18Z,2026-09-21T18:50:17Z,cityofatlanta,1,Connect Atlanta,Atlanta,GA,ok,200,,,https://api.fususone.com/api/public/organizations/cityofatlanta/stats/,17517,28373,2583,11643,29250,2549
True,2026-09-21T18:49:18Z,2026-09-21T18:50:18Z,cityofcanton,1,Connect Canton,Canton,MS,ok,200,,,https://api.fususone.com/api/public/organizations/cityofcanton/stats/,0,31,0,31,10000,0
True,2026-09-21T18:49:18Z,2026-09-21T18:50:19Z,cityofdoralpd,1,Connect Doral,Doral,FL,ok,200,,,https://api.fususone.com/api/public/organizations/cityofdoralpd/stats/,221,3425,397,3028,10000,243
True,2026-09-21T18:49:18Z,2026-09-21T18:50:20Z,cityofhawthorne,1,Connect Hawthorne,Hawthorne,CA,ok,200,,,https://api.fususone.com/api/public/organizations/cityofhawthorne/stats/,0,3715,874,2841,1500,844
True,2026-09-21T18:49:18Z,2026-09-21T18:50:21Z,cityofmanchester,1,Connect Manchester,City of Manchester,NH,ok,200,,,https://api.fususone.com/api/public/organizations/cityofmanchester/stats/,584,1006,436,570,1500,434
True,2026-09-21T18:49:18Z,2026-09-21T18:50:22Z,cityofmiamipd,1,Connect Miami,Miami,FL,ok,200,,,https://api.fususone.com/api/public/organizations/cityofmiamipd/stats/,2406,4373,1239,2905,1500,1221
True,2026-09-21T18:49:18Z,2026-09-21T18:50:23Z,cityofnewark,1,Connect Newark,Newark,NJ,ok,200,,,https://api.fususone.com/api/public/organizations/cityofnewark/stats/,1208,929,497,231,500,488
True,2026-09-21T18:49:18Z,2026-09-21T18:50:24Z,cityofomaha,1,Connect Omaha,Omaha,NE,ok,200,,,https://api.fususone.com/api/public/organizations/cityofomaha/stats/,1258,1625,760,764,1500,685
True,2026-09-21T18:49:18Z,2026-09-21T18:50:25Z,cityofoxford,1,Connect Oxford,City of Oxford,AL,ok,200,,,https://api.fususone.com/api/public/organizations/cityofoxford/stats/,12,1126,324,753,1500,321
True,2026-09-21T18:49:18Z,2026-09-21T18:50:26Z,cityofroswell,1,Connect Roswell,Roswell,GA,ok,200,,,https://api.fususone.com/api/public/organizations/cityofroswell/stats/,653,10641,512,373,2793,511
True,2026-09-21T18:49:18Z,2026-09-21T18:50:27Z,cityofshreveport,1,Connect Shreveport,Shreveport,LA,ok,200,,,https://api.fususone.com/api/public/organizations/cityofshreveport/stats/,1141,2829,2320,509,1500,2332
True,2026-09-21T18:49:18Z,2026-09-21T18:50:28Z,cityofstarkville,1,Connect Starkville,Starkville,MS,ok,200,,,https://api.fususone.com/api/public/organizations/cityofstarkville/stats/,879,863,586,277,500,575
True,2026-09-21T18:49:18Z,2026-09-21T18:50:29Z,cityofws,1,Connect Winston-Salem,the City of Winston-Salem,NC,ok,200,,,https://api.fususone.com/api/public/organizations/cityofws/stats/,1678,3292,1756,362,2000,1740
True,2026-09-21T18:49:18Z,2026-09-21T18:50:30Z,claycountysheriff,1,Connect Clay County,Clay County,FL,ok,200,,,https://api.fususone.com/api/public/organizations/claycountysheriff/stats/,158,3391,3223,126,2000,3218
True,2026-09-21T18:49:18Z,2026-09-21T18:50:31Z,claytoncountypd,1,Connect Clayton County,Clayton County,GA,ok,200,,,https://api.fususone.com/api/public/organizations/claytoncountypd/stats/,398,10827,1025,294,8814,1010
True,2026-09-21T18:49:18Z,2026-09-21T18:50:32Z,clearwaterpd,1,Clearwater Camera Sharing,Clearwater,FL,ok,200,,,https://api.fususone.com/api/public/organizations/clearwaterpd/stats/,693,912,842,70,10000,792
True,2026-09-21T18:49:18Z,2026-09-21T18:50:33Z,clermontpd,1,Connect Clermont,Clermont,FL,ok,200,,,https://api.fususone.com/api/public/organizations/clermontpd/stats/,74,664,69,595,150,64
True,2026-09-21T18:49:18Z,2026-09-21T18:50:34Z,clevelanddps,1,Safe Smart CLE,Cleveland,OH,ok,200,,,https://api.fususone.com/api/public/organizations/clevelanddps/stats/,1763,4169,4050,0,2375,4053
True,2026-09-21T18:49:18Z,2026-09-21T18:50:35Z,clevelandmetroparksoh,1,Cleveland Metroparks Connect,Cleveland Metroparks,OH,ok,200,,,https://api.fususone.com/api/public/organizations/clevelandmetroparksoh/stats/,0,24,24,0,0,24
True,2026-09-21T18:49:18Z,2026-09-21T18:50:36Z,cobbcountypd,1,Connect Cobb ,Cobb County,GA,ok,200,,,https://api.fususone.com/api/public/organizations/cobbcountypd/stats/,3545,12808,1275,4093,9008,997
True,2026-09-21T18:49:18Z,2026-09-21T18:50:37Z,collegeparkga,1,Connect College Park,College Park,GA,ok,200,,,https://api.fususone.com/api/public/organizations/collegeparkga/stats/,0,10505,171,426,2539,143
True,2026-09-21T18:49:18Z,2026-09-21T18:50:38Z,coloradospringspd,1,Together COS,Colorado Springs,CO,ok,200,,,https://api.fususone.com/api/public/organizations/coloradospringspd/stats/,1313,1085,946,139,750,845
True,2026-09-21T18:49:18Z,2026-09-21T18:50:39Z,coltonpdca,1,Connect Colton,Colton,CA,ok,200,,,https://api.fususone.com/api/public/organizations/coltonpdca/stats/,345,28,19,9,0,19
True,2026-09-21T18:49:18Z,2026-09-21T18:50:40Z,columbuspdga,1,Connect Columbus,"Columbus, Georgia",GA,ok,200,,,https://api.fususone.com/api/public/organizations/columbuspdga/stats/,2439,566,566,0,1500,557
True,2026-09-21T18:49:18Z,2026-09-21T18:50:41Z,connectnewportrichey,1,Connect New Port Richey,New Port Richey,FL,ok,200,,,https://api.fususone.com/api/public/organizations/connectnewportrichey/stats/,6,8,8,0,0,8
True,2026-09-21T18:49:18Z,2026-09-21T18:50:42Z,connecttallahassee,1,Connect Tallahassee,Tallahassee,FL,ok,200,,,https://api.fususone.com/api/public/organizations/connecttallahassee/stats/,253,369,369,0,1500,349
True,2026-09-21T18:49:18Z,2026-09-21T18:50:43Z,covinapdca,1,SaferCovina,Covina,CA,ok,200,,,https://api.fususone.com/api/public/organizations/covinapdca/stats/,15,2,2,0,150,0
True,2026-09-21T18:49:18Z,2026-09-21T18:50:44Z,crestviewpdfl,1,Connect Crestview,Crestview,FL,ok,200,,,https://api.fususone.com/api/public/organizations/crestviewpdfl/stats/,0,52,52,0,0,20
True,2026-09-21T18:49:18Z,2026-09-21T18:50:45Z,crestwoodpdil,1,Connect Crestwood,Crestwood,MN,ok,200,,,https://api.fususone.com/api/public/organizations/crestwoodpdil/stats/,0,90,4,86,0,0
True,2026-09-21T18:49:18Z,2026-09-21T18:50:46Z,cummingpdga,1,Connect Cumming,Cumming,GA,ok,200,,,https://api.fususone.com/api/public/organizations/cummingpdga/stats/,5,3094,167,367,1500,149
True,2026-09-21T18:49:18Z,2026-09-21T18:50:47Z,dallaspd,1,Connect Dallas,Dallas,TX,ok,200,,,https://api.fususone.com/api/public/organizations/dallaspd/stats/,4054,1493,1134,358,1500,1040
True,2026-09-21T18:49:18Z,2026-09-21T18:50:48Z,dalycitypdca,1,Connect Daly City,Daly City,CA,ok,200,,,https://api.fususone.com/api/public/organizations/dalycitypdca/stats/,29,87,46,41,450,15
True,2026-09-21T18:49:18Z,2026-09-21T18:50:49Z,danvillepd,1,"One Community, Connect Danville",Danville,VA,ok,200,,,https://api.fususone.com/api/public/organizations/danvillepd/stats/,418,1755,342,1413,500,341
True,2026-09-21T18:49:18Z,2026-09-21T18:50:50Z,dbsfl,1,Connect Daytona Beach Shores,Daytona Beach Shores,FL,ok,200,,,https://api.fususone.com/api/public/organizations/dbsfl/stats/,3,72,72,0,0,70
True,2026-09-21T18:49:18Z,2026-09-21T18:50:51Z,dcmetro,1,CameraConnectDC,Washington DC,DC,ok,200,,,https://api.fususone.com/api/public/organizations/dcmetro/stats/,44140,1454,1259,119,4500,1127
True,2026-09-21T18:49:18Z,2026-09-21T18:50:52Z,dealpdnj,1,Connect Deal,Deal,NJ,ok,200,,,https://api.fususone.com/api/public/organizations/dealpdnj/stats/,322,976,224,0,0,224
True,2026-09-21T18:49:18Z,2026-09-21T18:50:53Z,dearbornpdmi,1,Connect Dearborn,Dearborn,MI,ok,200,,,https://api.fususone.com/api/public/organizations/dearbornpdmi/stats/,689,679,518,4,1500,504
True,2026-09-21T18:49:18Z,2026-09-21T18:50:54Z,dekalbcountyga,1,Connect DeKalb County,DeKalb County,GA,ok,200,,,https://api.fususone.com/api/public/organizations/dekalbcountyga/stats/,3523,9123,901,44,1500,751
True,2026-09-21T18:49:18Z,2026-09-21T18:50:55Z,delraybeach,1,Connect Delray Beach,Delray Beach,FL,ok,200,,,https://api.fususone.com/api/public/organizations/delraybeach/stats/,887,523,297,0,500,286
True,2026-09-21T18:49:18Z,2026-09-21T18:50:56Z,dentonpdtx,1,Denton Connects,Denton,TX,ok,200,,,https://api.fususone.com/api/public/organizations/dentonpdtx/stats/,2,186,186,0,0,183
True,2026-09-21T18:49:18Z,2026-09-21T18:50:57Z,dothanpd,1,Connect Dothan,Dothan,AL,ok,200,,,https://api.fususone.com/api/public/organizations/dothanpd/stats/,0,182,182,0,0,174
True,2026-09-21T18:49:18Z,2026-09-21T18:50:58Z,douglascountysonv,1,Safer Douglas County,Douglas County,NV,ok,200,,,https://api.fususone.com/api/public/organizations/douglascountysonv/stats/,0,50,50,0,100,50
True,2026-09-21T18:49:18Z,2026-09-21T18:50:59Z,douglasvillepolice,1,Connect Douglasville,Douglasville ,GA,ok,200,,,https://api.fususone.com/api/public/organizations/douglasvillepolice/stats/,260,12889,397,3354,10000,397
True,2026-09-21T18:49:18Z,2026-09-21T18:51:00Z,duncanvillepdtx,1,Connect Duncanville,Duncanville,TX,ok,200,,,https://api.fususone.com/api/public/organizations/duncanvillepdtx/stats/,15,128,120,8,0,116
True,2026-09-21T18:49:18Z,2026-09-21T18:51:01Z,eaganpdmn,1,Connect Eagan,Eagan,MN,ok,200,,,https://api.fususone.com/api/public/organizations/eaganpdmn/stats/,21,76,76,0,0,76
True,2026-09-21T18:49:18Z,2026-09-21T18:51:02Z,eastbatonrougesola,1,Connect East Baton Rouge,East Baton Rouge,LA,ok,200,,,https://api.fususone.com/api/public/organizations/eastbatonrougesola/stats/,28,66,27,39,500,27
True,2026-09-21T18:49:18Z,2026-09-21T18:51:03Z,eastpointpdga,1,Connect East Point,East Point,GA,ok,200,,,https://api.fususone.com/api/public/organizations/eastpointpdga/stats/,60,5112,382,469,500,374
True,2026-09-21T18:49:18Z,2026-09-21T18:51:04Z,elcajonpdca,1,Connect El Cajon,El Cajon,CA,ok,200,,,https://api.fususone.com/api/public/organizations/elcajonpdca/stats/,51,221,185,36,0,166
True,2026-09-21T18:49:18Z,2026-09-21T18:51:05Z,elizabethnj,1,Connect Elizabeth,Elizabeth,NJ,ok,200,,,https://api.fususone.com/api/public/organizations/elizabethnj/stats/,184,3442,625,2566,2690,594
True,2026-09-21T18:49:18Z,2026-09-21T18:51:06Z,elyriapdoh,1,Connect Elyria,Elyria,OH,ok,200,,,https://api.fususone.com/api/public/organizations/elyriapdoh/stats/,174,280,231,49,150,219
True,2026-09-21T18:49:18Z,2026-09-21T18:51:07Z,escambiafl,1,Star Network,Escambia County,FL,ok,200,,,https://api.fususone.com/api/public/organizations/escambiafl/stats/,1493,1271,917,109,1500,367
True,2026-09-21T18:49:18Z,2026-09-21T18:51:08Z,euclidpdoh,1,Connect Euclid,Euclid,OH,ok,200,,,https://api.fususone.com/api/public/organizations/euclidpdoh/stats/,288,209,209,0,0,209
True,2026-09-21T18:49:18Z,2026-09-21T18:51:09Z,eurekapdmo,1,Connect Eureka,Eureka,MO,ok,200,,,https://api.fususone.com/api/public/organizations/eurekapdmo/stats/,183,11,0,11,0,0
True,2026-09-21T18:49:18Z,2026-09-21T18:51:10Z,fairfaxcopd,1,Connect Fairfax County,Fairfax County,VA,ok,200,,,https://api.fususone.com/api/public/organizations/fairfaxcopd/stats/,3530,2188,724,1425,1500,623
True,2026-09-21T18:49:18Z,2026-09-21T18:51:11Z,farmingtonpd,2,Connect Farmington,Farmington ,NM,ok,200,,,https://api.fususone.com/api/public/organizations/farmingtonpd/stats/,55,545,545,0,1500,529
True,2026-09-21T18:49:18Z,2026-09-21T18:51:12Z,fayettevillepd,1,Connect Fayetteville,Fayetteville,NC,ok,200,,,https://api.fususone.com/api/public/organizations/fayettevillepd/stats/,1532,536,445,48,1500,442
True,2026-09-21T18:49:18Z,2026-09-21T18:51:13Z,federalwaypdwa,1,Connect Federal Way,Federal Way,WA,ok,200,,,https://api.fususone.com/api/public/organizations/federalwaypdwa/stats/,0,247,247,0,0,242
True,2026-09-21T18:49:18Z,2026-09-21T18:51:14Z,flaglercountysheriff,1,Connect Flagler County,Flagler County,FL,ok,200,,,https://api.fususone.com/api/public/organizations/flaglercountysheriff/stats/,933,2169,1962,0,10000,1942
True,2026-09-21T18:49:18Z,2026-09-21T18:51:15Z,forestparkpd,1,Connect Forest Park,Forest Park,GA,ok,200,,,https://api.fususone.com/api/public/organizations/forestparkpd/stats/,13,10503,239,295,10000,221
True,2026-09-21T18:49:18Z,2026-09-21T18:51:16Z,forsyth,1,Connect Forsyth County,"Forsyth County, NC",SC,ok,200,,,https://api.fususone.com/api/public/organizations/forsyth/stats/,1442,1052,495,183,500,475
True,2026-09-21T18:49:18Z,2026-09-21T18:51:17Z,forsythcosoga,1,Connect Forsyth County,Forsyth County,GA,ok,200,,,https://api.fususone.com/api/public/organizations/forsythcosoga/stats/,776,6923,93,3347,1500,93
True,2026-09-21T18:49:18Z,2026-09-21T18:51:18Z,fortbendcounty,1,Connect Fort Bend,Fort Bend County,TX,ok,200,,,https://api.fususone.com/api/public/organizations/fortbendcounty/stats/,559,205,201,4,500,201
True,2026-09-21T18:49:18Z,2026-09-21T18:51:19Z,fortwaltonbeachpd,1,Connect Fort Walton Beach,Fort Walton Beach,FL,ok,200,,,https://api.fususone.com/api/public/organizations/fortwaltonbeachpd/stats/,6,261,222,9,300,226
True,2026-09-21T18:49:18Z,2026-09-21T18:51:20Z,garypd,1,Connect Gary,Gary,IN,ok,200,,,https://api.fususone.com/api/public/organizations/garypd/stats/,1672,1321,795,0,1500,750
True,2026-09-21T18:49:18Z,2026-09-21T18:51:21Z,glendorapdca,1,Connect Glendora,Glendora,CA,ok,200,,,https://api.fususone.com/api/public/organizations/glendorapdca/stats/,20,101,101,0,0,101
True,2026-09-21T18:49:18Z,2026-09-21T18:51:22Z,grapevinepdtx,1,Connect Grapevine,Grapevine,TX,ok,200,,,https://api.fususone.com/api/public/organizations/grapevinepdtx/stats/,2,261,230,25,1,213
True,2026-09-21T18:49:18Z,2026-09-21T18:51:23Z,greeleypd,1,Connect Greeley,Greeley,CO,ok,200,,,https://api.fususone.com/api/public/organizations/greeleypd/stats/,247,2415,245,2170,1500,229
True,2026-09-21T18:49:18Z,2026-09-21T18:51:24Z,greensboropd,1,Connect Greensboro,Greensboro,NC,ok,200,,,https://api.fususone.com/api/public/organizations/greensboropd/stats/,752,1183,716,161,1501,676
True,2026-09-21T18:49:18Z,2026-09-21T18:51:25Z,greenvillecsosc,1,Connect Greenville County,Greenville County,SC,ok,200,,,https://api.fususone.com/api/public/organizations/greenvillecsosc/stats/,203,281,232,49,3000,232
True,2026-09-21T18:49:18Z,2026-09-21T18:51:26Z,guilfordsheriff,1,Connect Guilford County,Guilford County ,NC,ok,200,,,https://api.fususone.com/api/public/organizations/guilfordsheriff/stats/,870,226,181,40,500,180
True,2026-09-21T18:49:18Z,2026-09-21T18:51:27Z,hainescitypdfl,1,Connect Haines City,Haines City,FL,ok,200,,,https://api.fususone.com/api/public/organizations/hainescitypdfl/stats/,3,127,127,0,150,125
True,2026-09-21T18:49:18Z,2026-09-21T18:51:28Z,hamiltoncoso,1,Connect Hamilton County,Hamilton County,OH,ok,200,,,https://api.fususone.com/api/public/organizations/hamiltoncoso/stats/,1692,472,472,0,2000,472
True,2026-09-21T18:49:18Z,2026-09-21T18:51:29Z,hammondpd,1,Hammond BlueNET,Hammond,IN,ok,200,,,https://api.fususone.com/api/public/organizations/hammondpd/stats/,1221,1325,1193,10,1500,823
True,2026-09-21T18:49:18Z,2026-09-21T18:51:30Z,hamptonpdva,1,Connect Hampton,Hampton,VA,ok,200,,,https://api.fususone.com/api/public/organizations/hamptonpdva/stats/,2,162,161,1,1,153
True,2026-09-21T18:49:18Z,2026-09-21T18:51:31Z,hanoverparkpdil,1,Connect Hanover Park,Hanover Park,IL,ok,200,,,https://api.fususone.com/api/public/organizations/hanoverparkpdil/stats/,0,70,70,0,225,66
True,2026-09-21T18:49:18Z,2026-09-21T18:51:32Z,harrisoncso,1,Connect Harrison County,Harrison County,MS,ok,200,,,https://api.fususone.com/api/public/organizations/harrisoncso/stats/,559,504,76,57,1000,72
True,2026-09-21T18:49:18Z,2026-09-21T18:51:33Z,hartfordpd,1,Connect Hartford,Hartford,CT,ok,200,,,https://api.fususone.com/api/public/organizations/hartfordpd/stats/,228,1101,1101,0,2000,646
True,2026-09-21T18:49:18Z,2026-09-21T18:51:34Z,harveypdil,1,Connect Harvey,Harvey,IL,ok,200,,,https://api.fususone.com/api/public/organizations/harveypdil/stats/,0,55,55,0,1500,34
True,2026-09-21T18:49:18Z,2026-09-21T18:51:35Z,hcso,1,Connect Hillsborough,Hillsborough County,FL,ok,200,,,https://api.fususone.com/api/public/organizations/hcso/stats/,289,4851,1653,3151,1000,1575
True,2026-09-21T18:49:18Z,2026-09-21T18:51:36Z,hennepincountyso,1,Connect Hennepin County,Hennepin County,MN,ok,200,,,https://api.fususone.com/api/public/organizations/hennepincountyso/stats/,457,3008,381,1766,1500,381
True,2026-09-21T18:49:18Z,2026-09-21T18:51:37Z,henricocountypdva,1,Connect Henrico County,Henrico County,VA,ok,200,,,https://api.fususone.com/api/public/organizations/henricocountypdva/stats/,66,2234,809,1385,1500,811
True,2026-09-21T18:49:18Z,2026-09-21T18:51:38Z,henrycountypd,1,Henry Safer Together,Henry County,GA,ok,200,,,https://api.fususone.com/api/public/organizations/henrycountypd/stats/,4973,13830,677,3626,7950,670
True,2026-09-21T18:49:18Z,2026-09-21T18:51:39Z,herndonpdva,1,Connect Herndon,Herndon,VA,ok,200,,,https://api.fususone.com/api/public/organizations/herndonpdva/stats/,26,42,42,0,150,42
True,2026-09-21T18:49:18Z,2026-09-21T18:51:40Z,highpointncpd,1,Link High Point,High Point,NC,ok,200,,,https://api.fususone.com/api/public/organizations/highpointncpd/stats/,1243,573,474,0,500,468
True,2026-09-21T18:49:18Z,2026-09-21T18:51:41Z,hoodcoso,1,Connect Hood County,Hood County,TX,ok,200,,,https://api.fususone.com/api/public/organizations/hoodcoso/stats/,0,222,222,0,0,222
True,2026-09-21T18:49:18Z,2026-09-21T18:51:42Z,hooverpd,1,Connect Hoover,Hoover,AL,ok,200,,,https://api.fususone.com/api/public/organizations/hooverpd/stats/,46,917,393,0,1500,391
True,2026-09-21T18:49:18Z,2026-09-21T18:51:43Z,hopemillspd,1,Connect Hope Mills,Hope Mills,NC,ok,200,,,https://api.fususone.com/api/public/organizations/hopemillspd/stats/,17,338,63,0,10000,63
True,2026-09-21T18:49:18Z,2026-09-21T18:51:44Z,ilstatepolice,1,Connect Illinois,Illinois,IL,ok,200,,,https://api.fususone.com/api/public/organizations/ilstatepolice/stats/,18,1476,789,0,1500,786
True,2026-09-21T18:49:18Z,2026-09-21T18:51:45Z,indianriversheriff,1,Connect Indian River County,Indian River County,FL,ok,200,,,https://api.fususone.com/api/public/organizations/indianriversheriff/stats/,220,2492,808,1530,1500,738
True,2026-09-21T18:49:18Z,2026-09-21T18:51:46Z,irvingpdtx,1,Connect Irving,Irving,TX,ok,200,,,https://api.fususone.com/api/public/organizations/irvingpdtx/stats/,61,1446,1246,200,1500,1158
True,2026-09-21T18:49:18Z,2026-09-21T18:51:47Z,jacksonms,1,Connect Jackson MS,Jackson,MS,ok,200,,,https://api.fususone.com/api/public/organizations/jacksonms/stats/,324,1246,735,505,2067,728
True,2026-09-21T18:49:18Z,2026-09-21T18:51:48Z,jacksonpdtn,1,"Safe Jackson, TN",Jackson,TN,ok,200,,,https://api.fususone.com/api/public/organizations/jacksonpdtn/stats/,0,364,302,0,500,281
True,2026-09-21T18:49:18Z,2026-09-21T18:51:49Z,jacksonvillesheriff,1,ConnectDuval,Duval County,FL,ok,200,,,https://api.fususone.com/api/public/organizations/jacksonvillesheriff/stats/,6809,9770,2649,6975,1500,1654
True,2026-09-21T18:49:18Z,2026-09-21T18:51:50Z,jeffersoncountysheriff,1,Connect Jefferson County,Jefferson County,AL,ok,200,,,https://api.fususone.com/api/public/organizations/jeffersoncountysheriff/stats/,1471,2674,1788,808,1500,1786
True,2026-09-21T18:49:18Z,2026-09-21T18:51:51Z,kalamazoodps,1,Connect Kalamazoo,Kalamazoo,MI,ok,200,,,https://api.fususone.com/api/public/organizations/kalamazoodps/stats/,837,1104,1104,0,1500,1093
True,2026-09-21T18:49:18Z,2026-09-21T18:51:52Z,kansascitykspd,1,Connect KCK,"Kansas City, Kansas",KS,ok,200,,,https://api.fususone.com/api/public/organizations/kansascitykspd/stats/,3340,1193,1148,45,1500,1144
True,2026-09-21T18:49:18Z,2026-09-21T18:51:53Z,kennesawpd,1,Connect Kennesaw,Kennesaw,GA,ok,200,,,https://api.fususone.com/api/public/organizations/kennesawpd/stats/,566,9229,257,34,500,256
True,2026-09-21T18:49:18Z,2026-09-21T18:51:54Z,kentcountysd,1,The Kent Safety Network,Kent County,MI,ok,200,,,https://api.fususone.com/api/public/organizations/kentcountysd/stats/,575,2710,740,1942,4500,490
True,2026-09-21T18:49:18Z,2026-09-21T18:51:55Z,killeenpd,1,KPD Connect,Killeen,TX,ok,200,,,https://api.fususone.com/api/public/organizations/killeenpd/stats/,1412,507,507,0,1500,497
True,2026-09-21T18:49:18Z,2026-09-21T18:51:56Z,knoxvillepdtn,1,Connect Knoxville,Knoxville,TN,ok,200,,,https://api.fususone.com/api/public/organizations/knoxvillepdtn/stats/,581,682,552,130,500,187
True,2026-09-21T18:49:18Z,2026-09-21T18:51:57Z,kylepdtx,1,Connect Kyle,Kyle,TX,ok,200,,,https://api.fususone.com/api/public/organizations/kylepdtx/stats/,153,110,110,0,500,110
True,2026-09-21T18:49:18Z,2026-09-21T18:51:58Z,lafayettepd,1,Connect Lafayette,Lafayette,LA,ok,200,,,https://api.fususone.com/api/public/organizations/lafayettepd/stats/,378,2210,1576,350,1500,1545
True,2026-09-21T18:49:18Z,2026-09-21T18:51:59Z,lafourcheparishso,1,Connect Lafourche Parish,Lafourche Parish,LA,ok,200,,,https://api.fususone.com/api/public/organizations/lafourcheparishso/stats/,755,136,136,0,500,136
True,2026-09-21T18:49:18Z,2026-09-21T18:52:00Z,lagrangepd,1,Connect Lagrange,Lagrange,GA,ok,200,,,https://api.fususone.com/api/public/organizations/lagrangepd/stats/,137,58,58,0,150,52
True,2026-09-21T18:49:18Z,2026-09-21T18:52:01Z,lagunabeachpd,1,Connect Laguna Beach,Laguna Beach,CA,ok,200,,,https://api.fususone.com/api/public/organizations/lagunabeachpd/stats/,0,25,25,0,148,25
True,2026-09-21T18:49:18Z,2026-09-21T18:52:02Z,lakecountysheriff,1,Connect Lake County,Lake County,FL,ok,200,,,https://api.fususone.com/api/public/organizations/lakecountysheriff/stats/,2249,6351,96,5760,1500,80
True,2026-09-21T18:49:18Z,2026-09-21T18:52:03Z,lakewoodpdco,1,Connect Lakewood,Lakewood,CO,ok,200,,,https://api.fususone.com/api/public/organizations/lakewoodpdco/stats/,153,496,496,0,0,484
True,2026-09-21T18:49:18Z,2026-09-21T18:52:04Z,lapd,1,Connect Los Angeles,Los Angeles,CA,ok,200,,,https://api.fususone.com/api/public/organizations/lapd/stats/,0,271,271,0,0,216
True,2026-09-21T18:49:18Z,2026-09-21T18:52:05Z,lasd,1,Connect Los Angeles County,Los Angeles County,CA,ok,200,,,https://api.fususone.com/api/public/organizations/lasd/stats/,2177,2999,1595,1404,1500,442
True,2026-09-21T18:49:18Z,2026-09-21T18:52:06Z,lawrencepdks,1,Connect Lawrence,Lawrence,KS,ok,200,,,https://api.fususone.com/api/public/organizations/lawrencepdks/stats/,132,467,467,0,500,467
True,2026-09-21T18:49:18Z,2026-09-21T18:52:07Z,lawrencevillepdga,1,Connect Lawrenceville,"Lawrenceville, Georgia",GA,ok,200,,,https://api.fususone.com/api/public/organizations/lawrencevillepdga/stats/,0,707,456,193,1,453
True,2026-09-21T18:49:18Z,2026-09-21T18:52:08Z,lawtonpdok,1,Connect Lawton,Lawton,OK,ok,200,,,https://api.fususone.com/api/public/organizations/lawtonpdok/stats/,0,24,24,0,0,24
True,2026-09-21T18:49:18Z,2026-09-21T18:52:09Z,leavenworthpdks,1,Connect Leavenworth,Leavenworth,KS,ok,200,,,https://api.fususone.com/api/public/organizations/leavenworthpdks/stats/,0,47,47,0,0,47
True,2026-09-21T18:49:18Z,2026-09-21T18:52:10Z,lenexapdks,1,Connect Lenexa,Lenexa,KS,ok,200,,,https://api.fususone.com/api/public/organizations/lenexapdks/stats/,0,1169,334,0,0,324
True,2026-09-21T18:49:18Z,2026-09-21T18:52:11Z,lexingtonky,1,Connect Lexington,Lexington,KY,ok,200,,,https://api.fususone.com/api/public/organizations/lexingtonky/stats/,2107,1087,811,275,10000,807
True,2026-09-21T18:49:18Z,2026-09-21T18:52:12Z,lincolnbrookhaven,1,Connect Brookhaven and Lincoln County,Brookhaven and Lincoln County,MS,ok,200,,,https://api.fususone.com/api/public/organizations/lincolnbrookhaven/stats/,124,181,181,0,10000,179
True,2026-09-21T18:49:18Z,2026-09-21T18:52:13Z,littlerockpd,1,Connect Little Rock,Little Rock,AR,ok,200,,,https://api.fususone.com/api/public/organizations/littlerockpd/stats/,2859,2567,1797,542,1500,1904
True,2026-09-21T18:49:18Z,2026-09-21T18:52:14Z,losgatospdca,1,Community Protecht,Los Gatos,CA,ok,200,,,https://api.fususone.com/api/public/organizations/losgatospdca/stats/,0,38,38,0,0,33
True,2026-09-21T18:49:18Z,2026-09-21T18:52:15Z,louisvillemetro,1,Connect Louisville,Louisville,KY,ok,200,,,https://api.fususone.com/api/public/organizations/louisvillemetro/stats/,1027,1744,1501,240,1500,1455
True,2026-09-21T18:49:18Z,2026-09-21T18:52:16Z,lynchburgpd,1,Hill City Connect,Lynchburg,VA,ok,200,,,https://api.fususone.com/api/public/organizations/lynchburgpd/stats/,1388,716,716,0,1500,708
True,2026-09-21T18:49:18Z,2026-09-21T18:52:17Z,madisonthecity,1,Connect Madison,Madison,MS,ok,200,,,https://api.fususone.com/api/public/organizations/madisonthecity/stats/,33,170,85,0,1500,62
True,2026-09-21T18:49:18Z,2026-09-21T18:52:18Z,manassaspdva,1,Connect Manassas City,Manassas City,VA,ok,200,,,https://api.fususone.com/api/public/organizations/manassaspdva/stats/,0,451,48,403,0,48
True,2026-09-21T18:49:18Z,2026-09-21T18:52:19Z,manhattanbeach,1,Connect Manhattan Beach,Manhattan Beach,CA,ok,200,,,https://api.fususone.com/api/public/organizations/manhattanbeach/stats/,7,2881,167,2714,10000,164
True,2026-09-21T18:49:18Z,2026-09-21T18:52:20Z,manheimtwp,1,Connect Manheim Township,Manheim Township,PA,ok,200,,,https://api.fususone.com/api/public/organizations/manheimtwp/stats/,0,30,30,0,0,27
True,2026-09-21T18:49:18Z,2026-09-21T18:52:21Z,martincountyso,2,Connect Martin County,Martin County,FL,ok,200,,,https://api.fususone.com/api/public/organizations/martincountyso/stats/,1149,6030,585,5179,1500,504
True,2026-09-21T18:49:18Z,2026-09-21T18:52:22Z,mcpdmd,1,MoCoConnect,Montgomery County,MD,ok,200,,,https://api.fususone.com/api/public/organizations/mcpdmd/stats/,2260,1999,1200,595,10000,1150
True,2026-09-21T18:49:18Z,2026-09-21T18:52:23Z,mcso-tn,1,Connect Madison County,Madison County,TN,ok,200,,,https://api.fususone.com/api/public/organizations/mcso-tn/stats/,0,621,365,0,150,365
True,2026-09-21T18:49:18Z,2026-09-21T18:52:24Z,melroseparkpdil,1,Connect Melrose Park,Melrose Park,IL,ok,200,,,https://api.fususone.com/api/public/organizations/melroseparkpdil/stats/,32,232,197,35,0,193
True,2026-09-21T18:49:18Z,2026-09-21T18:52:25Z,memphispd,1,Connect Memphis,Memphis,TN,ok,200,,,https://api.fususone.com/api/public/organizations/memphispd/stats/,14156,3096,2273,665,2750,2129
True,2026-09-21T18:49:18Z,2026-09-21T18:52:26Z,mercedpdca,1,Merced Community Camera Program,Merced,CA,ok,200,,,https://api.fususone.com/api/public/organizations/mercedpdca/stats/,423,105,105,0,0,105
True,2026-09-21T18:49:18Z,2026-09-21T18:52:27Z,meridianpdms,1,Connect Meridian,Meridian,MS,ok,200,,,https://api.fususone.com/api/public/organizations/meridianpdms/stats/,0,303,303,0,10000,303
True,2026-09-21T18:49:18Z,2026-09-21T18:52:28Z,miamibeachpdfl,1,Connect Miami Beach,Miami Beach,FL,ok,200,,,https://api.fususone.com/api/public/organizations/miamibeachpdfl/stats/,0,525,525,0,0,480
True,2026-09-21T18:49:18Z,2026-09-21T18:52:29Z,miamidadepd,1,Connect Miami-Dade,Miami-Dade,FL,ok,200,,,https://api.fususone.com/api/public/organizations/miamidadepd/stats/,1249,1799,767,299,5000,694
True,2026-09-21T18:49:18Z,2026-09-21T18:52:30Z,milwaukeepd,1,Community Connect Milwaukee,Milwaukee,WI,ok,200,,,https://api.fususone.com/api/public/organizations/milwaukeepd/stats/,1552,1225,1014,211,1500,985
True,2026-09-21T18:49:18Z,2026-09-21T18:52:31Z,minnetonkapdmn,1,Keep Minnetonka Safe,Minnetonka,MN,ok,200,,,https://api.fususone.com/api/public/organizations/minnetonkapdmn/stats/,692,1895,660,1235,1500,644
True,2026-09-21T18:49:18Z,2026-09-21T18:52:32Z,missoulapdmt,1,Connect Missoula,Missoula,MT,ok,200,,,https://api.fususone.com/api/public/organizations/missoulapdmt/stats/,99,25,25,0,0,25
True,2026-09-21T18:49:18Z,2026-09-21T18:52:33Z,mobilepdal,1,Connect Mobile,Mobile,AL,ok,200,,,https://api.fususone.com/api/public/organizations/mobilepdal/stats/,0,259,259,0,0,259
True,2026-09-21T18:49:18Z,2026-09-21T18:52:34Z,modestopd,1,Connect Modesto,Modesto,CA,ok,200,,,https://api.fususone.com/api/public/organizations/modestopd/stats/,89,424,408,16,1500,392
True,2026-09-21T18:49:18Z,2026-09-21T18:52:35Z,monmouthcounty,1,Connect Monmouth County,Monmouth County,NJ,ok,200,,,https://api.fususone.com/api/public/organizations/monmouthcounty/stats/,74,1810,1058,0,1500,1020
True,2026-09-21T18:49:18Z,2026-09-21T18:52:36Z,monroecoso,1,Connect Monroe County,Monroe County,NY,ok,200,,,https://api.fususone.com/api/public/organizations/monroecoso/stats/,181,783,783,0,10000,716
True,2026-09-21T18:49:18Z,2026-09-21T18:52:37Z,montgomerypd-al,1,STAR Watch Program,Montgomery,AL,ok,200,,,https://api.fususone.com/api/public/organizations/montgomerypd-al/stats/,2915,961,264,631,1500,262
True,2026-09-21T18:49:18Z,2026-09-21T18:52:38Z,montgomeryso-al,1,Connect Montgomery County,Montgomery County,AL,ok,200,,,https://api.fususone.com/api/public/organizations/montgomeryso-al/stats/,23,295,86,0,402,86
True,2026-09-21T18:49:18Z,2026-09-21T18:52:39Z,montrosepdco,1,Connect Montrose,Montrose,CO,ok,200,,,https://api.fususone.com/api/public/organizations/montrosepdco/stats/,0,169,169,0,0,169
True,2026-09-21T18:49:18Z,2026-09-21T18:52:40Z,mooresvillepd,1,Connect Mooresville,Mooresville,NC,ok,200,,,https://api.fususone.com/api/public/organizations/mooresvillepd/stats/,0,267,267,0,1500,267
True,2026-09-21T18:49:18Z,2026-09-21T18:52:41Z,mpls,1,Connect Minneapolis,Minneapolis,MN,ok,200,,,https://api.fususone.com/api/public/organizations/mpls/stats/,2644,2716,763,1429,1500,757
True,2026-09-21T18:49:18Z,2026-09-21T18:52:42Z,munsterpdin,1,Connect Munster,Munster,IN,ok,200,,,https://api.fususone.com/api/public/organizations/munsterpdin/stats/,109,274,98,0,150,98
True,2026-09-21T18:49:18Z,2026-09-21T18:52:43Z,newbrunswickpdnj,1,Connect New Brunswick,New Brunswick,NJ,ok,200,,,https://api.fususone.com/api/public/organizations/newbrunswickpdnj/stats/,0,123,123,0,0,123
True,2026-09-21T18:49:18Z,2026-09-21T18:52:44Z,newcastlede,1,Connect New Castle County,New Castle County,DE,ok,200,,,https://api.fususone.com/api/public/organizations/newcastlede/stats/,21,168,160,8,0,91
True,2026-09-21T18:49:18Z,2026-09-21T18:52:45Z,newhavenct,1,Connect New Haven,New Haven,CT,ok,200,,,https://api.fususone.com/api/public/organizations/newhavenct/stats/,193,699,699,0,1500,699
True,2026-09-21T18:49:18Z,2026-09-21T18:52:46Z,newlondonpdct,1,Connect New London,New London,CT,ok,200,,,https://api.fususone.com/api/public/organizations/newlondonpdct/stats/,0,5,5,0,0,3
True,2026-09-21T18:49:18Z,2026-09-21T18:52:47Z,newportbeachpdca,1,Connect Newport Beach,Newport Beach,CA,ok,200,,,https://api.fususone.com/api/public/organizations/newportbeachpdca/stats/,397,229,170,59,1,129
True,2026-09-21T18:49:18Z,2026-09-21T18:52:48Z,newportnewspd,1,Connect Newport News,Newport News,VA,ok,200,,,https://api.fususone.com/api/public/organizations/newportnewspd/stats/,1414,2293,892,1385,1500,884
True,2026-09-21T18:49:18Z,2026-09-21T18:52:49Z,newtonsheriff,1,Connect Newton County,Newton County,GA,ok,200,,,https://api.fususone.com/api/public/organizations/newtonsheriff/stats/,348,3518,523,52,150,520
True,2026-09-21T18:49:18Z,2026-09-21T18:52:50Z,norfolkpd,1,Connect Norfolk,Norfolk,VA,ok,200,,,https://api.fususone.com/api/public/organizations/norfolkpd/stats/,440,3644,2023,1385,4500,1921
True,2026-09-21T18:49:18Z,2026-09-21T18:52:51Z,northcharlestonpd,1,Connect North Charleston,North Charleston,SC,ok,200,,,https://api.fususone.com/api/public/organizations/northcharlestonpd/stats/,1365,566,291,71,10000,283
True,2026-09-21T18:49:18Z,2026-09-21T18:52:52Z,northlittlerock,1,Connect North Little Rock,North Little Rock,AR,ok,200,,,https://api.fususone.com/api/public/organizations/northlittlerock/stats/,408,994,730,61,1500,730
True,2026-09-21T18:49:18Z,2026-09-21T18:52:53Z,northport,1,Connect North Port,North Port,FL,ok,200,,,https://api.fususone.com/api/public/organizations/northport/stats/,149,891,244,543,150,200
True,2026-09-21T18:49:18Z,2026-09-21T18:52:54Z,novatopdca,1,Connect Novato,Novato,CA,ok,200,,,https://api.fususone.com/api/public/organizations/novatopdca/stats/,667,42,42,0,0,42
True,2026-09-21T18:49:18Z,2026-09-21T18:52:55Z,nypd,1,Connect NYPD,New York City,NY,ok,200,,,https://api.fususone.com/api/public/organizations/nypd/stats/,5511,2150,2150,0,32767,2080
True,2026-09-21T18:49:18Z,2026-09-21T18:52:56Z,oakbrookpd,1,Connect Oak Brook,Oak Brook,IL,ok,200,,,https://api.fususone.com/api/public/organizations/oakbrookpd/stats/,166,399,359,40,1500,359
True,2026-09-21T18:49:18Z,2026-09-21T18:52:57Z,oakdaleca,1,Connect Oakdale,Oakdale,CA,ok,200,,,https://api.fususone.com/api/public/organizations/oakdaleca/stats/,17,259,246,13,500,244
True,2026-09-21T18:49:18Z,2026-09-21T18:52:58Z,oaklawn,1,Connect Oak Lawn,Oak Lawn,IL,ok,200,,,https://api.fususone.com/api/public/organizations/oaklawn/stats/,1424,2204,954,1157,1500,789
True,2026-09-21T18:49:18Z,2026-09-21T18:52:59Z,obterracepd,1,Connect Oakbrook Terrace,Oakbrook Terrace,IL,ok,200,,,https://api.fususone.com/api/public/organizations/obterracepd/stats/,163,312,0,6,500,0
True,2026-09-21T18:49:18Z,2026-09-21T18:53:00Z,oceansidepdca,1,Connect Oceanside,Oceanside,CA,ok,200,,,https://api.fususone.com/api/public/organizations/oceansidepdca/stats/,325,257,150,107,0,150
True,2026-09-21T18:49:18Z,2026-09-21T18:53:01Z,ocsdca,1,Connect Orange County,Orange County,CA,ok,200,,,https://api.fususone.com/api/public/organizations/ocsdca/stats/,2815,2884,1352,1511,5000,1207
True,2026-09-21T18:49:18Z,2026-09-21T18:53:02Z,okaloosacounty,1,Connect Okaloosa County,Okaloosa County,FL,ok,200,,,https://api.fususone.com/api/public/organizations/okaloosacounty/stats/,781,516,186,262,1500,156
True,2026-09-21T18:49:18Z,2026-09-21T18:53:03Z,okcpd,1,Connect Oklahoma City,Oklahoma City,OK,ok,200,,,https://api.fususone.com/api/public/organizations/okcpd/stats/,1730,6736,5897,839,1500,1905
True,2026-09-21T18:49:18Z,2026-09-21T18:53:04Z,ontariopolice,1,Connect Ontario,Ontario,CA,ok,200,,,https://api.fususone.com/api/public/organizations/ontariopolice/stats/,319,2075,1329,746,1500,1264
True,2026-09-21T18:49:18Z,2026-09-21T18:53:05Z,orangecofl,1,Connect Orange County,Orange County,FL,ok,200,,,https://api.fususone.com/api/public/organizations/orangecofl/stats/,2299,10416,857,7670,7750,758
True,2026-09-21T18:49:18Z,2026-09-21T18:53:06Z,orlando,1,Orlando Connect,Orlando,FL,ok,200,,,https://api.fususone.com/api/public/organizations/orlando/stats/,7318,4102,1056,2658,1500,1006
True,2026-09-21T18:49:18Z,2026-09-21T18:53:07Z,orlandparkpd,1,Connect Orland Park,Orland Park,IL,ok,200,,,https://api.fususone.com/api/public/organizations/orlandparkpd/stats/,425,1275,429,846,10000,386
True,2026-09-21T18:49:18Z,2026-09-21T18:53:08Z,overlandparkpdks,1,Secure OP,Overland Park,KS,ok,200,,,https://api.fususone.com/api/public/organizations/overlandparkpdks/stats/,6,1087,553,0,0,540
True,2026-09-21T18:49:18Z,2026-09-21T18:53:09Z,pascopdwa,1,OnePasco,Pasco,WA,ok,200,,,https://api.fususone.com/api/public/organizations/pascopdwa/stats/,69,148,148,0,150,142
True,2026-09-21T18:49:18Z,2026-09-21T18:53:10Z,patersonpdnj,1,Connect Paterson,Paterson,NJ,ok,200,,,https://api.fususone.com/api/public/organizations/patersonpdnj/stats/,182,379,379,0,10000,374
True,2026-09-21T18:49:18Z,2026-09-21T18:53:11Z,pbso,1,Keep Palm Beach County Safe,Palm Beach County,FL,ok,200,,,https://api.fususone.com/api/public/organizations/pbso/stats/,1734,1501,1015,0,1,925
True,2026-09-21T18:49:18Z,2026-09-21T18:53:12Z,peachtreecorners,1,Connect Peachtree,Peachtree Corners,GA,ok,200,,,https://api.fususone.com/api/public/organizations/peachtreecorners/stats/,445,191,142,32,500,139
True,2026-09-21T18:49:18Z,2026-09-21T18:53:13Z,pekinpdil,1,Connect Pekin,Pekin,IL,ok,200,,,https://api.fususone.com/api/public/organizations/pekinpdil/stats/,0,87,68,0,0,68
True,2026-09-21T18:49:18Z,2026-09-21T18:53:14Z,pellcitypd,1,Connect Pell City,Pell City,AL,ok,200,,,https://api.fususone.com/api/public/organizations/pellcitypd/stats/,272,976,279,697,1000,279
True,2026-09-21T18:49:18Z,2026-09-21T18:53:15Z,peoriapd,1,Connect Peoria,Peoria,IL,ok,200,,,https://api.fususone.com/api/public/organizations/peoriapd/stats/,445,899,544,0,1500,537
True,2026-09-21T18:49:18Z,2026-09-21T18:53:16Z,peoriapdaz,1,Connect Peoria,Peoria,AZ,ok,200,,,https://api.fususone.com/api/public/organizations/peoriapdaz/stats/,76,599,403,25,10000,394
True,2026-09-21T18:49:18Z,2026-09-21T18:53:17Z,petersburgpd,1,Connect Petersburg,Petersburg,VA,ok,200,,,https://api.fususone.com/api/public/organizations/petersburgpd/stats/,358,1711,298,1413,1500,273
True,2026-09-21T18:49:18Z,2026-09-21T18:53:18Z,pgcountypd,1,Connect Prince George's County,Prince George's County,MD,ok,200,,,https://api.fususone.com/api/public/organizations/pgcountypd/stats/,465,3223,1782,578,1500,1483
True,2026-09-21T18:49:18Z,2026-09-21T18:53:19Z,placerca,1,Connect Placer County,Placer County,CA,ok,200,,,https://api.fususone.com/api/public/organizations/placerca/stats/,550,912,263,472,500,219
True,2026-09-21T18:49:18Z,2026-09-21T18:53:20Z,planotx,1,Keep Plano Safe,Plano,TX,ok,200,,,https://api.fususone.com/api/public/organizations/planotx/stats/,18,324,324,0,500,316
True,2026-09-21T18:49:18Z,2026-09-21T18:53:21Z,plaqueminesparishso,1,Connect Plaquemines Parish,Plaquemines Parish,LA,ok,200,,,https://api.fususone.com/api/public/organizations/plaqueminesparishso/stats/,8,532,35,497,10000,35
True,2026-09-21T18:49:18Z,2026-09-21T18:53:22Z,pomonapd,1,Pomona Safe Communities,Pomona,CA,ok,200,,,https://api.fususone.com/api/public/organizations/pomonapd/stats/,266,187,179,8,10000,168
True,2026-09-21T18:49:18Z,2026-09-21T18:53:23Z,portsmouthpd,1,Portsmouth Connect,Portsmouth,VA,ok,200,,,https://api.fususone.com/api/public/organizations/portsmouthpd/stats/,491,1806,393,1413,1500,392
True,2026-09-21T18:49:18Z,2026-09-21T18:53:24Z,powderspringspd,1,Connect Powder Springs,Powder Springs,GA,ok,200,,,https://api.fususone.com/api/public/organizations/powderspringspd/stats/,113,2954,52,18,150,52
True,2026-09-21T18:49:18Z,2026-09-21T18:53:25Z,prairievillagepdks,1,Connect Prairie Village,Prairie Village,KS,ok,200,,,https://api.fususone.com/api/public/organizations/prairievillagepdks/stats/,116,1488,327,320,1500,312
True,2026-09-21T18:49:18Z,2026-09-21T18:53:26Z,queencreekaz,1,Connect Queen Creek,Queen Creek,AZ,ok,200,,,https://api.fususone.com/api/public/organizations/queencreekaz/stats/,76,946,442,333,1499,434
True,2026-09-21T18:49:18Z,2026-09-21T18:53:27Z,raleighncpd,1,CONNECTRALEIGH,Raleigh,NC,ok,200,,,https://api.fususone.com/api/public/organizations/raleighncpd/stats/,1862,1621,1134,56,1500,1131
True,2026-09-21T18:49:18Z,2026-09-21T18:53:28Z,rankincounty,1,Connect Rankin County,Rankin County,MS,ok,200,,,https://api.fususone.com/api/public/organizations/rankincounty/stats/,0,368,266,58,1500,261
True,2026-09-21T18:49:18Z,2026-09-21T18:53:29Z,redondobchpd,1,Connect Redondo Beach,Redondo Beach,CA,ok,200,,,https://api.fususone.com/api/public/organizations/redondobchpd/stats/,445,482,77,405,350,75
True,2026-09-21T18:49:18Z,2026-09-21T18:53:30Z,renopd,1,Connect Reno,Reno,NV,ok,200,,,https://api.fususone.com/api/public/organizations/renopd/stats/,708,881,541,141,500,513
True,2026-09-21T18:49:18Z,2026-09-21T18:53:31Z,rentonpdwa,1,Connect Renton,Renton,WA,ok,200,,,https://api.fususone.com/api/public/organizations/rentonpdwa/stats/,1328,237,237,0,0,219
True,2026-09-21T18:49:18Z,2026-09-21T18:53:32Z,rialtopd,1,Connect Rialto,Rialto,CA,ok,200,,,https://api.fususone.com/api/public/organizations/rialtopd/stats/,349,3610,699,2911,500,685
True,2026-09-21T18:49:18Z,2026-09-21T18:53:33Z,richlandpdwa,1,Connect Richland,Richland,WA,ok,200,,,https://api.fususone.com/api/public/organizations/richlandpdwa/stats/,40,190,190,0,0,159
True,2026-09-21T18:49:18Z,2026-09-21T18:53:34Z,richmondcsoga,1,Connect Richmond County,Richmond County,GA,ok,200,,,https://api.fususone.com/api/public/organizations/richmondcsoga/stats/,0,141,141,0,0,141
True,2026-09-21T18:49:18Z,2026-09-21T18:53:35Z,richmondva,1,Connect Richmond,Richmond,VA,ok,200,,,https://api.fususone.com/api/public/organizations/richmondva/stats/,235,558,484,0,1500,405
True,2026-09-21T18:49:18Z,2026-09-21T18:53:36Z,rileycountypd,1,Connect Riley County,Riley County,KS,ok,200,,,https://api.fususone.com/api/public/organizations/rileycountypd/stats/,81,47,47,0,0,47
True,2026-09-21T18:49:18Z,2026-09-21T18:53:37Z,riverdalepd,1,Connect Riverdale,Riverdale,IL,error,404,HTTP 404,totalRegisteredCameras;totalIntegratedCameras;totalOwnedCameras;totalSharedCameras;totalMaxCameras;subscribedCameras,https://api.fususone.com/api/public/organizations/riverdalepd/stats/,,,,,,
True,2026-09-21T18:49:18Z,2026-09-21T18:53:38Z,rocklinpd,1,Rocklin on Watch,Rocklin,CA,ok,200,,,https://api.fususone.com/api/public/organizations/rocklinpd/stats/,505,280,99,147,150,99
True,2026-09-21T18:49:18Z,2026-09-21T18:53:39Z,rockymountpd,1,Connect Rocky Mount,Rocky Mount,NC,ok,200,,,https://api.fususone.com/api/public/organizations/rockymountpd/stats/,112,726,674,50,5000,616
True,2026-09-21T18:49:18Z,2026-09-21T18:53:40Z,rogerspdar,1,Connect Rogers,Rogers,AR,ok,200,,,https://api.fususone.com/api/public/organizations/rogerspdar/stats/,280,263,263,0,0,254
True,2026-09-21T18:49:18Z,2026-09-21T18:53:41Z,roswellpdnm,1,SaferRoswell,Roswell,NM,ok,200,,,https://api.fususone.com/api/public/organizations/roswellpdnm/stats/,4,102,102,0,0,102
True,2026-09-21T18:49:18Z,2026-09-21T18:53:42Z,sacramentocoso,1,Connect Sacramento County,Sacramento County,CA,ok,200,,,https://api.fususone.com/api/public/organizations/sacramentocoso/stats/,353,415,188,227,5000,187
True,2026-09-21T18:49:18Z,2026-09-21T18:53:43Z,sacramentopd,1,Sacramento PD Connect,Sacramento,CA,ok,200,,,https://api.fususone.com/api/public/organizations/sacramentopd/stats/,887,1762,1038,406,2000,1016
True,2026-09-21T18:49:18Z,2026-09-21T18:53:44Z,salinaspd,1,Connect Salinas,Salinas,CA,ok,200,,,https://api.fususone.com/api/public/organizations/salinaspd/stats/,42,2947,264,2683,500,262
True,2026-09-21T18:49:18Z,2026-09-21T18:53:45Z,sanbernardinopdca,1,Connect San Bernardino,San Bernardino,CA,ok,200,,,https://api.fususone.com/api/public/organizations/sanbernardinopdca/stats/,152,674,552,122,6000,451
True,2026-09-21T18:49:18Z,2026-09-21T18:53:46Z,sandyspringspd,1,Connect Sandy Springs,Sandy Springs,GA,ok,200,,,https://api.fususone.com/api/public/organizations/sandyspringspd/stats/,877,15223,300,4381,7782,297
True,2026-09-21T18:49:18Z,2026-09-21T18:53:47Z,sanjoaquincsoca,1,ConnectSJSO,San Joaquin County,CA,ok,200,,,https://api.fususone.com/api/public/organizations/sanjoaquincsoca/stats/,152,131,63,68,0,62
True,2026-09-21T18:49:18Z,2026-09-21T18:53:48Z,sanjose,1,Connect San Jose,San Jose,CA,ok,200,,,https://api.fususone.com/api/public/organizations/sanjose/stats/,10810,1483,1206,277,1500,1205
True,2026-09-21T18:49:18Z,2026-09-21T18:53:49Z,sanmarcospdtx,1,Connect San Marcos,San Marcos,TX,ok,200,,,https://api.fususone.com/api/public/organizations/sanmarcospdtx/stats/,62,78,78,0,10000,78
True,2026-09-21T18:49:18Z,2026-09-21T18:53:50Z,sanmateopd,1,Connect San Mateo,San Mateo,CA,ok,200,,,https://api.fususone.com/api/public/organizations/sanmateopd/stats/,3101,99,99,0,1500,96
True,2026-09-21T18:49:18Z,2026-09-21T18:53:51Z,sarasotacsofl,1,Connect Sarasota County,Sarasota County,FL,ok,200,,,https://api.fususone.com/api/public/organizations/sarasotacsofl/stats/,5,452,386,66,0,374
True,2026-09-21T18:49:18Z,2026-09-21T18:53:52Z,saratogaspringspdny,1,Connect Saratoga Springs,Saratoga Springs,NY,ok,200,,,https://api.fususone.com/api/public/organizations/saratogaspringspdny/stats/,130,197,181,16,0,180
True,2026-09-21T18:49:18Z,2026-09-21T18:53:53Z,savannahpd,1,Connect Savannah,Savannah,GA,ok,200,,,https://api.fususone.com/api/public/organizations/savannahpd/stats/,1167,9258,304,23,1500,304
True,2026-09-21T18:49:18Z,2026-09-21T18:53:54Z,schenectadypdny,1,Connect Schenectady,Schenectady,NY,ok,200,,,https://api.fususone.com/api/public/organizations/schenectadypdny/stats/,0,69,69,0,0,69
True,2026-09-21T18:49:18Z,2026-09-21T18:53:55Z,scrantonpd,1,Connect Scranton,Scranton,PA,ok,200,,,https://api.fususone.com/api/public/organizations/scrantonpd/stats/,460,60,60,0,0,60
True,2026-09-21T18:49:18Z,2026-09-21T18:53:56Z,seagovillepdtx,1,Seagoville Connect and Protect,Seagoville,TX,ok,200,,,https://api.fususone.com/api/public/organizations/seagovillepdtx/stats/,22,49,49,0,225,49
True,2026-09-21T18:49:18Z,2026-09-21T18:53:57Z,seatpleasantmd,1,Connect Seat Pleasant,Seat Pleasant,MD,ok,200,,,https://api.fususone.com/api/public/organizations/seatpleasantmd/stats/,0,1527,105,534,500,102
True,2026-09-21T18:49:18Z,2026-09-21T18:53:58Z,seattlepd,1,Connect Seattle,Seattle,WA,ok,200,,,https://api.fususone.com/api/public/organizations/seattlepd/stats/,882,697,674,0,5000,673
True,2026-09-21T18:49:18Z,2026-09-21T18:53:59Z,seminolecountyso,1,Connect Seminole,Seminole County,FL,ok,200,,,https://api.fususone.com/api/public/organizations/seminolecountyso/stats/,110,2064,528,1099,1500,518
True,2026-09-21T18:49:18Z,2026-09-21T18:54:00Z,shawneecosheriff,1,Connect Shawnee County and the City of Topeka,Shawnee County and the City of Topeka,KS,ok,200,,,https://api.fususone.com/api/public/organizations/shawneecosheriff/stats/,1203,2241,641,1600,500,541
True,2026-09-21T18:49:18Z,2026-09-21T18:54:01Z,shelbycoso,1,Connect Shelby County,Shelby County,TN,ok,200,,,https://api.fususone.com/api/public/organizations/shelbycoso/stats/,1307,2324,181,123,1500,152
True,2026-09-21T18:49:18Z,2026-09-21T18:54:02Z,smyrnaga,1,Connect Smyrna,Smyrna,GA,ok,200,,,https://api.fususone.com/api/public/organizations/smyrnaga/stats/,333,13064,262,3416,3058,257
True,2026-09-21T18:49:18Z,2026-09-21T18:54:03Z,southbendpd,1,Sync South Bend,South Bend,IN,ok,200,,,https://api.fususone.com/api/public/organizations/southbendpd/stats/,2525,2035,1291,744,1500,1278
True,2026-09-21T18:49:18Z,2026-09-21T18:54:04Z,southfultonga,1,Connect South Fulton,South Fulton,GA,ok,200,,,https://api.fususone.com/api/public/organizations/southfultonga/stats/,460,14804,552,4105,8000,537
True,2026-09-21T18:49:18Z,2026-09-21T18:54:05Z,sparkspdnv,1,Connect Sparks,Sparks,NV,ok,200,,,https://api.fususone.com/api/public/organizations/sparkspdnv/stats/,244,658,215,0,500,201
True,2026-09-21T18:49:18Z,2026-09-21T18:54:06Z,spartanburgpd,1,Connect Spartanburg,Spartanburg,SC,ok,200,,,https://api.fususone.com/api/public/organizations/spartanburgpd/stats/,187,652,648,4,500,648
True,2026-09-21T18:49:18Z,2026-09-21T18:54:07Z,spokanecsowa,1,Connect Spokane County,Spokane County,WA,ok,200,,,https://api.fususone.com/api/public/organizations/spokanecsowa/stats/,56,959,827,131,150,720
True,2026-09-21T18:49:18Z,2026-09-21T18:54:08Z,springfieldpd,1,Sync Springfield,Springfield,IL,ok,200,,,https://api.fususone.com/api/public/organizations/springfieldpd/stats/,1647,2546,2473,0,1500,2452
True,2026-09-21T18:49:18Z,2026-09-21T18:54:09Z,springfieldpdmo,1,Springfield Safe,Springfield,MO,ok,200,,,https://api.fususone.com/api/public/organizations/springfieldpdmo/stats/,14,313,162,151,0,153
True,2026-09-21T18:49:18Z,2026-09-21T18:54:10Z,statesboropd,1,Connect Statesboro,Statesboro,GA,ok,200,,,https://api.fususone.com/api/public/organizations/statesboropd/stats/,1,14447,629,4131,3950,622
True,2026-09-21T18:49:18Z,2026-09-21T18:54:11Z,stbernardso,1,Protect St. Bernard,St. Bernard Parish,LA,ok,200,,,https://api.fususone.com/api/public/organizations/stbernardso/stats/,147,1796,84,1712,781,84
True,2026-09-21T18:49:18Z,2026-09-21T18:54:12Z,stcloud,1,Connect St. Cloud,St. Cloud,FL,ok,200,,,https://api.fususone.com/api/public/organizations/stcloud/stats/,356,9164,1862,5972,7000,1839
True,2026-09-21T18:49:18Z,2026-09-21T18:54:13Z,stcloudpdmn,1,Saint Cloud Connect and Protect,Saint Cloud,MN,ok,200,,,https://api.fususone.com/api/public/organizations/stcloudpdmn/stats/,0,27,27,0,350,19
True,2026-09-21T18:49:18Z,2026-09-21T18:54:14Z,stjohnscountyso,1,Connect St. Johns,St. Johns County,FL,ok,200,,,https://api.fususone.com/api/public/organizations/stjohnscountyso/stats/,1710,1309,1123,186,1500,1077
True,2026-09-21T18:49:18Z,2026-09-21T18:54:15Z,stluciesheriff,1,Connect St Lucie County,St. Lucie County,FL,ok,200,,,https://api.fususone.com/api/public/organizations/stluciesheriff/stats/,831,124,124,0,1500,72
True,2026-09-21T18:49:18Z,2026-09-21T18:54:16Z,stocktonpdca,1,SaferStockton,Stockton,CA,ok,200,,,https://api.fususone.com/api/public/organizations/stocktonpdca/stats/,52,371,370,1,1,366
True,2026-09-21T18:49:18Z,2026-09-21T18:54:17Z,stpaulpdmn,1,Connect Saint Paul,Saint Paul,MN,ok,200,,,https://api.fususone.com/api/public/organizations/stpaulpdmn/stats/,65,1247,341,445,0,332
True,2026-09-21T18:49:18Z,2026-09-21T18:54:18Z,sumnercounty,1,Connect Sumner,Sumner,TN,ok,200,,,https://api.fususone.com/api/public/organizations/sumnercounty/stats/,461,92,33,38,4000,31
True,2026-09-21T18:49:18Z,2026-09-21T18:54:19Z,tempepd,1,Connect Tempe,Tempe,AZ,ok,200,,,https://api.fususone.com/api/public/organizations/tempepd/stats/,172,1506,907,0,1500,907
True,2026-09-21T18:49:18Z,2026-09-21T18:54:20Z,torrancepd,1,Secure Torrance,Torrance,CA,ok,200,,,https://api.fususone.com/api/public/organizations/torrancepd/stats/,133,389,143,246,200,93
True,2026-09-21T18:49:18Z,2026-09-21T18:54:21Z,troypdil,1,Connect Troy,Troy,MI,error,404,HTTP 404,totalRegisteredCameras;totalIntegratedCameras;totalOwnedCameras;totalSharedCameras;totalMaxCameras;subscribedCameras,https://api.fususone.com/api/public/organizations/troypdil/stats/,,,,,,
True,2026-09-21T18:49:18Z,2026-09-21T18:54:22Z,tucsonpd,1,Connect Tucson,Tucson,AZ,ok,200,,,https://api.fususone.com/api/public/organizations/tucsonpd/stats/,1329,632,461,0,1500,462
True,2026-09-21T18:49:18Z,2026-09-21T18:54:23Z,tupeloms,1,Connect Tupelo,Tupelo,MS,ok,200,,,https://api.fususone.com/api/public/organizations/tupeloms/stats/,271,349,349,0,500,344
True,2026-09-21T18:49:18Z,2026-09-21T18:54:24Z,turlockpd,1,Connect Turlock,Turlock,CA,ok,200,,,https://api.fususone.com/api/public/organizations/turlockpd/stats/,199,173,162,11,150,162
True,2026-09-21T18:49:18Z,2026-09-21T18:54:25Z,tuscaloosapd,1,Safeguard Tuscaloosa,Tuscaloosa,AL,ok,200,,,https://api.fususone.com/api/public/organizations/tuscaloosapd/stats/,258,1095,401,624,1500,381
True,2026-09-21T18:49:18Z,2026-09-21T18:54:26Z,uarizonapdaz,1,Connect University of Arizona,University of Arizona,AZ,ok,200,,,https://api.fususone.com/api/public/organizations/uarizonapdaz/stats/,0,16,4,0,0,0
True,2026-09-21T18:49:18Z,2026-09-21T18:54:27Z,uillinoispd,1,Connect University of Illinois Urbana-Champaign,University of Illinois Urbana-Champaign,IL,ok,200,,,https://api.fususone.com/api/public/organizations/uillinoispd/stats/,3,4177,4089,0,0,4079
True,2026-09-21T18:49:18Z,2026-09-21T18:54:28Z,universityofmissouripdmo,1,Mizzou SafeConnect,Mizzou,MO,ok,200,,,https://api.fususone.com/api/public/organizations/universityofmissouripdmo/stats/,145,1012,1012,0,0,999
True,2026-09-21T18:49:18Z,2026-09-21T18:54:29Z,virginiabeachpd,1,Connect Virginia Beach,Virginia Beach,VA,ok,200,,,https://api.fususone.com/api/public/organizations/virginiabeachpd/stats/,1447,3301,647,1409,2000,636
True,2026-09-21T18:49:18Z,2026-09-21T18:54:30Z,volusiasheriff,1,Connect Volusia,Volusia,FL,ok,200,,,https://api.fususone.com/api/public/organizations/volusiasheriff/stats/,670,3953,577,3025,1500,900
True,2026-09-21T18:49:18Z,2026-09-21T18:54:31Z,wakecounty,1,Connect Wake County,Wake County,NC,ok,200,,,https://api.fususone.com/api/public/organizations/wakecounty/stats/,171,970,285,57,1500,253
True,2026-09-21T18:49:18Z,2026-09-21T18:54:32Z,warnerrobinspd,1,Connect Warner Robins,Warner Robins,GA,ok,200,,,https://api.fususone.com/api/public/organizations/warnerrobinspd/stats/,218,9230,139,0,500,139
True,2026-09-21T18:49:18Z,2026-09-21T18:54:33Z,warrenpdmi,1,Connect Warren,Warren,MI,ok,200,,,https://api.fususone.com/api/public/organizations/warrenpdmi/stats/,64,223,144,79,1500,117
True,2026-09-21T18:49:18Z,2026-09-21T18:54:34Z,washoesheriff,1,Connect Washoe County,Washoe County,NV,ok,200,,,https://api.fususone.com/api/public/organizations/washoesheriff/stats/,9,470,178,4,500,171
True,2026-09-21T18:49:18Z,2026-09-21T18:54:35Z,webbcountyso,1,Connect Webb County,Webb County,TX,ok,200,,,https://api.fususone.com/api/public/organizations/webbcountyso/stats/,0,279,279,0,2000,275
True,2026-09-21T18:49:18Z,2026-09-21T18:54:36Z,westsacramento,1,West Sacramento Safe and Secure,West Sacramento,CA,ok,200,,,https://api.fususone.com/api/public/organizations/westsacramento/stats/,831,512,339,89,500,328
True,2026-09-21T18:49:18Z,2026-09-21T18:54:37Z,wheatonpd,1,Connect Wheaton,Wheaton,IL,ok,200,,,https://api.fususone.com/api/public/organizations/wheatonpd/stats/,427,535,535,0,1500,531
True,2026-09-21T18:49:18Z,2026-09-21T18:54:38Z,whitehallpd,1,Connect Whitehall,Whitehall,OH,ok,200,,,https://api.fususone.com/api/public/organizations/whitehallpd/stats/,575,615,153,462,1500,151
True,2026-09-21T18:49:18Z,2026-09-21T18:54:39Z,wichitapdks,1,Connected Wichita,Wichita,KS,ok,200,,,https://api.fususone.com/api/public/organizations/wichitapdks/stats/,4,365,344,21,1500,311
True,2026-09-21T18:49:18Z,2026-09-21T18:54:40Z,williamsoncsotn,1,Connect Williamson,Williamson County,TN,ok,200,,,https://api.fususone.com/api/public/organizations/williamsoncsotn/stats/,103,9,9,0,0,0
True,2026-09-21T18:49:18Z,2026-09-21T18:54:41Z,wilmingtonnc,1,Connect Wilmington,Wilmington,NC,ok,200,,,https://api.fususone.com/api/public/organizations/wilmingtonnc/stats/,2,712,696,0,10000,696
True,2026-09-21T18:49:18Z,2026-09-21T18:54:42Z,wintergarden,1,Connect Winter Garden,Winter Garden,FL,ok,200,,,https://api.fususone.com/api/public/organizations/wintergarden/stats/,0,274,172,0,500,172
True,2026-09-21T18:49:18Z,2026-09-21T18:54:43Z,winterpark,1,Connect Winter Park,Winter Park,FL,ok,200,,,https://api.fususone.com/api/public/organizations/winterpark/stats/,294,1544,1081,0,1500,1073
True,2026-09-21T18:49:18Z,2026-09-21T18:54:44Z,wpb,1,CityWatch Connect,West Palm Beach,FL,ok,200,,,https://api.fususone.com/api/public/organizations/wpb/stats/,1815,958,460,245,1000,434
True,2026-09-21T18:49:18Z,2026-09-21T18:54:45Z,zacharypdla,1,Connect Zachary,Zachary,LA,ok,200,,,https://api.fususone.com/api/public/organizations/zacharypdla/stats/,7,8,8,0,0,8
True,2026-09-28T20:10:01Z,2026-09-28T20:10:02Z,aacounty,1,Connect Anne Arundel,Anne Arundel County,MD,ok,200,,,https://api.fususone.com/api/public/organizations/aacounty/stats/,1028,3177,2372,534,1500,2336
True,2026-09-28T20:10:01Z,2026-09-28T20:10:03Z,accpd,1,Connect Athens-Clarke County,Athens-Clarke County,GA,ok,200,,,https://api.fususone.com/api/public/organizations/accpd/stats/,68,4325,1843,297,500,534
True,2026-09-28T20:10:01Z,2026-09-28T20:10:04Z,acworthga,1,Connect Acworth,Acworth,GA,ok,200,,,https://api.fususone.com/api/public/organizations/acworthga/stats/,150,10557,237,427,500,237
True,2026-09-28T20:10:01Z,2026-09-28T20:10:05Z,adamscsoco,1,Connect Adams County,Adams County,CO,ok,200,,,https://api.fususone.com/api/public/organizations/adamscsoco/stats/,156,166,166,0,1500,166
True,2026-09-28T20:10:01Z,2026-09-28T20:10:06Z,alachuasheriff,1,Connect Alachua County,Alachua County,FL,ok,200,,,https://api.fususone.com/api/public/organizations/alachuasheriff/stats/,0,216,160,0,850,143
True,2026-09-28T20:10:01Z,2026-09-28T20:10:07Z,albanypolice,1,Connect Albany,Albany,GA,ok,200,,,https://api.fususone.com/api/public/organizations/albanypolice/stats/,731,13936,1154,3414,6634,1140
True,2026-09-28T20:10:01Z,2026-09-28T20:10:08Z,alpharetta,1,Connect Alpharetta,Alpharetta,GA,ok,200,,,https://api.fususone.com/api/public/organizations/alpharetta/stats/,0,0,0,0,2500,0
True,2026-09-28T20:10:01Z,2026-09-28T20:10:09Z,alsipil,1,Connect Alsip,Alsip,IL,ok,200,,,https://api.fususone.com/api/public/organizations/alsipil/stats/,738,977,930,26,1500,979
True,2026-09-28T20:10:01Z,2026-09-28T20:10:10Z,altoonapd,1,Connect Altoona,Altoona,IA,ok,200,,,https://api.fususone.com/api/public/organizations/altoonapd/stats/,355,605,605,0,925,595
True,2026-09-28T20:10:01Z,2026-09-28T20:10:11Z,amarillopd,1,Connect Amarillo,Amarillo,TX,ok,200,,,https://api.fususone.com/api/public/organizations/amarillopd/stats/,32,491,491,0,500,483
True,2026-09-28T20:10:01Z,2026-09-28T20:10:12Z,anaheim,1,Connect Anaheim,Anaheim,CA,ok,200,,,https://api.fususone.com/api/public/organizations/anaheim/stats/,424,733,686,3,1500,655
True,2026-09-28T20:10:01Z,2026-09-28T20:10:13Z,anchoragepdak,1,Safe Anchorage,Anchorage,AK,ok,200,,,https://api.fususone.com/api/public/organizations/anchoragepdak/stats/,271,46,24,22,0,24
True,2026-09-28T20:10:01Z,2026-09-28T20:10:14Z,anokacountysomn,1,Anoka County Real Time Crime Center,Anoka County,MN,ok,200,,,https://api.fususone.com/api/public/organizations/anokacountysomn/stats/,374,2674,635,1721,500,634
True,2026-09-28T20:10:01Z,2026-09-28T20:10:15Z,apachejunctionpdaz,1,Connect Apache Junction,Apache Junction,AZ,ok,200,,,https://api.fususone.com/api/public/organizations/apachejunctionpdaz/stats/,0,199,199,0,225,191
True,2026-09-28T20:10:01Z,2026-09-28T20:10:16Z,apopkapd,1,Connect Apopka,Apopka,FL,ok,200,,,https://api.fususone.com/api/public/organizations/apopkapd/stats/,174,7852,224,6894,500,221
True,2026-09-28T20:10:01Z,2026-09-28T20:10:17Z,arlingtonheightspd,1,Connect Arlington Heights,Arlington Heights,IL,ok,200,,,https://api.fususone.com/api/public/organizations/arlingtonheightspd/stats/,652,1142,379,763,1500,363
True,2026-09-28T20:10:01Z,2026-09-28T20:10:18Z,artesianmpd,1,Connect Artesia,Artesia,MN,ok,200,,,https://api.fususone.com/api/public/organizations/artesianmpd/stats/,57,209,209,0,0,207
True,2026-09-28T20:10:01Z,2026-09-28T20:10:19Z,ashevillepdnc,1,Connect Asheville,Asheville,NC,ok,200,,,https://api.fususone.com/api/public/organizations/ashevillepdnc/stats/,16,344,344,0,500,332
True,2026-09-28T20:10:01Z,2026-09-28T20:10:20Z,ashlandpdal,1,Connect Ashland,Ashland,AL,ok,200,,,https://api.fususone.com/api/public/organizations/ashlandpdal/stats/,8,673,49,624,125,49
True,2026-09-28T20:10:01Z,2026-09-28T20:10:21Z,auroragov,1,Connect Aurora,Aurora,CO,ok,200,,,https://api.fususone.com/api/public/organizations/auroragov/stats/,55,935,935,0,10000,935
True,2026-09-28T20:10:01Z,2026-09-28T20:10:22Z,baltimorecountypd,1,Connect Baltimore County,Baltimore County,MD,ok,200,,,https://api.fususone.com/api/public/organizations/baltimorecountypd/stats/,4,616,556,60,5000,525
True,2026-09-28T20:10:01Z,2026-09-28T20:10:23Z,bartowfl,1,Connect Bartow,Bartow,FL,ok,200,,,https://api.fususone.com/api/public/organizations/bartowfl/stats/,0,34,34,0,0,32
True,2026-09-28T20:10:01Z,2026-09-28T20:10:24Z,baycounty,1,Connect Bay County,Bay County,FL,ok,200,,,https://api.fususone.com/api/public/organizations/baycounty/stats/,1713,1515,1161,289,1500,1128
True,2026-09-28T20:10:01Z,2026-09-28T20:10:25Z,beaumonttx,1,Connect Southeast Texas,Southeast Texas,TX,ok,200,,,https://api.fususone.com/api/public/organizations/beaumonttx/stats/,4049,3795,1531,2094,4500,757
True,2026-09-28T20:10:01Z,2026-09-28T20:10:26Z,bedfordparkpd,1,Connect Bedford Park,Bedford Park,IL,ok,200,,,https://api.fususone.com/api/public/organizations/bedfordparkpd/stats/,126,282,217,3,500,200
True,2026-09-28T20:10:01Z,2026-09-28T20:10:27Z,bendpd,1,Connect Bend,Bend,OR,ok,200,,,https://api.fususone.com/api/public/organizations/bendpd/stats/,775,322,254,68,150,210
True,2026-09-28T20:10:01Z,2026-09-28T20:10:28Z,bensalem,1,Connect Bensalem,Bensalem,PA,ok,200,,,https://api.fususone.com/api/public/organizations/bensalem/stats/,1174,1006,990,16,1500,978
True,2026-09-28T20:10:01Z,2026-09-28T20:10:29Z,bernalillo,1,Connect Bernalillo County,Bernalillo County,NM,ok,200,,,https://api.fususone.com/api/public/organizations/bernalillo/stats/,216,453,373,80,500,293
True,2026-09-28T20:10:01Z,2026-09-28T20:10:30Z,beverlyhillspd,1,Beverly Hills Connect,Beverly Hills,CA,ok,200,,,https://api.fususone.com/api/public/organizations/beverlyhillspd/stats/,520,1883,1782,101,1750,1776
True,2026-09-28T20:10:01Z,2026-09-28T20:10:31Z,biloxi,1,Connect Biloxi,Biloxi,MS,ok,200,,,https://api.fususone.com/api/public/organizations/biloxi/stats/,157,846,423,373,1000,416
True,2026-09-28T20:10:01Z,2026-09-28T20:10:32Z,birminghampd,1,Connect Birmingham,Birmingham,AL,ok,200,,,https://api.fususone.com/api/public/organizations/birminghampd/stats/,793,951,280,212,10000,237
True,2026-09-28T20:10:01Z,2026-09-28T20:10:33Z,blackmanleonitwp,1,Connect Blackman Leoni Township,Blackman Leoni Township,MI,ok,200,,,https://api.fususone.com/api/public/organizations/blackmanleonitwp/stats/,1,3,3,0,0,3
True,2026-09-28T20:10:01Z,2026-09-28T20:10:34Z,bocaratonpdfl,1,Connect BRPD,Boca Raton,FL,ok,200,,,https://api.fususone.com/api/public/organizations/bocaratonpdfl/stats/,5,911,677,8,0,654
True,2026-09-28T20:10:01Z,2026-09-28T20:10:35Z,boernepdtx,1,Connect Boerne,Boerne,TX,ok,200,,,https://api.fususone.com/api/public/organizations/boernepdtx/stats/,0,77,77,0,0,77
True,2026-09-28T20:10:01Z,2026-09-28T20:10:36Z,boulderpdco,1,Boulder Community Connect,Boulder,CO,ok,200,,,https://api.fususone.com/api/public/organizations/boulderpdco/stats/,0,161,161,0,0,108
True,2026-09-28T20:10:01Z,2026-09-28T20:10:37Z,bradentonfl,1,Connect Bradenton,Bradenton,FL,ok,200,,,https://api.fususone.com/api/public/organizations/bradentonfl/stats/,319,3160,269,2891,1500,258
True,2026-09-28T20:10:01Z,2026-09-28T20:10:38Z,brazostx,1,Connect Brazos County,Brazos County,TX,ok,200,,,https://api.fususone.com/api/public/organizations/brazostx/stats/,155,197,176,0,1500,158
True,2026-09-28T20:10:01Z,2026-09-28T20:10:39Z,brooklynparkpdmn,1,Brooklyn Park Community Cameras,Brooklyn Park,MN,ok,200,,,https://api.fususone.com/api/public/organizations/brooklynparkpdmn/stats/,503,2114,229,1874,0,205
True,2026-09-28T20:10:01Z,2026-09-28T20:10:40Z,brownsvillepd,1,Connect Brownsville,Brownsville,TX,ok,200,,,https://api.fususone.com/api/public/organizations/brownsvillepd/stats/,664,219,219,0,500,199
True,2026-09-28T20:10:01Z,2026-09-28T20:10:41Z,buncombesheriff,1,Connect Buncombe County,Buncombe County,NC,ok,200,,,https://api.fususone.com/api/public/organizations/buncombesheriff/stats/,568,2689,437,2252,4500,316
True,2026-09-28T20:10:01Z,2026-09-28T20:10:42Z,burbankpdil,1,Connect Burbank,Burbank,IL,ok,200,,,https://api.fususone.com/api/public/organizations/burbankpdil/stats/,304,425,399,3,150,399
True,2026-09-28T20:10:01Z,2026-09-28T20:10:43Z,calcasieusheriff,1,Connect Calcasieu Parish,Calcasieu Parish,LA,ok,200,,,https://api.fususone.com/api/public/organizations/calcasieusheriff/stats/,3,98,98,0,10000,98
True,2026-09-28T20:10:01Z,2026-09-28T20:10:44Z,caldwellpdid,1,Connect Caldwell,Caldwell,ID,ok,200,,,https://api.fususone.com/api/public/organizations/caldwellpdid/stats/,61,215,215,0,225,204
True,2026-09-28T20:10:01Z,2026-09-28T20:10:45Z,campbellpd,1,Connect Campbell,Campbell,CA,ok,200,,,https://api.fususone.com/api/public/organizations/campbellpd/stats/,198,313,281,32,10000,270
True,2026-09-28T20:10:01Z,2026-09-28T20:10:46Z,carencropd,1,Connect Carencro,Carencro,LA,ok,200,,,https://api.fususone.com/api/public/organizations/carencropd/stats/,85,1610,215,12,914,215
True,2026-09-28T20:10:01Z,2026-09-28T20:10:47Z,carlsbadpdnm,1,Connect Carlsbad,Carlsbad,NM,ok,200,,,https://api.fususone.com/api/public/organizations/carlsbadpdnm/stats/,3,12,12,0,0,4
True,2026-09-28T20:10:01Z,2026-09-28T20:10:48Z,carypd,1,Connect Cary,Cary,NC,ok,200,,,https://api.fususone.com/api/public/organizations/carypd/stats/,37,1265,841,0,1500,840
True,2026-09-28T20:10:01Z,2026-09-28T20:10:49Z,charlestonpd,1,Connect Charleston,Charleston,SC,ok,200,,,https://api.fususone.com/api/public/organizations/charlestonpd/stats/,300,577,501,25,500,466
True,2026-09-28T20:10:01Z,2026-09-28T20:10:50Z,charlottecounty,1,Connect Charlotte County,Charlotte County,FL,ok,200,,,https://api.fususone.com/api/public/organizations/charlottecounty/stats/,2333,3826,353,3391,1500,330
True,2026-09-28T20:10:01Z,2026-09-28T20:10:51Z,charlottemecklenburg,1,Connect Charlotte,Charlotte,NC,ok,200,,,https://api.fususone.com/api/public/organizations/charlottemecklenburg/stats/,3128,1789,1584,21,1500,1438
True,2026-09-28T20:10:01Z,2026-09-28T20:10:52Z,chattanoogapd,1,Dragonfly Community Connect,Chattanooga,TN,ok,200,,,https://api.fususone.com/api/public/organizations/chattanoogapd/stats/,0,775,774,1,1500,765
True,2026-09-28T20:10:01Z,2026-09-28T20:10:53Z,cherokeega,1,Connect Cherokee,Cherokee County,GA,ok,200,,,https://api.fususone.com/api/public/organizations/cherokeega/stats/,633,13422,622,549,2500,566
True,2026-09-28T20:10:01Z,2026-09-28T20:10:54Z,chesterfieldcounty,1,Chesterfield Community Connect Program,Chesterfield County,VA,ok,200,,,https://api.fususone.com/api/public/organizations/chesterfieldcounty/stats/,769,11184,1017,10105,4500,958
True,2026-09-28T20:10:01Z,2026-09-28T20:10:55Z,chicagoheights,1,Connect Chicago Heights,Chicago Heights,IL,ok,200,,,https://api.fususone.com/api/public/organizations/chicagoheights/stats/,221,1225,1172,0,500,729
True,2026-09-28T20:10:01Z,2026-09-28T20:10:56Z,chicopee,1,Connect Chicopee,Chicopee,MA,ok,200,,,https://api.fususone.com/api/public/organizations/chicopee/stats/,128,512,512,0,1500,509
True,2026-09-28T20:10:01Z,2026-09-28T20:10:57Z,ciceropd,1,Cicero SAFE (Shared Access For Enforcement),Cicero,IL,ok,200,,,https://api.fususone.com/api/public/organizations/ciceropd/stats/,29,549,549,0,1500,541
True,2026-09-28T20:10:01Z,2026-09-28T20:10:58Z,cincinnatipd,1,Connect Cincinnati,Cincinnati,OH,ok,200,,,https://api.fususone.com/api/public/organizations/cincinnatipd/stats/,1721,846,803,43,1500,746
True,2026-09-28T20:10:01Z,2026-09-28T20:10:59Z,cityofatlanta,1,Connect Atlanta,Atlanta,GA,ok,200,,,https://api.fususone.com/api/public/organizations/cityofatlanta/stats/,17522,28381,2584,11642,29250,2550
True,2026-09-28T20:10:01Z,2026-09-28T20:11:00Z,cityofcanton,1,Connect Canton,Canton,MS,ok,200,,,https://api.fususone.com/api/public/organizations/cityofcanton/stats/,0,31,0,31,10000,0
True,2026-09-28T20:10:01Z,2026-09-28T20:11:01Z,cityofdoralpd,1,Connect Doral,Doral,FL,ok,200,,,https://api.fususone.com/api/public/organizations/cityofdoralpd/stats/,221,3425,397,3028,10000,243
True,2026-09-28T20:10:01Z,2026-09-28T20:11:02Z,cityofhawthorne,1,Connect Hawthorne,Hawthorne,CA,ok,200,,,https://api.fususone.com/api/public/organizations/cityofhawthorne/stats/,0,3715,874,2841,1500,844
True,2026-09-28T20:10:01Z,2026-09-28T20:11:03Z,cityofmanchester,1,Connect Manchester,City of Manchester,NH,ok,200,,,https://api.fususone.com/api/public/organizations/cityofmanchester/stats/,584,1006,436,570,1500,434
True,2026-09-28T20:10:01Z,2026-09-28T20:11:04Z,cityofmiamipd,1,Connect Miami,Miami,FL,ok,200,,,https://api.fususone.com/api/public/organizations/cityofmiamipd/stats/,2406,4361,1227,2905,1500,1207
True,2026-09-28T20:10:01Z,2026-09-28T20:11:05Z,cityofnewark,1,Connect Newark,Newark,NJ,ok,200,,,https://api.fususone.com/api/public/organizations/cityofnewark/stats/,1208,929,497,231,500,488
True,2026-09-28T20:10:01Z,2026-09-28T20:11:06Z,cityofomaha,1,Connect Omaha,Omaha,NE,ok,200,,,https://api.fususone.com/api/public/organizations/cityofomaha/stats/,1260,1626,761,764,1500,686
True,2026-09-28T20:10:01Z,2026-09-28T20:11:07Z,cityofoxford,1,Connect Oxford,City of Oxford,AL,ok,200,,,https://api.fususone.com/api/public/organizations/cityofoxford/stats/,12,1126,324,753,1500,321
True,2026-09-28T20:10:01Z,2026-09-28T20:11:08Z,cityofroswell,1,Connect Roswell,Roswell,GA,ok,200,,,https://api.fususone.com/api/public/organizations/cityofroswell/stats/,653,10643,512,374,2793,511
True,2026-09-28T20:10:01Z,2026-09-28T20:11:09Z,cityofshreveport,1,Connect Shreveport,Shreveport,LA,ok,200,,,https://api.fususone.com/api/public/organizations/cityofshreveport/stats/,1141,2838,2329,509,1500,2341
True,2026-09-28T20:10:01Z,2026-09-28T20:11:10Z,cityofstarkville,1,Connect Starkville,Starkville,MS,ok,200,,,https://api.fususone.com/api/public/organizations/cityofstarkville/stats/,879,863,586,277,500,575
True,2026-09-28T20:10:01Z,2026-09-28T20:11:11Z,cityofws,1,Connect Winston-Salem,the City of Winston-Salem,NC,ok,200,,,https://api.fususone.com/api/public/organizations/cityofws/stats/,1678,3292,1756,362,2000,1740
True,2026-09-28T20:10:01Z,2026-09-28T20:11:12Z,claycountysheriff,1,Connect Clay County,Clay County,FL,ok,200,,,https://api.fususone.com/api/public/organizations/claycountysheriff/stats/,158,3391,3223,126,2000,3218
True,2026-09-28T20:10:01Z,2026-09-28T20:11:13Z,claytoncountypd,1,Connect Clayton County,Clayton County,GA,ok,200,,,https://api.fususone.com/api/public/organizations/claytoncountypd/stats/,398,10775,972,294,8814,957
True,2026-09-28T20:10:01Z,2026-09-28T20:11:14Z,clearwaterpd,1,Clearwater Camera Sharing,Clearwater,FL,ok,200,,,https://api.fususone.com/api/public/organizations/clearwaterpd/stats/,693,912,842,70,10000,792
True,2026-09-28T20:10:01Z,2026-09-28T20:11:15Z,clermontpd,1,Connect Clermont,Clermont,FL,ok,200,,,https://api.fususone.com/api/public/organizations/clermontpd/stats/,74,664,69,595,150,64
True,2026-09-28T20:10:01Z,2026-09-28T20:11:16Z,clevelanddps,1,Safe Smart CLE,Cleveland,OH,ok,200,,,https://api.fususone.com/api/public/organizations/clevelanddps/stats/,1765,4169,4050,0,2375,4053
True,2026-09-28T20:10:01Z,2026-09-28T20:11:17Z,clevelandmetroparksoh,1,Cleveland Metroparks Connect,Cleveland Metroparks,OH,ok,200,,,https://api.fususone.com/api/public/organizations/clevelandmetroparksoh/stats/,0,24,24,0,0,24
True,2026-09-28T20:10:01Z,2026-09-28T20:11:18Z,cobbcountypd,1,Connect Cobb ,Cobb County,GA,ok,200,,,https://api.fususone.com/api/public/organizations/cobbcountypd/stats/,3547,12906,1396,4069,9008,1021
True,2026-09-28T20:10:01Z,2026-09-28T20:11:19Z,collegeparkga,1,Connect College Park,College Park,GA,ok,200,,,https://api.fususone.com/api/public/organizations/collegeparkga/stats/,0,10506,171,426,2539,143
True,2026-09-28T20:10:01Z,2026-09-28T20:11:20Z,coloradospringspd,1,Together COS,Colorado Springs,CO,ok,200,,,https://api.fususone.com/api/public/organizations/coloradospringspd/stats/,1313,1100,961,139,750,860
True,2026-09-28T20:10:01Z,2026-09-28T20:11:21Z,coltonpdca,1,Connect Colton,Colton,CA,ok,200,,,https://api.fususone.com/api/public/organizations/coltonpdca/stats/,348,28,19,9,0,19
True,2026-09-28T20:10:01Z,2026-09-28T20:11:22Z,columbuspdga,1,Connect Columbus,"Columbus, Georgia",GA,ok,200,,,https://api.fususone.com/api/public/organizations/columbuspdga/stats/,2443,566,566,0,1500,557
True,2026-09-28T20:10:01Z,2026-09-28T20:11:23Z,connectnewportrichey,1,Connect New Port Richey,New Port Richey,FL,ok,200,,,https://api.fususone.com/api/public/organizations/connectnewportrichey/stats/,6,8,8,0,0,8
True,2026-09-28T20:10:01Z,2026-09-28T20:11:24Z,connecttallahassee,1,Connect Tallahassee,Tallahassee,FL,ok,200,,,https://api.fususone.com/api/public/organizations/connecttallahassee/stats/,253,369,369,0,1500,349
True,2026-09-28T20:10:01Z,2026-09-28T20:11:25Z,covinapdca,1,SaferCovina,Covina,CA,ok,200,,,https://api.fususone.com/api/public/organizations/covinapdca/stats/,27,2,2,0,150,0
True,2026-09-28T20:10:01Z,2026-09-28T20:11:26Z,crestviewpdfl,1,Connect Crestview,Crestview,FL,ok,200,,,https://api.fususone.com/api/public/organizations/crestviewpdfl/stats/,0,52,52,0,0,20
True,2026-09-28T20:10:01Z,2026-09-28T20:11:27Z,crestwoodpdil,1,Connect Crestwood,Crestwood,MN,ok,200,,,https://api.fususone.com/api/public/organizations/crestwoodpdil/stats/,0,90,4,86,0,0
True,2026-09-28T20:10:01Z,2026-09-28T20:11:28Z,cummingpdga,1,Connect Cumming,Cumming,GA,ok,200,,,https://api.fususone.com/api/public/organizations/cummingpdga/stats/,5,3105,177,367,1500,159
True,2026-09-28T20:10:01Z,2026-09-28T20:11:29Z,dallaspd,1,Connect Dallas,Dallas,TX,ok,200,,,https://api.fususone.com/api/public/organizations/dallaspd/stats/,4054,1495,1136,358,1500,1040
True,2026-09-28T20:10:01Z,2026-09-28T20:11:30Z,dalycitypdca,1,Connect Daly City,Daly City,CA,ok,200,,,https://api.fususone.com/api/public/organizations/dalycitypdca/stats/,29,87,46,41,450,15
True,2026-09-28T20:10:01Z,2026-09-28T20:11:31Z,danvillepd,1,"One Community, Connect Danville",Danville,VA,ok,200,,,https://api.fususone.com/api/public/organizations/danvillepd/stats/,418,1755,342,1413,500,341
True,2026-09-28T20:10:01Z,2026-09-28T20:11:32Z,dbsfl,1,Connect Daytona Beach Shores,Daytona Beach Shores,FL,ok,200,,,https://api.fususone.com/api/public/organizations/dbsfl/stats/,3,72,72,0,0,70
True,2026-09-28T20:10:01Z,2026-09-28T20:11:33Z,dcmetro,1,CameraConnectDC,Washington DC,DC,ok,200,,,https://api.fususone.com/api/public/organizations/dcmetro/stats/,44179,1454,1259,119,4500,1127
True,2026-09-28T20:10:01Z,2026-09-28T20:11:34Z,dealpdnj,1,Connect Deal,Deal,NJ,ok,200,,,https://api.fususone.com/api/public/organizations/dealpdnj/stats/,322,976,224,0,0,224
True,2026-09-28T20:10:01Z,2026-09-28T20:11:35Z,dearbornpdmi,1,Connect Dearborn,Dearborn,MI,ok,200,,,https://api.fususone.com/api/public/organizations/dearbornpdmi/stats/,689,685,524,4,1500,510
True,2026-09-28T20:10:01Z,2026-09-28T20:11:36Z,dekalbcountyga,1,Connect DeKalb County,DeKalb County,GA,ok,200,,,https://api.fususone.com/api/public/organizations/dekalbcountyga/stats/,3533,9123,901,44,1500,751
True,2026-09-28T20:10:01Z,2026-09-28T20:11:37Z,delraybeach,1,Connect Delray Beach,Delray Beach,FL,ok,200,,,https://api.fususone.com/api/public/organizations/delraybeach/stats/,887,523,297,0,500,286
True,2026-09-28T20:10:01Z,2026-09-28T20:11:38Z,dentonpdtx,1,Denton Connects,Denton,TX,ok,200,,,https://api.fususone.com/api/public/organizations/dentonpdtx/stats/,12,190,190,0,0,183
True,2026-09-28T20:10:01Z,2026-09-28T20:11:39Z,dothanpd,1,Connect Dothan,Dothan,AL,ok,200,,,https://api.fususone.com/api/public/organizations/dothanpd/stats/,0,180,180,0,0,174
True,2026-09-28T20:10:01Z,2026-09-28T20:11:40Z,douglascountysonv,1,Safer Douglas County,Douglas County,NV,ok,200,,,https://api.fususone.com/api/public/organizations/douglascountysonv/stats/,0,50,50,0,100,50
True,2026-09-28T20:10:01Z,2026-09-28T20:11:41Z,douglasvillepolice,1,Connect Douglasville,Douglasville ,GA,ok,200,,,https://api.fususone.com/api/public/organizations/douglasvillepolice/stats/,260,12890,397,3354,10000,397
True,2026-09-28T20:10:01Z,2026-09-28T20:11:42Z,duncanvillepdtx,1,Connect Duncanville,Duncanville,TX,ok,200,,,https://api.fususone.com/api/public/organizations/duncanvillepdtx/stats/,15,128,120,8,0,116
True,2026-09-28T20:10:01Z,2026-09-28T20:11:43Z,eaganpdmn,1,Connect Eagan,Eagan,MN,ok,200,,,https://api.fususone.com/api/public/organizations/eaganpdmn/stats/,21,76,76,0,0,76
True,2026-09-28T20:10:01Z,2026-09-28T20:11:44Z,eastbatonrougesola,1,Connect East Baton Rouge,East Baton Rouge,LA,ok,200,,,https://api.fususone.com/api/public/organizations/eastbatonrougesola/stats/,28,66,27,39,500,27
True,2026-09-28T20:10:01Z,2026-09-28T20:11:45Z,eastpointpdga,1,Connect East Point,East Point,GA,ok,200,,,https://api.fususone.com/api/public/organizations/eastpointpdga/stats/,60,5113,382,469,500,374
True,2026-09-28T20:10:01Z,2026-09-28T20:11:46Z,elcajonpdca,1,Connect El Cajon,El Cajon,CA,ok,200,,,https://api.fususone.com/api/public/organizations/elcajonpdca/stats/,51,221,185,36,0,167
True,2026-09-28T20:10:01Z,2026-09-28T20:11:47Z,elizabethnj,1,Connect Elizabeth,Elizabeth,NJ,ok,200,,,https://api.fususone.com/api/public/organizations/elizabethnj/stats/,184,3452,635,2566,2690,604
True,2026-09-28T20:10:01Z,2026-09-28T20:11:48Z,elyriapdoh,1,Connect Elyria,Elyria,OH,ok,200,,,https://api.fususone.com/api/public/organizations/elyriapdoh/stats/,178,280,231,49,150,219
True,2026-09-28T20:10:01Z,2026-09-28T20:11:49Z,escambiafl,1,Star Network,Escambia County,FL,ok,200,,,https://api.fususone.com/api/public/organizations/escambiafl/stats/,1573,1273,919,109,1500,369
True,2026-09-28T20:10:01Z,2026-09-28T20:11:50Z,euclidpdoh,1,Connect Euclid,Euclid,OH,ok,200,,,https://api.fususone.com/api/public/organizations/euclidpdoh/stats/,288,209,209,0,0,209
True,2026-09-28T20:10:01Z,2026-09-28T20:11:51Z,eurekapdmo,1,Connect Eureka,Eureka,MO,ok,200,,,https://api.fususone.com/api/public/organizations/eurekapdmo/stats/,183,11,0,11,0,0
True,2026-09-28T20:10:01Z,2026-09-28T20:11:52Z,fairfaxcopd,1,Connect Fairfax County,Fairfax County,VA,ok,200,,,https://api.fususone.com/api/public/organizations/fairfaxcopd/stats/,3565,2188,724,1425,1500,623
True,2026-09-28T20:10:01Z,2026-09-28T20:11:53Z,farmingtonpd,2,Connect Farmington,Farmington ,NM,ok,200,,,https://api.fususone.com/api/public/organizations/farmingtonpd/stats/,55,545,545,0,1500,529
True,2026-09-28T20:10:01Z,2026-09-28T20:11:54Z,fayettevillepd,1,Connect Fayetteville,Fayetteville,NC,ok,200,,,https://api.fususone.com/api/public/organizations/fayettevillepd/stats/,1532,543,452,48,1500,449
True,2026-09-28T20:10:01Z,2026-09-28T20:11:55Z,federalwaypdwa,1,Connect Federal Way,Federal Way,WA,ok,200,,,https://api.fususone.com/api/public/organizations/federalwaypdwa/stats/,0,247,247,0,0,242
True,2026-09-28T20:10:01Z,2026-09-28T20:11:56Z,flaglercountysheriff,1,Connect Flagler County,Flagler County,FL,ok,200,,,https://api.fususone.com/api/public/organizations/flaglercountysheriff/stats/,934,2169,1962,0,10000,1942
True,2026-09-28T20:10:01Z,2026-09-28T20:11:57Z,forestparkpd,1,Connect Forest Park,Forest Park,GA,ok,200,,,https://api.fususone.com/api/public/organizations/forestparkpd/stats/,13,10505,240,295,10000,222
True,2026-09-28T20:10:01Z,2026-09-28T20:11:58Z,forsyth,1,Connect Forsyth County,"Forsyth County, NC",SC,ok,200,,,https://api.fususone.com/api/public/organizations/forsyth/stats/,1442,1050,493,183,500,473
True,2026-09-28T20:10:01Z,2026-09-28T20:11:59Z,forsythcosoga,1,Connect Forsyth County,Forsyth County,GA,ok,200,,,https://api.fususone.com/api/public/organizations/forsythcosoga/stats/,776,6924,93,3347,1500,93
True,2026-09-28T20:10:01Z,2026-09-28T20:12:00Z,fortbendcounty,1,Connect Fort Bend,Fort Bend County,TX,ok,200,,,https://api.fususone.com/api/public/organizations/fortbendcounty/stats/,559,205,201,4,500,201
True,2026-09-28T20:10:01Z,2026-09-28T20:12:01Z,fortwaltonbeachpd,1,Connect Fort Walton Beach,Fort Walton Beach,FL,ok,200,,,https://api.fususone.com/api/public/organizations/fortwaltonbeachpd/stats/,6,261,222,9,300,226
True,2026-09-28T20:10:01Z,2026-09-28T20:12:02Z,garypd,1,Connect Gary,Gary,IN,ok,200,,,https://api.fususone.com/api/public/organizations/garypd/stats/,1672,1325,799,0,1500,754
True,2026-09-28T20:10:01Z,2026-09-28T20:12:03Z,glendorapdca,1,Connect Glendora,Glendora,CA,ok,200,,,https://api.fususone.com/api/public/organizations/glendorapdca/stats/,20,101,101,0,0,101
True,2026-09-28T20:10:01Z,2026-09-28T20:12:04Z,grapevinepdtx,1,Connect Grapevine,Grapevine,TX,ok,200,,,https://api.fususone.com/api/public/organizations/grapevinepdtx/stats/,2,259,228,25,1,213
True,2026-09-28T20:10:01Z,2026-09-28T20:12:05Z,greeleypd,1,Connect Greeley,Greeley,CO,ok,200,,,https://api.fususone.com/api/public/organizations/greeleypd/stats/,247,2425,255,2170,1500,239
True,2026-09-28T20:10:01Z,2026-09-28T20:12:06Z,greensboropd,1,Connect Greensboro,Greensboro,NC,ok,200,,,https://api.fususone.com/api/public/organizations/greensboropd/stats/,754,1208,741,161,1501,701
True,2026-09-28T20:10:01Z,2026-09-28T20:12:07Z,greenvillecsosc,1,Connect Greenville County,Greenville County,SC,ok,200,,,https://api.fususone.com/api/public/organizations/greenvillecsosc/stats/,203,281,232,49,3000,232
True,2026-09-28T20:10:01Z,2026-09-28T20:12:08Z,guilfordsheriff,1,Connect Guilford County,Guilford County ,NC,ok,200,,,https://api.fususone.com/api/public/organizations/guilfordsheriff/stats/,872,226,181,40,500,180
True,2026-09-28T20:10:01Z,2026-09-28T20:12:09Z,hainescitypdfl,1,Connect Haines City,Haines City,FL,ok,200,,,https://api.fususone.com/api/public/organizations/hainescitypdfl/stats/,3,127,127,0,150,125
True,2026-09-28T20:10:01Z,2026-09-28T20:12:10Z,hamiltoncoso,1,Connect Hamilton County,Hamilton County,OH,ok,200,,,https://api.fususone.com/api/public/organizations/hamiltoncoso/stats/,1694,472,472,0,2000,472
True,2026-09-28T20:10:01Z,2026-09-28T20:12:11Z,hammondpd,1,Hammond BlueNET,Hammond,IN,ok,200,,,https://api.fususone.com/api/public/organizations/hammondpd/stats/,1221,1325,1193,10,1500,823
True,2026-09-28T20:10:01Z,2026-09-28T20:12:12Z,hamptonpdva,1,Connect Hampton,Hampton,VA,ok,200,,,https://api.fususone.com/api/public/organizations/hamptonpdva/stats/,2,162,161,1,1,153
True,2026-09-28T20:10:01Z,2026-09-28T20:12:13Z,hanoverparkpdil,1,Connect Hanover Park,Hanover Park,IL,ok,200,,,https://api.fususone.com/api/public/organizations/hanoverparkpdil/stats/,0,70,70,0,225,66
True,2026-09-28T20:10:01Z,2026-09-28T20:12:14Z,harrisoncso,1,Connect Harrison County,Harrison County,MS,ok,200,,,https://api.fususone.com/api/public/organizations/harrisoncso/stats/,559,505,77,57,1000,72
True,2026-09-28T20:10:01Z,2026-09-28T20:12:15Z,hartfordpd,1,Connect Hartford,Hartford,CT,ok,200,,,https://api.fususone.com/api/public/organizations/hartfordpd/stats/,228,1101,1101,0,2000,646
True,2026-09-28T20:10:01Z,2026-09-28T20:12:16Z,harveypdil,1,Connect Harvey,Harvey,IL,ok,200,,,https://api.fususone.com/api/public/organizations/harveypdil/stats/,0,55,55,0,1500,34
True,2026-09-28T20:10:01Z,2026-09-28T20:12:17Z,hcso,1,Connect Hillsborough,Hillsborough County,FL,ok,200,,,https://api.fususone.com/api/public/organizations/hcso/stats/,293,4851,1653,3151,1000,1575
True,2026-09-28T20:10:01Z,2026-09-28T20:12:18Z,hennepincountyso,1,Connect Hennepin County,Hennepin County,MN,ok,200,,,https://api.fususone.com/api/public/organizations/hennepincountyso/stats/,457,3008,381,1766,1500,381
True,2026-09-28T20:10:01Z,2026-09-28T20:12:19Z,henricocountypdva,1,Connect Henrico County,Henrico County,VA,ok,200,,,https://api.fususone.com/api/public/organizations/henricocountypdva/stats/,66,2234,809,1385,1500,811
True,2026-09-28T20:10:01Z,2026-09-28T20:12:20Z,henrycountypd,1,Henry Safer Together,Henry County,GA,ok,200,,,https://api.fususone.com/api/public/organizations/henrycountypd/stats/,4982,13832,677,3627,7950,670
True,2026-09-28T20:10:01Z,2026-09-28T20:12:21Z,herndonpdva,1,Connect Herndon,Herndon,VA,ok,200,,,https://api.fususone.com/api/public/organizations/herndonpdva/stats/,26,42,42,0,150,42
True,2026-09-28T20:10:01Z,2026-09-28T20:12:22Z,highpointncpd,1,Link High Point,High Point,NC,ok,200,,,https://api.fususone.com/api/public/organizations/highpointncpd/stats/,1248,573,474,0,500,468
True,2026-09-28T20:10:01Z,2026-09-28T20:12:23Z,hoodcoso,1,Connect Hood County,Hood County,TX,ok,200,,,https://api.fususone.com/api/public/organizations/hoodcoso/stats/,0,222,222,0,0,222
True,2026-09-28T20:10:01Z,2026-09-28T20:12:24Z,hooverpd,1,Connect Hoover,Hoover,AL,ok,200,,,https://api.fususone.com/api/public/organizations/hooverpd/stats/,46,920,393,0,1500,391
True,2026-09-28T20:10:01Z,2026-09-28T20:12:25Z,hopemillspd,1,Connect Hope Mills,Hope Mills,NC,ok,200,,,https://api.fususone.com/api/public/organizations/hopemillspd/stats/,17,345,63,0,10000,63
True,2026-09-28T20:10:01Z,2026-09-28T20:12:26Z,ilstatepolice,1,Connect Illinois,Illinois,IL,ok,200,,,https://api.fususone.com/api/public/organizations/ilstatepolice/stats/,18,1476,789,0,1500,786
True,2026-09-28T20:10:01Z,2026-09-28T20:12:27Z,indianriversheriff,1,Connect Indian River County,Indian River County,FL,ok,200,,,https://api.fususone.com/api/public/organizations/indianriversheriff/stats/,220,2492,808,1530,1500,738
True,2026-09-28T20:10:01Z,2026-09-28T20:12:28Z,irvingpdtx,1,Connect Irving,Irving,TX,ok,200,,,https://api.fususone.com/api/public/organizations/irvingpdtx/stats/,61,1446,1246,200,1500,1158
True,2026-09-28T20:10:01Z,2026-09-28T20:12:29Z,jacksonms,1,Connect Jackson MS,Jackson,MS,ok,200,,,https://api.fususone.com/api/public/organizations/jacksonms/stats/,324,1246,735,505,2067,728
True,2026-09-28T20:10:01Z,2026-09-28T20:12:30Z,jacksonpdtn,1,"Safe Jackson, TN",Jackson,TN,ok,200,,,https://api.fususone.com/api/public/organizations/jacksonpdtn/stats/,0,364,302,0,500,281
True,2026-09-28T20:10:01Z,2026-09-28T20:12:31Z,jacksonvillesheriff,1,ConnectDuval,Duval County,FL,ok,200,,,https://api.fususone.com/api/public/organizations/jacksonvillesheriff/stats/,6809,9767,2647,6974,1500,1654
True,2026-09-28T20:10:01Z,2026-09-28T20:12:32Z,jeffersoncountysheriff,1,Connect Jefferson County,Jefferson County,AL,ok,200,,,https://api.fususone.com/api/public/organizations/jeffersoncountysheriff/stats/,1473,2674,1788,808,1500,1786
True,2026-09-28T20:10:01Z,2026-09-28T20:12:33Z,kalamazoodps,1,Connect Kalamazoo,Kalamazoo,MI,ok,200,,,https://api.fususone.com/api/public/organizations/kalamazoodps/stats/,837,1104,1104,0,1500,1093
True,2026-09-28T20:10:01Z,2026-09-28T20:12:34Z,kansascitykspd,1,Connect KCK,"Kansas City, Kansas",KS,ok,200,,,https://api.fususone.com/api/public/organizations/kansascitykspd/stats/,3340,1193,1148,45,1500,1144
True,2026-09-28T20:10:01Z,2026-09-28T20:12:35Z,kennesawpd,1,Connect Kennesaw,Kennesaw,GA,ok,200,,,https://api.fususone.com/api/public/organizations/kennesawpd/stats/,566,9230,257,34,500,256
True,2026-09-28T20:10:01Z,2026-09-28T20:12:36Z,kentcountysd,1,The Kent Safety Network,Kent County,MI,ok,200,,,https://api.fususone.com/api/public/organizations/kentcountysd/stats/,580,2723,753,1942,4500,503
True,2026-09-28T20:10:01Z,2026-09-28T20:12:37Z,killeenpd,1,KPD Connect,Killeen,TX,ok,200,,,https://api.fususone.com/api/public/organizations/killeenpd/stats/,1412,507,507,0,1500,497
True,2026-09-28T20:10:01Z,2026-09-28T20:12:38Z,knoxvillepdtn,1,Connect Knoxville,Knoxville,TN,ok,200,,,https://api.fususone.com/api/public/organizations/knoxvillepdtn/stats/,581,682,552,130,500,187
True,2026-09-28T20:10:01Z,2026-09-28T20:12:39Z,kylepdtx,1,Connect Kyle,Kyle,TX,ok,200,,,https://api.fususone.com/api/public/organizations/kylepdtx/stats/,153,110,110,0,500,110
True,2026-09-28T20:10:01Z,2026-09-28T20:12:40Z,lafayettepd,1,Connect Lafayette,Lafayette,LA,ok,200,,,https://api.fususone.com/api/public/organizations/lafayettepd/stats/,378,2214,1580,350,1500,1549
True,2026-09-28T20:10:01Z,2026-09-28T20:12:41Z,lafourcheparishso,1,Connect Lafourche Parish,Lafourche Parish,LA,ok,200,,,https://api.fususone.com/api/public/organizations/lafourcheparishso/stats/,755,136,136,0,500,136
True,2026-09-28T20:10:01Z,2026-09-28T20:12:42Z,lagrangepd,1,Connect Lagrange,Lagrange,GA,ok,200,,,https://api.fususone.com/api/public/organizations/lagrangepd/stats/,137,58,58,0,150,52
True,2026-09-28T20:10:01Z,2026-09-28T20:12:43Z,lagunabeachpd,1,Connect Laguna Beach,Laguna Beach,CA,ok,200,,,https://api.fususone.com/api/public/organizations/lagunabeachpd/stats/,0,25,25,0,148,25
True,2026-09-28T20:10:01Z,2026-09-28T20:12:44Z,lakecountysheriff,1,Connect Lake County,Lake County,FL,ok,200,,,https://api.fususone.com/api/public/organizations/lakecountysheriff/stats/,2249,6351,96,5760,1500,80
True,2026-09-28T20:10:01Z,2026-09-28T20:12:45Z,lakewoodpdco,1,Connect Lakewood,Lakewood,CO,ok,200,,,https://api.fususone.com/api/public/organizations/lakewoodpdco/stats/,153,496,496,0,0,484
True,2026-09-28T20:10:01Z,2026-09-28T20:12:46Z,lapd,1,Connect Los Angeles,Los Angeles,CA,ok,200,,,https://api.fususone.com/api/public/organizations/lapd/stats/,0,273,273,0,0,216
True,2026-09-28T20:10:01Z,2026-09-28T20:12:47Z,lasd,1,Connect Los Angeles County,Los Angeles County,CA,ok,200,,,https://api.fususone.com/api/public/organizations/lasd/stats/,2181,2999,1595,1404,1500,442
True,2026-09-28T20:10:01Z,2026-09-28T20:12:48Z,lawrencepdks,1,Connect Lawrence,Lawrence,KS,ok,200,,,https://api.fususone.com/api/public/organizations/lawrencepdks/stats/,132,467,467,0,500,467
True,2026-09-28T20:10:01Z,2026-09-28T20:12:49Z,lawrencevillepdga,1,Connect Lawrenceville,"Lawrenceville, Georgia",GA,ok,200,,,https://api.fususone.com/api/public/organizations/lawrencevillepdga/stats/,0,707,456,193,1,453
True,2026-09-28T20:10:01Z,2026-09-28T20:12:50Z,lawtonpdok,1,Connect Lawton,Lawton,OK,ok,200,,,https://api.fususone.com/api/public/organizations/lawtonpdok/stats/,0,24,24,0,0,24
True,2026-09-28T20:10:01Z,2026-09-28T20:12:51Z,leavenworthpdks,1,Connect Leavenworth,Leavenworth,KS,ok,200,,,https://api.fususone.com/api/public/organizations/leavenworthpdks/stats/,0,47,47,0,0,47
True,2026-09-28T20:10:01Z,2026-09-28T20:12:52Z,lenexapdks,1,Connect Lenexa,Lenexa,KS,ok,200,,,https://api.fususone.com/api/public/organizations/lenexapdks/stats/,0,1169,334,0,0,324
True,2026-09-28T20:10:01Z,2026-09-28T20:12:53Z,lexingtonky,1,Connect Lexington,Lexington,KY,ok,200,,,https://api.fususone.com/api/public/organizations/lexingtonky/stats/,2107,1087,811,275,10000,807
True,2026-09-28T20:10:01Z,2026-09-28T20:12:54Z,lincolnbrookhaven,1,Connect Brookhaven and Lincoln County,Brookhaven and Lincoln County,MS,ok,200,,,https://api.fususone.com/api/public/organizations/lincolnbrookhaven/stats/,124,181,181,0,10000,179
True,2026-09-28T20:10:01Z,2026-09-28T20:12:55Z,littlerockpd,1,Connect Little Rock,Little Rock,AR,ok,200,,,https://api.fususone.com/api/public/organizations/littlerockpd/stats/,2863,2564,1794,542,1500,1901
True,2026-09-28T20:10:01Z,2026-09-28T20:12:56Z,losgatospdca,1,Community Protecht,Los Gatos,CA,ok,200,,,https://api.fususone.com/api/public/organizations/losgatospdca/stats/,0,38,38,0,0,33
True,2026-09-28T20:10:01Z,2026-09-28T20:12:57Z,louisvillemetro,1,Connect Louisville,Louisville,KY,ok,200,,,https://api.fususone.com/api/public/organizations/louisvillemetro/stats/,1027,1744,1501,240,1500,1455
True,2026-09-28T20:10:01Z,2026-09-28T20:12:58Z,lynchburgpd,1,Hill City Connect,Lynchburg,VA,ok,200,,,https://api.fususone.com/api/public/organizations/lynchburgpd/stats/,1388,740,740,0,1500,732
True,2026-09-28T20:10:01Z,2026-09-28T20:12:59Z,madisonthecity,1,Connect Madison,Madison,MS,ok,200,,,https://api.fususone.com/api/public/organizations/madisonthecity/stats/,33,170,85,0,1500,62
True,2026-09-28T20:10:01Z,2026-09-28T20:13:00Z,manassaspdva,1,Connect Manassas City,Manassas City,VA,ok,200,,,https://api.fususone.com/api/public/organizations/manassaspdva/stats/,0,451,48,403,0,48
True,2026-09-28T20:10:01Z,2026-09-28T20:13:01Z,manhattanbeach,1,Connect Manhattan Beach,Manhattan Beach,CA,ok,200,,,https://api.fususone.com/api/public/organizations/manhattanbeach/stats/,7,2881,167,2714,10000,164
True,2026-09-28T20:10:01Z,2026-09-28T20:13:02Z,manheimtwp,1,Connect Manheim Township,Manheim Township,PA,ok,200,,,https://api.fususone.com/api/public/organizations/manheimtwp/stats/,0,30,30,0,0,27
True,2026-09-28T20:10:01Z,2026-09-28T20:13:03Z,martincountyso,2,Connect Martin County,Martin County,FL,ok,200,,,https://api.fususone.com/api/public/organizations/martincountyso/stats/,1149,6032,587,5179,1500,504
True,2026-09-28T20:10:01Z,2026-09-28T20:13:04Z,mcpdmd,1,MoCoConnect,Montgomery County,MD,ok,200,,,https://api.fususone.com/api/public/organizations/mcpdmd/stats/,2270,1999,1200,595,10000,1150
True,2026-09-28T20:10:01Z,2026-09-28T20:13:05Z,mcso-tn,1,Connect Madison County,Madison County,TN,ok,200,,,https://api.fususone.com/api/public/organizations/mcso-tn/stats/,0,621,365,0,150,365
True,2026-09-28T20:10:01Z,2026-09-28T20:13:06Z,melroseparkpdil,1,Connect Melrose Park,Melrose Park,IL,ok,200,,,https://api.fususone.com/api/public/organizations/melroseparkpdil/stats/,32,232,197,35,0,193
True,2026-09-28T20:10:01Z,2026-09-28T20:13:07Z,memphispd,1,Connect Memphis,Memphis,TN,ok,200,,,https://api.fususone.com/api/public/organizations/memphispd/stats/,14215,3095,2272,665,2750,2128
True,2026-09-28T20:10:01Z,2026-09-28T20:13:08Z,mercedpdca,1,Merced Community Camera Program,Merced,CA,ok,200,,,https://api.fususone.com/api/public/organizations/mercedpdca/stats/,423,105,105,0,0,105
True,2026-09-28T20:10:01Z,2026-09-28T20:13:09Z,meridianpdms,1,Connect Meridian,Meridian,MS,ok,200,,,https://api.fususone.com/api/public/organizations/meridianpdms/stats/,0,303,303,0,10000,303
True,2026-09-28T20:10:01Z,2026-09-28T20:13:10Z,miamibeachpdfl,1,Connect Miami Beach,Miami Beach,FL,ok,200,,,https://api.fususone.com/api/public/organizations/miamibeachpdfl/stats/,0,527,527,0,0,480
True,2026-09-28T20:10:01Z,2026-09-28T20:13:11Z,miamidadepd,1,Connect Miami-Dade,Miami-Dade,FL,ok,200,,,https://api.fususone.com/api/public/organizations/miamidadepd/stats/,1249,1799,767,299,5000,694
True,2026-09-28T20:10:01Z,2026-09-28T20:13:12Z,milwaukeepd,1,Community Connect Milwaukee,Milwaukee,WI,ok,200,,,https://api.fususone.com/api/public/organizations/milwaukeepd/stats/,1552,1225,1014,211,1500,985
True,2026-09-28T20:10:01Z,2026-09-28T20:13:13Z,minnetonkapdmn,1,Keep Minnetonka Safe,Minnetonka,MN,ok,200,,,https://api.fususone.com/api/public/organizations/minnetonkapdmn/stats/,692,1895,660,1235,1500,644
True,2026-09-28T20:10:01Z,2026-09-28T20:13:14Z,missoulapdmt,1,Connect Missoula,Missoula,MT,ok,200,,,https://api.fususone.com/api/public/organizations/missoulapdmt/stats/,99,25,25,0,0,25
True,2026-09-28T20:10:01Z,2026-09-28T20:13:15Z,mobilepdal,1,Connect Mobile,Mobile,AL,ok,200,,,https://api.fususone.com/api/public/organizations/mobilepdal/stats/,0,259,259,0,0,259
True,2026-09-28T20:10:01Z,2026-09-28T20:13:16Z,modestopd,1,Connect Modesto,Modesto,CA,ok,200,,,https://api.fususone.com/api/public/organizations/modestopd/stats/,89,429,413,16,1500,392
True,2026-09-28T20:10:01Z,2026-09-28T20:13:17Z,monmouthcounty,1,Connect Monmouth County,Monmouth County,NJ,ok,200,,,https://api.fususone.com/api/public/organizations/monmouthcounty/stats/,74,1810,1058,0,1500,1020
True,2026-09-28T20:10:01Z,2026-09-28T20:13:18Z,monroecoso,1,Connect Monroe County,Monroe County,NY,ok,200,,,https://api.fususone.com/api/public/organizations/monroecoso/stats/,181,868,868,0,10000,801
True,2026-09-28T20:10:01Z,2026-09-28T20:13:19Z,montgomerypd-al,1,STAR Watch Program,Montgomery,AL,ok,200,,,https://api.fususone.com/api/public/organizations/montgomerypd-al/stats/,2915,961,264,631,1500,262
True,2026-09-28T20:10:01Z,2026-09-28T20:13:20Z,montgomeryso-al,1,Connect Montgomery County,Montgomery County,AL,ok,200,,,https://api.fususone.com/api/public/organizations/montgomeryso-al/stats/,23,295,86,0,402,86
True,2026-09-28T20:10:01Z,2026-09-28T20:13:21Z,montrosepdco,1,Connect Montrose,Montrose,CO,ok,200,,,https://api.fususone.com/api/public/organizations/montrosepdco/stats/,0,169,169,0,0,169
True,2026-09-28T20:10:01Z,2026-09-28T20:13:22Z,mooresvillepd,1,Connect Mooresville,Mooresville,NC,ok,200,,,https://api.fususone.com/api/public/organizations/mooresvillepd/stats/,0,267,267,0,1500,267
True,2026-09-28T20:10:01Z,2026-09-28T20:13:23Z,mpls,1,Connect Minneapolis,Minneapolis,MN,ok,200,,,https://api.fususone.com/api/public/organizations/mpls/stats/,2644,2733,763,1429,1500,757
True,2026-09-28T20:10:01Z,2026-09-28T20:13:24Z,munsterpdin,1,Connect Munster,Munster,IN,ok,200,,,https://api.fususone.com/api/public/organizations/munsterpdin/stats/,109,274,98,0,150,98
True,2026-09-28T20:10:01Z,2026-09-28T20:13:25Z,newbrunswickpdnj,1,Connect New Brunswick,New Brunswick,NJ,ok,200,,,https://api.fususone.com/api/public/organizations/newbrunswickpdnj/stats/,0,123,123,0,0,123
True,2026-09-28T20:10:01Z,2026-09-28T20:13:26Z,newcastlede,1,Connect New Castle County,New Castle County,DE,ok,200,,,https://api.fususone.com/api/public/organizations/newcastlede/stats/,21,161,153,8,0,84
True,2026-09-28T20:10:01Z,2026-09-28T20:13:27Z,newhavenct,1,Connect New Haven,New Haven,CT,ok,200,,,https://api.fususone.com/api/public/organizations/newhavenct/stats/,193,699,699,0,1500,699
True,2026-09-28T20:10:01Z,2026-09-28T20:13:28Z,newlondonpdct,1,Connect New London,New London,CT,ok,200,,,https://api.fususone.com/api/public/organizations/newlondonpdct/stats/,0,6,6,0,0,3
True,2026-09-28T20:10:01Z,2026-09-28T20:13:29Z,newportbeachpdca,1,Connect Newport Beach,Newport Beach,CA,ok,200,,,https://api.fususone.com/api/public/organizations/newportbeachpdca/stats/,405,235,176,59,1,135
True,2026-09-28T20:10:01Z,2026-09-28T20:13:30Z,newportnewspd,1,Connect Newport News,Newport News,VA,ok,200,,,https://api.fususone.com/api/public/organizations/newportnewspd/stats/,1414,2293,892,1385,1500,884
True,2026-09-28T20:10:01Z,2026-09-28T20:13:31Z,newtonsheriff,1,Connect Newton County,Newton County,GA,ok,200,,,https://api.fususone.com/api/public/organizations/newtonsheriff/stats/,348,3527,523,52,150,520
True,2026-09-28T20:10:01Z,2026-09-28T20:13:32Z,norfolkpd,1,Connect Norfolk,Norfolk,VA,ok,200,,,https://api.fususone.com/api/public/organizations/norfolkpd/stats/,441,3656,2035,1385,4500,1933
True,2026-09-28T20:10:01Z,2026-09-28T20:13:33Z,northcharlestonpd,1,Connect North Charleston,North Charleston,SC,ok,200,,,https://api.fususone.com/api/public/organizations/northcharlestonpd/stats/,1369,566,291,71,10000,283
True,2026-09-28T20:10:01Z,2026-09-28T20:13:34Z,northlittlerock,1,Connect North Little Rock,North Little Rock,AR,ok,200,,,https://api.fususone.com/api/public/organizations/northlittlerock/stats/,408,994,730,61,1500,730
True,2026-09-28T20:10:01Z,2026-09-28T20:13:35Z,northport,1,Connect North Port,North Port,FL,ok,200,,,https://api.fususone.com/api/public/organizations/northport/stats/,149,893,246,543,150,202
True,2026-09-28T20:10:01Z,2026-09-28T20:13:36Z,novatopdca,1,Connect Novato,Novato,CA,ok,200,,,https://api.fususone.com/api/public/organizations/novatopdca/stats/,667,42,42,0,0,42
True,2026-09-28T20:10:01Z,2026-09-28T20:13:37Z,nypd,1,Connect NYPD,New York City,NY,ok,200,,,https://api.fususone.com/api/public/organizations/nypd/stats/,5511,2150,2150,0,32767,2080
True,2026-09-28T20:10:01Z,2026-09-28T20:13:38Z,oakbrookpd,1,Connect Oak Brook,Oak Brook,IL,ok,200,,,https://api.fususone.com/api/public/organizations/oakbrookpd/stats/,166,399,359,40,1500,359
True,2026-09-28T20:10:01Z,2026-09-28T20:13:39Z,oakdaleca,1,Connect Oakdale,Oakdale,CA,ok,200,,,https://api.fususone.com/api/public/organizations/oakdaleca/stats/,17,259,246,13,500,244
True,2026-09-28T20:10:01Z,2026-09-28T20:13:40Z,oaklawn,1,Connect Oak Lawn,Oak Lawn,IL,ok,200,,,https://api.fususone.com/api/public/organizations/oaklawn/stats/,1426,2205,955,1157,1500,789
True,2026-09-28T20:10:01Z,2026-09-28T20:13:41Z,obterracepd,1,Connect Oakbrook Terrace,Oakbrook Terrace,IL,ok,200,,,https://api.fususone.com/api/public/organizations/obterracepd/stats/,163,312,0,6,500,0
True,2026-09-28T20:10:01Z,2026-09-28T20:13:42Z,oceansidepdca,1,Connect Oceanside,Oceanside,CA,ok,200,,,https://api.fususone.com/api/public/organizations/oceansidepdca/stats/,325,257,150,107,0,150
True,2026-09-28T20:10:01Z,2026-09-28T20:13:43Z,ocsdca,1,Connect Orange County,Orange County,CA,ok,200,,,https://api.fususone.com/api/public/organizations/ocsdca/stats/,2815,2875,1343,1511,5000,1198
True,2026-09-28T20:10:01Z,2026-09-28T20:13:44Z,okaloosacounty,1,Connect Okaloosa County,Okaloosa County,FL,ok,200,,,https://api.fususone.com/api/public/organizations/okaloosacounty/stats/,783,516,186,262,1500,156
True,2026-09-28T20:10:01Z,2026-09-28T20:13:45Z,okcpd,1,Connect Oklahoma City,Oklahoma City,OK,ok,200,,,https://api.fususone.com/api/public/organizations/okcpd/stats/,1731,7147,6532,615,1500,2034
True,2026-09-28T20:10:01Z,2026-09-28T20:13:46Z,ontariopolice,1,Connect Ontario,Ontario,CA,ok,200,,,https://api.fususone.com/api/public/organizations/ontariopolice/stats/,319,2095,1329,766,1500,1264
True,2026-09-28T20:10:01Z,2026-09-28T20:13:47Z,orangecofl,1,Connect Orange County,Orange County,FL,ok,200,,,https://api.fususone.com/api/public/organizations/orangecofl/stats/,2299,10477,857,7670,7750,758
True,2026-09-28T20:10:01Z,2026-09-28T20:13:48Z,orlando,1,Orlando Connect,Orlando,FL,ok,200,,,https://api.fususone.com/api/public/organizations/orlando/stats/,7318,4099,1053,2658,1500,1003
True,2026-09-28T20:10:01Z,2026-09-28T20:13:49Z,orlandparkpd,1,Connect Orland Park,Orland Park,IL,ok,200,,,https://api.fususone.com/api/public/organizations/orlandparkpd/stats/,425,1275,429,846,10000,386
True,2026-09-28T20:10:01Z,2026-09-28T20:13:50Z,overlandparkpdks,1,Secure OP,Overland Park,KS,ok,200,,,https://api.fususone.com/api/public/organizations/overlandparkpdks/stats/,7,1087,553,0,0,540
True,2026-09-28T20:10:01Z,2026-09-28T20:13:51Z,pascopdwa,1,OnePasco,Pasco,WA,ok,200,,,https://api.fususone.com/api/public/organizations/pascopdwa/stats/,69,148,148,0,150,142
True,2026-09-28T20:10:01Z,2026-09-28T20:13:52Z,patersonpdnj,1,Connect Paterson,Paterson,NJ,ok,200,,,https://api.fususone.com/api/public/organizations/patersonpdnj/stats/,185,379,379,0,10000,374
True,2026-09-28T20:10:01Z,2026-09-28T20:13:53Z,pbso,1,Keep Palm Beach County Safe,Palm Beach County,FL,ok,200,,,https://api.fususone.com/api/public/organizations/pbso/stats/,1885,1502,1016,0,1,926
True,2026-09-28T20:10:01Z,2026-09-28T20:13:54Z,peachtreecorners,1,Connect Peachtree,Peachtree Corners,GA,ok,200,,,https://api.fususone.com/api/public/organizations/peachtreecorners/stats/,445,191,142,32,500,139
True,2026-09-28T20:10:01Z,2026-09-28T20:13:55Z,pekinpdil,1,Connect Pekin,Pekin,IL,ok,200,,,https://api.fususone.com/api/public/organizations/pekinpdil/stats/,0,87,68,0,0,68
True,2026-09-28T20:10:01Z,2026-09-28T20:13:56Z,pellcitypd,1,Connect Pell City,Pell City,AL,ok,200,,,https://api.fususone.com/api/public/organizations/pellcitypd/stats/,272,976,279,697,1000,279
True,2026-09-28T20:10:01Z,2026-09-28T20:13:57Z,peoriapd,1,Connect Peoria,Peoria,IL,ok,200,,,https://api.fususone.com/api/public/organizations/peoriapd/stats/,445,899,544,0,1500,537
True,2026-09-28T20:10:01Z,2026-09-28T20:13:58Z,peoriapdaz,1,Connect Peoria,Peoria,AZ,ok,200,,,https://api.fususone.com/api/public/organizations/peoriapdaz/stats/,76,599,403,25,10000,394
True,2026-09-28T20:10:01Z,2026-09-28T20:13:59Z,petersburgpd,1,Connect Petersburg,Petersburg,VA,ok,200,,,https://api.fususone.com/api/public/organizations/petersburgpd/stats/,358,1711,298,1413,1500,273
True,2026-09-28T20:10:01Z,2026-09-28T20:14:00Z,pgcountypd,1,Connect Prince George's County,Prince George's County,MD,ok,200,,,https://api.fususone.com/api/public/organizations/pgcountypd/stats/,466,2735,1782,578,1500,1483
True,2026-09-28T20:10:01Z,2026-09-28T20:14:01Z,placerca,1,Connect Placer County,Placer County,CA,ok,200,,,https://api.fususone.com/api/public/organizations/placerca/stats/,558,912,263,472,500,219
True,2026-09-28T20:10:01Z,2026-09-28T20:14:02Z,planotx,1,Keep Plano Safe,Plano,TX,ok,200,,,https://api.fususone.com/api/public/organizations/planotx/stats/,23,324,324,0,500,316
True,2026-09-28T20:10:01Z,2026-09-28T20:14:03Z,plaqueminesparishso,1,Connect Plaquemines Parish,Plaquemines Parish,LA,ok,200,,,https://api.fususone.com/api/public/organizations/plaqueminesparishso/stats/,8,532,35,497,10000,35
True,2026-09-28T20:10:01Z,2026-09-28T20:14:04Z,pomonapd,1,Pomona Safe Communities,Pomona,CA,ok,200,,,https://api.fususone.com/api/public/organizations/pomonapd/stats/,266,187,179,8,10000,168
True,2026-09-28T20:10:01Z,2026-09-28T20:14:05Z,portsmouthpd,1,Portsmouth Connect,Portsmouth,VA,ok,200,,,https://api.fususone.com/api/public/organizations/portsmouthpd/stats/,491,1806,393,1413,1500,392
True,2026-09-28T20:10:01Z,2026-09-28T20:14:06Z,powderspringspd,1,Connect Powder Springs,Powder Springs,GA,ok,200,,,https://api.fususone.com/api/public/organizations/powderspringspd/stats/,113,2955,52,18,150,52
True,2026-09-28T20:10:01Z,2026-09-28T20:14:07Z,prairievillagepdks,1,Connect Prairie Village,Prairie Village,KS,ok,200,,,https://api.fususone.com/api/public/organizations/prairievillagepdks/stats/,121,1488,327,320,1500,312
True,2026-09-28T20:10:01Z,2026-09-28T20:14:08Z,queencreekaz,1,Connect Queen Creek,Queen Creek,AZ,ok,200,,,https://api.fususone.com/api/public/organizations/queencreekaz/stats/,76,994,490,333,1499,482
True,2026-09-28T20:10:01Z,2026-09-28T20:14:09Z,raleighncpd,1,CONNECTRALEIGH,Raleigh,NC,ok,200,,,https://api.fususone.com/api/public/organizations/raleighncpd/stats/,1868,1619,1131,57,1500,1128
True,2026-09-28T20:10:01Z,2026-09-28T20:14:10Z,rankincounty,1,Connect Rankin County,Rankin County,MS,ok,200,,,https://api.fususone.com/api/public/organizations/rankincounty/stats/,0,368,266,58,1500,261
True,2026-09-28T20:10:01Z,2026-09-28T20:14:11Z,redondobchpd,1,Connect Redondo Beach,Redondo Beach,CA,ok,200,,,https://api.fususone.com/api/public/organizations/redondobchpd/stats/,445,482,77,405,350,75
True,2026-09-28T20:10:01Z,2026-09-28T20:14:12Z,renopd,1,Connect Reno,Reno,NV,ok,200,,,https://api.fususone.com/api/public/organizations/renopd/stats/,708,945,541,141,500,513
True,2026-09-28T20:10:01Z,2026-09-28T20:14:13Z,rentonpdwa,1,Connect Renton,Renton,WA,ok,200,,,https://api.fususone.com/api/public/organizations/rentonpdwa/stats/,1328,237,237,0,0,219
True,2026-09-28T20:10:01Z,2026-09-28T20:14:14Z,rialtopd,1,Connect Rialto,Rialto,CA,ok,200,,,https://api.fususone.com/api/public/organizations/rialtopd/stats/,349,3614,703,2911,500,689
True,2026-09-28T20:10:01Z,2026-09-28T20:14:15Z,richlandpdwa,1,Connect Richland,Richland,WA,ok,200,,,https://api.fususone.com/api/public/organizations/richlandpdwa/stats/,40,190,190,0,0,159
True,2026-09-28T20:10:01Z,2026-09-28T20:14:16Z,richmondcsoga,1,Connect Richmond County,Richmond County,GA,ok,200,,,https://api.fususone.com/api/public/organizations/richmondcsoga/stats/,0,141,141,0,0,141
True,2026-09-28T20:10:01Z,2026-09-28T20:14:17Z,richmondva,1,Connect Richmond,Richmond,VA,ok,200,,,https://api.fususone.com/api/public/organizations/richmondva/stats/,238,558,484,0,1500,405
True,2026-09-28T20:10:01Z,2026-09-28T20:14:18Z,rileycountypd,1,Connect Riley County,Riley County,KS,ok,200,,,https://api.fususone.com/api/public/organizations/rileycountypd/stats/,81,47,47,0,0,47
True,2026-09-28T20:10:01Z,2026-09-28T20:14:19Z,riverdalepd,1,Connect Riverdale,Riverdale,IL,error,404,HTTP 404,totalRegisteredCameras;totalIntegratedCameras;totalOwnedCameras;totalSharedCameras;totalMaxCameras;subscribedCameras,https://api.fususone.com/api/public/organizations/riverdalepd/stats/,,,,,,
True,2026-09-28T20:10:01Z,2026-09-28T20:14:20Z,rocklinpd,1,Rocklin on Watch,Rocklin,CA,ok,200,,,https://api.fususone.com/api/public/organizations/rocklinpd/stats/,505,280,99,147,150,99
True,2026-09-28T20:10:01Z,2026-09-28T20:14:21Z,rockymountpd,1,Connect Rocky Mount,Rocky Mount,NC,ok,200,,,https://api.fususone.com/api/public/organizations/rockymountpd/stats/,112,726,674,50,5000,616
True,2026-09-28T20:10:01Z,2026-09-28T20:14:22Z,rogerspdar,1,Connect Rogers,Rogers,AR,ok,200,,,https://api.fususone.com/api/public/organizations/rogerspdar/stats/,280,263,263,0,0,254
True,2026-09-28T20:10:01Z,2026-09-28T20:14:23Z,roswellpdnm,1,SaferRoswell,Roswell,NM,ok,200,,,https://api.fususone.com/api/public/organizations/roswellpdnm/stats/,4,102,102,0,0,102
True,2026-09-28T20:10:01Z,2026-09-28T20:14:24Z,sacramentocoso,1,Connect Sacramento County,Sacramento County,CA,ok,200,,,https://api.fususone.com/api/public/organizations/sacramentocoso/stats/,353,415,188,227,5000,187
True,2026-09-28T20:10:01Z,2026-09-28T20:14:25Z,sacramentopd,1,Sacramento PD Connect,Sacramento,CA,ok,200,,,https://api.fususone.com/api/public/organizations/sacramentopd/stats/,901,1774,1038,418,2000,1016
True,2026-09-28T20:10:01Z,2026-09-28T20:14:26Z,salinaspd,1,Connect Salinas,Salinas,CA,ok,200,,,https://api.fususone.com/api/public/organizations/salinaspd/stats/,42,2947,264,2683,500,262
True,2026-09-28T20:10:01Z,2026-09-28T20:14:27Z,sanbernardinopdca,1,Connect San Bernardino,San Bernardino,CA,ok,200,,,https://api.fususone.com/api/public/organizations/sanbernardinopdca/stats/,156,674,552,122,6000,451
True,2026-09-28T20:10:01Z,2026-09-28T20:14:28Z,sandyspringspd,1,Connect Sandy Springs,Sandy Springs,GA,ok,200,,,https://api.fususone.com/api/public/organizations/sandyspringspd/stats/,879,15225,300,4382,7782,297
True,2026-09-28T20:10:01Z,2026-09-28T20:14:29Z,sanjoaquincsoca,1,ConnectSJSO,San Joaquin County,CA,ok,200,,,https://api.fususone.com/api/public/organizations/sanjoaquincsoca/stats/,152,131,63,68,0,62
True,2026-09-28T20:10:01Z,2026-09-28T20:14:30Z,sanjose,1,Connect San Jose,San Jose,CA,ok,200,,,https://api.fususone.com/api/public/organizations/sanjose/stats/,10810,1596,1319,277,1500,1205
True,2026-09-28T20:10:01Z,2026-09-28T20:14:31Z,sanmarcospdtx,1,Connect San Marcos,San Marcos,TX,ok,200,,,https://api.fususone.com/api/public/organizations/sanmarcospdtx/stats/,63,78,78,0,10000,78
True,2026-09-28T20:10:01Z,2026-09-28T20:14:32Z,sanmateopd,1,Connect San Mateo,San Mateo,CA,ok,200,,,https://api.fususone.com/api/public/organizations/sanmateopd/stats/,3094,99,99,0,1500,96
True,2026-09-28T20:10:01Z,2026-09-28T20:14:33Z,sarasotacsofl,1,Connect Sarasota County,Sarasota County,FL,ok,200,,,https://api.fususone.com/api/public/organizations/sarasotacsofl/stats/,5,452,386,66,0,374
True,2026-09-28T20:10:01Z,2026-09-28T20:14:34Z,saratogaspringspdny,1,Connect Saratoga Springs,Saratoga Springs,NY,ok,200,,,https://api.fususone.com/api/public/organizations/saratogaspringspdny/stats/,130,197,181,16,0,180
True,2026-09-28T20:10:01Z,2026-09-28T20:14:35Z,savannahpd,1,Connect Savannah,Savannah,GA,ok,200,,,https://api.fususone.com/api/public/organizations/savannahpd/stats/,1168,9259,304,23,1500,304
True,2026-09-28T20:10:01Z,2026-09-28T20:14:36Z,schenectadypdny,1,Connect Schenectady,Schenectady,NY,ok,200,,,https://api.fususone.com/api/public/organizations/schenectadypdny/stats/,0,69,69,0,0,69
True,2026-09-28T20:10:01Z,2026-09-28T20:14:37Z,scrantonpd,1,Connect Scranton,Scranton,PA,ok,200,,,https://api.fususone.com/api/public/organizations/scrantonpd/stats/,495,60,60,0,0,60
True,2026-09-28T20:10:01Z,2026-09-28T20:14:38Z,seagovillepdtx,1,Seagoville Connect and Protect,Seagoville,TX,ok,200,,,https://api.fususone.com/api/public/organizations/seagovillepdtx/stats/,22,50,50,0,225,50
True,2026-09-28T20:10:01Z,2026-09-28T20:14:39Z,seatpleasantmd,1,Connect Seat Pleasant,Seat Pleasant,MD,ok,200,,,https://api.fususone.com/api/public/organizations/seatpleasantmd/stats/,0,1040,105,534,500,102
True,2026-09-28T20:10:01Z,2026-09-28T20:14:40Z,seattlepd,1,Connect Seattle,Seattle,WA,ok,200,,,https://api.fususone.com/api/public/organizations/seattlepd/stats/,883,697,674,0,5000,673
True,2026-09-28T20:10:01Z,2026-09-28T20:14:41Z,seminolecountyso,1,Connect Seminole,Seminole County,FL,ok,200,,,https://api.fususone.com/api/public/organizations/seminolecountyso/stats/,110,2064,528,1099,1500,518
True,2026-09-28T20:10:01Z,2026-09-28T20:14:42Z,shawneecosheriff,1,Connect Shawnee County and the City of Topeka,Shawnee County and the City of Topeka,KS,ok,200,,,https://api.fususone.com/api/public/organizations/shawneecosheriff/stats/,1203,2242,642,1600,500,542
True,2026-09-28T20:10:01Z,2026-09-28T20:14:43Z,shelbycoso,1,Connect Shelby County,Shelby County,TN,ok,200,,,https://api.fususone.com/api/public/organizations/shelbycoso/stats/,1307,2324,181,123,1500,152
True,2026-09-28T20:10:01Z,2026-09-28T20:14:44Z,smyrnaga,1,Connect Smyrna,Smyrna,GA,ok,200,,,https://api.fususone.com/api/public/organizations/smyrnaga/stats/,333,13065,262,3416,3058,257
True,2026-09-28T20:10:01Z,2026-09-28T20:14:45Z,southbendpd,1,Sync South Bend,South Bend,IN,ok,200,,,https://api.fususone.com/api/public/organizations/southbendpd/stats/,2529,2035,1291,744,1500,1278
True,2026-09-28T20:10:01Z,2026-09-28T20:14:46Z,southfultonga,1,Connect South Fulton,South Fulton,GA,ok,200,,,https://api.fususone.com/api/public/organizations/southfultonga/stats/,460,14805,552,4105,8000,537
True,2026-09-28T20:10:01Z,2026-09-28T20:14:47Z,sparkspdnv,1,Connect Sparks,Sparks,NV,ok,200,,,https://api.fususone.com/api/public/organizations/sparkspdnv/stats/,244,749,216,0,500,202
True,2026-09-28T20:10:01Z,2026-09-28T20:14:48Z,spartanburgpd,1,Connect Spartanburg,Spartanburg,SC,ok,200,,,https://api.fususone.com/api/public/organizations/spartanburgpd/stats/,187,674,670,4,500,670
True,2026-09-28T20:10:01Z,2026-09-28T20:14:49Z,spokanecsowa,1,Connect Spokane County,Spokane County,WA,ok,200,,,https://api.fususone.com/api/public/organizations/spokanecsowa/stats/,56,959,827,131,150,720
True,2026-09-28T20:10:01Z,2026-09-28T20:14:50Z,springfieldpd,1,Sync Springfield,Springfield,IL,ok,200,,,https://api.fususone.com/api/public/organizations/springfieldpd/stats/,1647,2550,2477,0,1500,2452
True,2026-09-28T20:10:01Z,2026-09-28T20:14:51Z,springfieldpdmo,1,Springfield Safe,Springfield,MO,ok,200,,,https://api.fususone.com/api/public/organizations/springfieldpdmo/stats/,15,313,162,151,0,153
True,2026-09-28T20:10:01Z,2026-09-28T20:14:52Z,statesboropd,1,Connect Statesboro,Statesboro,GA,ok,200,,,https://api.fususone.com/api/public/organizations/statesboropd/stats/,1,14449,629,4132,3950,622
True,2026-09-28T20:10:01Z,2026-09-28T20:14:53Z,stbernardso,1,Protect St. Bernard,St. Bernard Parish,LA,ok,200,,,https://api.fususone.com/api/public/organizations/stbernardso/stats/,147,1796,84,1712,781,84
True,2026-09-28T20:10:01Z,2026-09-28T20:14:54Z,stcloud,1,Connect St. Cloud,St. Cloud,FL,ok,200,,,https://api.fususone.com/api/public/organizations/stcloud/stats/,356,9228,1926,5972,7000,1903
True,2026-09-28T20:10:01Z,2026-09-28T20:14:55Z,stcloudpdmn,1,Saint Cloud Connect and Protect,Saint Cloud,MN,ok,200,,,https://api.fususone.com/api/public/organizations/stcloudpdmn/stats/,0,27,27,0,350,19
True,2026-09-28T20:10:01Z,2026-09-28T20:14:56Z,stjohnscountyso,1,Connect St. Johns,St. Johns County,FL,ok,200,,,https://api.fususone.com/api/public/organizations/stjohnscountyso/stats/,1710,1303,1117,186,1500,1071
True,2026-09-28T20:10:01Z,2026-09-28T20:14:57Z,stluciesheriff,1,Connect St Lucie County,St. Lucie County,FL,ok,200,,,https://api.fususone.com/api/public/organizations/stluciesheriff/stats/,831,124,124,0,1500,72
True,2026-09-28T20:10:01Z,2026-09-28T20:14:58Z,stocktonpdca,1,SaferStockton,Stockton,CA,ok,200,,,https://api.fususone.com/api/public/organizations/stocktonpdca/stats/,52,371,370,1,1,366
True,2026-09-28T20:10:01Z,2026-09-28T20:14:59Z,stpaulpdmn,1,Connect Saint Paul,Saint Paul,MN,ok,200,,,https://api.fususone.com/api/public/organizations/stpaulpdmn/stats/,66,1247,341,445,0,332
True,2026-09-28T20:10:01Z,2026-09-28T20:15:00Z,sumnercounty,1,Connect Sumner,Sumner,TN,ok,200,,,https://api.fususone.com/api/public/organizations/sumnercounty/stats/,461,92,33,38,4000,31
True,2026-09-28T20:10:01Z,2026-09-28T20:15:01Z,tempepd,1,Connect Tempe,Tempe,AZ,ok,200,,,https://api.fususone.com/api/public/organizations/tempepd/stats/,172,1506,907,0,1500,907
True,2026-09-28T20:10:01Z,2026-09-28T20:15:02Z,torrancepd,1,Secure Torrance,Torrance,CA,ok,200,,,https://api.fususone.com/api/public/organizations/torrancepd/stats/,133,389,143,246,200,93
True,2026-09-28T20:10:01Z,2026-09-28T20:15:03Z,troypdil,1,Connect Troy,Troy,MI,error,404,HTTP 404,totalRegisteredCameras;totalIntegratedCameras;totalOwnedCameras;totalSharedCameras;totalMaxCameras;subscribedCameras,https://api.fususone.com/api/public/organizations/troypdil/stats/,,,,,,
True,2026-09-28T20:10:01Z,2026-09-28T20:15:04Z,tucsonpd,1,Connect Tucson,Tucson,AZ,ok,200,,,https://api.fususone.com/api/public/organizations/tucsonpd/stats/,1329,637,466,0,1500,467
True,2026-09-28T20:10:01Z,2026-09-28T20:15:05Z,tupeloms,1,Connect Tupelo,Tupelo,MS,ok,200,,,https://api.fususone.com/api/public/organizations/tupeloms/stats/,271,349,349,0,500,344
True,2026-09-28T20:10:01Z,2026-09-28T20:15:06Z,turlockpd,1,Connect Turlock,Turlock,CA,ok,200,,,https://api.fususone.com/api/public/organizations/turlockpd/stats/,199,173,162,11,150,162
True,2026-09-28T20:10:01Z,2026-09-28T20:15:07Z,tuscaloosapd,1,Safeguard Tuscaloosa,Tuscaloosa,AL,ok,200,,,https://api.fususone.com/api/public/organizations/tuscaloosapd/stats/,258,1095,401,624,1500,381
True,2026-09-28T20:10:01Z,2026-09-28T20:15:08Z,uarizonapdaz,1,Connect University of Arizona,University of Arizona,AZ,ok,200,,,https://api.fususone.com/api/public/organizations/uarizonapdaz/stats/,0,16,4,0,0,0
True,2026-09-28T20:10:01Z,2026-09-28T20:15:09Z,uillinoispd,1,Connect University of Illinois Urbana-Champaign,University of Illinois Urbana-Champaign,IL,ok,200,,,https://api.fususone.com/api/public/organizations/uillinoispd/stats/,3,4177,4089,0,0,4079
True,2026-09-28T20:10:01Z,2026-09-28T20:15:10Z,universityofmissouripdmo,1,Mizzou SafeConnect,Mizzou,MO,ok,200,,,https://api.fususone.com/api/public/organizations/universityofmissouripdmo/stats/,145,1012,1012,0,0,999
True,2026-09-28T20:10:01Z,2026-09-28T20:15:11Z,virginiabeachpd,1,Connect Virginia Beach,Virginia Beach,VA,ok,200,,,https://api.fususone.com/api/public/organizations/virginiabeachpd/stats/,1447,3308,647,1409,2000,636
True,2026-09-28T20:10:01Z,2026-09-28T20:15:12Z,volusiasheriff,1,Connect Volusia,Volusia,FL,ok,200,,,https://api.fususone.com/api/public/organizations/volusiasheriff/stats/,670,3953,577,3025,1500,900
True,2026-09-28T20:10:01Z,2026-09-28T20:15:13Z,wakecounty,1,Connect Wake County,Wake County,NC,ok,200,,,https://api.fususone.com/api/public/organizations/wakecounty/stats/,171,970,287,58,1500,255
True,2026-09-28T20:10:01Z,2026-09-28T20:15:14Z,warnerrobinspd,1,Connect Warner Robins,Warner Robins,GA,ok,200,,,https://api.fususone.com/api/public/organizations/warnerrobinspd/stats/,218,9231,139,0,500,139
True,2026-09-28T20:10:01Z,2026-09-28T20:15:15Z,warrenpdmi,1,Connect Warren,Warren,MI,ok,200,,,https://api.fususone.com/api/public/organizations/warrenpdmi/stats/,64,238,144,94,1500,117
True,2026-09-28T20:10:01Z,2026-09-28T20:15:16Z,washoesheriff,1,Connect Washoe County,Washoe County,NV,ok,200,,,https://api.fususone.com/api/public/organizations/washoesheriff/stats/,9,470,178,4,500,171
True,2026-09-28T20:10:01Z,2026-09-28T20:15:17Z,webbcountyso,1,Connect Webb County,Webb County,TX,ok,200,,,https://api.fususone.com/api/public/organizations/webbcountyso/stats/,0,279,279,0,2000,275
True,2026-09-28T20:10:01Z,2026-09-28T20:15:18Z,westsacramento,1,West Sacramento Safe and Secure,West Sacramento,CA,ok,200,,,https://api.fususone.com/api/public/organizations/westsacramento/stats/,831,513,340,89,500,329
True,2026-09-28T20:10:01Z,2026-09-28T20:15:19Z,wheatonpd,1,Connect Wheaton,Wheaton,IL,ok,200,,,https://api.fususone.com/api/public/organizations/wheatonpd/stats/,428,535,535,0,1500,531
True,2026-09-28T20:10:01Z,2026-09-28T20:15:20Z,whitehallpd,1,Connect Whitehall,Whitehall,OH,ok,200,,,https://api.fususone.com/api/public/organizations/whitehallpd/stats/,575,615,153,462,1500,151
True,2026-09-28T20:10:01Z,2026-09-28T20:15:21Z,wichitapdks,1,Connected Wichita,Wichita,KS,ok,200,,,https://api.fususone.com/api/public/organizations/wichitapdks/stats/,9,370,349,21,1500,316
True,2026-09-28T20:10:01Z,2026-09-28T20:15:22Z,williamsoncsotn,1,Connect Williamson,Williamson County,TN,ok,200,,,https://api.fususone.com/api/public/organizations/williamsoncsotn/stats/,103,9,9,0,0,0
True,2026-09-28T20:10:01Z,2026-09-28T20:15:23Z,wilmingtonnc,1,Connect Wilmington,Wilmington,NC,ok,200,,,https://api.fususone.com/api/public/organizations/wilmingtonnc/stats/,2,712,696,0,10000,696
True,2026-09-28T20:10:01Z,2026-09-28T20:15:24Z,wintergarden,1,Connect Winter Garden,Winter Garden,FL,ok,200,,,https://api.fususone.com/api/public/organizations/wintergarden/stats/,0,274,172,0,500,172
True,2026-09-28T20:10:01Z,2026-09-28T20:15:25Z,winterpark,1,Connect Winter Park,Winter Park,FL,ok,200,,,https://api.fususone.com/api/public/organizations/winterpark/stats/,294,1544,1081,0,1500,1073
True,2026-09-28T20:10:01Z,2026-09-28T20:15:26Z,wpb,1,CityWatch Connect,West Palm Beach,FL,ok,200,,,https://api.fususone.com/api/public/organizations/wpb/stats/,1815,958,460,245,1000,434
True,2026-09-28T20:10:01Z,2026-09-28T20:15:27Z,zacharypdla,1,Connect Zachary,Zachary,LA,ok,200,,,https://api.fususone.com/api/public/organizations/zacharypdla/stats/,7,8,8,0,0,8
True,2026-10-08T16:19:55Z,2026-10-08T16:19:56Z,aacounty,1,Connect Anne Arundel,Anne Arundel County,MD,ok,200,,,https://api.fususone.com/api/public/organizations/aacounty/stats/,1060,3185,2380,534,1500,2345
True,2026-10-08T16:19:55Z,2026-10-08T16:19:57Z,accpd,1,Connect Athens-Clarke County,Athens-Clarke County,GA,ok,200,,,https://api.fususone.com/api/public/organizations/accpd/stats/,68,4336,1843,297,500,534
True,2026-10-08T16:19:55Z,2026-10-08T16:19:58Z,acworthga,1,Connect Acworth,Acworth,GA,ok,200,,,https://api.fususone.com/api/public/organizations/acworthga/stats/,150,10567,237,427,500,237
True,2026-10-08T16:19:55Z,2026-10-08T16:19:59Z,adamscsoco,1,Connect Adams County,Adams County,CO,ok,200,,,https://api.fususone.com/api/public/organizations/adamscsoco/stats/,156,166,166,0,1500,166
True,2026-10-08T16:19:55Z,2026-10-08T16:20:00Z,alachuasheriff,1,Connect Alachua County,Alachua County,FL,ok,200,,,https://api.fususone.com/api/public/organizations/alachuasheriff/stats/,135,221,160,5,850,143
True,2026-10-08T16:19:55Z,2026-10-08T16:20:01Z,albanypolice,1,Connect Albany,Albany,GA,ok,200,,,https://api.fususone.com/api/public/organizations/albanypolice/stats/,733,14051,1154,3519,6634,1140
True,2026-10-08T16:19:55Z,2026-10-08T16:20:02Z,alexandriapd,1,Connect Alexandria,Alexandria,VA,ok,200,,,https://api.fususone.com/api/public/organizations/alexandriapd/stats/,0,1751,366,1385,10000,366
True,2026-10-08T16:19:55Z,2026-10-08T16:20:03Z,alpharetta,1,Connect Alpharetta,Alpharetta,GA,ok,200,,,https://api.fususone.com/api/public/organizations/alpharetta/stats/,0,0,0,0,2500,0
True,2026-10-08T16:19:55Z,2026-10-08T16:20:04Z,alsipil,1,Connect Alsip,Alsip,IL,ok,200,,,https://api.fususone.com/api/public/organizations/alsipil/stats/,740,977,930,26,1500,979
True,2026-10-08T16:19:55Z,2026-10-08T16:20:05Z,altoonapd,1,Connect Altoona,Altoona,IA,ok,200,,,https://api.fususone.com/api/public/organizations/altoonapd/stats/,355,605,605,0,925,595
True,2026-10-08T16:19:55Z,2026-10-08T16:20:06Z,amarillopd,1,Connect Amarillo,Amarillo,TX,ok,200,,,https://api.fususone.com/api/public/organizations/amarillopd/stats/,32,491,491,0,500,483
True,2026-10-08T16:19:55Z,2026-10-08T16:20:07Z,anaheim,1,Connect Anaheim,Anaheim,CA,ok,200,,,https://api.fususone.com/api/public/organizations/anaheim/stats/,424,704,657,3,1500,626
True,2026-10-08T16:19:55Z,2026-10-08T16:20:08Z,anchoragepdak,1,Safe Anchorage,Anchorage,AK,ok,200,,,https://api.fususone.com/api/public/organizations/anchoragepdak/stats/,271,46,24,22,0,24
True,2026-10-08T16:19:55Z,2026-10-08T16:20:09Z,anokacountysomn,1,Anoka County Real Time Crime Center,Anoka County,MN,ok,200,,,https://api.fususone.com/api/public/organizations/anokacountysomn/stats/,374,2681,633,1721,500,632
True,2026-10-08T16:19:55Z,2026-10-08T16:20:10Z,apachejunctionpdaz,1,Connect Apache Junction,Apache Junction,AZ,ok,200,,,https://api.fususone.com/api/public/organizations/apachejunctionpdaz/stats/,0,199,199,0,225,191
True,2026-10-08T16:19:55Z,2026-10-08T16:20:11Z,apopkapd,1,Connect Apopka,Apopka,FL,ok,200,,,https://api.fususone.com/api/public/organizations/apopkapd/stats/,174,7852,224,6894,500,221
True,2026-10-08T16:19:55Z,2026-10-08T16:20:12Z,arlingtonheightspd,1,Connect Arlington Heights,Arlington Heights,IL,ok,200,,,https://api.fususone.com/api/public/organizations/arlingtonheightspd/stats/,652,1142,379,763,1500,363
True,2026-10-08T16:19:55Z,2026-10-08T16:20:13Z,artesianmpd,1,Connect Artesia,Artesia,MN,ok,200,,,https://api.fususone.com/api/public/organizations/artesianmpd/stats/,57,209,209,0,0,207
True,2026-10-08T16:19:55Z,2026-10-08T16:20:14Z,ashevillepdnc,1,Connect Asheville,Asheville,NC,ok,200,,,https://api.fususone.com/api/public/organizations/ashevillepdnc/stats/,16,344,344,0,500,332
True,2026-10-08T16:19:55Z,2026-10-08T16:20:15Z,ashlandpdal,1,Connect Ashland,Ashland,AL,ok,200,,,https://api.fususone.com/api/public/organizations/ashlandpdal/stats/,8,673,49,624,125,49
True,2026-10-08T16:19:55Z,2026-10-08T16:20:16Z,auroragov,1,Connect Aurora,Aurora,CO,ok,200,,,https://api.fususone.com/api/public/organizations/auroragov/stats/,55,936,936,0,10000,936
True,2026-10-08T16:19:55Z,2026-10-08T16:20:17Z,baltimorecountypd,1,Connect Baltimore County,Baltimore County,MD,ok,200,,,https://api.fususone.com/api/public/organizations/baltimorecountypd/stats/,4,626,556,70,5000,525
True,2026-10-08T16:19:55Z,2026-10-08T16:20:18Z,bartowfl,1,Connect Bartow,Bartow,FL,ok,200,,,https://api.fususone.com/api/public/organizations/bartowfl/stats/,1,34,34,0,0,32
True,2026-10-08T16:19:55Z,2026-10-08T16:20:19Z,baycounty,1,Connect Bay County,Bay County,FL,ok,200,,,https://api.fususone.com/api/public/organizations/baycounty/stats/,1722,1517,1163,289,1500,1130
True,2026-10-08T16:19:55Z,2026-10-08T16:20:20Z,beaumonttx,1,Connect Southeast Texas,Southeast Texas,TX,ok,200,,,https://api.fususone.com/api/public/organizations/beaumonttx/stats/,4053,3800,1536,2094,4500,762
True,2026-10-08T16:19:55Z,2026-10-08T16:20:21Z,bedfordparkpd,1,Connect Bedford Park,Bedford Park,IL,ok,200,,,https://api.fususone.com/api/public/organizations/bedfordparkpd/stats/,126,282,217,3,500,200
True,2026-10-08T16:19:55Z,2026-10-08T16:20:22Z,bendpd,1,Connect Bend,Bend,OR,ok,200,,,https://api.fususone.com/api/public/organizations/bendpd/stats/,785,322,254,68,150,210
True,2026-10-08T16:19:55Z,2026-10-08T16:20:23Z,bensalem,1,Connect Bensalem,Bensalem,PA,ok,200,,,https://api.fususone.com/api/public/organizations/bensalem/stats/,1174,1006,990,16,1500,978
True,2026-10-08T16:19:55Z,2026-10-08T16:20:24Z,bernalillo,1,Connect Bernalillo County,Bernalillo County,NM,ok,200,,,https://api.fususone.com/api/public/organizations/bernalillo/stats/,216,453,373,80,500,293
True,2026-10-08T16:19:55Z,2026-10-08T16:20:25Z,beverlyhillspd,1,Beverly Hills Connect,Beverly Hills,CA,ok,200,,,https://api.fususone.com/api/public/organizations/beverlyhillspd/stats/,520,1883,1782,101,1750,1776
True,2026-10-08T16:19:55Z,2026-10-08T16:20:26Z,biloxi,1,Connect Biloxi,Biloxi,MS,ok,200,,,https://api.fususone.com/api/public/organizations/biloxi/stats/,157,846,423,373,1000,416
True,2026-10-08T16:19:55Z,2026-10-08T16:20:27Z,birminghampd,1,Connect Birmingham,Birmingham,AL,ok,200,,,https://api.fususone.com/api/public/organizations/birminghampd/stats/,805,951,280,212,10000,237
True,2026-10-08T16:19:55Z,2026-10-08T16:20:28Z,blackmanleonitwp,1,Connect Blackman Leoni Township,Blackman Leoni Township,MI,ok,200,,,https://api.fususone.com/api/public/organizations/blackmanleonitwp/stats/,1,3,3,0,0,3
True,2026-10-08T16:19:55Z,2026-10-08T16:20:29Z,bocaratonpdfl,1,Connect BRPD,Boca Raton,FL,ok,200,,,https://api.fususone.com/api/public/organizations/bocaratonpdfl/stats/,5,911,677,8,0,654
True,2026-10-08T16:19:55Z,2026-10-08T16:20:30Z,boernepdtx,1,Connect Boerne,Boerne,TX,ok,200,,,https://api.fususone.com/api/public/organizations/boernepdtx/stats/,0,77,77,0,0,77
True,2026-10-08T16:19:55Z,2026-10-08T16:20:31Z,boulderpdco,1,Boulder Community Connect,Boulder,CO,ok,200,,,https://api.fususone.com/api/public/organizations/boulderpdco/stats/,0,161,161,0,0,108
True,2026-10-08T16:19:55Z,2026-10-08T16:20:32Z,bradentonfl,1,Connect Bradenton,Bradenton,FL,ok,200,,,https://api.fususone.com/api/public/organizations/bradentonfl/stats/,319,3158,267,2891,1500,258
True,2026-10-08T16:19:55Z,2026-10-08T16:20:33Z,brazostx,1,Connect Brazos County,Brazos County,TX,ok,200,,,https://api.fususone.com/api/public/organizations/brazostx/stats/,155,197,176,0,1500,158
True,2026-10-08T16:19:55Z,2026-10-08T16:20:34Z,bristolctpd,1,Connect Bristol,Bristol,CT,ok,200,,,https://api.fususone.com/api/public/organizations/bristolctpd/stats/,2,13,13,0,0,0
True,2026-10-08T16:19:55Z,2026-10-08T16:20:35Z,brooklynparkpdmn,1,Brooklyn Park Community Cameras,Brooklyn Park,MN,ok,200,,,https://api.fususone.com/api/public/organizations/brooklynparkpdmn/stats/,515,2117,232,1874,0,208
True,2026-10-08T16:19:55Z,2026-10-08T16:20:36Z,brownsvillepd,1,Connect Brownsville,Brownsville,TX,ok,200,,,https://api.fususone.com/api/public/organizations/brownsvillepd/stats/,664,219,219,0,500,199
True,2026-10-08T16:19:55Z,2026-10-08T16:20:37Z,brunswickpdga,1,Connect Brunswick,Brunswick,GA,ok,200,,,https://api.fususone.com/api/public/organizations/brunswickpdga/stats/,0,3,3,0,0,3
True,2026-10-08T16:19:55Z,2026-10-08T16:20:38Z,buncombesheriff,1,Connect Buncombe County,Buncombe County,NC,ok,200,,,https://api.fususone.com/api/public/organizations/buncombesheriff/stats/,568,2693,441,2252,4500,316
True,2026-10-08T16:19:55Z,2026-10-08T16:20:39Z,burbankpdil,1,Connect Burbank,Burbank,IL,ok,200,,,https://api.fususone.com/api/public/organizations/burbankpdil/stats/,304,425,399,3,150,399
True,2026-10-08T16:19:55Z,2026-10-08T16:20:40Z,calcasieusheriff,1,Connect Calcasieu Parish,Calcasieu Parish,LA,ok,200,,,https://api.fususone.com/api/public/organizations/calcasieusheriff/stats/,3,98,98,0,10000,98
True,2026-10-08T16:19:55Z,2026-10-08T16:20:41Z,caldwellpdid,1,Connect Caldwell,Caldwell,ID,ok,200,,,https://api.fususone.com/api/public/organizations/caldwellpdid/stats/,61,215,215,0,225,204
True,2026-10-08T16:19:55Z,2026-10-08T16:20:42Z,campbellpd,1,Connect Campbell,Campbell,CA,ok,200,,,https://api.fususone.com/api/public/organizations/campbellpd/stats/,198,313,281,32,10000,270
True,2026-10-08T16:19:55Z,2026-10-08T16:20:43Z,carencropd,1,Connect Carencro,Carencro,LA,ok,200,,,https://api.fususone.com/api/public/organizations/carencropd/stats/,85,1606,211,12,914,211
True,2026-10-08T16:19:55Z,2026-10-08T16:20:44Z,carlsbadpdnm,1,Connect Carlsbad,Carlsbad,NM,ok,200,,,https://api.fususone.com/api/public/organizations/carlsbadpdnm/stats/,3,12,12,0,225,4
True,2026-10-08T16:19:55Z,2026-10-08T16:20:45Z,carypd,1,Connect Cary,Cary,NC,ok,200,,,https://api.fususone.com/api/public/organizations/carypd/stats/,37,1273,851,0,1500,850
True,2026-10-08T16:19:55Z,2026-10-08T16:20:46Z,charlestonpd,1,Connect Charleston,Charleston,SC,ok,200,,,https://api.fususone.com/api/public/organizations/charlestonpd/stats/,300,576,500,25,500,465
True,2026-10-08T16:19:55Z,2026-10-08T16:20:47Z,charlottecounty,1,Connect Charlotte County,Charlotte County,FL,ok,200,,,https://api.fususone.com/api/public/organizations/charlottecounty/stats/,2333,3826,353,3391,1500,330
True,2026-10-08T16:19:55Z,2026-10-08T16:20:48Z,charlottemecklenburg,1,Connect Charlotte,Charlotte,NC,ok,200,,,https://api.fususone.com/api/public/organizations/charlottemecklenburg/stats/,3166,1823,1618,21,1500,1472
True,2026-10-08T16:19:55Z,2026-10-08T16:20:49Z,chattanoogapd,1,Dragonfly Community Connect,Chattanooga,TN,ok,200,,,https://api.fususone.com/api/public/organizations/chattanoogapd/stats/,0,775,774,1,1500,765
True,2026-10-08T16:19:55Z,2026-10-08T16:20:50Z,cherokeega,1,Connect Cherokee,Cherokee County,GA,ok,200,,,https://api.fususone.com/api/public/organizations/cherokeega/stats/,635,13429,622,549,2500,566
True,2026-10-08T16:19:55Z,2026-10-08T16:20:51Z,chesterfieldcounty,1,Chesterfield Community Connect Program,Chesterfield County,VA,ok,200,,,https://api.fususone.com/api/public/organizations/chesterfieldcounty/stats/,769,11095,990,10043,4500,931
True,2026-10-08T16:19:55Z,2026-10-08T16:20:52Z,chicagoheights,1,Connect Chicago Heights,Chicago Heights,IL,ok,200,,,https://api.fususone.com/api/public/organizations/chicagoheights/stats/,221,1225,1172,0,500,729
True,2026-10-08T16:19:55Z,2026-10-08T16:20:53Z,chicopee,1,Connect Chicopee,Chicopee,MA,ok,200,,,https://api.fususone.com/api/public/organizations/chicopee/stats/,135,522,522,0,1500,519
True,2026-10-08T16:19:55Z,2026-10-08T16:20:54Z,ciceropd,1,Cicero SAFE (Shared Access For Enforcement),Cicero,IL,ok,200,,,https://api.fususone.com/api/public/organizations/ciceropd/stats/,29,551,551,0,1500,543
True,2026-10-08T16:19:55Z,2026-10-08T16:20:55Z,cincinnatipd,1,Connect Cincinnati,Cincinnati,OH,ok,200,,,https://api.fususone.com/api/public/organizations/cincinnatipd/stats/,1723,844,801,43,1500,746
True,2026-10-08T16:19:55Z,2026-10-08T16:20:56Z,cityofatlanta,1,Connect Atlanta,Atlanta,GA,ok,200,,,https://api.fususone.com/api/public/organizations/cityofatlanta/stats/,17522,28396,2597,11643,29250,2561
True,2026-10-08T16:19:55Z,2026-10-08T16:20:57Z,cityofcanton,1,Connect Canton,Canton,MS,ok,200,,,https://api.fususone.com/api/public/organizations/cityofcanton/stats/,0,31,0,31,10000,0
True,2026-10-08T16:19:55Z,2026-10-08T16:20:58Z,cityofdoralpd,1,Connect Doral,Doral,FL,ok,200,,,https://api.fususone.com/api/public/organizations/cityofdoralpd/stats/,221,3425,397,3028,10000,243
True,2026-10-08T16:19:55Z,2026-10-08T16:20:59Z,cityofhawthorne,1,Connect Hawthorne,Hawthorne,CA,ok,200,,,https://api.fususone.com/api/public/organizations/cityofhawthorne/stats/,0,3715,874,2841,1500,844
True,2026-10-08T16:19:55Z,2026-10-08T16:21:00Z,cityofmanchester,1,Connect Manchester,City of Manchester,NH,ok,200,,,https://api.fususone.com/api/public/organizations/cityofmanchester/stats/,584,1006,436,570,1500,434
True,2026-10-08T16:19:55Z,2026-10-08T16:21:01Z,cityofmiamipd,1,Connect Miami,Miami,FL,ok,200,,,https://api.fususone.com/api/public/organizations/cityofmiamipd/stats/,2406,4355,1221,2905,1500,1203
True,2026-10-08T16:19:55Z,2026-10-08T16:21:02Z,cityofnewark,1,Connect Newark,Newark,NJ,ok,200,,,https://api.fususone.com/api/public/organizations/cityofnewark/stats/,1208,929,497,231,500,488
True,2026-10-08T16:19:55Z,2026-10-08T16:21:03Z,cityofomaha,1,Connect Omaha,Omaha,NE,ok,200,,,https://api.fususone.com/api/public/organizations/cityofomaha/stats/,1260,1643,760,782,1500,687
True,2026-10-08T16:19:55Z,2026-10-08T16:21:04Z,cityofoxford,1,Connect Oxford,City of Oxford,AL,ok,200,,,https://api.fususone.com/api/public/organizations/cityofoxford/stats/,12,1126,324,753,1500,321
True,2026-10-08T16:19:55Z,2026-10-08T16:21:05Z,cityofroswell,1,Connect Roswell,Roswell,GA,ok,200,,,https://api.fususone.com/api/public/organizations/cityofroswell/stats/,653,10650,509,374,2793,508
True,2026-10-08T16:19:55Z,2026-10-08T16:21:06Z,cityofshreveport,1,Connect Shreveport,Shreveport,LA,ok,200,,,https://api.fususone.com/api/public/organizations/cityofshreveport/stats/,1141,2862,2348,514,1500,2360
True,2026-10-08T16:19:55Z,2026-10-08T16:21:07Z,cityofstarkville,1,Connect Starkville,Starkville,MS,ok,200,,,https://api.fususone.com/api/public/organizations/cityofstarkville/stats/,879,875,598,277,500,587
True,2026-10-08T16:19:55Z,2026-10-08T16:21:08Z,cityofws,1,Connect Winston-Salem,the City of Winston-Salem,NC,ok,200,,,https://api.fususone.com/api/public/organizations/cityofws/stats/,1678,3345,1809,362,2000,1791
True,2026-10-08T16:19:55Z,2026-10-08T16:21:09Z,claycountysheriff,1,Connect Clay County,Clay County,FL,ok,200,,,https://api.fususone.com/api/public/organizations/claycountysheriff/stats/,158,3398,3230,126,2000,3225
True,2026-10-08T16:19:55Z,2026-10-08T16:21:10Z,claytoncountypd,1,Connect Clayton County,Clayton County,GA,ok,200,,,https://api.fususone.com/api/public/organizations/claytoncountypd/stats/,398,10785,972,294,8814,957
True,2026-10-08T16:19:55Z,2026-10-08T16:21:11Z,clearwaterpd,1,Clearwater Camera Sharing,Clearwater,FL,ok,200,,,https://api.fususone.com/api/public/organizations/clearwaterpd/stats/,693,912,842,70,10000,792
True,2026-10-08T16:19:55Z,2026-10-08T16:21:12Z,clermontpd,1,Connect Clermont,Clermont,FL,ok,200,,,https://api.fususone.com/api/public/organizations/clermontpd/stats/,74,664,69,595,150,64
True,2026-10-08T16:19:55Z,2026-10-08T16:21:13Z,clevelanddps,1,Safe Smart CLE,Cleveland,OH,ok,200,,,https://api.fususone.com/api/public/organizations/clevelanddps/stats/,1765,4169,4050,0,2375,4053
True,2026-10-08T16:19:55Z,2026-10-08T16:21:14Z,clevelandmetroparksoh,1,Cleveland Metroparks Connect,Cleveland Metroparks,OH,ok,200,,,https://api.fususone.com/api/public/organizations/clevelandmetroparksoh/stats/,0,24,24,0,0,24
True,2026-10-08T16:19:55Z,2026-10-08T16:21:15Z,cobbcountypd,1,Connect Cobb ,Cobb County,GA,ok,200,,,https://api.fususone.com/api/public/organizations/cobbcountypd/stats/,3559,13037,1516,4069,9008,1021
True,2026-10-08T16:19:55Z,2026-10-08T16:21:16Z,collegeparkga,1,Connect College Park,College Park,GA,ok,200,,,https://api.fususone.com/api/public/organizations/collegeparkga/stats/,0,10516,171,426,2539,143
True,2026-10-08T16:19:55Z,2026-10-08T16:21:17Z,coloradospringspd,1,Together COS,Colorado Springs,CO,ok,200,,,https://api.fususone.com/api/public/organizations/coloradospringspd/stats/,1313,1099,960,139,750,859
True,2026-10-08T16:19:55Z,2026-10-08T16:21:18Z,coltonpdca,1,Connect Colton,Colton,CA,ok,200,,,https://api.fususone.com/api/public/organizations/coltonpdca/stats/,348,28,19,9,0,19
True,2026-10-08T16:19:55Z,2026-10-08T16:21:19Z,columbuspdga,1,Connect Columbus,"Columbus, Georgia",GA,ok,200,,,https://api.fususone.com/api/public/organizations/columbuspdga/stats/,2443,566,566,0,1500,557
True,2026-10-08T16:19:55Z,2026-10-08T16:21:20Z,connectnewportrichey,1,Connect New Port Richey,New Port Richey,FL,ok,200,,,https://api.fususone.com/api/public/organizations/connectnewportrichey/stats/,6,8,8,0,0,8
True,2026-10-08T16:19:55Z,2026-10-08T16:21:21Z,connecttallahassee,1,Connect Tallahassee,Tallahassee,FL,ok,200,,,https://api.fususone.com/api/public/organizations/connecttallahassee/stats/,253,369,369,0,1500,349
True,2026-10-08T16:19:55Z,2026-10-08T16:21:22Z,covinapdca,1,SaferCovina,Covina,CA,ok,200,,,https://api.fususone.com/api/public/organizations/covinapdca/stats/,37,2,2,0,150,0
True,2026-10-08T16:19:55Z,2026-10-08T16:21:23Z,crestviewpdfl,1,Connect Crestview,Crestview,FL,ok,200,,,https://api.fususone.com/api/public/organizations/crestviewpdfl/stats/,0,52,52,0,0,20
True,2026-10-08T16:19:55Z,2026-10-08T16:21:24Z,crestwoodpdil,1,Connect Crestwood,Crestwood,MN,ok,200,,,https://api.fususone.com/api/public/organizations/crestwoodpdil/stats/,0,118,4,114,0,0
True,2026-10-08T16:19:55Z,2026-10-08T16:21:25Z,cummingpdga,1,Connect Cumming,Cumming,GA,ok,200,,,https://api.fususone.com/api/public/organizations/cummingpdga/stats/,5,3116,177,367,1500,159
True,2026-10-08T16:19:55Z,2026-10-08T16:21:26Z,dallaspd,1,Connect Dallas,Dallas,TX,ok,200,,,https://api.fususone.com/api/public/organizations/dallaspd/stats/,4067,1530,1171,358,1500,1077
True,2026-10-08T16:19:55Z,2026-10-08T16:21:27Z,dalycitypdca,1,Connect Daly City,Daly City,CA,ok,200,,,https://api.fususone.com/api/public/organizations/dalycitypdca/stats/,29,94,53,41,450,22
True,2026-10-08T16:19:55Z,2026-10-08T16:21:28Z,danvillepd,1,"One Community, Connect Danville",Danville,VA,ok,200,,,https://api.fususone.com/api/public/organizations/danvillepd/stats/,418,1755,342,1413,500,341
True,2026-10-08T16:19:55Z,2026-10-08T16:21:29Z,dbsfl,1,Connect Daytona Beach Shores,Daytona Beach Shores,FL,ok,200,,,https://api.fususone.com/api/public/organizations/dbsfl/stats/,3,72,72,0,0,70
True,2026-10-08T16:19:55Z,2026-10-08T16:21:30Z,dcmetro,1,CameraConnectDC,Washington DC,DC,ok,200,,,https://api.fususone.com/api/public/organizations/dcmetro/stats/,44206,1454,1259,119,4500,1127
True,2026-10-08T16:19:55Z,2026-10-08T16:21:31Z,dealpdnj,1,Connect Deal,Deal,NJ,ok,200,,,https://api.fususone.com/api/public/organizations/dealpdnj/stats/,322,976,224,0,0,224
True,2026-10-08T16:19:55Z,2026-10-08T16:21:32Z,dearbornpdmi,1,Connect Dearborn,Dearborn,MI,ok,200,,,https://api.fususone.com/api/public/organizations/dearbornpdmi/stats/,710,695,534,4,1500,520
True,2026-10-08T16:19:55Z,2026-10-08T16:21:33Z,dekalbcountyga,1,Connect DeKalb County,DeKalb County,GA,ok,200,,,https://api.fususone.com/api/public/organizations/dekalbcountyga/stats/,3533,9120,899,44,1500,752
True,2026-10-08T16:19:55Z,2026-10-08T16:21:34Z,delraybeach,1,Connect Delray Beach,Delray Beach,FL,ok,200,,,https://api.fususone.com/api/public/organizations/delraybeach/stats/,887,524,298,0,500,286
True,2026-10-08T16:19:55Z,2026-10-08T16:21:35Z,dentonpdtx,1,Denton Connects,Denton,TX,ok,200,,,https://api.fususone.com/api/public/organizations/dentonpdtx/stats/,12,192,192,0,0,183
True,2026-10-08T16:19:55Z,2026-10-08T16:21:36Z,dothanpd,1,Connect Dothan,Dothan,AL,ok,200,,,https://api.fususone.com/api/public/organizations/dothanpd/stats/,0,239,239,0,0,233
True,2026-10-08T16:19:55Z,2026-10-08T16:21:37Z,douglascountysonv,1,Safer Douglas County,Douglas County,NV,ok,200,,,https://api.fususone.com/api/public/organizations/douglascountysonv/stats/,0,50,50,0,150,50
True,2026-10-08T16:19:55Z,2026-10-08T16:21:38Z,douglasvillepolice,1,Connect Douglasville,Douglasville ,GA,ok,200,,,https://api.fususone.com/api/public/organizations/douglasvillepolice/stats/,260,12900,397,3354,10000,397
True,2026-10-08T16:19:55Z,2026-10-08T16:21:39Z,dubuquepdia,1,Connect Dubuque,Dubuque,IA,ok,200,,,https://api.fususone.com/api/public/organizations/dubuquepdia/stats/,28,4,4,0,1500,0
True,2026-10-08T16:19:55Z,2026-10-08T16:21:40Z,duckpdnc,1,Connect Duck,Duck,NC,ok,200,,,https://api.fususone.com/api/public/organizations/duckpdnc/stats/,17,2,2,0,0,0
True,2026-10-08T16:19:55Z,2026-10-08T16:21:41Z,duncanvillepdtx,1,Connect Duncanville,Duncanville,TX,ok,200,,,https://api.fususone.com/api/public/organizations/duncanvillepdtx/stats/,15,128,120,8,0,116
True,2026-10-08T16:19:55Z,2026-10-08T16:21:42Z,eaganpdmn,1,Connect Eagan,Eagan,MN,ok,200,,,https://api.fususone.com/api/public/organizations/eaganpdmn/stats/,21,76,76,0,0,76
True,2026-10-08T16:19:55Z,2026-10-08T16:21:43Z,eastbatonrougesola,1,Connect East Baton Rouge,East Baton Rouge,LA,ok,200,,,https://api.fususone.com/api/public/organizations/eastbatonrougesola/stats/,28,66,27,39,500,27
True,2026-10-08T16:19:55Z,2026-10-08T16:21:44Z,eastpointpdga,1,Connect East Point,East Point,GA,ok,200,,,https://api.fususone.com/api/public/organizations/eastpointpdga/stats/,60,5121,380,469,500,374
True,2026-10-08T16:19:55Z,2026-10-08T16:21:45Z,elcajonpdca,1,Connect El Cajon,El Cajon,CA,ok,200,,,https://api.fususone.com/api/public/organizations/elcajonpdca/stats/,51,221,185,36,0,167
True,2026-10-08T16:19:55Z,2026-10-08T16:21:46Z,elizabethnj,1,Connect Elizabeth,Elizabeth,NJ,ok,200,,,https://api.fususone.com/api/public/organizations/elizabethnj/stats/,184,3452,635,2566,2690,604
True,2026-10-08T16:19:55Z,2026-10-08T16:21:47Z,elyriapdoh,1,Connect Elyria,Elyria,OH,ok,200,,,https://api.fususone.com/api/public/organizations/elyriapdoh/stats/,178,280,231,49,150,219
True,2026-10-08T16:19:55Z,2026-10-08T16:21:48Z,escambiafl,1,Star Network,Escambia County,FL,ok,200,,,https://api.fususone.com/api/public/organizations/escambiafl/stats/,1591,1272,918,109,1500,368
True,2026-10-08T16:19:55Z,2026-10-08T16:21:49Z,euclidpdoh,1,Connect Euclid,Euclid,OH,ok,200,,,https://api.fususone.com/api/public/organizations/euclidpdoh/stats/,288,209,209,0,0,209
True,2026-10-08T16:19:55Z,2026-10-08T16:21:50Z,eurekapdmo,1,Connect Eureka,Eureka,MO,ok,200,,,https://api.fususone.com/api/public/organizations/eurekapdmo/stats/,183,11,0,11,0,0
True,2026-10-08T16:19:55Z,2026-10-08T16:21:51Z,fairfaxcopd,1,Connect Fairfax County,Fairfax County,VA,ok,200,,,https://api.fususone.com/api/public/organizations/fairfaxcopd/stats/,3587,2223,759,1425,1500,660
True,2026-10-08T16:19:55Z,2026-10-08T16:21:52Z,farmingtonpd,2,Connect Farmington,Farmington ,NM,ok,200,,,https://api.fususone.com/api/public/organizations/farmingtonpd/stats/,58,545,545,0,1500,529
True,2026-10-08T16:19:55Z,2026-10-08T16:21:53Z,fayettevillepd,1,Connect Fayetteville,Fayetteville,NC,ok,200,,,https://api.fususone.com/api/public/organizations/fayettevillepd/stats/,1532,547,456,48,1500,453
True,2026-10-08T16:19:55Z,2026-10-08T16:21:54Z,federalwaypdwa,1,Connect Federal Way,Federal Way,WA,ok,200,,,https://api.fususone.com/api/public/organizations/federalwaypdwa/stats/,0,247,247,0,0,242
True,2026-10-08T16:19:55Z,2026-10-08T16:21:55Z,flaglercountysheriff,1,Connect Flagler County,Flagler County,FL,ok,200,,,https://api.fususone.com/api/public/organizations/flaglercountysheriff/stats/,934,2169,1962,0,10000,1942
True,2026-10-08T16:19:55Z,2026-10-08T16:21:56Z,forestparkpd,1,Connect Forest Park,Forest Park,GA,ok,200,,,https://api.fususone.com/api/public/organizations/forestparkpd/stats/,13,10518,242,295,10000,224
True,2026-10-08T16:19:55Z,2026-10-08T16:21:57Z,forsyth,1,Connect Forsyth County,"Forsyth County, NC",SC,ok,200,,,https://api.fususone.com/api/public/organizations/forsyth/stats/,1443,1050,493,183,500,473
True,2026-10-08T16:19:55Z,2026-10-08T16:21:58Z,forsythcosoga,1,Connect Forsyth County,Forsyth County,GA,ok,200,,,https://api.fususone.com/api/public/organizations/forsythcosoga/stats/,808,6935,93,3347,1500,93
True,2026-10-08T16:19:55Z,2026-10-08T16:22:00Z,fortbendcounty,1,Connect Fort Bend,Fort Bend County,TX,ok,200,,,https://api.fususone.com/api/public/organizations/fortbendcounty/stats/,559,205,201,4,500,201
True,2026-10-08T16:19:55Z,2026-10-08T16:22:01Z,fortdodgepdia,1,Fort Dodge CARES,Fort Dodge,IA,ok,200,,,https://api.fususone.com/api/public/organizations/fortdodgepdia/stats/,13,57,57,0,0,57
True,2026-10-08T16:19:55Z,2026-10-08T16:22:02Z,fortwaltonbeachpd,1,Connect Fort Walton Beach,Fort Walton Beach,FL,ok,200,,,https://api.fususone.com/api/public/organizations/fortwaltonbeachpd/stats/,6,261,222,9,300,226
True,2026-10-08T16:19:55Z,2026-10-08T16:22:03Z,fountainvalleypdca,1,SafeFV,Fountain Valley,CA,ok,200,,,https://api.fususone.com/api/public/organizations/fountainvalleypdca/stats/,0,6,6,0,0,4
True,2026-10-08T16:19:55Z,2026-10-08T16:22:04Z,gardengrovepdca,1,Connect Garden Grove,Garden Grove,CA,ok,200,,,https://api.fususone.com/api/public/organizations/gardengrovepdca/stats/,1,87,87,0,0,87
True,2026-10-08T16:19:55Z,2026-10-08T16:22:05Z,garypd,1,Connect Gary,Gary,IN,ok,200,,,https://api.fususone.com/api/public/organizations/garypd/stats/,1674,1320,793,0,1500,734
True,2026-10-08T16:19:55Z,2026-10-08T16:22:06Z,glendorapdca,1,Connect Glendora,Glendora,CA,ok,200,,,https://api.fususone.com/api/public/organizations/glendorapdca/stats/,20,99,99,0,0,99
True,2026-10-08T16:19:55Z,2026-10-08T16:22:07Z,grapevinepdtx,1,Connect Grapevine,Grapevine,TX,ok,200,,,https://api.fususone.com/api/public/organizations/grapevinepdtx/stats/,2,259,228,25,1,213
True,2026-10-08T16:19:55Z,2026-10-08T16:22:08Z,greeleypd,1,Connect Greeley,Greeley,CO,ok,200,,,https://api.fususone.com/api/public/organizations/greeleypd/stats/,247,2425,255,2170,1500,239
True,2026-10-08T16:19:55Z,2026-10-08T16:22:09Z,greensboropd,1,Connect Greensboro,Greensboro,NC,ok,200,,,https://api.fususone.com/api/public/organizations/greensboropd/stats/,754,1232,765,161,1501,725
True,2026-10-08T16:19:55Z,2026-10-08T16:22:10Z,greenvillecsosc,1,Connect Greenville County,Greenville County,SC,ok,200,,,https://api.fususone.com/api/public/organizations/greenvillecsosc/stats/,203,281,232,49,3000,232
True,2026-10-08T16:19:55Z,2026-10-08T16:22:11Z,guilfordsheriff,1,Connect Guilford County,Guilford County ,NC,ok,200,,,https://api.fususone.com/api/public/organizations/guilfordsheriff/stats/,874,229,184,40,500,183
True,2026-10-08T16:19:55Z,2026-10-08T16:22:12Z,hainescitypdfl,1,Connect Haines City,Haines City,FL,ok,200,,,https://api.fususone.com/api/public/organizations/hainescitypdfl/stats/,3,127,127,0,150,125
True,2026-10-08T16:19:55Z,2026-10-08T16:22:13Z,hamiltoncoso,1,Connect Hamilton County,Hamilton County,OH,ok,200,,,https://api.fususone.com/api/public/organizations/hamiltoncoso/stats/,1694,472,472,0,2000,472
True,2026-10-08T16:19:55Z,2026-10-08T16:22:14Z,hammondpd,1,Hammond BlueNET,Hammond,IN,ok,200,,,https://api.fususone.com/api/public/organizations/hammondpd/stats/,1221,1326,1194,10,1500,824
True,2026-10-08T16:19:55Z,2026-10-08T16:22:15Z,hamptonpdva,1,Connect Hampton,Hampton,VA,ok,200,,,https://api.fususone.com/api/public/organizations/hamptonpdva/stats/,2,162,161,1,1,153
True,2026-10-08T16:19:55Z,2026-10-08T16:22:16Z,hanoverparkpdil,1,Connect Hanover Park,Hanover Park,IL,ok,200,,,https://api.fususone.com/api/public/organizations/hanoverparkpdil/stats/,0,70,70,0,225,66
True,2026-10-08T16:19:55Z,2026-10-08T16:22:17Z,harrisoncso,1,Connect Harrison County,Harrison County,MS,ok,200,,,https://api.fususone.com/api/public/organizations/harrisoncso/stats/,563,518,90,57,1000,82
True,2026-10-08T16:19:55Z,2026-10-08T16:22:18Z,hartfordpd,1,Connect Hartford,Hartford,CT,ok,200,,,https://api.fususone.com/api/public/organizations/hartfordpd/stats/,228,1101,1101,0,2000,646
True,2026-10-08T16:19:55Z,2026-10-08T16:22:19Z,harveypdil,1,Connect Harvey,Harvey,IL,ok,200,,,https://api.fususone.com/api/public/organizations/harveypdil/stats/,0,55,55,0,1500,34
True,2026-10-08T16:19:55Z,2026-10-08T16:22:20Z,hcso,1,Connect Hillsborough,Hillsborough County,FL,ok,200,,,https://api.fususone.com/api/public/organizations/hcso/stats/,300,4853,1655,3151,1000,1575
True,2026-10-08T16:19:55Z,2026-10-08T16:22:21Z,hennepincountyso,1,Connect Hennepin County,Hennepin County,MN,ok,200,,,https://api.fususone.com/api/public/organizations/hennepincountyso/stats/,470,3023,381,1766,1500,381
True,2026-10-08T16:19:55Z,2026-10-08T16:22:22Z,henricocountypdva,1,Connect Henrico County,Henrico County,VA,ok,200,,,https://api.fususone.com/api/public/organizations/henricocountypdva/stats/,66,2234,809,1385,1500,811
True,2026-10-08T16:19:55Z,2026-10-08T16:22:23Z,henrycountypd,1,Henry Safer Together,Henry County,GA,ok,200,,,https://api.fususone.com/api/public/organizations/henrycountypd/stats/,4983,13842,677,3627,7950,670
True,2026-10-08T16:19:55Z,2026-10-08T16:22:24Z,herndonpdva,1,Connect Herndon,Herndon,VA,ok,200,,,https://api.fususone.com/api/public/organizations/herndonpdva/stats/,26,42,42,0,150,42
True,2026-10-08T16:19:55Z,2026-10-08T16:22:25Z,highpointncpd,1,Link High Point,High Point,NC,ok,200,,,https://api.fususone.com/api/public/organizations/highpointncpd/stats/,1263,579,480,0,500,468
True,2026-10-08T16:19:55Z,2026-10-08T16:22:26Z,hoodcoso,1,Connect Hood County,Hood County,TX,ok,200,,,https://api.fususone.com/api/public/organizations/hoodcoso/stats/,0,222,222,0,0,222
True,2026-10-08T16:19:55Z,2026-10-08T16:22:27Z,hooverpd,1,Connect Hoover,Hoover,AL,ok,200,,,https://api.fususone.com/api/public/organizations/hooverpd/stats/,46,920,393,0,1500,391
True,2026-10-08T16:19:55Z,2026-10-08T16:22:28Z,hopemillspd,1,Connect Hope Mills,Hope Mills,NC,ok,200,,,https://api.fususone.com/api/public/organizations/hopemillspd/stats/,17,349,63,0,10000,63
True,2026-10-08T16:19:55Z,2026-10-08T16:22:29Z,ilstatepolice,1,Connect Illinois,Illinois,IL,ok,200,,,https://api.fususone.com/api/public/organizations/ilstatepolice/stats/,18,1476,789,0,1500,786
True,2026-10-08T16:19:55Z,2026-10-08T16:22:30Z,indianriversheriff,1,Connect Indian River County,Indian River County,FL,ok,200,,,https://api.fususone.com/api/public/organizations/indianriversheriff/stats/,224,2492,808,1530,1500,738
True,2026-10-08T16:19:55Z,2026-10-08T16:22:31Z,irvingpdtx,1,Connect Irving,Irving,TX,ok,200,,,https://api.fususone.com/api/public/organizations/irvingpdtx/stats/,61,1446,1246,200,1500,1158
True,2026-10-08T16:19:55Z,2026-10-08T16:22:32Z,jacksonms,1,Connect Jackson MS,Jackson,MS,ok,200,,,https://api.fususone.com/api/public/organizations/jacksonms/stats/,324,1246,735,505,2067,728
True,2026-10-08T16:19:55Z,2026-10-08T16:22:33Z,jacksonpdtn,1,"Safe Jackson, TN",Jackson,TN,ok,200,,,https://api.fususone.com/api/public/organizations/jacksonpdtn/stats/,5,364,302,0,500,281
True,2026-10-08T16:19:55Z,2026-10-08T16:22:34Z,jacksonvillesheriff,1,ConnectDuval,Duval County,FL,ok,200,,,https://api.fususone.com/api/public/organizations/jacksonvillesheriff/stats/,6828,9815,2703,6966,1500,1688
True,2026-10-08T16:19:55Z,2026-10-08T16:22:35Z,jeffersoncountysheriff,1,Connect Jefferson County,Jefferson County,AL,ok,200,,,https://api.fususone.com/api/public/organizations/jeffersoncountysheriff/stats/,1473,2674,1788,808,1500,1786
True,2026-10-08T16:19:55Z,2026-10-08T16:22:36Z,kalamazoodps,1,Connect Kalamazoo,Kalamazoo,MI,ok,200,,,https://api.fususone.com/api/public/organizations/kalamazoodps/stats/,837,1104,1104,0,1500,1093
True,2026-10-08T16:19:55Z,2026-10-08T16:22:37Z,kansascitykspd,1,Connect KCK,"Kansas City, Kansas",KS,ok,200,,,https://api.fususone.com/api/public/organizations/kansascitykspd/stats/,3340,1193,1148,45,1500,1144
True,2026-10-08T16:19:55Z,2026-10-08T16:22:38Z,kennesawpd,1,Connect Kennesaw,Kennesaw,GA,ok,200,,,https://api.fususone.com/api/public/organizations/kennesawpd/stats/,566,9240,257,34,500,256
True,2026-10-08T16:19:55Z,2026-10-08T16:22:39Z,kentcountysd,1,The Kent Safety Network,Kent County,MI,ok,200,,,https://api.fususone.com/api/public/organizations/kentcountysd/stats/,586,2737,765,1944,4500,515
True,2026-10-08T16:19:55Z,2026-10-08T16:22:40Z,killeenpd,1,KPD Connect,Killeen,TX,ok,200,,,https://api.fususone.com/api/public/organizations/killeenpd/stats/,1412,506,506,0,1500,498
True,2026-10-08T16:19:55Z,2026-10-08T16:22:41Z,knoxvillepdtn,1,Connect Knoxville,Knoxville,TN,ok,200,,,https://api.fususone.com/api/public/organizations/knoxvillepdtn/stats/,583,682,552,130,500,187
True,2026-10-08T16:19:55Z,2026-10-08T16:22:42Z,kylepdtx,1,Connect Kyle,Kyle,TX,ok,200,,,https://api.fususone.com/api/public/organizations/kylepdtx/stats/,154,110,110,0,500,110
True,2026-10-08T16:19:55Z,2026-10-08T16:22:43Z,lafayettepd,1,Connect Lafayette,Lafayette,LA,ok,200,,,https://api.fususone.com/api/public/organizations/lafayettepd/stats/,378,2220,1589,350,1500,1558
True,2026-10-08T16:19:55Z,2026-10-08T16:22:44Z,lafourcheparishso,1,Connect Lafourche Parish,Lafourche Parish,LA,ok,200,,,https://api.fususone.com/api/public/organizations/lafourcheparishso/stats/,755,136,136,0,500,136
True,2026-10-08T16:19:55Z,2026-10-08T16:22:45Z,lagrangepd,1,Connect Lagrange,Lagrange,GA,ok,200,,,https://api.fususone.com/api/public/organizations/lagrangepd/stats/,137,58,58,0,150,52
True,2026-10-08T16:19:55Z,2026-10-08T16:22:46Z,lagunabeachpd,1,Connect Laguna Beach,Laguna Beach,CA,ok,200,,,https://api.fususone.com/api/public/organizations/lagunabeachpd/stats/,0,25,25,0,148,25
True,2026-10-08T16:19:55Z,2026-10-08T16:22:47Z,lakecountysheriff,1,Connect Lake County,Lake County,FL,ok,200,,,https://api.fususone.com/api/public/organizations/lakecountysheriff/stats/,2266,6360,105,5760,1500,80
True,2026-10-08T16:19:55Z,2026-10-08T16:22:48Z,lakewoodpdco,1,Connect Lakewood,Lakewood,CO,ok,200,,,https://api.fususone.com/api/public/organizations/lakewoodpdco/stats/,153,496,496,0,0,484
True,2026-10-08T16:19:55Z,2026-10-08T16:22:49Z,lapd,1,Connect Los Angeles,Los Angeles,CA,ok,200,,,https://api.fususone.com/api/public/organizations/lapd/stats/,0,271,271,0,0,216
True,2026-10-08T16:19:55Z,2026-10-08T16:22:50Z,lasd,1,Connect Los Angeles County,Los Angeles County,CA,ok,200,,,https://api.fususone.com/api/public/organizations/lasd/stats/,2197,2999,1595,1404,1500,442
True,2026-10-08T16:19:55Z,2026-10-08T16:22:51Z,lawrencepdks,1,Connect Lawrence,Lawrence,KS,ok,200,,,https://api.fususone.com/api/public/organizations/lawrencepdks/stats/,132,467,467,0,500,467
True,2026-10-08T16:19:55Z,2026-10-08T16:22:52Z,lawrencevillepdga,1,Connect Lawrenceville,"Lawrenceville, Georgia",GA,ok,200,,,https://api.fususone.com/api/public/organizations/lawrencevillepdga/stats/,0,707,456,193,1,453
True,2026-10-08T16:19:55Z,2026-10-08T16:22:53Z,lawtonpdok,1,Connect Lawton,Lawton,OK,ok,200,,,https://api.fususone.com/api/public/organizations/lawtonpdok/stats/,0,24,24,0,0,24
True,2026-10-08T16:19:55Z,2026-10-08T16:22:54Z,leavenworthpdks,1,Connect Leavenworth,Leavenworth,KS,ok,200,,,https://api.fususone.com/api/public/organizations/leavenworthpdks/stats/,0,47,47,0,0,47
True,2026-10-08T16:19:55Z,2026-10-08T16:22:55Z,lenexapdks,1,Connect Lenexa,Lenexa,KS,ok,200,,,https://api.fususone.com/api/public/organizations/lenexapdks/stats/,0,1171,334,0,0,324
True,2026-10-08T16:19:55Z,2026-10-08T16:22:56Z,lexingtonky,1,Connect Lexington,Lexington,KY,ok,200,,,https://api.fususone.com/api/public/organizations/lexingtonky/stats/,2108,1087,811,275,10000,807
True,2026-10-08T16:19:55Z,2026-10-08T16:22:57Z,lincolnbrookhaven,1,Connect Brookhaven and Lincoln County,Brookhaven and Lincoln County,MS,ok,200,,,https://api.fususone.com/api/public/organizations/lincolnbrookhaven/stats/,124,181,181,0,10000,179
True,2026-10-08T16:19:55Z,2026-10-08T16:22:58Z,littlerockpd,1,Connect Little Rock,Little Rock,AR,ok,200,,,https://api.fususone.com/api/public/organizations/littlerockpd/stats/,2868,2565,1797,542,1500,1904
True,2026-10-08T16:19:55Z,2026-10-08T16:22:59Z,losgatospdca,1,Community Protecht,Los Gatos,CA,ok,200,,,https://api.fususone.com/api/public/organizations/losgatospdca/stats/,0,39,39,0,0,34
True,2026-10-08T16:19:55Z,2026-10-08T16:23:00Z,louisvillemetro,1,Connect Louisville,Louisville,KY,ok,200,,,https://api.fususone.com/api/public/organizations/louisvillemetro/stats/,1042,1744,1501,240,1500,1455
True,2026-10-08T16:19:55Z,2026-10-08T16:23:01Z,lynchburgpd,1,Hill City Connect,Lynchburg,VA,ok,200,,,https://api.fususone.com/api/public/organizations/lynchburgpd/stats/,1390,749,749,0,1500,731
True,2026-10-08T16:19:55Z,2026-10-08T16:23:02Z,madisonthecity,1,Connect Madison,Madison,MS,ok,200,,,https://api.fususone.com/api/public/organizations/madisonthecity/stats/,33,170,85,0,1500,62
True,2026-10-08T16:19:55Z,2026-10-08T16:23:03Z,manassaspdva,1,Connect Manassas City,Manassas City,VA,ok,200,,,https://api.fususone.com/api/public/organizations/manassaspdva/stats/,0,451,48,403,0,48
True,2026-10-08T16:19:55Z,2026-10-08T16:23:04Z,manhattanbeach,1,Connect Manhattan Beach,Manhattan Beach,CA,ok,200,,,https://api.fususone.com/api/public/organizations/manhattanbeach/stats/,7,2881,167,2714,10000,164
True,2026-10-08T16:19:55Z,2026-10-08T16:23:05Z,manheimtwp,1,Connect Manheim Township,Manheim Township,PA,ok,200,,,https://api.fususone.com/api/public/organizations/manheimtwp/stats/,0,30,30,0,0,27
True,2026-10-08T16:19:55Z,2026-10-08T16:23:06Z,martincountyso,2,Connect Martin County,Martin County,FL,ok,200,,,https://api.fususone.com/api/public/organizations/martincountyso/stats/,1149,6030,585,5179,1500,504
True,2026-10-08T16:19:55Z,2026-10-08T16:23:07Z,mcpdmd,1,MoCoConnect,Montgomery County,MD,ok,200,,,https://api.fususone.com/api/public/organizations/mcpdmd/stats/,2270,2050,1251,595,10000,1155
True,2026-10-08T16:19:55Z,2026-10-08T16:23:08Z,mcso-tn,1,Connect Madison County,Madison County,TN,ok,200,,,https://api.fususone.com/api/public/organizations/mcso-tn/stats/,0,621,365,0,150,365
True,2026-10-08T16:19:55Z,2026-10-08T16:23:09Z,melroseparkpdil,1,Connect Melrose Park,Melrose Park,IL,ok,200,,,https://api.fususone.com/api/public/organizations/melroseparkpdil/stats/,36,237,197,40,0,193
True,2026-10-08T16:19:55Z,2026-10-08T16:23:10Z,memphispd,1,Connect Memphis,Memphis,TN,ok,200,,,https://api.fususone.com/api/public/organizations/memphispd/stats/,14252,3158,2326,674,2750,2182
True,2026-10-08T16:19:55Z,2026-10-08T16:23:11Z,mercedpdca,1,Merced Community Camera Program,Merced,CA,ok,200,,,https://api.fususone.com/api/public/organizations/mercedpdca/stats/,423,105,105,0,0,105
True,2026-10-08T16:19:55Z,2026-10-08T16:23:12Z,meridianpdid,1,Connect MPD,Meridian,ID,ok,200,,,https://api.fususone.com/api/public/organizations/meridianpdid/stats/,0,62,62,0,0,52
True,2026-10-08T16:19:55Z,2026-10-08T16:23:13Z,meridianpdms,1,Connect Meridian,Meridian,MS,ok,200,,,https://api.fususone.com/api/public/organizations/meridianpdms/stats/,0,303,303,0,10000,303
True,2026-10-08T16:19:55Z,2026-10-08T16:23:14Z,miamibeachpdfl,1,Connect Miami Beach,Miami Beach,FL,ok,200,,,https://api.fususone.com/api/public/organizations/miamibeachpdfl/stats/,0,528,528,0,0,480
True,2026-10-08T16:19:55Z,2026-10-08T16:23:15Z,miamidadepd,1,Connect Miami-Dade,Miami-Dade,FL,ok,200,,,https://api.fususone.com/api/public/organizations/miamidadepd/stats/,1254,1799,767,299,5000,694
True,2026-10-08T16:19:55Z,2026-10-08T16:23:16Z,milwaukeepd,1,Community Connect Milwaukee,Milwaukee,WI,ok,200,,,https://api.fususone.com/api/public/organizations/milwaukeepd/stats/,1552,1225,1014,211,1500,985
True,2026-10-08T16:19:55Z,2026-10-08T16:23:17Z,minnetonkapdmn,1,Keep Minnetonka Safe,Minnetonka,MN,ok,200,,,https://api.fususone.com/api/public/organizations/minnetonkapdmn/stats/,692,1895,660,1235,1500,644
True,2026-10-08T16:19:55Z,2026-10-08T16:23:18Z,missoulapdmt,1,Connect Missoula,Missoula,MT,ok,200,,,https://api.fususone.com/api/public/organizations/missoulapdmt/stats/,99,25,25,0,0,25
True,2026-10-08T16:19:55Z,2026-10-08T16:23:19Z,mobilepdal,1,Connect Mobile,Mobile,AL,ok,200,,,https://api.fususone.com/api/public/organizations/mobilepdal/stats/,0,259,259,0,0,259
True,2026-10-08T16:19:55Z,2026-10-08T16:23:20Z,modestopd,1,Connect Modesto,Modesto,CA,ok,200,,,https://api.fususone.com/api/public/organizations/modestopd/stats/,89,429,413,16,1500,392
True,2026-10-08T16:19:55Z,2026-10-08T16:23:21Z,monmouthcounty,1,Connect Monmouth County,Monmouth County,NJ,ok,200,,,https://api.fususone.com/api/public/organizations/monmouthcounty/stats/,74,1814,1062,0,1500,1024
True,2026-10-08T16:19:55Z,2026-10-08T16:23:22Z,monroecoso,1,Connect Monroe County,Monroe County,NY,ok,200,,,https://api.fususone.com/api/public/organizations/monroecoso/stats/,181,892,892,0,10000,825
True,2026-10-08T16:19:55Z,2026-10-08T16:23:23Z,montgomerypd-al,1,STAR Watch Program,Montgomery,AL,ok,200,,,https://api.fususone.com/api/public/organizations/montgomerypd-al/stats/,2915,961,264,631,1500,262
True,2026-10-08T16:19:55Z,2026-10-08T16:23:24Z,montgomeryso-al,1,Connect Montgomery County,Montgomery County,AL,ok,200,,,https://api.fususone.com/api/public/organizations/montgomeryso-al/stats/,23,295,86,0,402,86
True,2026-10-08T16:19:55Z,2026-10-08T16:23:25Z,montrosepdco,1,Connect Montrose,Montrose,CO,ok,200,,,https://api.fususone.com/api/public/organizations/montrosepdco/stats/,0,171,171,0,0,171
True,2026-10-08T16:19:55Z,2026-10-08T16:23:26Z,mooresvillepd,1,Connect Mooresville,Mooresville,NC,ok,200,,,https://api.fususone.com/api/public/organizations/mooresvillepd/stats/,0,267,267,0,1500,267
True,2026-10-08T16:19:55Z,2026-10-08T16:23:27Z,mpls,1,Connect Minneapolis,Minneapolis,MN,ok,200,,,https://api.fususone.com/api/public/organizations/mpls/stats/,2644,2713,763,1429,1500,757
True,2026-10-08T16:19:55Z,2026-10-08T16:23:28Z,munsterpdin,1,Connect Munster,Munster,IN,ok,200,,,https://api.fususone.com/api/public/organizations/munsterpdin/stats/,111,274,98,0,150,98
True,2026-10-08T16:19:55Z,2026-10-08T16:23:29Z,newbrunswickpdnj,1,Connect New Brunswick,New Brunswick,NJ,ok,200,,,https://api.fususone.com/api/public/organizations/newbrunswickpdnj/stats/,0,123,123,0,0,123
True,2026-10-08T16:19:55Z,2026-10-08T16:23:30Z,newcastlede,1,Connect New Castle County,New Castle County,DE,ok,200,,,https://api.fususone.com/api/public/organizations/newcastlede/stats/,21,162,154,8,0,85
True,2026-10-08T16:19:55Z,2026-10-08T16:23:31Z,newhavenct,1,Connect New Haven,New Haven,CT,ok,200,,,https://api.fususone.com/api/public/organizations/newhavenct/stats/,193,699,699,0,1500,699
True,2026-10-08T16:19:55Z,2026-10-08T16:23:32Z,newlondonpdct,1,Connect New London,New London,CT,ok,200,,,https://api.fususone.com/api/public/organizations/newlondonpdct/stats/,0,6,6,0,0,3
True,2026-10-08T16:19:55Z,2026-10-08T16:23:33Z,newportbeachpdca,1,Connect Newport Beach,Newport Beach,CA,ok,200,,,https://api.fususone.com/api/public/organizations/newportbeachpdca/stats/,420,241,182,59,1,140
True,2026-10-08T16:19:55Z,2026-10-08T16:23:34Z,newportnewspd,1,Connect Newport News,Newport News,VA,ok,200,,,https://api.fususone.com/api/public/organizations/newportnewspd/stats/,1414,2335,934,1385,1500,930
True,2026-10-08T16:19:55Z,2026-10-08T16:23:35Z,newtonsheriff,1,Connect Newton County,Newton County,GA,ok,200,,,https://api.fususone.com/api/public/organizations/newtonsheriff/stats/,348,3538,523,52,150,520
True,2026-10-08T16:19:55Z,2026-10-08T16:23:36Z,norfolkpd,1,Connect Norfolk,Norfolk,VA,ok,200,,,https://api.fususone.com/api/public/organizations/norfolkpd/stats/,441,3701,2080,1385,4500,1978
True,2026-10-08T16:19:55Z,2026-10-08T16:23:37Z,northcharlestonpd,1,Connect North Charleston,North Charleston,SC,ok,200,,,https://api.fususone.com/api/public/organizations/northcharlestonpd/stats/,1369,536,291,71,10000,283
True,2026-10-08T16:19:55Z,2026-10-08T16:23:38Z,northlittlerock,1,Connect North Little Rock,North Little Rock,AR,ok,200,,,https://api.fususone.com/api/public/organizations/northlittlerock/stats/,408,991,728,61,1500,728
True,2026-10-08T16:19:55Z,2026-10-08T16:23:39Z,northport,1,Connect North Port,North Port,FL,ok,200,,,https://api.fususone.com/api/public/organizations/northport/stats/,149,893,246,543,150,202
True,2026-10-08T16:19:55Z,2026-10-08T16:23:40Z,novatopdca,1,Connect Novato,Novato,CA,ok,200,,,https://api.fususone.com/api/public/organizations/novatopdca/stats/,667,42,42,0,0,42
True,2026-10-08T16:19:55Z,2026-10-08T16:23:41Z,nypd,1,Connect NYPD,New York City,NY,ok,200,,,https://api.fususone.com/api/public/organizations/nypd/stats/,5511,2185,2185,0,32767,2108
True,2026-10-08T16:19:55Z,2026-10-08T16:23:42Z,oakbrookpd,1,Connect Oak Brook,Oak Brook,IL,ok,200,,,https://api.fususone.com/api/public/organizations/oakbrookpd/stats/,166,403,363,40,1500,363
True,2026-10-08T16:19:55Z,2026-10-08T16:23:43Z,oakdaleca,1,Connect Oakdale,Oakdale,CA,ok,200,,,https://api.fususone.com/api/public/organizations/oakdaleca/stats/,17,259,246,13,500,244
True,2026-10-08T16:19:55Z,2026-10-08T16:23:44Z,oaklawn,1,Connect Oak Lawn,Oak Lawn,IL,ok,200,,,https://api.fususone.com/api/public/organizations/oaklawn/stats/,1426,2205,955,1157,1500,763
True,2026-10-08T16:19:55Z,2026-10-08T16:23:45Z,obterracepd,1,Connect Oakbrook Terrace,Oakbrook Terrace,IL,ok,200,,,https://api.fususone.com/api/public/organizations/obterracepd/stats/,163,312,0,6,500,0
True,2026-10-08T16:19:55Z,2026-10-08T16:23:46Z,oceansidepdca,1,Connect Oceanside,Oceanside,CA,ok,200,,,https://api.fususone.com/api/public/organizations/oceansidepdca/stats/,325,257,150,107,0,150
True,2026-10-08T16:19:55Z,2026-10-08T16:23:47Z,ocsdca,1,Connect Orange County,Orange County,CA,ok,200,,,https://api.fususone.com/api/public/organizations/ocsdca/stats/,2815,2875,1343,1511,5000,1198
True,2026-10-08T16:19:55Z,2026-10-08T16:23:48Z,okaloosacounty,1,Connect Okaloosa County,Okaloosa County,FL,ok,200,,,https://api.fususone.com/api/public/organizations/okaloosacounty/stats/,783,527,197,262,1500,167
True,2026-10-08T16:19:55Z,2026-10-08T16:23:49Z,okcpd,1,Connect Oklahoma City,Oklahoma City,OK,ok,200,,,https://api.fususone.com/api/public/organizations/okcpd/stats/,1733,7145,6530,615,1500,2034
True,2026-10-08T16:19:55Z,2026-10-08T16:23:50Z,ontariopolice,1,Connect Ontario,Ontario,CA,ok,200,,,https://api.fususone.com/api/public/organizations/ontariopolice/stats/,319,2150,1322,828,1500,1257
True,2026-10-08T16:19:55Z,2026-10-08T16:23:51Z,orangecofl,1,Connect Orange County,Orange County,FL,ok,200,,,https://api.fususone.com/api/public/organizations/orangecofl/stats/,2299,10289,861,7481,7750,758
True,2026-10-08T16:19:55Z,2026-10-08T16:23:52Z,orlando,1,Orlando Connect,Orlando,FL,ok,200,,,https://api.fususone.com/api/public/organizations/orlando/stats/,7318,4096,1050,2658,1500,1000
True,2026-10-08T16:19:55Z,2026-10-08T16:23:53Z,orlandparkpd,1,Connect Orland Park,Orland Park,IL,ok,200,,,https://api.fususone.com/api/public/organizations/orlandparkpd/stats/,425,1275,429,846,10000,386
True,2026-10-08T16:19:55Z,2026-10-08T16:23:54Z,overlandparkpdks,1,Secure OP,Overland Park,KS,ok,200,,,https://api.fususone.com/api/public/organizations/overlandparkpdks/stats/,7,1089,555,0,1500,542
True,2026-10-08T16:19:55Z,2026-10-08T16:23:55Z,pascopdwa,1,OnePasco,Pasco,WA,ok,200,,,https://api.fususone.com/api/public/organizations/pascopdwa/stats/,88,148,148,0,150,142
True,2026-10-08T16:19:55Z,2026-10-08T16:23:56Z,patersonpdnj,1,Connect Paterson,Paterson,NJ,ok,200,,,https://api.fususone.com/api/public/organizations/patersonpdnj/stats/,185,379,379,0,10000,374
True,2026-10-08T16:19:55Z,2026-10-08T16:23:57Z,pbso,1,Keep Palm Beach County Safe,Palm Beach County,FL,ok,200,,,https://api.fususone.com/api/public/organizations/pbso/stats/,1897,1506,1020,0,1,926
True,2026-10-08T16:19:55Z,2026-10-08T16:23:58Z,peachtreecorners,1,Connect Peachtree,Peachtree Corners,GA,ok,200,,,https://api.fususone.com/api/public/organizations/peachtreecorners/stats/,445,191,142,32,500,139
True,2026-10-08T16:19:55Z,2026-10-08T16:23:59Z,pekinpdil,1,Connect Pekin,Pekin,IL,ok,200,,,https://api.fususone.com/api/public/organizations/pekinpdil/stats/,0,87,68,0,0,68
True,2026-10-08T16:19:55Z,2026-10-08T16:24:00Z,pellcitypd,1,Connect Pell City,Pell City,AL,ok,200,,,https://api.fususone.com/api/public/organizations/pellcitypd/stats/,272,976,279,697,1000,279
True,2026-10-08T16:19:55Z,2026-10-08T16:24:01Z,peoriapd,1,Connect Peoria,Peoria,IL,ok,200,,,https://api.fususone.com/api/public/organizations/peoriapd/stats/,445,898,543,0,1500,536
True,2026-10-08T16:19:55Z,2026-10-08T16:24:02Z,peoriapdaz,1,Connect Peoria,Peoria,AZ,ok,200,,,https://api.fususone.com/api/public/organizations/peoriapdaz/stats/,76,592,396,25,10000,390
True,2026-10-08T16:19:55Z,2026-10-08T16:24:03Z,petersburgpd,1,Connect Petersburg,Petersburg,VA,ok,200,,,https://api.fususone.com/api/public/organizations/petersburgpd/stats/,358,1711,298,1413,1500,273
True,2026-10-08T16:19:55Z,2026-10-08T16:24:04Z,pgcountypd,1,Connect Prince George's County,Prince George's County,MD,ok,200,,,https://api.fususone.com/api/public/organizations/pgcountypd/stats/,488,2777,1781,578,1500,1482
True,2026-10-08T16:19:55Z,2026-10-08T16:24:05Z,placerca,1,Connect Placer County,Placer County,CA,ok,200,,,https://api.fususone.com/api/public/organizations/placerca/stats/,558,912,263,472,500,219
True,2026-10-08T16:19:55Z,2026-10-08T16:24:06Z,planotx,1,Keep Plano Safe,Plano,TX,ok,200,,,https://api.fususone.com/api/public/organizations/planotx/stats/,26,324,324,0,500,316
True,2026-10-08T16:19:55Z,2026-10-08T16:24:07Z,plaqueminesparishso,1,Connect Plaquemines Parish,Plaquemines Parish,LA,ok,200,,,https://api.fususone.com/api/public/organizations/plaqueminesparishso/stats/,8,532,35,497,10000,35
True,2026-10-08T16:19:55Z,2026-10-08T16:24:08Z,pomonapd,1,Pomona Safe Communities,Pomona,CA,ok,200,,,https://api.fususone.com/api/public/organizations/pomonapd/stats/,266,194,179,15,10000,168
True,2026-10-08T16:19:55Z,2026-10-08T16:24:09Z,portsmouthpd,1,Portsmouth Connect,Portsmouth,VA,ok,200,,,https://api.fususone.com/api/public/organizations/portsmouthpd/stats/,491,1806,393,1413,1500,392
True,2026-10-08T16:19:55Z,2026-10-08T16:24:10Z,powderspringspd,1,Connect Powder Springs,Powder Springs,GA,ok,200,,,https://api.fususone.com/api/public/organizations/powderspringspd/stats/,113,2966,52,18,150,52
True,2026-10-08T16:19:55Z,2026-10-08T16:24:11Z,prairievillagepdks,1,Connect Prairie Village,Prairie Village,KS,ok,200,,,https://api.fususone.com/api/public/organizations/prairievillagepdks/stats/,129,1490,327,320,1500,312
True,2026-10-08T16:19:55Z,2026-10-08T16:24:12Z,queencreekaz,1,Connect Queen Creek,Queen Creek,AZ,ok,200,,,https://api.fususone.com/api/public/organizations/queencreekaz/stats/,76,994,490,333,1499,482
True,2026-10-08T16:19:55Z,2026-10-08T16:24:13Z,raleighncpd,1,CONNECTRALEIGH,Raleigh,NC,ok,200,,,https://api.fususone.com/api/public/organizations/raleighncpd/stats/,1904,1624,1129,64,1500,1126
True,2026-10-08T16:19:55Z,2026-10-08T16:24:14Z,rankincounty,1,Connect Rankin County,Rankin County,MS,ok,200,,,https://api.fususone.com/api/public/organizations/rankincounty/stats/,0,368,266,58,1500,261
True,2026-10-08T16:19:55Z,2026-10-08T16:24:15Z,redondobchpd,1,Connect Redondo Beach,Redondo Beach,CA,ok,200,,,https://api.fususone.com/api/public/organizations/redondobchpd/stats/,445,482,77,405,350,75
True,2026-10-08T16:19:55Z,2026-10-08T16:24:16Z,renopd,1,Connect Reno,Reno,NV,ok,200,,,https://api.fususone.com/api/public/organizations/renopd/stats/,710,946,542,141,500,514
True,2026-10-08T16:19:55Z,2026-10-08T16:24:17Z,rentonpdwa,1,Connect Renton,Renton,WA,ok,200,,,https://api.fususone.com/api/public/organizations/rentonpdwa/stats/,1328,237,237,0,0,219
True,2026-10-08T16:19:55Z,2026-10-08T16:24:18Z,rialtopd,1,Connect Rialto,Rialto,CA,ok,200,,,https://api.fususone.com/api/public/organizations/rialtopd/stats/,352,3614,703,2911,500,689
True,2026-10-08T16:19:55Z,2026-10-08T16:24:19Z,richlandpdwa,1,Connect Richland,Richland,WA,ok,200,,,https://api.fususone.com/api/public/organizations/richlandpdwa/stats/,40,148,148,0,0,117
True,2026-10-08T16:19:55Z,2026-10-08T16:24:20Z,richmondcsoga,1,Connect Richmond County,Richmond County,GA,ok,200,,,https://api.fususone.com/api/public/organizations/richmondcsoga/stats/,0,141,141,0,0,141
True,2026-10-08T16:19:55Z,2026-10-08T16:24:21Z,richmondva,1,Connect Richmond,Richmond,VA,ok,200,,,https://api.fususone.com/api/public/organizations/richmondva/stats/,238,563,489,0,1500,410
True,2026-10-08T16:19:55Z,2026-10-08T16:24:22Z,rileycountypd,1,Connect Riley County,Riley County,KS,ok,200,,,https://api.fususone.com/api/public/organizations/rileycountypd/stats/,81,47,47,0,150,47
True,2026-10-08T16:19:55Z,2026-10-08T16:24:23Z,riverdalepd,1,Connect Riverdale,Riverdale,IL,error,404,HTTP 404,totalRegisteredCameras;totalIntegratedCameras;totalOwnedCameras;totalSharedCameras;totalMaxCameras;subscribedCameras,https://api.fususone.com/api/public/organizations/riverdalepd/stats/,,,,,,
True,2026-10-08T16:19:55Z,2026-10-08T16:24:24Z,rocklinpd,1,Rocklin on Watch,Rocklin,CA,ok,200,,,https://api.fususone.com/api/public/organizations/rocklinpd/stats/,505,280,99,147,150,99
True,2026-10-08T16:19:55Z,2026-10-08T16:24:25Z,rockymountpd,1,Connect Rocky Mount,Rocky Mount,NC,ok,200,,,https://api.fususone.com/api/public/organizations/rockymountpd/stats/,112,724,672,50,5000,614
True,2026-10-08T16:19:55Z,2026-10-08T16:24:26Z,rogerspdar,1,Connect Rogers,Rogers,AR,ok,200,,,https://api.fususone.com/api/public/organizations/rogerspdar/stats/,280,265,265,0,0,254
True,2026-10-08T16:19:55Z,2026-10-08T16:24:27Z,roswellpdnm,1,SaferRoswell,Roswell,NM,ok,200,,,https://api.fususone.com/api/public/organizations/roswellpdnm/stats/,4,102,102,0,0,102
True,2026-10-08T16:19:55Z,2026-10-08T16:24:28Z,sacramentocoso,1,Connect Sacramento County,Sacramento County,CA,ok,200,,,https://api.fususone.com/api/public/organizations/sacramentocoso/stats/,353,415,188,227,5000,187
True,2026-10-08T16:19:55Z,2026-10-08T16:24:29Z,sacramentopd,1,Sacramento PD Connect,Sacramento,CA,ok,200,,,https://api.fususone.com/api/public/organizations/sacramentopd/stats/,912,1779,1038,423,2000,1016
True,2026-10-08T16:19:55Z,2026-10-08T16:24:30Z,salinaspd,1,Connect Salinas,Salinas,CA,ok,200,,,https://api.fususone.com/api/public/organizations/salinaspd/stats/,42,2947,264,2683,500,262
True,2026-10-08T16:19:55Z,2026-10-08T16:24:31Z,sanbernardinopdca,1,Connect San Bernardino,San Bernardino,CA,ok,200,,,https://api.fususone.com/api/public/organizations/sanbernardinopdca/stats/,156,680,558,122,6000,451
True,2026-10-08T16:19:55Z,2026-10-08T16:24:32Z,sandyspringspd,1,Connect Sandy Springs,Sandy Springs,GA,ok,200,,,https://api.fususone.com/api/public/organizations/sandyspringspd/stats/,879,15236,301,4382,7782,298
True,2026-10-08T16:19:55Z,2026-10-08T16:24:33Z,sanjoaquincsoca,1,ConnectSJSO,San Joaquin County,CA,ok,200,,,https://api.fususone.com/api/public/organizations/sanjoaquincsoca/stats/,152,131,63,68,0,62
True,2026-10-08T16:19:55Z,2026-10-08T16:24:34Z,sanjose,1,Connect San Jose,San Jose,CA,ok,200,,,https://api.fususone.com/api/public/organizations/sanjose/stats/,10816,1596,1319,277,1500,1205
True,2026-10-08T16:19:55Z,2026-10-08T16:24:35Z,sanmarcospdtx,1,Connect San Marcos,San Marcos,TX,ok,200,,,https://api.fususone.com/api/public/organizations/sanmarcospdtx/stats/,63,78,78,0,10000,78
True,2026-10-08T16:19:55Z,2026-10-08T16:24:36Z,sanmateopd,1,Connect San Mateo,San Mateo,CA,ok,200,,,https://api.fususone.com/api/public/organizations/sanmateopd/stats/,3094,99,99,0,1500,96
True,2026-10-08T16:19:55Z,2026-10-08T16:24:37Z,sarasotacsofl,1,Connect Sarasota County,Sarasota County,FL,ok,200,,,https://api.fususone.com/api/public/organizations/sarasotacsofl/stats/,5,452,386,66,0,374
True,2026-10-08T16:19:55Z,2026-10-08T16:24:38Z,saratogaspringspdny,1,Connect Saratoga Springs,Saratoga Springs,NY,ok,200,,,https://api.fususone.com/api/public/organizations/saratogaspringspdny/stats/,130,197,181,16,0,180
True,2026-10-08T16:19:55Z,2026-10-08T16:24:39Z,savannahpd,1,Connect Savannah,Savannah,GA,ok,200,,,https://api.fususone.com/api/public/organizations/savannahpd/stats/,1173,9269,304,23,1500,304
True,2026-10-08T16:19:55Z,2026-10-08T16:24:40Z,schenectadypdny,1,Connect Schenectady,Schenectady,NY,ok,200,,,https://api.fususone.com/api/public/organizations/schenectadypdny/stats/,0,69,69,0,0,69
True,2026-10-08T16:19:55Z,2026-10-08T16:24:41Z,scrantonpd,1,Connect Scranton,Scranton,PA,ok,200,,,https://api.fususone.com/api/public/organizations/scrantonpd/stats/,710,60,60,0,0,60
True,2026-10-08T16:19:55Z,2026-10-08T16:24:42Z,seagovillepdtx,1,Seagoville Connect and Protect,Seagoville,TX,ok,200,,,https://api.fususone.com/api/public/organizations/seagovillepdtx/stats/,22,50,50,0,225,50
True,2026-10-08T16:19:55Z,2026-10-08T16:24:43Z,seatpleasantmd,1,Connect Seat Pleasant,Seat Pleasant,MD,ok,200,,,https://api.fususone.com/api/public/organizations/seatpleasantmd/stats/,0,1128,193,534,500,190
True,2026-10-08T16:19:55Z,2026-10-08T16:24:44Z,seattlepd,1,Connect Seattle,Seattle,WA,ok,200,,,https://api.fususone.com/api/public/organizations/seattlepd/stats/,888,687,664,0,5000,663
True,2026-10-08T16:19:55Z,2026-10-08T16:24:45Z,seminolecountyso,1,Connect Seminole,Seminole County,FL,ok,200,,,https://api.fususone.com/api/public/organizations/seminolecountyso/stats/,110,2046,528,1081,1500,518
True,2026-10-08T16:19:55Z,2026-10-08T16:24:46Z,shawneecosheriff,1,Connect Shawnee County and the City of Topeka,Shawnee County and the City of Topeka,KS,ok,200,,,https://api.fususone.com/api/public/organizations/shawneecosheriff/stats/,1203,2249,648,1601,500,548
True,2026-10-08T16:19:55Z,2026-10-08T16:24:47Z,shelbycoso,1,Connect Shelby County,Shelby County,TN,ok,200,,,https://api.fususone.com/api/public/organizations/shelbycoso/stats/,1309,2379,181,123,1500,152
True,2026-10-08T16:19:55Z,2026-10-08T16:24:48Z,smyrnaga,1,Connect Smyrna,Smyrna,GA,ok,200,,,https://api.fususone.com/api/public/organizations/smyrnaga/stats/,333,13075,262,3416,3058,257
True,2026-10-08T16:19:55Z,2026-10-08T16:24:49Z,southbendpd,1,Sync South Bend,South Bend,IN,ok,200,,,https://api.fususone.com/api/public/organizations/southbendpd/stats/,2536,2035,1291,744,1500,1278
True,2026-10-08T16:19:55Z,2026-10-08T16:24:50Z,southfultonga,1,Connect South Fulton,South Fulton,GA,ok,200,,,https://api.fususone.com/api/public/organizations/southfultonga/stats/,460,14815,552,4105,8000,537
True,2026-10-08T16:19:55Z,2026-10-08T16:24:51Z,sparkspdnv,1,Connect Sparks,Sparks,NV,ok,200,,,https://api.fususone.com/api/public/organizations/sparkspdnv/stats/,244,749,216,0,500,202
True,2026-10-08T16:19:55Z,2026-10-08T16:24:52Z,spartanburgpd,1,Connect Spartanburg,Spartanburg,SC,ok,200,,,https://api.fususone.com/api/public/organizations/spartanburgpd/stats/,187,674,670,4,500,670
True,2026-10-08T16:19:55Z,2026-10-08T16:24:53Z,spokanecsowa,1,Connect Spokane County,Spokane County,WA,ok,200,,,https://api.fususone.com/api/public/organizations/spokanecsowa/stats/,0,959,827,131,150,720
True,2026-10-08T16:19:55Z,2026-10-08T16:24:54Z,springfieldpd,1,Sync Springfield,Springfield,IL,ok,200,,,https://api.fususone.com/api/public/organizations/springfieldpd/stats/,1647,2550,2477,0,1500,2452
True,2026-10-08T16:19:55Z,2026-10-08T16:24:55Z,springfieldpdmo,1,Springfield Safe,Springfield,MO,ok,200,,,https://api.fususone.com/api/public/organizations/springfieldpdmo/stats/,18,313,162,151,0,153
True,2026-10-08T16:19:55Z,2026-10-08T16:24:56Z,statesboropd,1,Connect Statesboro,Statesboro,GA,ok,200,,,https://api.fususone.com/api/public/organizations/statesboropd/stats/,1,14459,629,4132,3950,622
True,2026-10-08T16:19:55Z,2026-10-08T16:24:57Z,stbernardso,1,Protect St. Bernard,St. Bernard Parish,LA,ok,200,,,https://api.fususone.com/api/public/organizations/stbernardso/stats/,147,85,84,1,781,84
True,2026-10-08T16:19:55Z,2026-10-08T16:24:58Z,stcloud,1,Connect St. Cloud,St. Cloud,FL,ok,200,,,https://api.fususone.com/api/public/organizations/stcloud/stats/,356,9039,1926,5783,7000,1903
True,2026-10-08T16:19:55Z,2026-10-08T16:24:59Z,stcloudpdmn,1,Saint Cloud Connect and Protect,Saint Cloud,MN,ok,200,,,https://api.fususone.com/api/public/organizations/stcloudpdmn/stats/,0,27,27,0,350,19
True,2026-10-08T16:19:55Z,2026-10-08T16:25:00Z,stjohnscountyso,1,Connect St. Johns,St. Johns County,FL,ok,200,,,https://api.fususone.com/api/public/organizations/stjohnscountyso/stats/,1710,1336,1150,186,1500,1104
True,2026-10-08T16:19:55Z,2026-10-08T16:25:01Z,stluciesheriff,1,Connect St Lucie County,St. Lucie County,FL,ok,200,,,https://api.fususone.com/api/public/organizations/stluciesheriff/stats/,831,124,124,0,1500,72
True,2026-10-08T16:19:55Z,2026-10-08T16:25:02Z,stocktonpdca,1,SaferStockton,Stockton,CA,ok,200,,,https://api.fususone.com/api/public/organizations/stocktonpdca/stats/,52,371,370,1,1,366
True,2026-10-08T16:19:55Z,2026-10-08T16:25:03Z,stpaulpdmn,1,Connect Saint Paul,Saint Paul,MN,ok,200,,,https://api.fususone.com/api/public/organizations/stpaulpdmn/stats/,66,1247,341,445,0,332
True,2026-10-08T16:19:55Z,2026-10-08T16:25:04Z,sumnercounty,1,Connect Sumner,Sumner,TN,ok,200,,,https://api.fususone.com/api/public/organizations/sumnercounty/stats/,461,92,33,38,4000,31
True,2026-10-08T16:19:55Z,2026-10-08T16:25:05Z,tempepd,1,Connect Tempe,Tempe,AZ,ok,200,,,https://api.fususone.com/api/public/organizations/tempepd/stats/,177,1522,924,0,1500,905
True,2026-10-08T16:19:55Z,2026-10-08T16:25:06Z,torrancepd,1,Secure Torrance,Torrance,CA,ok,200,,,https://api.fususone.com/api/public/organizations/torrancepd/stats/,140,389,143,246,200,93
True,2026-10-08T16:19:55Z,2026-10-08T16:25:07Z,troypdil,1,Connect Troy,Troy,MI,error,404,HTTP 404,totalRegisteredCameras;totalIntegratedCameras;totalOwnedCameras;totalSharedCameras;totalMaxCameras;subscribedCameras,https://api.fususone.com/api/public/organizations/troypdil/stats/,,,,,,
True,2026-10-08T16:19:55Z,2026-10-08T16:25:08Z,trussvillepd,1,Connect Trussville,Trussville,AL,ok,200,,,https://api.fususone.com/api/public/organizations/trussvillepd/stats/,0,133,133,0,500,133
True,2026-10-08T16:19:55Z,2026-10-08T16:25:09Z,tucsonpd,1,Connect Tucson,Tucson,AZ,ok,200,,,https://api.fususone.com/api/public/organizations/tucsonpd/stats/,1329,637,466,0,1500,467
True,2026-10-08T16:19:55Z,2026-10-08T16:25:10Z,tupeloms,1,Connect Tupelo,Tupelo,MS,ok,200,,,https://api.fususone.com/api/public/organizations/tupeloms/stats/,271,349,349,0,500,344
True,2026-10-08T16:19:55Z,2026-10-08T16:25:11Z,turlockpd,1,Connect Turlock,Turlock,CA,ok,200,,,https://api.fususone.com/api/public/organizations/turlockpd/stats/,199,110,99,11,150,99
True,2026-10-08T16:19:55Z,2026-10-08T16:25:12Z,tuscaloosapd,1,Safeguard Tuscaloosa,Tuscaloosa,AL,ok,200,,,https://api.fususone.com/api/public/organizations/tuscaloosapd/stats/,258,1096,401,624,1500,381
True,2026-10-08T16:19:55Z,2026-10-08T16:25:13Z,uarizonapdaz,1,Connect University of Arizona,University of Arizona,AZ,ok,200,,,https://api.fususone.com/api/public/organizations/uarizonapdaz/stats/,0,16,4,0,0,0
True,2026-10-08T16:19:55Z,2026-10-08T16:25:14Z,uillinoispd,1,Connect University of Illinois Urbana-Champaign,University of Illinois Urbana-Champaign,IL,ok,200,,,https://api.fususone.com/api/public/organizations/uillinoispd/stats/,3,4177,4089,0,0,4079
True,2026-10-08T16:19:55Z,2026-10-08T16:25:15Z,universityofmissouripdmo,1,Mizzou SafeConnect,Mizzou,MO,ok,200,,,https://api.fususone.com/api/public/organizations/universityofmissouripdmo/stats/,166,1012,1012,0,0,999
True,2026-10-08T16:19:55Z,2026-10-08T16:25:16Z,virginiabeachpd,1,Connect Virginia Beach,Virginia Beach,VA,ok,200,,,https://api.fususone.com/api/public/organizations/virginiabeachpd/stats/,1447,3308,647,1409,2000,636
True,2026-10-08T16:19:55Z,2026-10-08T16:25:17Z,volusiasheriff,1,Connect Volusia,Volusia,FL,ok,200,,,https://api.fususone.com/api/public/organizations/volusiasheriff/stats/,670,3959,583,3025,1500,902
True,2026-10-08T16:19:55Z,2026-10-08T16:25:18Z,wakecounty,1,Connect Wake County,Wake County,NC,ok,200,,,https://api.fususone.com/api/public/organizations/wakecounty/stats/,171,978,295,60,1500,263
True,2026-10-08T16:19:55Z,2026-10-08T16:25:19Z,warnerrobinspd,1,Connect Warner Robins,Warner Robins,GA,ok,200,,,https://api.fususone.com/api/public/organizations/warnerrobinspd/stats/,218,9241,139,0,500,139
True,2026-10-08T16:19:55Z,2026-10-08T16:25:20Z,warrenpdmi,1,Connect Warren,Warren,MI,ok,200,,,https://api.fususone.com/api/public/organizations/warrenpdmi/stats/,64,238,144,94,1500,117
True,2026-10-08T16:19:55Z,2026-10-08T16:25:21Z,washoesheriff,1,Connect Washoe County,Washoe County,NV,ok,200,,,https://api.fususone.com/api/public/organizations/washoesheriff/stats/,9,470,178,4,500,171
True,2026-10-08T16:19:55Z,2026-10-08T16:25:22Z,webbcountyso,1,Connect Webb County,Webb County,TX,ok,200,,,https://api.fususone.com/api/public/organizations/webbcountyso/stats/,0,279,279,0,2000,275
True,2026-10-08T16:19:55Z,2026-10-08T16:25:23Z,westsacramento,1,West Sacramento Safe and Secure,West Sacramento,CA,ok,200,,,https://api.fususone.com/api/public/organizations/westsacramento/stats/,831,513,340,89,500,329
True,2026-10-08T16:19:55Z,2026-10-08T16:25:24Z,wheatonpd,1,Connect Wheaton,Wheaton,IL,ok,200,,,https://api.fususone.com/api/public/organizations/wheatonpd/stats/,428,535,535,0,1500,531
True,2026-10-08T16:19:55Z,2026-10-08T16:25:25Z,whitehallpd,1,Connect Whitehall,Whitehall,OH,ok,200,,,https://api.fususone.com/api/public/organizations/whitehallpd/stats/,575,615,153,462,1500,151
True,2026-10-08T16:19:55Z,2026-10-08T16:25:26Z,wichitapdks,1,Connected Wichita,Wichita,KS,ok,200,,,https://api.fususone.com/api/public/organizations/wichitapdks/stats/,9,361,340,21,1500,307
True,2026-10-08T16:19:55Z,2026-10-08T16:25:27Z,williamsoncsotn,1,Connect Williamson,Williamson County,TN,ok,200,,,https://api.fususone.com/api/public/organizations/williamsoncsotn/stats/,103,9,9,0,0,0
True,2026-10-08T16:19:55Z,2026-10-08T16:25:28Z,wilmingtonnc,1,Connect Wilmington,Wilmington,NC,ok,200,,,https://api.fususone.com/api/public/organizations/wilmingtonnc/stats/,2,712,696,0,10000,696
True,2026-10-08T16:19:55Z,2026-10-08T16:25:29Z,wintergarden,1,Connect Winter Garden,Winter Garden,FL,ok,200,,,https://api.fususone.com/api/public/organizations/wintergarden/stats/,0,274,172,0,500,172
True,2026-10-08T16:19:55Z,2026-10-08T16:25:30Z,winterpark,1,Connect Winter Park,Winter Park,FL,ok,200,,,https://api.fususone.com/api/public/organizations/winterpark/stats/,294,1544,1081,0,1500,1073
True,2026-10-08T16:19:55Z,2026-10-08T16:25:31Z,wpb,1,CityWatch Connect,West Palm Beach,FL,ok,200,,,https://api.fususone.com/api/public/organizations/wpb/stats/,1815,958,460,245,1000,434
True,2026-10-08T16:19:55Z,2026-10-08T16:25:32Z,zacharypdla,1,Connect Zachary,Zachary,LA,ok,200,,,https://api.fususone.com/api/public/organizations/zacharypdla/stats/,7,8,8,0,0,8
