org,metric,period,previous_count,current_count,change,change_pct,change_per_week,programs,city,state,previous_at,current_at,elapsed_days,from_zero,ranking_eligible,source_url
aacounty,totalRegisteredCameras,previous,1026,1028,2,0.001949317738791423,1.9841120130961891,Connect Anne Arundel,Anne Arundel County,MD,2026-09-21T18:49:19Z,2026-09-28T20:10:02Z,7.056053,False,True,https://api.fususone.com/api/public/organizations/aacounty/stats/
aacounty,totalIntegratedCameras,previous,3664,3177,-487,-0.13291484716157206,-483.1312751889221,Connect Anne Arundel,Anne Arundel County,MD,2026-09-21T18:49:19Z,2026-09-28T20:10:02Z,7.056053,False,True,https://api.fususone.com/api/public/organizations/aacounty/stats/
aacounty,totalOwnedCameras,previous,2372,2372,0,0.0,0.0,Connect Anne Arundel,Anne Arundel County,MD,2026-09-21T18:49:19Z,2026-09-28T20:10:02Z,7.056053,False,True,https://api.fususone.com/api/public/organizations/aacounty/stats/
aacounty,totalSharedCameras,previous,534,534,0,0.0,0.0,Connect Anne Arundel,Anne Arundel County,MD,2026-09-21T18:49:19Z,2026-09-28T20:10:02Z,7.056053,False,True,https://api.fususone.com/api/public/organizations/aacounty/stats/
aacounty,totalMaxCameras,previous,1500,1500,0,0.0,0.0,Connect Anne Arundel,Anne Arundel County,MD,2026-09-21T18:49:19Z,2026-09-28T20:10:02Z,7.056053,False,True,https://api.fususone.com/api/public/organizations/aacounty/stats/
aacounty,subscribedCameras,previous,2336,2336,0,0.0,0.0,Connect Anne Arundel,Anne Arundel County,MD,2026-09-21T18:49:19Z,2026-09-28T20:10:02Z,7.056053,False,True,https://api.fususone.com/api/public/organizations/aacounty/stats/
accpd,totalRegisteredCameras,previous,68,68,0,0.0,0.0,Connect Athens-Clarke County,Athens-Clarke County,GA,2026-09-21T18:49:20Z,2026-09-28T20:10:03Z,7.056053,False,True,https://api.fususone.com/api/public/organizations/accpd/stats/
accpd,totalIntegratedCameras,previous,4316,4325,9,0.0020852641334569047,8.928504058932852,Connect Athens-Clarke County,Athens-Clarke County,GA,2026-09-21T18:49:20Z,2026-09-28T20:10:03Z,7.056053,False,True,https://api.fususone.com/api/public/organizations/accpd/stats/
accpd,totalOwnedCameras,previous,1835,1843,8,0.004359673024523161,7.9364480523847565,Connect Athens-Clarke County,Athens-Clarke County,GA,2026-09-21T18:49:20Z,2026-09-28T20:10:03Z,7.056053,False,True,https://api.fususone.com/api/public/organizations/accpd/stats/
accpd,totalSharedCameras,previous,297,297,0,0.0,0.0,Connect Athens-Clarke County,Athens-Clarke County,GA,2026-09-21T18:49:20Z,2026-09-28T20:10:03Z,7.056053,False,True,https://api.fususone.com/api/public/organizations/accpd/stats/
accpd,totalMaxCameras,previous,500,500,0,0.0,0.0,Connect Athens-Clarke County,Athens-Clarke County,GA,2026-09-21T18:49:20Z,2026-09-28T20:10:03Z,7.056053,False,True,https://api.fususone.com/api/public/organizations/accpd/stats/
accpd,subscribedCameras,previous,526,534,8,0.015209125475285171,7.9364480523847565,Connect Athens-Clarke County,Athens-Clarke County,GA,2026-09-21T18:49:20Z,2026-09-28T20:10:03Z,7.056053,False,True,https://api.fususone.com/api/public/organizations/accpd/stats/
acworthga,totalRegisteredCameras,previous,150,150,0,0.0,0.0,Connect Acworth,Acworth,GA,2026-09-21T18:49:21Z,2026-09-28T20:10:04Z,7.056053,False,True,https://api.fususone.com/api/public/organizations/acworthga/stats/
acworthga,totalIntegratedCameras,previous,10580,10557,-23,-0.002173913043478261,-22.817288150606174,Connect Acworth,Acworth,GA,2026-09-21T18:49:21Z,2026-09-28T20:10:04Z,7.056053,False,True,https://api.fususone.com/api/public/organizations/acworthga/stats/
acworthga,totalOwnedCameras,previous,237,237,0,0.0,0.0,Connect Acworth,Acworth,GA,2026-09-21T18:49:21Z,2026-09-28T20:10:04Z,7.056053,False,True,https://api.fususone.com/api/public/organizations/acworthga/stats/
acworthga,totalSharedCameras,previous,451,427,-24,-0.05321507760532151,-23.80934415715427,Connect Acworth,Acworth,GA,2026-09-21T18:49:21Z,2026-09-28T20:10:04Z,7.056053,False,True,https://api.fususone.com/api/public/organizations/acworthga/stats/
acworthga,totalMaxCameras,previous,500,500,0,0.0,0.0,Connect Acworth,Acworth,GA,2026-09-21T18:49:21Z,2026-09-28T20:10:04Z,7.056053,False,True,https://api.fususone.com/api/public/organizations/acworthga/stats/
acworthga,subscribedCameras,previous,237,237,0,0.0,0.0,Connect Acworth,Acworth,GA,2026-09-21T18:49:21Z,2026-09-28T20:10:04Z,7.056053,False,True,https://api.fususone.com/api/public/organizations/acworthga/stats/
adamscsoco,totalRegisteredCameras,previous,156,156,0,0.0,0.0,Connect Adams County,Adams County,CO,2026-09-21T18:49:22Z,2026-09-28T20:10:05Z,7.056053,False,True,https://api.fususone.com/api/public/organizations/adamscsoco/stats/
adamscsoco,totalIntegratedCameras,previous,166,166,0,0.0,0.0,Connect Adams County,Adams County,CO,2026-09-21T18:49:22Z,2026-09-28T20:10:05Z,7.056053,False,True,https://api.fususone.com/api/public/organizations/adamscsoco/stats/
adamscsoco,totalOwnedCameras,previous,166,166,0,0.0,0.0,Connect Adams County,Adams County,CO,2026-09-21T18:49:22Z,2026-09-28T20:10:05Z,7.056053,False,True,https://api.fususone.com/api/public/organizations/adamscsoco/stats/
adamscsoco,totalSharedCameras,previous,0,0,0,,0.0,Connect Adams County,Adams County,CO,2026-09-21T18:49:22Z,2026-09-28T20:10:05Z,7.056053,True,True,https://api.fususone.com/api/public/organizations/adamscsoco/stats/
adamscsoco,totalMaxCameras,previous,1500,1500,0,0.0,0.0,Connect Adams County,Adams County,CO,2026-09-21T18:49:22Z,2026-09-28T20:10:05Z,7.056053,False,True,https://api.fususone.com/api/public/organizations/adamscsoco/stats/
adamscsoco,subscribedCameras,previous,166,166,0,0.0,0.0,Connect Adams County,Adams County,CO,2026-09-21T18:49:22Z,2026-09-28T20:10:05Z,7.056053,False,True,https://api.fususone.com/api/public/organizations/adamscsoco/stats/
alachuasheriff,totalRegisteredCameras,previous,0,0,0,,0.0,Connect Alachua County,Alachua County,FL,2026-09-21T18:49:23Z,2026-09-28T20:10:06Z,7.056053,True,True,https://api.fususone.com/api/public/organizations/alachuasheriff/stats/
alachuasheriff,totalIntegratedCameras,previous,216,216,0,0.0,0.0,Connect Alachua County,Alachua County,FL,2026-09-21T18:49:23Z,2026-09-28T20:10:06Z,7.056053,False,True,https://api.fususone.com/api/public/organizations/alachuasheriff/stats/
alachuasheriff,totalOwnedCameras,previous,160,160,0,0.0,0.0,Connect Alachua County,Alachua County,FL,2026-09-21T18:49:23Z,2026-09-28T20:10:06Z,7.056053,False,True,https://api.fususone.com/api/public/organizations/alachuasheriff/stats/
alachuasheriff,totalSharedCameras,previous,0,0,0,,0.0,Connect Alachua County,Alachua County,FL,2026-09-21T18:49:23Z,2026-09-28T20:10:06Z,7.056053,True,True,https://api.fususone.com/api/public/organizations/alachuasheriff/stats/
alachuasheriff,totalMaxCameras,previous,850,850,0,0.0,0.0,Connect Alachua County,Alachua County,FL,2026-09-21T18:49:23Z,2026-09-28T20:10:06Z,7.056053,False,True,https://api.fususone.com/api/public/organizations/alachuasheriff/stats/
alachuasheriff,subscribedCameras,previous,143,143,0,0.0,0.0,Connect Alachua County,Alachua County,FL,2026-09-21T18:49:23Z,2026-09-28T20:10:06Z,7.056053,False,True,https://api.fususone.com/api/public/organizations/alachuasheriff/stats/
albanypolice,totalRegisteredCameras,previous,726,731,5,0.006887052341597796,4.960280032740473,Connect Albany,Albany,GA,2026-09-21T18:49:24Z,2026-09-28T20:10:07Z,7.056053,False,True,https://api.fususone.com/api/public/organizations/albanypolice/stats/
albanypolice,totalIntegratedCameras,previous,13935,13936,1,7.176175098672408e-05,0.9920560065480946,Connect Albany,Albany,GA,2026-09-21T18:49:24Z,2026-09-28T20:10:07Z,7.056053,False,True,https://api.fususone.com/api/public/organizations/albanypolice/stats/
albanypolice,totalOwnedCameras,previous,1154,1154,0,0.0,0.0,Connect Albany,Albany,GA,2026-09-21T18:49:24Z,2026-09-28T20:10:07Z,7.056053,False,True,https://api.fususone.com/api/public/organizations/albanypolice/stats/
albanypolice,totalSharedCameras,previous,3414,3414,0,0.0,0.0,Connect Albany,Albany,GA,2026-09-21T18:49:24Z,2026-09-28T20:10:07Z,7.056053,False,True,https://api.fususone.com/api/public/organizations/albanypolice/stats/
albanypolice,totalMaxCameras,previous,6634,6634,0,0.0,0.0,Connect Albany,Albany,GA,2026-09-21T18:49:24Z,2026-09-28T20:10:07Z,7.056053,False,True,https://api.fususone.com/api/public/organizations/albanypolice/stats/
albanypolice,subscribedCameras,previous,1140,1140,0,0.0,0.0,Connect Albany,Albany,GA,2026-09-21T18:49:24Z,2026-09-28T20:10:07Z,7.056053,False,True,https://api.fususone.com/api/public/organizations/albanypolice/stats/
alpharetta,totalRegisteredCameras,previous,0,0,0,,0.0,Connect Alpharetta,Alpharetta,GA,2026-09-21T18:49:25Z,2026-09-28T20:10:08Z,7.056053,True,True,https://api.fususone.com/api/public/organizations/alpharetta/stats/
alpharetta,totalIntegratedCameras,previous,0,0,0,,0.0,Connect Alpharetta,Alpharetta,GA,2026-09-21T18:49:25Z,2026-09-28T20:10:08Z,7.056053,True,True,https://api.fususone.com/api/public/organizations/alpharetta/stats/
alpharetta,totalOwnedCameras,previous,0,0,0,,0.0,Connect Alpharetta,Alpharetta,GA,2026-09-21T18:49:25Z,2026-09-28T20:10:08Z,7.056053,True,True,https://api.fususone.com/api/public/organizations/alpharetta/stats/
alpharetta,totalSharedCameras,previous,0,0,0,,0.0,Connect Alpharetta,Alpharetta,GA,2026-09-21T18:49:25Z,2026-09-28T20:10:08Z,7.056053,True,True,https://api.fususone.com/api/public/organizations/alpharetta/stats/
alpharetta,totalMaxCameras,previous,2500,2500,0,0.0,0.0,Connect Alpharetta,Alpharetta,GA,2026-09-21T18:49:25Z,2026-09-28T20:10:08Z,7.056053,False,True,https://api.fususone.com/api/public/organizations/alpharetta/stats/
alpharetta,subscribedCameras,previous,0,0,0,,0.0,Connect Alpharetta,Alpharetta,GA,2026-09-21T18:49:25Z,2026-09-28T20:10:08Z,7.056053,True,True,https://api.fususone.com/api/public/organizations/alpharetta/stats/
alsipil,totalRegisteredCameras,previous,737,738,1,0.0013568521031207597,0.9920560065480946,Connect Alsip,Alsip,IL,2026-09-21T18:49:26Z,2026-09-28T20:10:09Z,7.056053,False,True,https://api.fususone.com/api/public/organizations/alsipil/stats/
alsipil,totalIntegratedCameras,previous,977,977,0,0.0,0.0,Connect Alsip,Alsip,IL,2026-09-21T18:49:26Z,2026-09-28T20:10:09Z,7.056053,False,True,https://api.fususone.com/api/public/organizations/alsipil/stats/
alsipil,totalOwnedCameras,previous,930,930,0,0.0,0.0,Connect Alsip,Alsip,IL,2026-09-21T18:49:26Z,2026-09-28T20:10:09Z,7.056053,False,True,https://api.fususone.com/api/public/organizations/alsipil/stats/
alsipil,totalSharedCameras,previous,26,26,0,0.0,0.0,Connect Alsip,Alsip,IL,2026-09-21T18:49:26Z,2026-09-28T20:10:09Z,7.056053,False,True,https://api.fususone.com/api/public/organizations/alsipil/stats/
alsipil,totalMaxCameras,previous,1500,1500,0,0.0,0.0,Connect Alsip,Alsip,IL,2026-09-21T18:49:26Z,2026-09-28T20:10:09Z,7.056053,False,True,https://api.fususone.com/api/public/organizations/alsipil/stats/
alsipil,subscribedCameras,previous,979,979,0,0.0,0.0,Connect Alsip,Alsip,IL,2026-09-21T18:49:26Z,2026-09-28T20:10:09Z,7.056053,False,True,https://api.fususone.com/api/public/organizations/alsipil/stats/
altoonapd,totalRegisteredCameras,previous,347,355,8,0.023054755043227664,7.9364480523847565,Connect Altoona,Altoona,IA,2026-09-21T18:49:27Z,2026-09-28T20:10:10Z,7.056053,False,True,https://api.fususone.com/api/public/organizations/altoonapd/stats/
altoonapd,totalIntegratedCameras,previous,605,605,0,0.0,0.0,Connect Altoona,Altoona,IA,2026-09-21T18:49:27Z,2026-09-28T20:10:10Z,7.056053,False,True,https://api.fususone.com/api/public/organizations/altoonapd/stats/
altoonapd,totalOwnedCameras,previous,605,605,0,0.0,0.0,Connect Altoona,Altoona,IA,2026-09-21T18:49:27Z,2026-09-28T20:10:10Z,7.056053,False,True,https://api.fususone.com/api/public/organizations/altoonapd/stats/
altoonapd,totalSharedCameras,previous,0,0,0,,0.0,Connect Altoona,Altoona,IA,2026-09-21T18:49:27Z,2026-09-28T20:10:10Z,7.056053,True,True,https://api.fususone.com/api/public/organizations/altoonapd/stats/
altoonapd,totalMaxCameras,previous,925,925,0,0.0,0.0,Connect Altoona,Altoona,IA,2026-09-21T18:49:27Z,2026-09-28T20:10:10Z,7.056053,False,True,https://api.fususone.com/api/public/organizations/altoonapd/stats/
altoonapd,subscribedCameras,previous,595,595,0,0.0,0.0,Connect Altoona,Altoona,IA,2026-09-21T18:49:27Z,2026-09-28T20:10:10Z,7.056053,False,True,https://api.fususone.com/api/public/organizations/altoonapd/stats/
amarillopd,totalRegisteredCameras,previous,32,32,0,0.0,0.0,Connect Amarillo,Amarillo,TX,2026-09-21T18:49:29Z,2026-09-28T20:10:11Z,7.056042,False,True,https://api.fususone.com/api/public/organizations/amarillopd/stats/
amarillopd,totalIntegratedCameras,previous,491,491,0,0.0,0.0,Connect Amarillo,Amarillo,TX,2026-09-21T18:49:29Z,2026-09-28T20:10:11Z,7.056042,False,True,https://api.fususone.com/api/public/organizations/amarillopd/stats/
amarillopd,totalOwnedCameras,previous,491,491,0,0.0,0.0,Connect Amarillo,Amarillo,TX,2026-09-21T18:49:29Z,2026-09-28T20:10:11Z,7.056042,False,True,https://api.fususone.com/api/public/organizations/amarillopd/stats/
amarillopd,totalSharedCameras,previous,0,0,0,,0.0,Connect Amarillo,Amarillo,TX,2026-09-21T18:49:29Z,2026-09-28T20:10:11Z,7.056042,True,True,https://api.fususone.com/api/public/organizations/amarillopd/stats/
amarillopd,totalMaxCameras,previous,500,500,0,0.0,0.0,Connect Amarillo,Amarillo,TX,2026-09-21T18:49:29Z,2026-09-28T20:10:11Z,7.056042,False,True,https://api.fususone.com/api/public/organizations/amarillopd/stats/
amarillopd,subscribedCameras,previous,483,483,0,0.0,0.0,Connect Amarillo,Amarillo,TX,2026-09-21T18:49:29Z,2026-09-28T20:10:11Z,7.056042,False,True,https://api.fususone.com/api/public/organizations/amarillopd/stats/
anaheim,totalRegisteredCameras,previous,424,424,0,0.0,0.0,Connect Anaheim,Anaheim,CA,2026-09-21T18:49:30Z,2026-09-28T20:10:12Z,7.056042,False,True,https://api.fususone.com/api/public/organizations/anaheim/stats/
anaheim,totalIntegratedCameras,previous,714,733,19,0.02661064425770308,18.849095042664384,Connect Anaheim,Anaheim,CA,2026-09-21T18:49:30Z,2026-09-28T20:10:12Z,7.056042,False,True,https://api.fususone.com/api/public/organizations/anaheim/stats/
anaheim,totalOwnedCameras,previous,667,686,19,0.02848575712143928,18.849095042664384,Connect Anaheim,Anaheim,CA,2026-09-21T18:49:30Z,2026-09-28T20:10:12Z,7.056042,False,True,https://api.fususone.com/api/public/organizations/anaheim/stats/
anaheim,totalSharedCameras,previous,3,3,0,0.0,0.0,Connect Anaheim,Anaheim,CA,2026-09-21T18:49:30Z,2026-09-28T20:10:12Z,7.056042,False,True,https://api.fususone.com/api/public/organizations/anaheim/stats/
anaheim,totalMaxCameras,previous,1500,1500,0,0.0,0.0,Connect Anaheim,Anaheim,CA,2026-09-21T18:49:30Z,2026-09-28T20:10:12Z,7.056042,False,True,https://api.fususone.com/api/public/organizations/anaheim/stats/
anaheim,subscribedCameras,previous,636,655,19,0.029874213836477988,18.849095042664384,Connect Anaheim,Anaheim,CA,2026-09-21T18:49:30Z,2026-09-28T20:10:12Z,7.056042,False,True,https://api.fususone.com/api/public/organizations/anaheim/stats/
anchoragepdak,totalRegisteredCameras,previous,269,271,2,0.007434944237918215,1.9841152676488825,Safe Anchorage,Anchorage,AK,2026-09-21T18:49:31Z,2026-09-28T20:10:13Z,7.056042,False,True,https://api.fususone.com/api/public/organizations/anchoragepdak/stats/
anchoragepdak,totalIntegratedCameras,previous,41,46,5,0.12195121951219512,4.960288169122206,Safe Anchorage,Anchorage,AK,2026-09-21T18:49:31Z,2026-09-28T20:10:13Z,7.056042,False,True,https://api.fususone.com/api/public/organizations/anchoragepdak/stats/
anchoragepdak,totalOwnedCameras,previous,19,24,5,0.2631578947368421,4.960288169122206,Safe Anchorage,Anchorage,AK,2026-09-21T18:49:31Z,2026-09-28T20:10:13Z,7.056042,False,True,https://api.fususone.com/api/public/organizations/anchoragepdak/stats/
anchoragepdak,totalSharedCameras,previous,22,22,0,0.0,0.0,Safe Anchorage,Anchorage,AK,2026-09-21T18:49:31Z,2026-09-28T20:10:13Z,7.056042,False,True,https://api.fususone.com/api/public/organizations/anchoragepdak/stats/
anchoragepdak,totalMaxCameras,previous,0,0,0,,0.0,Safe Anchorage,Anchorage,AK,2026-09-21T18:49:31Z,2026-09-28T20:10:13Z,7.056042,True,True,https://api.fususone.com/api/public/organizations/anchoragepdak/stats/
anchoragepdak,subscribedCameras,previous,19,24,5,0.2631578947368421,4.960288169122206,Safe Anchorage,Anchorage,AK,2026-09-21T18:49:31Z,2026-09-28T20:10:13Z,7.056042,False,True,https://api.fususone.com/api/public/organizations/anchoragepdak/stats/
anokacountysomn,totalRegisteredCameras,previous,374,374,0,0.0,0.0,Anoka County Real Time Crime Center,Anoka County,MN,2026-09-21T18:49:32Z,2026-09-28T20:10:14Z,7.056042,False,True,https://api.fususone.com/api/public/organizations/anokacountysomn/stats/
anokacountysomn,totalIntegratedCameras,previous,2674,2674,0,0.0,0.0,Anoka County Real Time Crime Center,Anoka County,MN,2026-09-21T18:49:32Z,2026-09-28T20:10:14Z,7.056042,False,True,https://api.fususone.com/api/public/organizations/anokacountysomn/stats/
anokacountysomn,totalOwnedCameras,previous,635,635,0,0.0,0.0,Anoka County Real Time Crime Center,Anoka County,MN,2026-09-21T18:49:32Z,2026-09-28T20:10:14Z,7.056042,False,True,https://api.fususone.com/api/public/organizations/anokacountysomn/stats/
anokacountysomn,totalSharedCameras,previous,1721,1721,0,0.0,0.0,Anoka County Real Time Crime Center,Anoka County,MN,2026-09-21T18:49:32Z,2026-09-28T20:10:14Z,7.056042,False,True,https://api.fususone.com/api/public/organizations/anokacountysomn/stats/
anokacountysomn,totalMaxCameras,previous,500,500,0,0.0,0.0,Anoka County Real Time Crime Center,Anoka County,MN,2026-09-21T18:49:32Z,2026-09-28T20:10:14Z,7.056042,False,True,https://api.fususone.com/api/public/organizations/anokacountysomn/stats/
anokacountysomn,subscribedCameras,previous,634,634,0,0.0,0.0,Anoka County Real Time Crime Center,Anoka County,MN,2026-09-21T18:49:32Z,2026-09-28T20:10:14Z,7.056042,False,True,https://api.fususone.com/api/public/organizations/anokacountysomn/stats/
apachejunctionpdaz,totalRegisteredCameras,previous,0,0,0,,0.0,Connect Apache Junction,Apache Junction,AZ,2026-09-21T18:49:33Z,2026-09-28T20:10:15Z,7.056042,True,True,https://api.fususone.com/api/public/organizations/apachejunctionpdaz/stats/
apachejunctionpdaz,totalIntegratedCameras,previous,199,199,0,0.0,0.0,Connect Apache Junction,Apache Junction,AZ,2026-09-21T18:49:33Z,2026-09-28T20:10:15Z,7.056042,False,True,https://api.fususone.com/api/public/organizations/apachejunctionpdaz/stats/
apachejunctionpdaz,totalOwnedCameras,previous,199,199,0,0.0,0.0,Connect Apache Junction,Apache Junction,AZ,2026-09-21T18:49:33Z,2026-09-28T20:10:15Z,7.056042,False,True,https://api.fususone.com/api/public/organizations/apachejunctionpdaz/stats/
apachejunctionpdaz,totalSharedCameras,previous,0,0,0,,0.0,Connect Apache Junction,Apache Junction,AZ,2026-09-21T18:49:33Z,2026-09-28T20:10:15Z,7.056042,True,True,https://api.fususone.com/api/public/organizations/apachejunctionpdaz/stats/
apachejunctionpdaz,totalMaxCameras,previous,225,225,0,0.0,0.0,Connect Apache Junction,Apache Junction,AZ,2026-09-21T18:49:33Z,2026-09-28T20:10:15Z,7.056042,False,True,https://api.fususone.com/api/public/organizations/apachejunctionpdaz/stats/
apachejunctionpdaz,subscribedCameras,previous,191,191,0,0.0,0.0,Connect Apache Junction,Apache Junction,AZ,2026-09-21T18:49:33Z,2026-09-28T20:10:15Z,7.056042,False,True,https://api.fususone.com/api/public/organizations/apachejunctionpdaz/stats/
apopkapd,totalRegisteredCameras,previous,174,174,0,0.0,0.0,Connect Apopka,Apopka,FL,2026-09-21T18:49:34Z,2026-09-28T20:10:16Z,7.056042,False,True,https://api.fususone.com/api/public/organizations/apopkapd/stats/
apopkapd,totalIntegratedCameras,previous,7852,7852,0,0.0,0.0,Connect Apopka,Apopka,FL,2026-09-21T18:49:34Z,2026-09-28T20:10:16Z,7.056042,False,True,https://api.fususone.com/api/public/organizations/apopkapd/stats/
apopkapd,totalOwnedCameras,previous,224,224,0,0.0,0.0,Connect Apopka,Apopka,FL,2026-09-21T18:49:34Z,2026-09-28T20:10:16Z,7.056042,False,True,https://api.fususone.com/api/public/organizations/apopkapd/stats/
apopkapd,totalSharedCameras,previous,6894,6894,0,0.0,0.0,Connect Apopka,Apopka,FL,2026-09-21T18:49:34Z,2026-09-28T20:10:16Z,7.056042,False,True,https://api.fususone.com/api/public/organizations/apopkapd/stats/
apopkapd,totalMaxCameras,previous,500,500,0,0.0,0.0,Connect Apopka,Apopka,FL,2026-09-21T18:49:34Z,2026-09-28T20:10:16Z,7.056042,False,True,https://api.fususone.com/api/public/organizations/apopkapd/stats/
apopkapd,subscribedCameras,previous,221,221,0,0.0,0.0,Connect Apopka,Apopka,FL,2026-09-21T18:49:34Z,2026-09-28T20:10:16Z,7.056042,False,True,https://api.fususone.com/api/public/organizations/apopkapd/stats/
arlingtonheightspd,totalRegisteredCameras,previous,652,652,0,0.0,0.0,Connect Arlington Heights,Arlington Heights,IL,2026-09-21T18:49:35Z,2026-09-28T20:10:17Z,7.056042,False,True,https://api.fususone.com/api/public/organizations/arlingtonheightspd/stats/
arlingtonheightspd,totalIntegratedCameras,previous,1142,1142,0,0.0,0.0,Connect Arlington Heights,Arlington Heights,IL,2026-09-21T18:49:35Z,2026-09-28T20:10:17Z,7.056042,False,True,https://api.fususone.com/api/public/organizations/arlingtonheightspd/stats/
arlingtonheightspd,totalOwnedCameras,previous,379,379,0,0.0,0.0,Connect Arlington Heights,Arlington Heights,IL,2026-09-21T18:49:35Z,2026-09-28T20:10:17Z,7.056042,False,True,https://api.fususone.com/api/public/organizations/arlingtonheightspd/stats/
arlingtonheightspd,totalSharedCameras,previous,763,763,0,0.0,0.0,Connect Arlington Heights,Arlington Heights,IL,2026-09-21T18:49:35Z,2026-09-28T20:10:17Z,7.056042,False,True,https://api.fususone.com/api/public/organizations/arlingtonheightspd/stats/
arlingtonheightspd,totalMaxCameras,previous,1500,1500,0,0.0,0.0,Connect Arlington Heights,Arlington Heights,IL,2026-09-21T18:49:35Z,2026-09-28T20:10:17Z,7.056042,False,True,https://api.fususone.com/api/public/organizations/arlingtonheightspd/stats/
arlingtonheightspd,subscribedCameras,previous,363,363,0,0.0,0.0,Connect Arlington Heights,Arlington Heights,IL,2026-09-21T18:49:35Z,2026-09-28T20:10:17Z,7.056042,False,True,https://api.fususone.com/api/public/organizations/arlingtonheightspd/stats/
artesianmpd,totalRegisteredCameras,previous,57,57,0,0.0,0.0,Connect Artesia,Artesia,MN,2026-09-21T18:49:36Z,2026-09-28T20:10:18Z,7.056042,False,True,https://api.fususone.com/api/public/organizations/artesianmpd/stats/
artesianmpd,totalIntegratedCameras,previous,209,209,0,0.0,0.0,Connect Artesia,Artesia,MN,2026-09-21T18:49:36Z,2026-09-28T20:10:18Z,7.056042,False,True,https://api.fususone.com/api/public/organizations/artesianmpd/stats/
artesianmpd,totalOwnedCameras,previous,209,209,0,0.0,0.0,Connect Artesia,Artesia,MN,2026-09-21T18:49:36Z,2026-09-28T20:10:18Z,7.056042,False,True,https://api.fususone.com/api/public/organizations/artesianmpd/stats/
artesianmpd,totalSharedCameras,previous,0,0,0,,0.0,Connect Artesia,Artesia,MN,2026-09-21T18:49:36Z,2026-09-28T20:10:18Z,7.056042,True,True,https://api.fususone.com/api/public/organizations/artesianmpd/stats/
artesianmpd,totalMaxCameras,previous,0,0,0,,0.0,Connect Artesia,Artesia,MN,2026-09-21T18:49:36Z,2026-09-28T20:10:18Z,7.056042,True,True,https://api.fususone.com/api/public/organizations/artesianmpd/stats/
artesianmpd,subscribedCameras,previous,207,207,0,0.0,0.0,Connect Artesia,Artesia,MN,2026-09-21T18:49:36Z,2026-09-28T20:10:18Z,7.056042,False,True,https://api.fususone.com/api/public/organizations/artesianmpd/stats/
ashevillepdnc,totalRegisteredCameras,previous,12,16,4,0.3333333333333333,3.968230535297765,Connect Asheville,Asheville,NC,2026-09-21T18:49:37Z,2026-09-28T20:10:19Z,7.056042,False,True,https://api.fususone.com/api/public/organizations/ashevillepdnc/stats/
ashevillepdnc,totalIntegratedCameras,previous,19,344,325,17.105263157894736,322.41873099294344,Connect Asheville,Asheville,NC,2026-09-21T18:49:37Z,2026-09-28T20:10:19Z,7.056042,False,True,https://api.fususone.com/api/public/organizations/ashevillepdnc/stats/
ashevillepdnc,totalOwnedCameras,previous,19,344,325,17.105263157894736,322.41873099294344,Connect Asheville,Asheville,NC,2026-09-21T18:49:37Z,2026-09-28T20:10:19Z,7.056042,False,True,https://api.fususone.com/api/public/organizations/ashevillepdnc/stats/
ashevillepdnc,totalSharedCameras,previous,0,0,0,,0.0,Connect Asheville,Asheville,NC,2026-09-21T18:49:37Z,2026-09-28T20:10:19Z,7.056042,True,True,https://api.fususone.com/api/public/organizations/ashevillepdnc/stats/
ashevillepdnc,totalMaxCameras,previous,500,500,0,0.0,0.0,Connect Asheville,Asheville,NC,2026-09-21T18:49:37Z,2026-09-28T20:10:19Z,7.056042,False,True,https://api.fususone.com/api/public/organizations/ashevillepdnc/stats/
ashevillepdnc,subscribedCameras,previous,7,332,325,46.42857142857143,322.41873099294344,Connect Asheville,Asheville,NC,2026-09-21T18:49:37Z,2026-09-28T20:10:19Z,7.056042,False,True,https://api.fususone.com/api/public/organizations/ashevillepdnc/stats/
ashlandpdal,totalRegisteredCameras,previous,8,8,0,0.0,0.0,Connect Ashland,Ashland,AL,2026-09-21T18:49:38Z,2026-09-28T20:10:20Z,7.056042,False,True,https://api.fususone.com/api/public/organizations/ashlandpdal/stats/
ashlandpdal,totalIntegratedCameras,previous,673,673,0,0.0,0.0,Connect Ashland,Ashland,AL,2026-09-21T18:49:38Z,2026-09-28T20:10:20Z,7.056042,False,True,https://api.fususone.com/api/public/organizations/ashlandpdal/stats/
ashlandpdal,totalOwnedCameras,previous,49,49,0,0.0,0.0,Connect Ashland,Ashland,AL,2026-09-21T18:49:38Z,2026-09-28T20:10:20Z,7.056042,False,True,https://api.fususone.com/api/public/organizations/ashlandpdal/stats/
ashlandpdal,totalSharedCameras,previous,624,624,0,0.0,0.0,Connect Ashland,Ashland,AL,2026-09-21T18:49:38Z,2026-09-28T20:10:20Z,7.056042,False,True,https://api.fususone.com/api/public/organizations/ashlandpdal/stats/
ashlandpdal,totalMaxCameras,previous,125,125,0,0.0,0.0,Connect Ashland,Ashland,AL,2026-09-21T18:49:38Z,2026-09-28T20:10:20Z,7.056042,False,True,https://api.fususone.com/api/public/organizations/ashlandpdal/stats/
ashlandpdal,subscribedCameras,previous,49,49,0,0.0,0.0,Connect Ashland,Ashland,AL,2026-09-21T18:49:38Z,2026-09-28T20:10:20Z,7.056042,False,True,https://api.fususone.com/api/public/organizations/ashlandpdal/stats/
auroragov,totalRegisteredCameras,previous,55,55,0,0.0,0.0,Connect Aurora,Aurora,CO,2026-09-21T18:49:39Z,2026-09-28T20:10:21Z,7.056042,False,True,https://api.fususone.com/api/public/organizations/auroragov/stats/
auroragov,totalIntegratedCameras,previous,934,935,1,0.0010706638115631692,0.9920576338244412,Connect Aurora,Aurora,CO,2026-09-21T18:49:39Z,2026-09-28T20:10:21Z,7.056042,False,True,https://api.fususone.com/api/public/organizations/auroragov/stats/
auroragov,totalOwnedCameras,previous,934,935,1,0.0010706638115631692,0.9920576338244412,Connect Aurora,Aurora,CO,2026-09-21T18:49:39Z,2026-09-28T20:10:21Z,7.056042,False,True,https://api.fususone.com/api/public/organizations/auroragov/stats/
auroragov,totalSharedCameras,previous,0,0,0,,0.0,Connect Aurora,Aurora,CO,2026-09-21T18:49:39Z,2026-09-28T20:10:21Z,7.056042,True,True,https://api.fususone.com/api/public/organizations/auroragov/stats/
auroragov,totalMaxCameras,previous,10000,10000,0,0.0,0.0,Connect Aurora,Aurora,CO,2026-09-21T18:49:39Z,2026-09-28T20:10:21Z,7.056042,False,True,https://api.fususone.com/api/public/organizations/auroragov/stats/
auroragov,subscribedCameras,previous,934,935,1,0.0010706638115631692,0.9920576338244412,Connect Aurora,Aurora,CO,2026-09-21T18:49:39Z,2026-09-28T20:10:21Z,7.056042,False,True,https://api.fususone.com/api/public/organizations/auroragov/stats/
baltimorecountypd,totalRegisteredCameras,previous,4,4,0,0.0,0.0,Connect Baltimore County,Baltimore County,MD,2026-09-21T18:49:40Z,2026-09-28T20:10:22Z,7.056042,False,True,https://api.fususone.com/api/public/organizations/baltimorecountypd/stats/
baltimorecountypd,totalIntegratedCameras,previous,592,616,24,0.04054054054054054,23.809383211786592,Connect Baltimore County,Baltimore County,MD,2026-09-21T18:49:40Z,2026-09-28T20:10:22Z,7.056042,False,True,https://api.fususone.com/api/public/organizations/baltimorecountypd/stats/
baltimorecountypd,totalOwnedCameras,previous,531,556,25,0.047080979284369114,24.801440845611033,Connect Baltimore County,Baltimore County,MD,2026-09-21T18:49:40Z,2026-09-28T20:10:22Z,7.056042,False,True,https://api.fususone.com/api/public/organizations/baltimorecountypd/stats/
baltimorecountypd,totalSharedCameras,previous,61,60,-1,-0.01639344262295082,-0.9920576338244412,Connect Baltimore County,Baltimore County,MD,2026-09-21T18:49:40Z,2026-09-28T20:10:22Z,7.056042,False,True,https://api.fususone.com/api/public/organizations/baltimorecountypd/stats/
baltimorecountypd,totalMaxCameras,previous,5000,5000,0,0.0,0.0,Connect Baltimore County,Baltimore County,MD,2026-09-21T18:49:40Z,2026-09-28T20:10:22Z,7.056042,False,True,https://api.fususone.com/api/public/organizations/baltimorecountypd/stats/
baltimorecountypd,subscribedCameras,previous,500,525,25,0.05,24.801440845611033,Connect Baltimore County,Baltimore County,MD,2026-09-21T18:49:40Z,2026-09-28T20:10:22Z,7.056042,False,True,https://api.fususone.com/api/public/organizations/baltimorecountypd/stats/
bartowfl,totalRegisteredCameras,previous,0,0,0,,0.0,Connect Bartow,Bartow,FL,2026-09-21T18:49:41Z,2026-09-28T20:10:23Z,7.056042,True,True,https://api.fususone.com/api/public/organizations/bartowfl/stats/
bartowfl,totalIntegratedCameras,previous,34,34,0,0.0,0.0,Connect Bartow,Bartow,FL,2026-09-21T18:49:41Z,2026-09-28T20:10:23Z,7.056042,False,True,https://api.fususone.com/api/public/organizations/bartowfl/stats/
bartowfl,totalOwnedCameras,previous,34,34,0,0.0,0.0,Connect Bartow,Bartow,FL,2026-09-21T18:49:41Z,2026-09-28T20:10:23Z,7.056042,False,True,https://api.fususone.com/api/public/organizations/bartowfl/stats/
bartowfl,totalSharedCameras,previous,0,0,0,,0.0,Connect Bartow,Bartow,FL,2026-09-21T18:49:41Z,2026-09-28T20:10:23Z,7.056042,True,True,https://api.fususone.com/api/public/organizations/bartowfl/stats/
bartowfl,totalMaxCameras,previous,0,0,0,,0.0,Connect Bartow,Bartow,FL,2026-09-21T18:49:41Z,2026-09-28T20:10:23Z,7.056042,True,True,https://api.fususone.com/api/public/organizations/bartowfl/stats/
bartowfl,subscribedCameras,previous,32,32,0,0.0,0.0,Connect Bartow,Bartow,FL,2026-09-21T18:49:41Z,2026-09-28T20:10:23Z,7.056042,False,True,https://api.fususone.com/api/public/organizations/bartowfl/stats/
baycounty,totalRegisteredCameras,previous,1709,1713,4,0.0023405500292568754,3.968230535297765,Connect Bay County,Bay County,FL,2026-09-21T18:49:42Z,2026-09-28T20:10:24Z,7.056042,False,True,https://api.fususone.com/api/public/organizations/baycounty/stats/
baycounty,totalIntegratedCameras,previous,1510,1515,5,0.0033112582781456954,4.960288169122206,Connect Bay County,Bay County,FL,2026-09-21T18:49:42Z,2026-09-28T20:10:24Z,7.056042,False,True,https://api.fususone.com/api/public/organizations/baycounty/stats/
baycounty,totalOwnedCameras,previous,1156,1161,5,0.004325259515570935,4.960288169122206,Connect Bay County,Bay County,FL,2026-09-21T18:49:42Z,2026-09-28T20:10:24Z,7.056042,False,True,https://api.fususone.com/api/public/organizations/baycounty/stats/
baycounty,totalSharedCameras,previous,289,289,0,0.0,0.0,Connect Bay County,Bay County,FL,2026-09-21T18:49:42Z,2026-09-28T20:10:24Z,7.056042,False,True,https://api.fususone.com/api/public/organizations/baycounty/stats/
baycounty,totalMaxCameras,previous,1500,1500,0,0.0,0.0,Connect Bay County,Bay County,FL,2026-09-21T18:49:42Z,2026-09-28T20:10:24Z,7.056042,False,True,https://api.fususone.com/api/public/organizations/baycounty/stats/
baycounty,subscribedCameras,previous,1128,1128,0,0.0,0.0,Connect Bay County,Bay County,FL,2026-09-21T18:49:42Z,2026-09-28T20:10:24Z,7.056042,False,True,https://api.fususone.com/api/public/organizations/baycounty/stats/
beaumonttx,totalRegisteredCameras,previous,4043,4049,6,0.0014840465001236705,5.952345802946648,Connect Southeast Texas,Southeast Texas,TX,2026-09-21T18:49:43Z,2026-09-28T20:10:25Z,7.056042,False,True,https://api.fususone.com/api/public/organizations/beaumonttx/stats/
beaumonttx,totalIntegratedCameras,previous,3793,3795,2,0.0005272871078302136,1.9841152676488825,Connect Southeast Texas,Southeast Texas,TX,2026-09-21T18:49:43Z,2026-09-28T20:10:25Z,7.056042,False,True,https://api.fususone.com/api/public/organizations/beaumonttx/stats/
beaumonttx,totalOwnedCameras,previous,1529,1531,2,0.0013080444735120995,1.9841152676488825,Connect Southeast Texas,Southeast Texas,TX,2026-09-21T18:49:43Z,2026-09-28T20:10:25Z,7.056042,False,True,https://api.fususone.com/api/public/organizations/beaumonttx/stats/
beaumonttx,totalSharedCameras,previous,2094,2094,0,0.0,0.0,Connect Southeast Texas,Southeast Texas,TX,2026-09-21T18:49:43Z,2026-09-28T20:10:25Z,7.056042,False,True,https://api.fususone.com/api/public/organizations/beaumonttx/stats/
beaumonttx,totalMaxCameras,previous,4500,4500,0,0.0,0.0,Connect Southeast Texas,Southeast Texas,TX,2026-09-21T18:49:43Z,2026-09-28T20:10:25Z,7.056042,False,True,https://api.fususone.com/api/public/organizations/beaumonttx/stats/
beaumonttx,subscribedCameras,previous,755,757,2,0.0026490066225165563,1.9841152676488825,Connect Southeast Texas,Southeast Texas,TX,2026-09-21T18:49:43Z,2026-09-28T20:10:25Z,7.056042,False,True,https://api.fususone.com/api/public/organizations/beaumonttx/stats/
bedfordparkpd,totalRegisteredCameras,previous,126,126,0,0.0,0.0,Connect Bedford Park,Bedford Park,IL,2026-09-21T18:49:44Z,2026-09-28T20:10:26Z,7.056042,False,True,https://api.fususone.com/api/public/organizations/bedfordparkpd/stats/
bedfordparkpd,totalIntegratedCameras,previous,282,282,0,0.0,0.0,Connect Bedford Park,Bedford Park,IL,2026-09-21T18:49:44Z,2026-09-28T20:10:26Z,7.056042,False,True,https://api.fususone.com/api/public/organizations/bedfordparkpd/stats/
bedfordparkpd,totalOwnedCameras,previous,217,217,0,0.0,0.0,Connect Bedford Park,Bedford Park,IL,2026-09-21T18:49:44Z,2026-09-28T20:10:26Z,7.056042,False,True,https://api.fususone.com/api/public/organizations/bedfordparkpd/stats/
bedfordparkpd,totalSharedCameras,previous,3,3,0,0.0,0.0,Connect Bedford Park,Bedford Park,IL,2026-09-21T18:49:44Z,2026-09-28T20:10:26Z,7.056042,False,True,https://api.fususone.com/api/public/organizations/bedfordparkpd/stats/
bedfordparkpd,totalMaxCameras,previous,500,500,0,0.0,0.0,Connect Bedford Park,Bedford Park,IL,2026-09-21T18:49:44Z,2026-09-28T20:10:26Z,7.056042,False,True,https://api.fususone.com/api/public/organizations/bedfordparkpd/stats/
bedfordparkpd,subscribedCameras,previous,200,200,0,0.0,0.0,Connect Bedford Park,Bedford Park,IL,2026-09-21T18:49:44Z,2026-09-28T20:10:26Z,7.056042,False,True,https://api.fususone.com/api/public/organizations/bedfordparkpd/stats/
bendpd,totalRegisteredCameras,previous,774,775,1,0.0012919896640826874,0.9920576338244412,Connect Bend,Bend,OR,2026-09-21T18:49:45Z,2026-09-28T20:10:27Z,7.056042,False,True,https://api.fususone.com/api/public/organizations/bendpd/stats/
bendpd,totalIntegratedCameras,previous,322,322,0,0.0,0.0,Connect Bend,Bend,OR,2026-09-21T18:49:45Z,2026-09-28T20:10:27Z,7.056042,False,True,https://api.fususone.com/api/public/organizations/bendpd/stats/
bendpd,totalOwnedCameras,previous,254,254,0,0.0,0.0,Connect Bend,Bend,OR,2026-09-21T18:49:45Z,2026-09-28T20:10:27Z,7.056042,False,True,https://api.fususone.com/api/public/organizations/bendpd/stats/
bendpd,totalSharedCameras,previous,68,68,0,0.0,0.0,Connect Bend,Bend,OR,2026-09-21T18:49:45Z,2026-09-28T20:10:27Z,7.056042,False,True,https://api.fususone.com/api/public/organizations/bendpd/stats/
bendpd,totalMaxCameras,previous,150,150,0,0.0,0.0,Connect Bend,Bend,OR,2026-09-21T18:49:45Z,2026-09-28T20:10:27Z,7.056042,False,True,https://api.fususone.com/api/public/organizations/bendpd/stats/
bendpd,subscribedCameras,previous,210,210,0,0.0,0.0,Connect Bend,Bend,OR,2026-09-21T18:49:45Z,2026-09-28T20:10:27Z,7.056042,False,True,https://api.fususone.com/api/public/organizations/bendpd/stats/
bensalem,totalRegisteredCameras,previous,1174,1174,0,0.0,0.0,Connect Bensalem,Bensalem,PA,2026-09-21T18:49:46Z,2026-09-28T20:10:28Z,7.056042,False,True,https://api.fususone.com/api/public/organizations/bensalem/stats/
bensalem,totalIntegratedCameras,previous,1006,1006,0,0.0,0.0,Connect Bensalem,Bensalem,PA,2026-09-21T18:49:46Z,2026-09-28T20:10:28Z,7.056042,False,True,https://api.fususone.com/api/public/organizations/bensalem/stats/
bensalem,totalOwnedCameras,previous,990,990,0,0.0,0.0,Connect Bensalem,Bensalem,PA,2026-09-21T18:49:46Z,2026-09-28T20:10:28Z,7.056042,False,True,https://api.fususone.com/api/public/organizations/bensalem/stats/
bensalem,totalSharedCameras,previous,16,16,0,0.0,0.0,Connect Bensalem,Bensalem,PA,2026-09-21T18:49:46Z,2026-09-28T20:10:28Z,7.056042,False,True,https://api.fususone.com/api/public/organizations/bensalem/stats/
bensalem,totalMaxCameras,previous,1500,1500,0,0.0,0.0,Connect Bensalem,Bensalem,PA,2026-09-21T18:49:46Z,2026-09-28T20:10:28Z,7.056042,False,True,https://api.fususone.com/api/public/organizations/bensalem/stats/
bensalem,subscribedCameras,previous,978,978,0,0.0,0.0,Connect Bensalem,Bensalem,PA,2026-09-21T18:49:46Z,2026-09-28T20:10:28Z,7.056042,False,True,https://api.fususone.com/api/public/organizations/bensalem/stats/
bernalillo,totalRegisteredCameras,previous,216,216,0,0.0,0.0,Connect Bernalillo County,Bernalillo County,NM,2026-09-21T18:49:47Z,2026-09-28T20:10:29Z,7.056042,False,True,https://api.fususone.com/api/public/organizations/bernalillo/stats/
bernalillo,totalIntegratedCameras,previous,453,453,0,0.0,0.0,Connect Bernalillo County,Bernalillo County,NM,2026-09-21T18:49:47Z,2026-09-28T20:10:29Z,7.056042,False,True,https://api.fususone.com/api/public/organizations/bernalillo/stats/
bernalillo,totalOwnedCameras,previous,373,373,0,0.0,0.0,Connect Bernalillo County,Bernalillo County,NM,2026-09-21T18:49:47Z,2026-09-28T20:10:29Z,7.056042,False,True,https://api.fususone.com/api/public/organizations/bernalillo/stats/
bernalillo,totalSharedCameras,previous,80,80,0,0.0,0.0,Connect Bernalillo County,Bernalillo County,NM,2026-09-21T18:49:47Z,2026-09-28T20:10:29Z,7.056042,False,True,https://api.fususone.com/api/public/organizations/bernalillo/stats/
bernalillo,totalMaxCameras,previous,500,500,0,0.0,0.0,Connect Bernalillo County,Bernalillo County,NM,2026-09-21T18:49:47Z,2026-09-28T20:10:29Z,7.056042,False,True,https://api.fususone.com/api/public/organizations/bernalillo/stats/
bernalillo,subscribedCameras,previous,293,293,0,0.0,0.0,Connect Bernalillo County,Bernalillo County,NM,2026-09-21T18:49:47Z,2026-09-28T20:10:29Z,7.056042,False,True,https://api.fususone.com/api/public/organizations/bernalillo/stats/
beverlyhillspd,totalRegisteredCameras,previous,520,520,0,0.0,0.0,Beverly Hills Connect,Beverly Hills,CA,2026-09-21T18:49:48Z,2026-09-28T20:10:30Z,7.056042,False,True,https://api.fususone.com/api/public/organizations/beverlyhillspd/stats/
beverlyhillspd,totalIntegratedCameras,previous,1883,1883,0,0.0,0.0,Beverly Hills Connect,Beverly Hills,CA,2026-09-21T18:49:48Z,2026-09-28T20:10:30Z,7.056042,False,True,https://api.fususone.com/api/public/organizations/beverlyhillspd/stats/
beverlyhillspd,totalOwnedCameras,previous,1782,1782,0,0.0,0.0,Beverly Hills Connect,Beverly Hills,CA,2026-09-21T18:49:48Z,2026-09-28T20:10:30Z,7.056042,False,True,https://api.fususone.com/api/public/organizations/beverlyhillspd/stats/
beverlyhillspd,totalSharedCameras,previous,101,101,0,0.0,0.0,Beverly Hills Connect,Beverly Hills,CA,2026-09-21T18:49:48Z,2026-09-28T20:10:30Z,7.056042,False,True,https://api.fususone.com/api/public/organizations/beverlyhillspd/stats/
beverlyhillspd,totalMaxCameras,previous,1750,1750,0,0.0,0.0,Beverly Hills Connect,Beverly Hills,CA,2026-09-21T18:49:48Z,2026-09-28T20:10:30Z,7.056042,False,True,https://api.fususone.com/api/public/organizations/beverlyhillspd/stats/
beverlyhillspd,subscribedCameras,previous,1776,1776,0,0.0,0.0,Beverly Hills Connect,Beverly Hills,CA,2026-09-21T18:49:48Z,2026-09-28T20:10:30Z,7.056042,False,True,https://api.fususone.com/api/public/organizations/beverlyhillspd/stats/
biloxi,totalRegisteredCameras,previous,157,157,0,0.0,0.0,Connect Biloxi,Biloxi,MS,2026-09-21T18:49:49Z,2026-09-28T20:10:31Z,7.056042,False,True,https://api.fususone.com/api/public/organizations/biloxi/stats/
biloxi,totalIntegratedCameras,previous,846,846,0,0.0,0.0,Connect Biloxi,Biloxi,MS,2026-09-21T18:49:49Z,2026-09-28T20:10:31Z,7.056042,False,True,https://api.fususone.com/api/public/organizations/biloxi/stats/
biloxi,totalOwnedCameras,previous,423,423,0,0.0,0.0,Connect Biloxi,Biloxi,MS,2026-09-21T18:49:49Z,2026-09-28T20:10:31Z,7.056042,False,True,https://api.fususone.com/api/public/organizations/biloxi/stats/
biloxi,totalSharedCameras,previous,373,373,0,0.0,0.0,Connect Biloxi,Biloxi,MS,2026-09-21T18:49:49Z,2026-09-28T20:10:31Z,7.056042,False,True,https://api.fususone.com/api/public/organizations/biloxi/stats/
biloxi,totalMaxCameras,previous,1000,1000,0,0.0,0.0,Connect Biloxi,Biloxi,MS,2026-09-21T18:49:49Z,2026-09-28T20:10:31Z,7.056042,False,True,https://api.fususone.com/api/public/organizations/biloxi/stats/
biloxi,subscribedCameras,previous,416,416,0,0.0,0.0,Connect Biloxi,Biloxi,MS,2026-09-21T18:49:49Z,2026-09-28T20:10:31Z,7.056042,False,True,https://api.fususone.com/api/public/organizations/biloxi/stats/
birminghampd,totalRegisteredCameras,previous,773,793,20,0.0258732212160414,19.841152676488825,Connect Birmingham,Birmingham,AL,2026-09-21T18:49:50Z,2026-09-28T20:10:32Z,7.056042,False,True,https://api.fususone.com/api/public/organizations/birminghampd/stats/
birminghampd,totalIntegratedCameras,previous,948,951,3,0.0031645569620253164,2.976172901473324,Connect Birmingham,Birmingham,AL,2026-09-21T18:49:50Z,2026-09-28T20:10:32Z,7.056042,False,True,https://api.fususone.com/api/public/organizations/birminghampd/stats/
birminghampd,totalOwnedCameras,previous,280,280,0,0.0,0.0,Connect Birmingham,Birmingham,AL,2026-09-21T18:49:50Z,2026-09-28T20:10:32Z,7.056042,False,True,https://api.fususone.com/api/public/organizations/birminghampd/stats/
birminghampd,totalSharedCameras,previous,212,212,0,0.0,0.0,Connect Birmingham,Birmingham,AL,2026-09-21T18:49:50Z,2026-09-28T20:10:32Z,7.056042,False,True,https://api.fususone.com/api/public/organizations/birminghampd/stats/
birminghampd,totalMaxCameras,previous,10000,10000,0,0.0,0.0,Connect Birmingham,Birmingham,AL,2026-09-21T18:49:50Z,2026-09-28T20:10:32Z,7.056042,False,True,https://api.fususone.com/api/public/organizations/birminghampd/stats/
birminghampd,subscribedCameras,previous,237,237,0,0.0,0.0,Connect Birmingham,Birmingham,AL,2026-09-21T18:49:50Z,2026-09-28T20:10:32Z,7.056042,False,True,https://api.fususone.com/api/public/organizations/birminghampd/stats/
blackmanleonitwp,totalRegisteredCameras,previous,1,1,0,0.0,0.0,Connect Blackman Leoni Township,Blackman Leoni Township,MI,2026-09-21T18:49:51Z,2026-09-28T20:10:33Z,7.056042,False,True,https://api.fususone.com/api/public/organizations/blackmanleonitwp/stats/
blackmanleonitwp,totalIntegratedCameras,previous,3,3,0,0.0,0.0,Connect Blackman Leoni Township,Blackman Leoni Township,MI,2026-09-21T18:49:51Z,2026-09-28T20:10:33Z,7.056042,False,True,https://api.fususone.com/api/public/organizations/blackmanleonitwp/stats/
blackmanleonitwp,totalOwnedCameras,previous,3,3,0,0.0,0.0,Connect Blackman Leoni Township,Blackman Leoni Township,MI,2026-09-21T18:49:51Z,2026-09-28T20:10:33Z,7.056042,False,True,https://api.fususone.com/api/public/organizations/blackmanleonitwp/stats/
blackmanleonitwp,totalSharedCameras,previous,0,0,0,,0.0,Connect Blackman Leoni Township,Blackman Leoni Township,MI,2026-09-21T18:49:51Z,2026-09-28T20:10:33Z,7.056042,True,True,https://api.fususone.com/api/public/organizations/blackmanleonitwp/stats/
blackmanleonitwp,totalMaxCameras,previous,0,0,0,,0.0,Connect Blackman Leoni Township,Blackman Leoni Township,MI,2026-09-21T18:49:51Z,2026-09-28T20:10:33Z,7.056042,True,True,https://api.fususone.com/api/public/organizations/blackmanleonitwp/stats/
blackmanleonitwp,subscribedCameras,previous,3,3,0,0.0,0.0,Connect Blackman Leoni Township,Blackman Leoni Township,MI,2026-09-21T18:49:51Z,2026-09-28T20:10:33Z,7.056042,False,True,https://api.fususone.com/api/public/organizations/blackmanleonitwp/stats/
bocaratonpdfl,totalRegisteredCameras,previous,5,5,0,0.0,0.0,Connect BRPD,Boca Raton,FL,2026-09-21T18:49:52Z,2026-09-28T20:10:34Z,7.056042,False,True,https://api.fususone.com/api/public/organizations/bocaratonpdfl/stats/
bocaratonpdfl,totalIntegratedCameras,previous,911,911,0,0.0,0.0,Connect BRPD,Boca Raton,FL,2026-09-21T18:49:52Z,2026-09-28T20:10:34Z,7.056042,False,True,https://api.fususone.com/api/public/organizations/bocaratonpdfl/stats/
bocaratonpdfl,totalOwnedCameras,previous,677,677,0,0.0,0.0,Connect BRPD,Boca Raton,FL,2026-09-21T18:49:52Z,2026-09-28T20:10:34Z,7.056042,False,True,https://api.fususone.com/api/public/organizations/bocaratonpdfl/stats/
bocaratonpdfl,totalSharedCameras,previous,8,8,0,0.0,0.0,Connect BRPD,Boca Raton,FL,2026-09-21T18:49:52Z,2026-09-28T20:10:34Z,7.056042,False,True,https://api.fususone.com/api/public/organizations/bocaratonpdfl/stats/
bocaratonpdfl,totalMaxCameras,previous,0,0,0,,0.0,Connect BRPD,Boca Raton,FL,2026-09-21T18:49:52Z,2026-09-28T20:10:34Z,7.056042,True,True,https://api.fususone.com/api/public/organizations/bocaratonpdfl/stats/
bocaratonpdfl,subscribedCameras,previous,654,654,0,0.0,0.0,Connect BRPD,Boca Raton,FL,2026-09-21T18:49:52Z,2026-09-28T20:10:34Z,7.056042,False,True,https://api.fususone.com/api/public/organizations/bocaratonpdfl/stats/
boernepdtx,totalRegisteredCameras,previous,0,0,0,,0.0,Connect Boerne,Boerne,TX,2026-09-21T18:49:53Z,2026-09-28T20:10:35Z,7.056042,True,True,https://api.fususone.com/api/public/organizations/boernepdtx/stats/
boernepdtx,totalIntegratedCameras,previous,77,77,0,0.0,0.0,Connect Boerne,Boerne,TX,2026-09-21T18:49:53Z,2026-09-28T20:10:35Z,7.056042,False,True,https://api.fususone.com/api/public/organizations/boernepdtx/stats/
boernepdtx,totalOwnedCameras,previous,77,77,0,0.0,0.0,Connect Boerne,Boerne,TX,2026-09-21T18:49:53Z,2026-09-28T20:10:35Z,7.056042,False,True,https://api.fususone.com/api/public/organizations/boernepdtx/stats/
boernepdtx,totalSharedCameras,previous,0,0,0,,0.0,Connect Boerne,Boerne,TX,2026-09-21T18:49:53Z,2026-09-28T20:10:35Z,7.056042,True,True,https://api.fususone.com/api/public/organizations/boernepdtx/stats/
boernepdtx,totalMaxCameras,previous,0,0,0,,0.0,Connect Boerne,Boerne,TX,2026-09-21T18:49:53Z,2026-09-28T20:10:35Z,7.056042,True,True,https://api.fususone.com/api/public/organizations/boernepdtx/stats/
boernepdtx,subscribedCameras,previous,77,77,0,0.0,0.0,Connect Boerne,Boerne,TX,2026-09-21T18:49:53Z,2026-09-28T20:10:35Z,7.056042,False,True,https://api.fususone.com/api/public/organizations/boernepdtx/stats/
boulderpdco,totalRegisteredCameras,previous,0,0,0,,0.0,Boulder Community Connect,Boulder,CO,2026-09-21T18:49:54Z,2026-09-28T20:10:36Z,7.056042,True,True,https://api.fususone.com/api/public/organizations/boulderpdco/stats/
boulderpdco,totalIntegratedCameras,previous,161,161,0,0.0,0.0,Boulder Community Connect,Boulder,CO,2026-09-21T18:49:54Z,2026-09-28T20:10:36Z,7.056042,False,True,https://api.fususone.com/api/public/organizations/boulderpdco/stats/
boulderpdco,totalOwnedCameras,previous,161,161,0,0.0,0.0,Boulder Community Connect,Boulder,CO,2026-09-21T18:49:54Z,2026-09-28T20:10:36Z,7.056042,False,True,https://api.fususone.com/api/public/organizations/boulderpdco/stats/
boulderpdco,totalSharedCameras,previous,0,0,0,,0.0,Boulder Community Connect,Boulder,CO,2026-09-21T18:49:54Z,2026-09-28T20:10:36Z,7.056042,True,True,https://api.fususone.com/api/public/organizations/boulderpdco/stats/
boulderpdco,totalMaxCameras,previous,0,0,0,,0.0,Boulder Community Connect,Boulder,CO,2026-09-21T18:49:54Z,2026-09-28T20:10:36Z,7.056042,True,True,https://api.fususone.com/api/public/organizations/boulderpdco/stats/
boulderpdco,subscribedCameras,previous,108,108,0,0.0,0.0,Boulder Community Connect,Boulder,CO,2026-09-21T18:49:54Z,2026-09-28T20:10:36Z,7.056042,False,True,https://api.fususone.com/api/public/organizations/boulderpdco/stats/
bradentonfl,totalRegisteredCameras,previous,319,319,0,0.0,0.0,Connect Bradenton,Bradenton,FL,2026-09-21T18:49:55Z,2026-09-28T20:10:37Z,7.056042,False,True,https://api.fususone.com/api/public/organizations/bradentonfl/stats/
bradentonfl,totalIntegratedCameras,previous,3160,3160,0,0.0,0.0,Connect Bradenton,Bradenton,FL,2026-09-21T18:49:55Z,2026-09-28T20:10:37Z,7.056042,False,True,https://api.fususone.com/api/public/organizations/bradentonfl/stats/
bradentonfl,totalOwnedCameras,previous,269,269,0,0.0,0.0,Connect Bradenton,Bradenton,FL,2026-09-21T18:49:55Z,2026-09-28T20:10:37Z,7.056042,False,True,https://api.fususone.com/api/public/organizations/bradentonfl/stats/
bradentonfl,totalSharedCameras,previous,2891,2891,0,0.0,0.0,Connect Bradenton,Bradenton,FL,2026-09-21T18:49:55Z,2026-09-28T20:10:37Z,7.056042,False,True,https://api.fususone.com/api/public/organizations/bradentonfl/stats/
bradentonfl,totalMaxCameras,previous,1500,1500,0,0.0,0.0,Connect Bradenton,Bradenton,FL,2026-09-21T18:49:55Z,2026-09-28T20:10:37Z,7.056042,False,True,https://api.fususone.com/api/public/organizations/bradentonfl/stats/
bradentonfl,subscribedCameras,previous,258,258,0,0.0,0.0,Connect Bradenton,Bradenton,FL,2026-09-21T18:49:55Z,2026-09-28T20:10:37Z,7.056042,False,True,https://api.fususone.com/api/public/organizations/bradentonfl/stats/
brazostx,totalRegisteredCameras,previous,155,155,0,0.0,0.0,Connect Brazos County,Brazos County,TX,2026-09-21T18:49:56Z,2026-09-28T20:10:38Z,7.056042,False,True,https://api.fususone.com/api/public/organizations/brazostx/stats/
brazostx,totalIntegratedCameras,previous,197,197,0,0.0,0.0,Connect Brazos County,Brazos County,TX,2026-09-21T18:49:56Z,2026-09-28T20:10:38Z,7.056042,False,True,https://api.fususone.com/api/public/organizations/brazostx/stats/
brazostx,totalOwnedCameras,previous,176,176,0,0.0,0.0,Connect Brazos County,Brazos County,TX,2026-09-21T18:49:56Z,2026-09-28T20:10:38Z,7.056042,False,True,https://api.fususone.com/api/public/organizations/brazostx/stats/
brazostx,totalSharedCameras,previous,0,0,0,,0.0,Connect Brazos County,Brazos County,TX,2026-09-21T18:49:56Z,2026-09-28T20:10:38Z,7.056042,True,True,https://api.fususone.com/api/public/organizations/brazostx/stats/
brazostx,totalMaxCameras,previous,1500,1500,0,0.0,0.0,Connect Brazos County,Brazos County,TX,2026-09-21T18:49:56Z,2026-09-28T20:10:38Z,7.056042,False,True,https://api.fususone.com/api/public/organizations/brazostx/stats/
brazostx,subscribedCameras,previous,158,158,0,0.0,0.0,Connect Brazos County,Brazos County,TX,2026-09-21T18:49:56Z,2026-09-28T20:10:38Z,7.056042,False,True,https://api.fususone.com/api/public/organizations/brazostx/stats/
brooklynparkpdmn,totalRegisteredCameras,previous,503,503,0,0.0,0.0,Brooklyn Park Community Cameras,Brooklyn Park,MN,2026-09-21T18:49:57Z,2026-09-28T20:10:39Z,7.056042,False,True,https://api.fususone.com/api/public/organizations/brooklynparkpdmn/stats/
brooklynparkpdmn,totalIntegratedCameras,previous,240,2114,1874,7.808333333333334,1859.116005787003,Brooklyn Park Community Cameras,Brooklyn Park,MN,2026-09-21T18:49:57Z,2026-09-28T20:10:39Z,7.056042,False,True,https://api.fususone.com/api/public/organizations/brooklynparkpdmn/stats/
brooklynparkpdmn,totalOwnedCameras,previous,229,229,0,0.0,0.0,Brooklyn Park Community Cameras,Brooklyn Park,MN,2026-09-21T18:49:57Z,2026-09-28T20:10:39Z,7.056042,False,True,https://api.fususone.com/api/public/organizations/brooklynparkpdmn/stats/
brooklynparkpdmn,totalSharedCameras,previous,0,1874,1874,,1859.116005787003,Brooklyn Park Community Cameras,Brooklyn Park,MN,2026-09-21T18:49:57Z,2026-09-28T20:10:39Z,7.056042,True,True,https://api.fususone.com/api/public/organizations/brooklynparkpdmn/stats/
brooklynparkpdmn,totalMaxCameras,previous,0,0,0,,0.0,Brooklyn Park Community Cameras,Brooklyn Park,MN,2026-09-21T18:49:57Z,2026-09-28T20:10:39Z,7.056042,True,True,https://api.fususone.com/api/public/organizations/brooklynparkpdmn/stats/
brooklynparkpdmn,subscribedCameras,previous,205,205,0,0.0,0.0,Brooklyn Park Community Cameras,Brooklyn Park,MN,2026-09-21T18:49:57Z,2026-09-28T20:10:39Z,7.056042,False,True,https://api.fususone.com/api/public/organizations/brooklynparkpdmn/stats/
brownsvillepd,totalRegisteredCameras,previous,664,664,0,0.0,0.0,Connect Brownsville,Brownsville,TX,2026-09-21T18:49:58Z,2026-09-28T20:10:40Z,7.056042,False,True,https://api.fususone.com/api/public/organizations/brownsvillepd/stats/
brownsvillepd,totalIntegratedCameras,previous,219,219,0,0.0,0.0,Connect Brownsville,Brownsville,TX,2026-09-21T18:49:58Z,2026-09-28T20:10:40Z,7.056042,False,True,https://api.fususone.com/api/public/organizations/brownsvillepd/stats/
brownsvillepd,totalOwnedCameras,previous,219,219,0,0.0,0.0,Connect Brownsville,Brownsville,TX,2026-09-21T18:49:58Z,2026-09-28T20:10:40Z,7.056042,False,True,https://api.fususone.com/api/public/organizations/brownsvillepd/stats/
brownsvillepd,totalSharedCameras,previous,0,0,0,,0.0,Connect Brownsville,Brownsville,TX,2026-09-21T18:49:58Z,2026-09-28T20:10:40Z,7.056042,True,True,https://api.fususone.com/api/public/organizations/brownsvillepd/stats/
brownsvillepd,totalMaxCameras,previous,500,500,0,0.0,0.0,Connect Brownsville,Brownsville,TX,2026-09-21T18:49:58Z,2026-09-28T20:10:40Z,7.056042,False,True,https://api.fususone.com/api/public/organizations/brownsvillepd/stats/
brownsvillepd,subscribedCameras,previous,199,199,0,0.0,0.0,Connect Brownsville,Brownsville,TX,2026-09-21T18:49:58Z,2026-09-28T20:10:40Z,7.056042,False,True,https://api.fususone.com/api/public/organizations/brownsvillepd/stats/
buncombesheriff,totalRegisteredCameras,previous,568,568,0,0.0,0.0,Connect Buncombe County,Buncombe County,NC,2026-09-21T18:49:59Z,2026-09-28T20:10:41Z,7.056042,False,True,https://api.fususone.com/api/public/organizations/buncombesheriff/stats/
buncombesheriff,totalIntegratedCameras,previous,2689,2689,0,0.0,0.0,Connect Buncombe County,Buncombe County,NC,2026-09-21T18:49:59Z,2026-09-28T20:10:41Z,7.056042,False,True,https://api.fususone.com/api/public/organizations/buncombesheriff/stats/
buncombesheriff,totalOwnedCameras,previous,437,437,0,0.0,0.0,Connect Buncombe County,Buncombe County,NC,2026-09-21T18:49:59Z,2026-09-28T20:10:41Z,7.056042,False,True,https://api.fususone.com/api/public/organizations/buncombesheriff/stats/
buncombesheriff,totalSharedCameras,previous,2252,2252,0,0.0,0.0,Connect Buncombe County,Buncombe County,NC,2026-09-21T18:49:59Z,2026-09-28T20:10:41Z,7.056042,False,True,https://api.fususone.com/api/public/organizations/buncombesheriff/stats/
buncombesheriff,totalMaxCameras,previous,4500,4500,0,0.0,0.0,Connect Buncombe County,Buncombe County,NC,2026-09-21T18:49:59Z,2026-09-28T20:10:41Z,7.056042,False,True,https://api.fususone.com/api/public/organizations/buncombesheriff/stats/
buncombesheriff,subscribedCameras,previous,316,316,0,0.0,0.0,Connect Buncombe County,Buncombe County,NC,2026-09-21T18:49:59Z,2026-09-28T20:10:41Z,7.056042,False,True,https://api.fususone.com/api/public/organizations/buncombesheriff/stats/
burbankpdil,totalRegisteredCameras,previous,304,304,0,0.0,0.0,Connect Burbank,Burbank,IL,2026-09-21T18:50:00Z,2026-09-28T20:10:42Z,7.056042,False,True,https://api.fususone.com/api/public/organizations/burbankpdil/stats/
burbankpdil,totalIntegratedCameras,previous,425,425,0,0.0,0.0,Connect Burbank,Burbank,IL,2026-09-21T18:50:00Z,2026-09-28T20:10:42Z,7.056042,False,True,https://api.fususone.com/api/public/organizations/burbankpdil/stats/
burbankpdil,totalOwnedCameras,previous,399,399,0,0.0,0.0,Connect Burbank,Burbank,IL,2026-09-21T18:50:00Z,2026-09-28T20:10:42Z,7.056042,False,True,https://api.fususone.com/api/public/organizations/burbankpdil/stats/
burbankpdil,totalSharedCameras,previous,3,3,0,0.0,0.0,Connect Burbank,Burbank,IL,2026-09-21T18:50:00Z,2026-09-28T20:10:42Z,7.056042,False,True,https://api.fususone.com/api/public/organizations/burbankpdil/stats/
burbankpdil,totalMaxCameras,previous,150,150,0,0.0,0.0,Connect Burbank,Burbank,IL,2026-09-21T18:50:00Z,2026-09-28T20:10:42Z,7.056042,False,True,https://api.fususone.com/api/public/organizations/burbankpdil/stats/
burbankpdil,subscribedCameras,previous,399,399,0,0.0,0.0,Connect Burbank,Burbank,IL,2026-09-21T18:50:00Z,2026-09-28T20:10:42Z,7.056042,False,True,https://api.fususone.com/api/public/organizations/burbankpdil/stats/
calcasieusheriff,totalRegisteredCameras,previous,3,3,0,0.0,0.0,Connect Calcasieu Parish,Calcasieu Parish,LA,2026-09-21T18:50:01Z,2026-09-28T20:10:43Z,7.056042,False,True,https://api.fususone.com/api/public/organizations/calcasieusheriff/stats/
calcasieusheriff,totalIntegratedCameras,previous,98,98,0,0.0,0.0,Connect Calcasieu Parish,Calcasieu Parish,LA,2026-09-21T18:50:01Z,2026-09-28T20:10:43Z,7.056042,False,True,https://api.fususone.com/api/public/organizations/calcasieusheriff/stats/
calcasieusheriff,totalOwnedCameras,previous,98,98,0,0.0,0.0,Connect Calcasieu Parish,Calcasieu Parish,LA,2026-09-21T18:50:01Z,2026-09-28T20:10:43Z,7.056042,False,True,https://api.fususone.com/api/public/organizations/calcasieusheriff/stats/
calcasieusheriff,totalSharedCameras,previous,0,0,0,,0.0,Connect Calcasieu Parish,Calcasieu Parish,LA,2026-09-21T18:50:01Z,2026-09-28T20:10:43Z,7.056042,True,True,https://api.fususone.com/api/public/organizations/calcasieusheriff/stats/
calcasieusheriff,totalMaxCameras,previous,10000,10000,0,0.0,0.0,Connect Calcasieu Parish,Calcasieu Parish,LA,2026-09-21T18:50:01Z,2026-09-28T20:10:43Z,7.056042,False,True,https://api.fususone.com/api/public/organizations/calcasieusheriff/stats/
calcasieusheriff,subscribedCameras,previous,98,98,0,0.0,0.0,Connect Calcasieu Parish,Calcasieu Parish,LA,2026-09-21T18:50:01Z,2026-09-28T20:10:43Z,7.056042,False,True,https://api.fususone.com/api/public/organizations/calcasieusheriff/stats/
caldwellpdid,totalRegisteredCameras,previous,61,61,0,0.0,0.0,Connect Caldwell,Caldwell,ID,2026-09-21T18:50:02Z,2026-09-28T20:10:44Z,7.056042,False,True,https://api.fususone.com/api/public/organizations/caldwellpdid/stats/
caldwellpdid,totalIntegratedCameras,previous,215,215,0,0.0,0.0,Connect Caldwell,Caldwell,ID,2026-09-21T18:50:02Z,2026-09-28T20:10:44Z,7.056042,False,True,https://api.fususone.com/api/public/organizations/caldwellpdid/stats/
caldwellpdid,totalOwnedCameras,previous,215,215,0,0.0,0.0,Connect Caldwell,Caldwell,ID,2026-09-21T18:50:02Z,2026-09-28T20:10:44Z,7.056042,False,True,https://api.fususone.com/api/public/organizations/caldwellpdid/stats/
caldwellpdid,totalSharedCameras,previous,0,0,0,,0.0,Connect Caldwell,Caldwell,ID,2026-09-21T18:50:02Z,2026-09-28T20:10:44Z,7.056042,True,True,https://api.fususone.com/api/public/organizations/caldwellpdid/stats/
caldwellpdid,totalMaxCameras,previous,225,225,0,0.0,0.0,Connect Caldwell,Caldwell,ID,2026-09-21T18:50:02Z,2026-09-28T20:10:44Z,7.056042,False,True,https://api.fususone.com/api/public/organizations/caldwellpdid/stats/
caldwellpdid,subscribedCameras,previous,204,204,0,0.0,0.0,Connect Caldwell,Caldwell,ID,2026-09-21T18:50:02Z,2026-09-28T20:10:44Z,7.056042,False,True,https://api.fususone.com/api/public/organizations/caldwellpdid/stats/
campbellpd,totalRegisteredCameras,previous,198,198,0,0.0,0.0,Connect Campbell,Campbell,CA,2026-09-21T18:50:03Z,2026-09-28T20:10:45Z,7.056042,False,True,https://api.fususone.com/api/public/organizations/campbellpd/stats/
campbellpd,totalIntegratedCameras,previous,313,313,0,0.0,0.0,Connect Campbell,Campbell,CA,2026-09-21T18:50:03Z,2026-09-28T20:10:45Z,7.056042,False,True,https://api.fususone.com/api/public/organizations/campbellpd/stats/
campbellpd,totalOwnedCameras,previous,281,281,0,0.0,0.0,Connect Campbell,Campbell,CA,2026-09-21T18:50:03Z,2026-09-28T20:10:45Z,7.056042,False,True,https://api.fususone.com/api/public/organizations/campbellpd/stats/
campbellpd,totalSharedCameras,previous,32,32,0,0.0,0.0,Connect Campbell,Campbell,CA,2026-09-21T18:50:03Z,2026-09-28T20:10:45Z,7.056042,False,True,https://api.fususone.com/api/public/organizations/campbellpd/stats/
campbellpd,totalMaxCameras,previous,10000,10000,0,0.0,0.0,Connect Campbell,Campbell,CA,2026-09-21T18:50:03Z,2026-09-28T20:10:45Z,7.056042,False,True,https://api.fususone.com/api/public/organizations/campbellpd/stats/
campbellpd,subscribedCameras,previous,270,270,0,0.0,0.0,Connect Campbell,Campbell,CA,2026-09-21T18:50:03Z,2026-09-28T20:10:45Z,7.056042,False,True,https://api.fususone.com/api/public/organizations/campbellpd/stats/
carencropd,totalRegisteredCameras,previous,85,85,0,0.0,0.0,Connect Carencro,Carencro,LA,2026-09-21T18:50:04Z,2026-09-28T20:10:46Z,7.056042,False,True,https://api.fususone.com/api/public/organizations/carencropd/stats/
carencropd,totalIntegratedCameras,previous,1610,1610,0,0.0,0.0,Connect Carencro,Carencro,LA,2026-09-21T18:50:04Z,2026-09-28T20:10:46Z,7.056042,False,True,https://api.fususone.com/api/public/organizations/carencropd/stats/
carencropd,totalOwnedCameras,previous,215,215,0,0.0,0.0,Connect Carencro,Carencro,LA,2026-09-21T18:50:04Z,2026-09-28T20:10:46Z,7.056042,False,True,https://api.fususone.com/api/public/organizations/carencropd/stats/
carencropd,totalSharedCameras,previous,12,12,0,0.0,0.0,Connect Carencro,Carencro,LA,2026-09-21T18:50:04Z,2026-09-28T20:10:46Z,7.056042,False,True,https://api.fususone.com/api/public/organizations/carencropd/stats/
carencropd,totalMaxCameras,previous,914,914,0,0.0,0.0,Connect Carencro,Carencro,LA,2026-09-21T18:50:04Z,2026-09-28T20:10:46Z,7.056042,False,True,https://api.fususone.com/api/public/organizations/carencropd/stats/
carencropd,subscribedCameras,previous,215,215,0,0.0,0.0,Connect Carencro,Carencro,LA,2026-09-21T18:50:04Z,2026-09-28T20:10:46Z,7.056042,False,True,https://api.fususone.com/api/public/organizations/carencropd/stats/
carlsbadpdnm,totalRegisteredCameras,previous,3,3,0,0.0,0.0,Connect Carlsbad,Carlsbad,NM,2026-09-21T18:50:05Z,2026-09-28T20:10:47Z,7.056042,False,True,https://api.fususone.com/api/public/organizations/carlsbadpdnm/stats/
carlsbadpdnm,totalIntegratedCameras,previous,12,12,0,0.0,0.0,Connect Carlsbad,Carlsbad,NM,2026-09-21T18:50:05Z,2026-09-28T20:10:47Z,7.056042,False,True,https://api.fususone.com/api/public/organizations/carlsbadpdnm/stats/
carlsbadpdnm,totalOwnedCameras,previous,12,12,0,0.0,0.0,Connect Carlsbad,Carlsbad,NM,2026-09-21T18:50:05Z,2026-09-28T20:10:47Z,7.056042,False,True,https://api.fususone.com/api/public/organizations/carlsbadpdnm/stats/
carlsbadpdnm,totalSharedCameras,previous,0,0,0,,0.0,Connect Carlsbad,Carlsbad,NM,2026-09-21T18:50:05Z,2026-09-28T20:10:47Z,7.056042,True,True,https://api.fususone.com/api/public/organizations/carlsbadpdnm/stats/
carlsbadpdnm,totalMaxCameras,previous,0,0,0,,0.0,Connect Carlsbad,Carlsbad,NM,2026-09-21T18:50:05Z,2026-09-28T20:10:47Z,7.056042,True,True,https://api.fususone.com/api/public/organizations/carlsbadpdnm/stats/
carlsbadpdnm,subscribedCameras,previous,4,4,0,0.0,0.0,Connect Carlsbad,Carlsbad,NM,2026-09-21T18:50:05Z,2026-09-28T20:10:47Z,7.056042,False,True,https://api.fususone.com/api/public/organizations/carlsbadpdnm/stats/
carypd,totalRegisteredCameras,previous,37,37,0,0.0,0.0,Connect Cary,Cary,NC,2026-09-21T18:50:06Z,2026-09-28T20:10:48Z,7.056042,False,True,https://api.fususone.com/api/public/organizations/carypd/stats/
carypd,totalIntegratedCameras,previous,1268,1265,-3,-0.002365930599369085,-2.976172901473324,Connect Cary,Cary,NC,2026-09-21T18:50:06Z,2026-09-28T20:10:48Z,7.056042,False,True,https://api.fususone.com/api/public/organizations/carypd/stats/
carypd,totalOwnedCameras,previous,841,841,0,0.0,0.0,Connect Cary,Cary,NC,2026-09-21T18:50:06Z,2026-09-28T20:10:48Z,7.056042,False,True,https://api.fususone.com/api/public/organizations/carypd/stats/
carypd,totalSharedCameras,previous,0,0,0,,0.0,Connect Cary,Cary,NC,2026-09-21T18:50:06Z,2026-09-28T20:10:48Z,7.056042,True,True,https://api.fususone.com/api/public/organizations/carypd/stats/
carypd,totalMaxCameras,previous,1500,1500,0,0.0,0.0,Connect Cary,Cary,NC,2026-09-21T18:50:06Z,2026-09-28T20:10:48Z,7.056042,False,True,https://api.fususone.com/api/public/organizations/carypd/stats/
carypd,subscribedCameras,previous,840,840,0,0.0,0.0,Connect Cary,Cary,NC,2026-09-21T18:50:06Z,2026-09-28T20:10:48Z,7.056042,False,True,https://api.fususone.com/api/public/organizations/carypd/stats/
charlestonpd,totalRegisteredCameras,previous,300,300,0,0.0,0.0,Connect Charleston,Charleston,SC,2026-09-21T18:50:07Z,2026-09-28T20:10:49Z,7.056042,False,True,https://api.fususone.com/api/public/organizations/charlestonpd/stats/
charlestonpd,totalIntegratedCameras,previous,577,577,0,0.0,0.0,Connect Charleston,Charleston,SC,2026-09-21T18:50:07Z,2026-09-28T20:10:49Z,7.056042,False,True,https://api.fususone.com/api/public/organizations/charlestonpd/stats/
charlestonpd,totalOwnedCameras,previous,501,501,0,0.0,0.0,Connect Charleston,Charleston,SC,2026-09-21T18:50:07Z,2026-09-28T20:10:49Z,7.056042,False,True,https://api.fususone.com/api/public/organizations/charlestonpd/stats/
charlestonpd,totalSharedCameras,previous,25,25,0,0.0,0.0,Connect Charleston,Charleston,SC,2026-09-21T18:50:07Z,2026-09-28T20:10:49Z,7.056042,False,True,https://api.fususone.com/api/public/organizations/charlestonpd/stats/
charlestonpd,totalMaxCameras,previous,500,500,0,0.0,0.0,Connect Charleston,Charleston,SC,2026-09-21T18:50:07Z,2026-09-28T20:10:49Z,7.056042,False,True,https://api.fususone.com/api/public/organizations/charlestonpd/stats/
charlestonpd,subscribedCameras,previous,466,466,0,0.0,0.0,Connect Charleston,Charleston,SC,2026-09-21T18:50:07Z,2026-09-28T20:10:49Z,7.056042,False,True,https://api.fususone.com/api/public/organizations/charlestonpd/stats/
charlottecounty,totalRegisteredCameras,previous,2327,2333,6,0.002578427159432746,5.952345802946648,Connect Charlotte County,Charlotte County,FL,2026-09-21T18:50:08Z,2026-09-28T20:10:50Z,7.056042,False,True,https://api.fususone.com/api/public/organizations/charlottecounty/stats/
charlottecounty,totalIntegratedCameras,previous,3826,3826,0,0.0,0.0,Connect Charlotte County,Charlotte County,FL,2026-09-21T18:50:08Z,2026-09-28T20:10:50Z,7.056042,False,True,https://api.fususone.com/api/public/organizations/charlottecounty/stats/
charlottecounty,totalOwnedCameras,previous,353,353,0,0.0,0.0,Connect Charlotte County,Charlotte County,FL,2026-09-21T18:50:08Z,2026-09-28T20:10:50Z,7.056042,False,True,https://api.fususone.com/api/public/organizations/charlottecounty/stats/
charlottecounty,totalSharedCameras,previous,3391,3391,0,0.0,0.0,Connect Charlotte County,Charlotte County,FL,2026-09-21T18:50:08Z,2026-09-28T20:10:50Z,7.056042,False,True,https://api.fususone.com/api/public/organizations/charlottecounty/stats/
charlottecounty,totalMaxCameras,previous,1500,1500,0,0.0,0.0,Connect Charlotte County,Charlotte County,FL,2026-09-21T18:50:08Z,2026-09-28T20:10:50Z,7.056042,False,True,https://api.fususone.com/api/public/organizations/charlottecounty/stats/
charlottecounty,subscribedCameras,previous,330,330,0,0.0,0.0,Connect Charlotte County,Charlotte County,FL,2026-09-21T18:50:08Z,2026-09-28T20:10:50Z,7.056042,False,True,https://api.fususone.com/api/public/organizations/charlottecounty/stats/
charlottemecklenburg,totalRegisteredCameras,previous,3109,3128,19,0.006111289803795433,18.849095042664384,Connect Charlotte,Charlotte,NC,2026-09-21T18:50:09Z,2026-09-28T20:10:51Z,7.056042,False,True,https://api.fususone.com/api/public/organizations/charlottemecklenburg/stats/
charlottemecklenburg,totalIntegratedCameras,previous,1784,1789,5,0.002802690582959641,4.960288169122206,Connect Charlotte,Charlotte,NC,2026-09-21T18:50:09Z,2026-09-28T20:10:51Z,7.056042,False,True,https://api.fususone.com/api/public/organizations/charlottemecklenburg/stats/
charlottemecklenburg,totalOwnedCameras,previous,1579,1584,5,0.0031665611146295125,4.960288169122206,Connect Charlotte,Charlotte,NC,2026-09-21T18:50:09Z,2026-09-28T20:10:51Z,7.056042,False,True,https://api.fususone.com/api/public/organizations/charlottemecklenburg/stats/
charlottemecklenburg,totalSharedCameras,previous,21,21,0,0.0,0.0,Connect Charlotte,Charlotte,NC,2026-09-21T18:50:09Z,2026-09-28T20:10:51Z,7.056042,False,True,https://api.fususone.com/api/public/organizations/charlottemecklenburg/stats/
charlottemecklenburg,totalMaxCameras,previous,1500,1500,0,0.0,0.0,Connect Charlotte,Charlotte,NC,2026-09-21T18:50:09Z,2026-09-28T20:10:51Z,7.056042,False,True,https://api.fususone.com/api/public/organizations/charlottemecklenburg/stats/
charlottemecklenburg,subscribedCameras,previous,1433,1438,5,0.0034891835310537334,4.960288169122206,Connect Charlotte,Charlotte,NC,2026-09-21T18:50:09Z,2026-09-28T20:10:51Z,7.056042,False,True,https://api.fususone.com/api/public/organizations/charlottemecklenburg/stats/
chattanoogapd,totalRegisteredCameras,previous,0,0,0,,0.0,Dragonfly Community Connect,Chattanooga,TN,2026-09-21T18:50:10Z,2026-09-28T20:10:52Z,7.056042,True,True,https://api.fususone.com/api/public/organizations/chattanoogapd/stats/
chattanoogapd,totalIntegratedCameras,previous,778,775,-3,-0.0038560411311053984,-2.976172901473324,Dragonfly Community Connect,Chattanooga,TN,2026-09-21T18:50:10Z,2026-09-28T20:10:52Z,7.056042,False,True,https://api.fususone.com/api/public/organizations/chattanoogapd/stats/
chattanoogapd,totalOwnedCameras,previous,777,774,-3,-0.003861003861003861,-2.976172901473324,Dragonfly Community Connect,Chattanooga,TN,2026-09-21T18:50:10Z,2026-09-28T20:10:52Z,7.056042,False,True,https://api.fususone.com/api/public/organizations/chattanoogapd/stats/
chattanoogapd,totalSharedCameras,previous,1,1,0,0.0,0.0,Dragonfly Community Connect,Chattanooga,TN,2026-09-21T18:50:10Z,2026-09-28T20:10:52Z,7.056042,False,True,https://api.fususone.com/api/public/organizations/chattanoogapd/stats/
chattanoogapd,totalMaxCameras,previous,1500,1500,0,0.0,0.0,Dragonfly Community Connect,Chattanooga,TN,2026-09-21T18:50:10Z,2026-09-28T20:10:52Z,7.056042,False,True,https://api.fususone.com/api/public/organizations/chattanoogapd/stats/
chattanoogapd,subscribedCameras,previous,768,765,-3,-0.00390625,-2.976172901473324,Dragonfly Community Connect,Chattanooga,TN,2026-09-21T18:50:10Z,2026-09-28T20:10:52Z,7.056042,False,True,https://api.fususone.com/api/public/organizations/chattanoogapd/stats/
cherokeega,totalRegisteredCameras,previous,625,633,8,0.0128,7.93646107059553,Connect Cherokee,Cherokee County,GA,2026-09-21T18:50:11Z,2026-09-28T20:10:53Z,7.056042,False,True,https://api.fususone.com/api/public/organizations/cherokeega/stats/
cherokeega,totalIntegratedCameras,previous,13420,13422,2,0.00014903129657228018,1.9841152676488825,Connect Cherokee,Cherokee County,GA,2026-09-21T18:50:11Z,2026-09-28T20:10:53Z,7.056042,False,True,https://api.fususone.com/api/public/organizations/cherokeega/stats/
cherokeega,totalOwnedCameras,previous,622,622,0,0.0,0.0,Connect Cherokee,Cherokee County,GA,2026-09-21T18:50:11Z,2026-09-28T20:10:53Z,7.056042,False,True,https://api.fususone.com/api/public/organizations/cherokeega/stats/
cherokeega,totalSharedCameras,previous,548,549,1,0.0018248175182481751,0.9920576338244412,Connect Cherokee,Cherokee County,GA,2026-09-21T18:50:11Z,2026-09-28T20:10:53Z,7.056042,False,True,https://api.fususone.com/api/public/organizations/cherokeega/stats/
cherokeega,totalMaxCameras,previous,2500,2500,0,0.0,0.0,Connect Cherokee,Cherokee County,GA,2026-09-21T18:50:11Z,2026-09-28T20:10:53Z,7.056042,False,True,https://api.fususone.com/api/public/organizations/cherokeega/stats/
cherokeega,subscribedCameras,previous,566,566,0,0.0,0.0,Connect Cherokee,Cherokee County,GA,2026-09-21T18:50:11Z,2026-09-28T20:10:53Z,7.056042,False,True,https://api.fususone.com/api/public/organizations/cherokeega/stats/
chesterfieldcounty,totalRegisteredCameras,previous,768,769,1,0.0013020833333333333,0.9920576338244412,Chesterfield Community Connect Program,Chesterfield County,VA,2026-09-21T18:50:12Z,2026-09-28T20:10:54Z,7.056042,False,True,https://api.fususone.com/api/public/organizations/chesterfieldcounty/stats/
chesterfieldcounty,totalIntegratedCameras,previous,11288,11184,-104,-0.009213323883770375,-103.1739939177419,Chesterfield Community Connect Program,Chesterfield County,VA,2026-09-21T18:50:12Z,2026-09-28T20:10:54Z,7.056042,False,True,https://api.fususone.com/api/public/organizations/chesterfieldcounty/stats/
chesterfieldcounty,totalOwnedCameras,previous,1006,1017,11,0.010934393638170975,10.912633972068853,Chesterfield Community Connect Program,Chesterfield County,VA,2026-09-21T18:50:12Z,2026-09-28T20:10:54Z,7.056042,False,True,https://api.fususone.com/api/public/organizations/chesterfieldcounty/stats/
chesterfieldcounty,totalSharedCameras,previous,10220,10105,-115,-0.011252446183953033,-114.08662788981074,Chesterfield Community Connect Program,Chesterfield County,VA,2026-09-21T18:50:12Z,2026-09-28T20:10:54Z,7.056042,False,True,https://api.fususone.com/api/public/organizations/chesterfieldcounty/stats/
chesterfieldcounty,totalMaxCameras,previous,4500,4500,0,0.0,0.0,Chesterfield Community Connect Program,Chesterfield County,VA,2026-09-21T18:50:12Z,2026-09-28T20:10:54Z,7.056042,False,True,https://api.fususone.com/api/public/organizations/chesterfieldcounty/stats/
chesterfieldcounty,subscribedCameras,previous,947,958,11,0.011615628299894404,10.912633972068853,Chesterfield Community Connect Program,Chesterfield County,VA,2026-09-21T18:50:12Z,2026-09-28T20:10:54Z,7.056042,False,True,https://api.fususone.com/api/public/organizations/chesterfieldcounty/stats/
chicagoheights,totalRegisteredCameras,previous,221,221,0,0.0,0.0,Connect Chicago Heights,Chicago Heights,IL,2026-09-21T18:50:13Z,2026-09-28T20:10:55Z,7.056042,False,True,https://api.fususone.com/api/public/organizations/chicagoheights/stats/
chicagoheights,totalIntegratedCameras,previous,1221,1225,4,0.003276003276003276,3.968230535297765,Connect Chicago Heights,Chicago Heights,IL,2026-09-21T18:50:13Z,2026-09-28T20:10:55Z,7.056042,False,True,https://api.fususone.com/api/public/organizations/chicagoheights/stats/
chicagoheights,totalOwnedCameras,previous,1168,1172,4,0.003424657534246575,3.968230535297765,Connect Chicago Heights,Chicago Heights,IL,2026-09-21T18:50:13Z,2026-09-28T20:10:55Z,7.056042,False,True,https://api.fususone.com/api/public/organizations/chicagoheights/stats/
chicagoheights,totalSharedCameras,previous,0,0,0,,0.0,Connect Chicago Heights,Chicago Heights,IL,2026-09-21T18:50:13Z,2026-09-28T20:10:55Z,7.056042,True,True,https://api.fususone.com/api/public/organizations/chicagoheights/stats/
chicagoheights,totalMaxCameras,previous,500,500,0,0.0,0.0,Connect Chicago Heights,Chicago Heights,IL,2026-09-21T18:50:13Z,2026-09-28T20:10:55Z,7.056042,False,True,https://api.fususone.com/api/public/organizations/chicagoheights/stats/
chicagoheights,subscribedCameras,previous,725,729,4,0.005517241379310344,3.968230535297765,Connect Chicago Heights,Chicago Heights,IL,2026-09-21T18:50:13Z,2026-09-28T20:10:55Z,7.056042,False,True,https://api.fususone.com/api/public/organizations/chicagoheights/stats/
chicopee,totalRegisteredCameras,previous,128,128,0,0.0,0.0,Connect Chicopee,Chicopee,MA,2026-09-21T18:50:14Z,2026-09-28T20:10:56Z,7.056042,False,True,https://api.fususone.com/api/public/organizations/chicopee/stats/
chicopee,totalIntegratedCameras,previous,512,512,0,0.0,0.0,Connect Chicopee,Chicopee,MA,2026-09-21T18:50:14Z,2026-09-28T20:10:56Z,7.056042,False,True,https://api.fususone.com/api/public/organizations/chicopee/stats/
chicopee,totalOwnedCameras,previous,512,512,0,0.0,0.0,Connect Chicopee,Chicopee,MA,2026-09-21T18:50:14Z,2026-09-28T20:10:56Z,7.056042,False,True,https://api.fususone.com/api/public/organizations/chicopee/stats/
chicopee,totalSharedCameras,previous,0,0,0,,0.0,Connect Chicopee,Chicopee,MA,2026-09-21T18:50:14Z,2026-09-28T20:10:56Z,7.056042,True,True,https://api.fususone.com/api/public/organizations/chicopee/stats/
chicopee,totalMaxCameras,previous,1500,1500,0,0.0,0.0,Connect Chicopee,Chicopee,MA,2026-09-21T18:50:14Z,2026-09-28T20:10:56Z,7.056042,False,True,https://api.fususone.com/api/public/organizations/chicopee/stats/
chicopee,subscribedCameras,previous,509,509,0,0.0,0.0,Connect Chicopee,Chicopee,MA,2026-09-21T18:50:14Z,2026-09-28T20:10:56Z,7.056042,False,True,https://api.fususone.com/api/public/organizations/chicopee/stats/
ciceropd,totalRegisteredCameras,previous,29,29,0,0.0,0.0,Cicero SAFE (Shared Access For Enforcement),Cicero,IL,2026-09-21T18:50:15Z,2026-09-28T20:10:57Z,7.056042,False,True,https://api.fususone.com/api/public/organizations/ciceropd/stats/
ciceropd,totalIntegratedCameras,previous,549,549,0,0.0,0.0,Cicero SAFE (Shared Access For Enforcement),Cicero,IL,2026-09-21T18:50:15Z,2026-09-28T20:10:57Z,7.056042,False,True,https://api.fususone.com/api/public/organizations/ciceropd/stats/
ciceropd,totalOwnedCameras,previous,549,549,0,0.0,0.0,Cicero SAFE (Shared Access For Enforcement),Cicero,IL,2026-09-21T18:50:15Z,2026-09-28T20:10:57Z,7.056042,False,True,https://api.fususone.com/api/public/organizations/ciceropd/stats/
ciceropd,totalSharedCameras,previous,0,0,0,,0.0,Cicero SAFE (Shared Access For Enforcement),Cicero,IL,2026-09-21T18:50:15Z,2026-09-28T20:10:57Z,7.056042,True,True,https://api.fususone.com/api/public/organizations/ciceropd/stats/
ciceropd,totalMaxCameras,previous,1500,1500,0,0.0,0.0,Cicero SAFE (Shared Access For Enforcement),Cicero,IL,2026-09-21T18:50:15Z,2026-09-28T20:10:57Z,7.056042,False,True,https://api.fususone.com/api/public/organizations/ciceropd/stats/
ciceropd,subscribedCameras,previous,541,541,0,0.0,0.0,Cicero SAFE (Shared Access For Enforcement),Cicero,IL,2026-09-21T18:50:15Z,2026-09-28T20:10:57Z,7.056042,False,True,https://api.fususone.com/api/public/organizations/ciceropd/stats/
cincinnatipd,totalRegisteredCameras,previous,1721,1721,0,0.0,0.0,Connect Cincinnati,Cincinnati,OH,2026-09-21T18:50:16Z,2026-09-28T20:10:58Z,7.056042,False,True,https://api.fususone.com/api/public/organizations/cincinnatipd/stats/
cincinnatipd,totalIntegratedCameras,previous,844,846,2,0.002369668246445498,1.9841152676488825,Connect Cincinnati,Cincinnati,OH,2026-09-21T18:50:16Z,2026-09-28T20:10:58Z,7.056042,False,True,https://api.fususone.com/api/public/organizations/cincinnatipd/stats/
cincinnatipd,totalOwnedCameras,previous,801,803,2,0.0024968789013732834,1.9841152676488825,Connect Cincinnati,Cincinnati,OH,2026-09-21T18:50:16Z,2026-09-28T20:10:58Z,7.056042,False,True,https://api.fususone.com/api/public/organizations/cincinnatipd/stats/
cincinnatipd,totalSharedCameras,previous,43,43,0,0.0,0.0,Connect Cincinnati,Cincinnati,OH,2026-09-21T18:50:16Z,2026-09-28T20:10:58Z,7.056042,False,True,https://api.fususone.com/api/public/organizations/cincinnatipd/stats/
cincinnatipd,totalMaxCameras,previous,1500,1500,0,0.0,0.0,Connect Cincinnati,Cincinnati,OH,2026-09-21T18:50:16Z,2026-09-28T20:10:58Z,7.056042,False,True,https://api.fususone.com/api/public/organizations/cincinnatipd/stats/
cincinnatipd,subscribedCameras,previous,746,746,0,0.0,0.0,Connect Cincinnati,Cincinnati,OH,2026-09-21T18:50:16Z,2026-09-28T20:10:58Z,7.056042,False,True,https://api.fususone.com/api/public/organizations/cincinnatipd/stats/
cityofatlanta,totalRegisteredCameras,previous,17517,17522,5,0.00028543700405320546,4.960288169122206,Connect Atlanta,Atlanta,GA,2026-09-21T18:50:17Z,2026-09-28T20:10:59Z,7.056042,False,True,https://api.fususone.com/api/public/organizations/cityofatlanta/stats/
cityofatlanta,totalIntegratedCameras,previous,28373,28381,8,0.00028195819969689494,7.93646107059553,Connect Atlanta,Atlanta,GA,2026-09-21T18:50:17Z,2026-09-28T20:10:59Z,7.056042,False,True,https://api.fususone.com/api/public/organizations/cityofatlanta/stats/
cityofatlanta,totalOwnedCameras,previous,2583,2584,1,0.00038714672861014324,0.9920576338244412,Connect Atlanta,Atlanta,GA,2026-09-21T18:50:17Z,2026-09-28T20:10:59Z,7.056042,False,True,https://api.fususone.com/api/public/organizations/cityofatlanta/stats/
cityofatlanta,totalSharedCameras,previous,11643,11642,-1,-8.58885167053165e-05,-0.9920576338244412,Connect Atlanta,Atlanta,GA,2026-09-21T18:50:17Z,2026-09-28T20:10:59Z,7.056042,False,True,https://api.fususone.com/api/public/organizations/cityofatlanta/stats/
cityofatlanta,totalMaxCameras,previous,29250,29250,0,0.0,0.0,Connect Atlanta,Atlanta,GA,2026-09-21T18:50:17Z,2026-09-28T20:10:59Z,7.056042,False,True,https://api.fususone.com/api/public/organizations/cityofatlanta/stats/
cityofatlanta,subscribedCameras,previous,2549,2550,1,0.00039231071008238524,0.9920576338244412,Connect Atlanta,Atlanta,GA,2026-09-21T18:50:17Z,2026-09-28T20:10:59Z,7.056042,False,True,https://api.fususone.com/api/public/organizations/cityofatlanta/stats/
cityofcanton,totalRegisteredCameras,previous,0,0,0,,0.0,Connect Canton,Canton,MS,2026-09-21T18:50:18Z,2026-09-28T20:11:00Z,7.056042,True,True,https://api.fususone.com/api/public/organizations/cityofcanton/stats/
cityofcanton,totalIntegratedCameras,previous,31,31,0,0.0,0.0,Connect Canton,Canton,MS,2026-09-21T18:50:18Z,2026-09-28T20:11:00Z,7.056042,False,True,https://api.fususone.com/api/public/organizations/cityofcanton/stats/
cityofcanton,totalOwnedCameras,previous,0,0,0,,0.0,Connect Canton,Canton,MS,2026-09-21T18:50:18Z,2026-09-28T20:11:00Z,7.056042,True,True,https://api.fususone.com/api/public/organizations/cityofcanton/stats/
cityofcanton,totalSharedCameras,previous,31,31,0,0.0,0.0,Connect Canton,Canton,MS,2026-09-21T18:50:18Z,2026-09-28T20:11:00Z,7.056042,False,True,https://api.fususone.com/api/public/organizations/cityofcanton/stats/
cityofcanton,totalMaxCameras,previous,10000,10000,0,0.0,0.0,Connect Canton,Canton,MS,2026-09-21T18:50:18Z,2026-09-28T20:11:00Z,7.056042,False,True,https://api.fususone.com/api/public/organizations/cityofcanton/stats/
cityofcanton,subscribedCameras,previous,0,0,0,,0.0,Connect Canton,Canton,MS,2026-09-21T18:50:18Z,2026-09-28T20:11:00Z,7.056042,True,True,https://api.fususone.com/api/public/organizations/cityofcanton/stats/
cityofdoralpd,totalRegisteredCameras,previous,221,221,0,0.0,0.0,Connect Doral,Doral,FL,2026-09-21T18:50:19Z,2026-09-28T20:11:01Z,7.056042,False,True,https://api.fususone.com/api/public/organizations/cityofdoralpd/stats/
cityofdoralpd,totalIntegratedCameras,previous,3425,3425,0,0.0,0.0,Connect Doral,Doral,FL,2026-09-21T18:50:19Z,2026-09-28T20:11:01Z,7.056042,False,True,https://api.fususone.com/api/public/organizations/cityofdoralpd/stats/
cityofdoralpd,totalOwnedCameras,previous,397,397,0,0.0,0.0,Connect Doral,Doral,FL,2026-09-21T18:50:19Z,2026-09-28T20:11:01Z,7.056042,False,True,https://api.fususone.com/api/public/organizations/cityofdoralpd/stats/
cityofdoralpd,totalSharedCameras,previous,3028,3028,0,0.0,0.0,Connect Doral,Doral,FL,2026-09-21T18:50:19Z,2026-09-28T20:11:01Z,7.056042,False,True,https://api.fususone.com/api/public/organizations/cityofdoralpd/stats/
cityofdoralpd,totalMaxCameras,previous,10000,10000,0,0.0,0.0,Connect Doral,Doral,FL,2026-09-21T18:50:19Z,2026-09-28T20:11:01Z,7.056042,False,True,https://api.fususone.com/api/public/organizations/cityofdoralpd/stats/
cityofdoralpd,subscribedCameras,previous,243,243,0,0.0,0.0,Connect Doral,Doral,FL,2026-09-21T18:50:19Z,2026-09-28T20:11:01Z,7.056042,False,True,https://api.fususone.com/api/public/organizations/cityofdoralpd/stats/
cityofhawthorne,totalRegisteredCameras,previous,0,0,0,,0.0,Connect Hawthorne,Hawthorne,CA,2026-09-21T18:50:20Z,2026-09-28T20:11:02Z,7.056042,True,True,https://api.fususone.com/api/public/organizations/cityofhawthorne/stats/
cityofhawthorne,totalIntegratedCameras,previous,3715,3715,0,0.0,0.0,Connect Hawthorne,Hawthorne,CA,2026-09-21T18:50:20Z,2026-09-28T20:11:02Z,7.056042,False,True,https://api.fususone.com/api/public/organizations/cityofhawthorne/stats/
cityofhawthorne,totalOwnedCameras,previous,874,874,0,0.0,0.0,Connect Hawthorne,Hawthorne,CA,2026-09-21T18:50:20Z,2026-09-28T20:11:02Z,7.056042,False,True,https://api.fususone.com/api/public/organizations/cityofhawthorne/stats/
cityofhawthorne,totalSharedCameras,previous,2841,2841,0,0.0,0.0,Connect Hawthorne,Hawthorne,CA,2026-09-21T18:50:20Z,2026-09-28T20:11:02Z,7.056042,False,True,https://api.fususone.com/api/public/organizations/cityofhawthorne/stats/
cityofhawthorne,totalMaxCameras,previous,1500,1500,0,0.0,0.0,Connect Hawthorne,Hawthorne,CA,2026-09-21T18:50:20Z,2026-09-28T20:11:02Z,7.056042,False,True,https://api.fususone.com/api/public/organizations/cityofhawthorne/stats/
cityofhawthorne,subscribedCameras,previous,844,844,0,0.0,0.0,Connect Hawthorne,Hawthorne,CA,2026-09-21T18:50:20Z,2026-09-28T20:11:02Z,7.056042,False,True,https://api.fususone.com/api/public/organizations/cityofhawthorne/stats/
cityofmanchester,totalRegisteredCameras,previous,584,584,0,0.0,0.0,Connect Manchester,City of Manchester,NH,2026-09-21T18:50:21Z,2026-09-28T20:11:03Z,7.056042,False,True,https://api.fususone.com/api/public/organizations/cityofmanchester/stats/
cityofmanchester,totalIntegratedCameras,previous,1006,1006,0,0.0,0.0,Connect Manchester,City of Manchester,NH,2026-09-21T18:50:21Z,2026-09-28T20:11:03Z,7.056042,False,True,https://api.fususone.com/api/public/organizations/cityofmanchester/stats/
cityofmanchester,totalOwnedCameras,previous,436,436,0,0.0,0.0,Connect Manchester,City of Manchester,NH,2026-09-21T18:50:21Z,2026-09-28T20:11:03Z,7.056042,False,True,https://api.fususone.com/api/public/organizations/cityofmanchester/stats/
cityofmanchester,totalSharedCameras,previous,570,570,0,0.0,0.0,Connect Manchester,City of Manchester,NH,2026-09-21T18:50:21Z,2026-09-28T20:11:03Z,7.056042,False,True,https://api.fususone.com/api/public/organizations/cityofmanchester/stats/
cityofmanchester,totalMaxCameras,previous,1500,1500,0,0.0,0.0,Connect Manchester,City of Manchester,NH,2026-09-21T18:50:21Z,2026-09-28T20:11:03Z,7.056042,False,True,https://api.fususone.com/api/public/organizations/cityofmanchester/stats/
cityofmanchester,subscribedCameras,previous,434,434,0,0.0,0.0,Connect Manchester,City of Manchester,NH,2026-09-21T18:50:21Z,2026-09-28T20:11:03Z,7.056042,False,True,https://api.fususone.com/api/public/organizations/cityofmanchester/stats/
cityofmiamipd,totalRegisteredCameras,previous,2406,2406,0,0.0,0.0,Connect Miami,Miami,FL,2026-09-21T18:50:22Z,2026-09-28T20:11:04Z,7.056042,False,True,https://api.fususone.com/api/public/organizations/cityofmiamipd/stats/
cityofmiamipd,totalIntegratedCameras,previous,4373,4361,-12,-0.002744111593871484,-11.904691605893296,Connect Miami,Miami,FL,2026-09-21T18:50:22Z,2026-09-28T20:11:04Z,7.056042,False,True,https://api.fususone.com/api/public/organizations/cityofmiamipd/stats/
cityofmiamipd,totalOwnedCameras,previous,1239,1227,-12,-0.009685230024213076,-11.904691605893296,Connect Miami,Miami,FL,2026-09-21T18:50:22Z,2026-09-28T20:11:04Z,7.056042,False,True,https://api.fususone.com/api/public/organizations/cityofmiamipd/stats/
cityofmiamipd,totalSharedCameras,previous,2905,2905,0,0.0,0.0,Connect Miami,Miami,FL,2026-09-21T18:50:22Z,2026-09-28T20:11:04Z,7.056042,False,True,https://api.fususone.com/api/public/organizations/cityofmiamipd/stats/
cityofmiamipd,totalMaxCameras,previous,1500,1500,0,0.0,0.0,Connect Miami,Miami,FL,2026-09-21T18:50:22Z,2026-09-28T20:11:04Z,7.056042,False,True,https://api.fususone.com/api/public/organizations/cityofmiamipd/stats/
cityofmiamipd,subscribedCameras,previous,1221,1207,-14,-0.011466011466011465,-13.888806873542178,Connect Miami,Miami,FL,2026-09-21T18:50:22Z,2026-09-28T20:11:04Z,7.056042,False,True,https://api.fususone.com/api/public/organizations/cityofmiamipd/stats/
cityofnewark,totalRegisteredCameras,previous,1208,1208,0,0.0,0.0,Connect Newark,Newark,NJ,2026-09-21T18:50:23Z,2026-09-28T20:11:05Z,7.056042,False,True,https://api.fususone.com/api/public/organizations/cityofnewark/stats/
cityofnewark,totalIntegratedCameras,previous,929,929,0,0.0,0.0,Connect Newark,Newark,NJ,2026-09-21T18:50:23Z,2026-09-28T20:11:05Z,7.056042,False,True,https://api.fususone.com/api/public/organizations/cityofnewark/stats/
cityofnewark,totalOwnedCameras,previous,497,497,0,0.0,0.0,Connect Newark,Newark,NJ,2026-09-21T18:50:23Z,2026-09-28T20:11:05Z,7.056042,False,True,https://api.fususone.com/api/public/organizations/cityofnewark/stats/
cityofnewark,totalSharedCameras,previous,231,231,0,0.0,0.0,Connect Newark,Newark,NJ,2026-09-21T18:50:23Z,2026-09-28T20:11:05Z,7.056042,False,True,https://api.fususone.com/api/public/organizations/cityofnewark/stats/
cityofnewark,totalMaxCameras,previous,500,500,0,0.0,0.0,Connect Newark,Newark,NJ,2026-09-21T18:50:23Z,2026-09-28T20:11:05Z,7.056042,False,True,https://api.fususone.com/api/public/organizations/cityofnewark/stats/
cityofnewark,subscribedCameras,previous,488,488,0,0.0,0.0,Connect Newark,Newark,NJ,2026-09-21T18:50:23Z,2026-09-28T20:11:05Z,7.056042,False,True,https://api.fususone.com/api/public/organizations/cityofnewark/stats/
cityofomaha,totalRegisteredCameras,previous,1258,1260,2,0.001589825119236884,1.9841152676488825,Connect Omaha,Omaha,NE,2026-09-21T18:50:24Z,2026-09-28T20:11:06Z,7.056042,False,True,https://api.fususone.com/api/public/organizations/cityofomaha/stats/
cityofomaha,totalIntegratedCameras,previous,1625,1626,1,0.0006153846153846154,0.9920576338244412,Connect Omaha,Omaha,NE,2026-09-21T18:50:24Z,2026-09-28T20:11:06Z,7.056042,False,True,https://api.fususone.com/api/public/organizations/cityofomaha/stats/
cityofomaha,totalOwnedCameras,previous,760,761,1,0.0013157894736842105,0.9920576338244412,Connect Omaha,Omaha,NE,2026-09-21T18:50:24Z,2026-09-28T20:11:06Z,7.056042,False,True,https://api.fususone.com/api/public/organizations/cityofomaha/stats/
cityofomaha,totalSharedCameras,previous,764,764,0,0.0,0.0,Connect Omaha,Omaha,NE,2026-09-21T18:50:24Z,2026-09-28T20:11:06Z,7.056042,False,True,https://api.fususone.com/api/public/organizations/cityofomaha/stats/
cityofomaha,totalMaxCameras,previous,1500,1500,0,0.0,0.0,Connect Omaha,Omaha,NE,2026-09-21T18:50:24Z,2026-09-28T20:11:06Z,7.056042,False,True,https://api.fususone.com/api/public/organizations/cityofomaha/stats/
cityofomaha,subscribedCameras,previous,685,686,1,0.00145985401459854,0.9920576338244412,Connect Omaha,Omaha,NE,2026-09-21T18:50:24Z,2026-09-28T20:11:06Z,7.056042,False,True,https://api.fususone.com/api/public/organizations/cityofomaha/stats/
cityofoxford,totalRegisteredCameras,previous,12,12,0,0.0,0.0,Connect Oxford,City of Oxford,AL,2026-09-21T18:50:25Z,2026-09-28T20:11:07Z,7.056042,False,True,https://api.fususone.com/api/public/organizations/cityofoxford/stats/
cityofoxford,totalIntegratedCameras,previous,1126,1126,0,0.0,0.0,Connect Oxford,City of Oxford,AL,2026-09-21T18:50:25Z,2026-09-28T20:11:07Z,7.056042,False,True,https://api.fususone.com/api/public/organizations/cityofoxford/stats/
cityofoxford,totalOwnedCameras,previous,324,324,0,0.0,0.0,Connect Oxford,City of Oxford,AL,2026-09-21T18:50:25Z,2026-09-28T20:11:07Z,7.056042,False,True,https://api.fususone.com/api/public/organizations/cityofoxford/stats/
cityofoxford,totalSharedCameras,previous,753,753,0,0.0,0.0,Connect Oxford,City of Oxford,AL,2026-09-21T18:50:25Z,2026-09-28T20:11:07Z,7.056042,False,True,https://api.fususone.com/api/public/organizations/cityofoxford/stats/
cityofoxford,totalMaxCameras,previous,1500,1500,0,0.0,0.0,Connect Oxford,City of Oxford,AL,2026-09-21T18:50:25Z,2026-09-28T20:11:07Z,7.056042,False,True,https://api.fususone.com/api/public/organizations/cityofoxford/stats/
cityofoxford,subscribedCameras,previous,321,321,0,0.0,0.0,Connect Oxford,City of Oxford,AL,2026-09-21T18:50:25Z,2026-09-28T20:11:07Z,7.056042,False,True,https://api.fususone.com/api/public/organizations/cityofoxford/stats/
cityofroswell,totalRegisteredCameras,previous,653,653,0,0.0,0.0,Connect Roswell,Roswell,GA,2026-09-21T18:50:26Z,2026-09-28T20:11:08Z,7.056042,False,True,https://api.fususone.com/api/public/organizations/cityofroswell/stats/
cityofroswell,totalIntegratedCameras,previous,10641,10643,2,0.000187952260125928,1.9841152676488825,Connect Roswell,Roswell,GA,2026-09-21T18:50:26Z,2026-09-28T20:11:08Z,7.056042,False,True,https://api.fususone.com/api/public/organizations/cityofroswell/stats/
cityofroswell,totalOwnedCameras,previous,512,512,0,0.0,0.0,Connect Roswell,Roswell,GA,2026-09-21T18:50:26Z,2026-09-28T20:11:08Z,7.056042,False,True,https://api.fususone.com/api/public/organizations/cityofroswell/stats/
cityofroswell,totalSharedCameras,previous,373,374,1,0.002680965147453083,0.9920576338244412,Connect Roswell,Roswell,GA,2026-09-21T18:50:26Z,2026-09-28T20:11:08Z,7.056042,False,True,https://api.fususone.com/api/public/organizations/cityofroswell/stats/
cityofroswell,totalMaxCameras,previous,2793,2793,0,0.0,0.0,Connect Roswell,Roswell,GA,2026-09-21T18:50:26Z,2026-09-28T20:11:08Z,7.056042,False,True,https://api.fususone.com/api/public/organizations/cityofroswell/stats/
cityofroswell,subscribedCameras,previous,511,511,0,0.0,0.0,Connect Roswell,Roswell,GA,2026-09-21T18:50:26Z,2026-09-28T20:11:08Z,7.056042,False,True,https://api.fususone.com/api/public/organizations/cityofroswell/stats/
cityofshreveport,totalRegisteredCameras,previous,1141,1141,0,0.0,0.0,Connect Shreveport,Shreveport,LA,2026-09-21T18:50:27Z,2026-09-28T20:11:09Z,7.056042,False,True,https://api.fususone.com/api/public/organizations/cityofshreveport/stats/
cityofshreveport,totalIntegratedCameras,previous,2829,2838,9,0.003181336161187699,8.928518704419972,Connect Shreveport,Shreveport,LA,2026-09-21T18:50:27Z,2026-09-28T20:11:09Z,7.056042,False,True,https://api.fususone.com/api/public/organizations/cityofshreveport/stats/
cityofshreveport,totalOwnedCameras,previous,2320,2329,9,0.003879310344827586,8.928518704419972,Connect Shreveport,Shreveport,LA,2026-09-21T18:50:27Z,2026-09-28T20:11:09Z,7.056042,False,True,https://api.fususone.com/api/public/organizations/cityofshreveport/stats/
cityofshreveport,totalSharedCameras,previous,509,509,0,0.0,0.0,Connect Shreveport,Shreveport,LA,2026-09-21T18:50:27Z,2026-09-28T20:11:09Z,7.056042,False,True,https://api.fususone.com/api/public/organizations/cityofshreveport/stats/
cityofshreveport,totalMaxCameras,previous,1500,1500,0,0.0,0.0,Connect Shreveport,Shreveport,LA,2026-09-21T18:50:27Z,2026-09-28T20:11:09Z,7.056042,False,True,https://api.fususone.com/api/public/organizations/cityofshreveport/stats/
cityofshreveport,subscribedCameras,previous,2332,2341,9,0.0038593481989708405,8.928518704419972,Connect Shreveport,Shreveport,LA,2026-09-21T18:50:27Z,2026-09-28T20:11:09Z,7.056042,False,True,https://api.fususone.com/api/public/organizations/cityofshreveport/stats/
cityofstarkville,totalRegisteredCameras,previous,879,879,0,0.0,0.0,Connect Starkville,Starkville,MS,2026-09-21T18:50:28Z,2026-09-28T20:11:10Z,7.056042,False,True,https://api.fususone.com/api/public/organizations/cityofstarkville/stats/
cityofstarkville,totalIntegratedCameras,previous,863,863,0,0.0,0.0,Connect Starkville,Starkville,MS,2026-09-21T18:50:28Z,2026-09-28T20:11:10Z,7.056042,False,True,https://api.fususone.com/api/public/organizations/cityofstarkville/stats/
cityofstarkville,totalOwnedCameras,previous,586,586,0,0.0,0.0,Connect Starkville,Starkville,MS,2026-09-21T18:50:28Z,2026-09-28T20:11:10Z,7.056042,False,True,https://api.fususone.com/api/public/organizations/cityofstarkville/stats/
cityofstarkville,totalSharedCameras,previous,277,277,0,0.0,0.0,Connect Starkville,Starkville,MS,2026-09-21T18:50:28Z,2026-09-28T20:11:10Z,7.056042,False,True,https://api.fususone.com/api/public/organizations/cityofstarkville/stats/
cityofstarkville,totalMaxCameras,previous,500,500,0,0.0,0.0,Connect Starkville,Starkville,MS,2026-09-21T18:50:28Z,2026-09-28T20:11:10Z,7.056042,False,True,https://api.fususone.com/api/public/organizations/cityofstarkville/stats/
cityofstarkville,subscribedCameras,previous,575,575,0,0.0,0.0,Connect Starkville,Starkville,MS,2026-09-21T18:50:28Z,2026-09-28T20:11:10Z,7.056042,False,True,https://api.fususone.com/api/public/organizations/cityofstarkville/stats/
cityofws,totalRegisteredCameras,previous,1678,1678,0,0.0,0.0,Connect Winston-Salem,the City of Winston-Salem,NC,2026-09-21T18:50:29Z,2026-09-28T20:11:11Z,7.056042,False,True,https://api.fususone.com/api/public/organizations/cityofws/stats/
cityofws,totalIntegratedCameras,previous,3292,3292,0,0.0,0.0,Connect Winston-Salem,the City of Winston-Salem,NC,2026-09-21T18:50:29Z,2026-09-28T20:11:11Z,7.056042,False,True,https://api.fususone.com/api/public/organizations/cityofws/stats/
cityofws,totalOwnedCameras,previous,1756,1756,0,0.0,0.0,Connect Winston-Salem,the City of Winston-Salem,NC,2026-09-21T18:50:29Z,2026-09-28T20:11:11Z,7.056042,False,True,https://api.fususone.com/api/public/organizations/cityofws/stats/
cityofws,totalSharedCameras,previous,362,362,0,0.0,0.0,Connect Winston-Salem,the City of Winston-Salem,NC,2026-09-21T18:50:29Z,2026-09-28T20:11:11Z,7.056042,False,True,https://api.fususone.com/api/public/organizations/cityofws/stats/
cityofws,totalMaxCameras,previous,2000,2000,0,0.0,0.0,Connect Winston-Salem,the City of Winston-Salem,NC,2026-09-21T18:50:29Z,2026-09-28T20:11:11Z,7.056042,False,True,https://api.fususone.com/api/public/organizations/cityofws/stats/
cityofws,subscribedCameras,previous,1740,1740,0,0.0,0.0,Connect Winston-Salem,the City of Winston-Salem,NC,2026-09-21T18:50:29Z,2026-09-28T20:11:11Z,7.056042,False,True,https://api.fususone.com/api/public/organizations/cityofws/stats/
claycountysheriff,totalRegisteredCameras,previous,158,158,0,0.0,0.0,Connect Clay County,Clay County,FL,2026-09-21T18:50:30Z,2026-09-28T20:11:12Z,7.056042,False,True,https://api.fususone.com/api/public/organizations/claycountysheriff/stats/
claycountysheriff,totalIntegratedCameras,previous,3391,3391,0,0.0,0.0,Connect Clay County,Clay County,FL,2026-09-21T18:50:30Z,2026-09-28T20:11:12Z,7.056042,False,True,https://api.fususone.com/api/public/organizations/claycountysheriff/stats/
claycountysheriff,totalOwnedCameras,previous,3223,3223,0,0.0,0.0,Connect Clay County,Clay County,FL,2026-09-21T18:50:30Z,2026-09-28T20:11:12Z,7.056042,False,True,https://api.fususone.com/api/public/organizations/claycountysheriff/stats/
claycountysheriff,totalSharedCameras,previous,126,126,0,0.0,0.0,Connect Clay County,Clay County,FL,2026-09-21T18:50:30Z,2026-09-28T20:11:12Z,7.056042,False,True,https://api.fususone.com/api/public/organizations/claycountysheriff/stats/
claycountysheriff,totalMaxCameras,previous,2000,2000,0,0.0,0.0,Connect Clay County,Clay County,FL,2026-09-21T18:50:30Z,2026-09-28T20:11:12Z,7.056042,False,True,https://api.fususone.com/api/public/organizations/claycountysheriff/stats/
claycountysheriff,subscribedCameras,previous,3218,3218,0,0.0,0.0,Connect Clay County,Clay County,FL,2026-09-21T18:50:30Z,2026-09-28T20:11:12Z,7.056042,False,True,https://api.fususone.com/api/public/organizations/claycountysheriff/stats/
claytoncountypd,totalRegisteredCameras,previous,398,398,0,0.0,0.0,Connect Clayton County,Clayton County,GA,2026-09-21T18:50:31Z,2026-09-28T20:11:13Z,7.056042,False,True,https://api.fususone.com/api/public/organizations/claytoncountypd/stats/
claytoncountypd,totalIntegratedCameras,previous,10827,10775,-52,-0.004802807795326498,-51.58699695887095,Connect Clayton County,Clayton County,GA,2026-09-21T18:50:31Z,2026-09-28T20:11:13Z,7.056042,False,True,https://api.fususone.com/api/public/organizations/claytoncountypd/stats/
claytoncountypd,totalOwnedCameras,previous,1025,972,-53,-0.05170731707317073,-52.579054592695385,Connect Clayton County,Clayton County,GA,2026-09-21T18:50:31Z,2026-09-28T20:11:13Z,7.056042,False,True,https://api.fususone.com/api/public/organizations/claytoncountypd/stats/
claytoncountypd,totalSharedCameras,previous,294,294,0,0.0,0.0,Connect Clayton County,Clayton County,GA,2026-09-21T18:50:31Z,2026-09-28T20:11:13Z,7.056042,False,True,https://api.fususone.com/api/public/organizations/claytoncountypd/stats/
claytoncountypd,totalMaxCameras,previous,8814,8814,0,0.0,0.0,Connect Clayton County,Clayton County,GA,2026-09-21T18:50:31Z,2026-09-28T20:11:13Z,7.056042,False,True,https://api.fususone.com/api/public/organizations/claytoncountypd/stats/
claytoncountypd,subscribedCameras,previous,1010,957,-53,-0.05247524752475247,-52.579054592695385,Connect Clayton County,Clayton County,GA,2026-09-21T18:50:31Z,2026-09-28T20:11:13Z,7.056042,False,True,https://api.fususone.com/api/public/organizations/claytoncountypd/stats/
clearwaterpd,totalRegisteredCameras,previous,693,693,0,0.0,0.0,Clearwater Camera Sharing,Clearwater,FL,2026-09-21T18:50:32Z,2026-09-28T20:11:14Z,7.056042,False,True,https://api.fususone.com/api/public/organizations/clearwaterpd/stats/
clearwaterpd,totalIntegratedCameras,previous,912,912,0,0.0,0.0,Clearwater Camera Sharing,Clearwater,FL,2026-09-21T18:50:32Z,2026-09-28T20:11:14Z,7.056042,False,True,https://api.fususone.com/api/public/organizations/clearwaterpd/stats/
clearwaterpd,totalOwnedCameras,previous,842,842,0,0.0,0.0,Clearwater Camera Sharing,Clearwater,FL,2026-09-21T18:50:32Z,2026-09-28T20:11:14Z,7.056042,False,True,https://api.fususone.com/api/public/organizations/clearwaterpd/stats/
clearwaterpd,totalSharedCameras,previous,70,70,0,0.0,0.0,Clearwater Camera Sharing,Clearwater,FL,2026-09-21T18:50:32Z,2026-09-28T20:11:14Z,7.056042,False,True,https://api.fususone.com/api/public/organizations/clearwaterpd/stats/
clearwaterpd,totalMaxCameras,previous,10000,10000,0,0.0,0.0,Clearwater Camera Sharing,Clearwater,FL,2026-09-21T18:50:32Z,2026-09-28T20:11:14Z,7.056042,False,True,https://api.fususone.com/api/public/organizations/clearwaterpd/stats/
clearwaterpd,subscribedCameras,previous,792,792,0,0.0,0.0,Clearwater Camera Sharing,Clearwater,FL,2026-09-21T18:50:32Z,2026-09-28T20:11:14Z,7.056042,False,True,https://api.fususone.com/api/public/organizations/clearwaterpd/stats/
clermontpd,totalRegisteredCameras,previous,74,74,0,0.0,0.0,Connect Clermont,Clermont,FL,2026-09-21T18:50:33Z,2026-09-28T20:11:15Z,7.056042,False,True,https://api.fususone.com/api/public/organizations/clermontpd/stats/
clermontpd,totalIntegratedCameras,previous,664,664,0,0.0,0.0,Connect Clermont,Clermont,FL,2026-09-21T18:50:33Z,2026-09-28T20:11:15Z,7.056042,False,True,https://api.fususone.com/api/public/organizations/clermontpd/stats/
clermontpd,totalOwnedCameras,previous,69,69,0,0.0,0.0,Connect Clermont,Clermont,FL,2026-09-21T18:50:33Z,2026-09-28T20:11:15Z,7.056042,False,True,https://api.fususone.com/api/public/organizations/clermontpd/stats/
clermontpd,totalSharedCameras,previous,595,595,0,0.0,0.0,Connect Clermont,Clermont,FL,2026-09-21T18:50:33Z,2026-09-28T20:11:15Z,7.056042,False,True,https://api.fususone.com/api/public/organizations/clermontpd/stats/
clermontpd,totalMaxCameras,previous,150,150,0,0.0,0.0,Connect Clermont,Clermont,FL,2026-09-21T18:50:33Z,2026-09-28T20:11:15Z,7.056042,False,True,https://api.fususone.com/api/public/organizations/clermontpd/stats/
clermontpd,subscribedCameras,previous,64,64,0,0.0,0.0,Connect Clermont,Clermont,FL,2026-09-21T18:50:33Z,2026-09-28T20:11:15Z,7.056042,False,True,https://api.fususone.com/api/public/organizations/clermontpd/stats/
clevelanddps,totalRegisteredCameras,previous,1763,1765,2,0.0011344299489506524,1.9841152676488825,Safe Smart CLE,Cleveland,OH,2026-09-21T18:50:34Z,2026-09-28T20:11:16Z,7.056042,False,True,https://api.fususone.com/api/public/organizations/clevelanddps/stats/
clevelanddps,totalIntegratedCameras,previous,4169,4169,0,0.0,0.0,Safe Smart CLE,Cleveland,OH,2026-09-21T18:50:34Z,2026-09-28T20:11:16Z,7.056042,False,True,https://api.fususone.com/api/public/organizations/clevelanddps/stats/
clevelanddps,totalOwnedCameras,previous,4050,4050,0,0.0,0.0,Safe Smart CLE,Cleveland,OH,2026-09-21T18:50:34Z,2026-09-28T20:11:16Z,7.056042,False,True,https://api.fususone.com/api/public/organizations/clevelanddps/stats/
clevelanddps,totalSharedCameras,previous,0,0,0,,0.0,Safe Smart CLE,Cleveland,OH,2026-09-21T18:50:34Z,2026-09-28T20:11:16Z,7.056042,True,True,https://api.fususone.com/api/public/organizations/clevelanddps/stats/
clevelanddps,totalMaxCameras,previous,2375,2375,0,0.0,0.0,Safe Smart CLE,Cleveland,OH,2026-09-21T18:50:34Z,2026-09-28T20:11:16Z,7.056042,False,True,https://api.fususone.com/api/public/organizations/clevelanddps/stats/
clevelanddps,subscribedCameras,previous,4053,4053,0,0.0,0.0,Safe Smart CLE,Cleveland,OH,2026-09-21T18:50:34Z,2026-09-28T20:11:16Z,7.056042,False,True,https://api.fususone.com/api/public/organizations/clevelanddps/stats/
clevelandmetroparksoh,totalRegisteredCameras,previous,0,0,0,,0.0,Cleveland Metroparks Connect,Cleveland Metroparks,OH,2026-09-21T18:50:35Z,2026-09-28T20:11:17Z,7.056042,True,True,https://api.fususone.com/api/public/organizations/clevelandmetroparksoh/stats/
clevelandmetroparksoh,totalIntegratedCameras,previous,24,24,0,0.0,0.0,Cleveland Metroparks Connect,Cleveland Metroparks,OH,2026-09-21T18:50:35Z,2026-09-28T20:11:17Z,7.056042,False,True,https://api.fususone.com/api/public/organizations/clevelandmetroparksoh/stats/
clevelandmetroparksoh,totalOwnedCameras,previous,24,24,0,0.0,0.0,Cleveland Metroparks Connect,Cleveland Metroparks,OH,2026-09-21T18:50:35Z,2026-09-28T20:11:17Z,7.056042,False,True,https://api.fususone.com/api/public/organizations/clevelandmetroparksoh/stats/
clevelandmetroparksoh,totalSharedCameras,previous,0,0,0,,0.0,Cleveland Metroparks Connect,Cleveland Metroparks,OH,2026-09-21T18:50:35Z,2026-09-28T20:11:17Z,7.056042,True,True,https://api.fususone.com/api/public/organizations/clevelandmetroparksoh/stats/
clevelandmetroparksoh,totalMaxCameras,previous,0,0,0,,0.0,Cleveland Metroparks Connect,Cleveland Metroparks,OH,2026-09-21T18:50:35Z,2026-09-28T20:11:17Z,7.056042,True,True,https://api.fususone.com/api/public/organizations/clevelandmetroparksoh/stats/
clevelandmetroparksoh,subscribedCameras,previous,24,24,0,0.0,0.0,Cleveland Metroparks Connect,Cleveland Metroparks,OH,2026-09-21T18:50:35Z,2026-09-28T20:11:17Z,7.056042,False,True,https://api.fususone.com/api/public/organizations/clevelandmetroparksoh/stats/
cobbcountypd,totalRegisteredCameras,previous,3545,3547,2,0.0005641748942172073,1.9841152676488825,Connect Cobb ,Cobb County,GA,2026-09-21T18:50:36Z,2026-09-28T20:11:18Z,7.056042,False,True,https://api.fususone.com/api/public/organizations/cobbcountypd/stats/
cobbcountypd,totalIntegratedCameras,previous,12808,12906,98,0.007651467832604622,97.22164811479524,Connect Cobb ,Cobb County,GA,2026-09-21T18:50:36Z,2026-09-28T20:11:18Z,7.056042,False,True,https://api.fususone.com/api/public/organizations/cobbcountypd/stats/
cobbcountypd,totalOwnedCameras,previous,1275,1396,121,0.09490196078431372,120.0389736927574,Connect Cobb ,Cobb County,GA,2026-09-21T18:50:36Z,2026-09-28T20:11:18Z,7.056042,False,True,https://api.fususone.com/api/public/organizations/cobbcountypd/stats/
cobbcountypd,totalSharedCameras,previous,4093,4069,-24,-0.005863669679941363,-23.809383211786592,Connect Cobb ,Cobb County,GA,2026-09-21T18:50:36Z,2026-09-28T20:11:18Z,7.056042,False,True,https://api.fususone.com/api/public/organizations/cobbcountypd/stats/
cobbcountypd,totalMaxCameras,previous,9008,9008,0,0.0,0.0,Connect Cobb ,Cobb County,GA,2026-09-21T18:50:36Z,2026-09-28T20:11:18Z,7.056042,False,True,https://api.fususone.com/api/public/organizations/cobbcountypd/stats/
cobbcountypd,subscribedCameras,previous,997,1021,24,0.024072216649949848,23.809383211786592,Connect Cobb ,Cobb County,GA,2026-09-21T18:50:36Z,2026-09-28T20:11:18Z,7.056042,False,True,https://api.fususone.com/api/public/organizations/cobbcountypd/stats/
collegeparkga,totalRegisteredCameras,previous,0,0,0,,0.0,Connect College Park,College Park,GA,2026-09-21T18:50:37Z,2026-09-28T20:11:19Z,7.056042,True,True,https://api.fususone.com/api/public/organizations/collegeparkga/stats/
collegeparkga,totalIntegratedCameras,previous,10505,10506,1,9.519276534983341e-05,0.9920576338244412,Connect College Park,College Park,GA,2026-09-21T18:50:37Z,2026-09-28T20:11:19Z,7.056042,False,True,https://api.fususone.com/api/public/organizations/collegeparkga/stats/
collegeparkga,totalOwnedCameras,previous,171,171,0,0.0,0.0,Connect College Park,College Park,GA,2026-09-21T18:50:37Z,2026-09-28T20:11:19Z,7.056042,False,True,https://api.fususone.com/api/public/organizations/collegeparkga/stats/
collegeparkga,totalSharedCameras,previous,426,426,0,0.0,0.0,Connect College Park,College Park,GA,2026-09-21T18:50:37Z,2026-09-28T20:11:19Z,7.056042,False,True,https://api.fususone.com/api/public/organizations/collegeparkga/stats/
collegeparkga,totalMaxCameras,previous,2539,2539,0,0.0,0.0,Connect College Park,College Park,GA,2026-09-21T18:50:37Z,2026-09-28T20:11:19Z,7.056042,False,True,https://api.fususone.com/api/public/organizations/collegeparkga/stats/
collegeparkga,subscribedCameras,previous,143,143,0,0.0,0.0,Connect College Park,College Park,GA,2026-09-21T18:50:37Z,2026-09-28T20:11:19Z,7.056042,False,True,https://api.fususone.com/api/public/organizations/collegeparkga/stats/
coloradospringspd,totalRegisteredCameras,previous,1313,1313,0,0.0,0.0,Together COS,Colorado Springs,CO,2026-09-21T18:50:38Z,2026-09-28T20:11:20Z,7.056042,False,True,https://api.fususone.com/api/public/organizations/coloradospringspd/stats/
coloradospringspd,totalIntegratedCameras,previous,1085,1100,15,0.013824884792626729,14.880864507366619,Together COS,Colorado Springs,CO,2026-09-21T18:50:38Z,2026-09-28T20:11:20Z,7.056042,False,True,https://api.fususone.com/api/public/organizations/coloradospringspd/stats/
coloradospringspd,totalOwnedCameras,previous,946,961,15,0.015856236786469344,14.880864507366619,Together COS,Colorado Springs,CO,2026-09-21T18:50:38Z,2026-09-28T20:11:20Z,7.056042,False,True,https://api.fususone.com/api/public/organizations/coloradospringspd/stats/
coloradospringspd,totalSharedCameras,previous,139,139,0,0.0,0.0,Together COS,Colorado Springs,CO,2026-09-21T18:50:38Z,2026-09-28T20:11:20Z,7.056042,False,True,https://api.fususone.com/api/public/organizations/coloradospringspd/stats/
coloradospringspd,totalMaxCameras,previous,750,750,0,0.0,0.0,Together COS,Colorado Springs,CO,2026-09-21T18:50:38Z,2026-09-28T20:11:20Z,7.056042,False,True,https://api.fususone.com/api/public/organizations/coloradospringspd/stats/
coloradospringspd,subscribedCameras,previous,845,860,15,0.01775147928994083,14.880864507366619,Together COS,Colorado Springs,CO,2026-09-21T18:50:38Z,2026-09-28T20:11:20Z,7.056042,False,True,https://api.fususone.com/api/public/organizations/coloradospringspd/stats/
coltonpdca,totalRegisteredCameras,previous,345,348,3,0.008695652173913044,2.976172901473324,Connect Colton,Colton,CA,2026-09-21T18:50:39Z,2026-09-28T20:11:21Z,7.056042,False,True,https://api.fususone.com/api/public/organizations/coltonpdca/stats/
coltonpdca,totalIntegratedCameras,previous,28,28,0,0.0,0.0,Connect Colton,Colton,CA,2026-09-21T18:50:39Z,2026-09-28T20:11:21Z,7.056042,False,True,https://api.fususone.com/api/public/organizations/coltonpdca/stats/
coltonpdca,totalOwnedCameras,previous,19,19,0,0.0,0.0,Connect Colton,Colton,CA,2026-09-21T18:50:39Z,2026-09-28T20:11:21Z,7.056042,False,True,https://api.fususone.com/api/public/organizations/coltonpdca/stats/
coltonpdca,totalSharedCameras,previous,9,9,0,0.0,0.0,Connect Colton,Colton,CA,2026-09-21T18:50:39Z,2026-09-28T20:11:21Z,7.056042,False,True,https://api.fususone.com/api/public/organizations/coltonpdca/stats/
coltonpdca,totalMaxCameras,previous,0,0,0,,0.0,Connect Colton,Colton,CA,2026-09-21T18:50:39Z,2026-09-28T20:11:21Z,7.056042,True,True,https://api.fususone.com/api/public/organizations/coltonpdca/stats/
coltonpdca,subscribedCameras,previous,19,19,0,0.0,0.0,Connect Colton,Colton,CA,2026-09-21T18:50:39Z,2026-09-28T20:11:21Z,7.056042,False,True,https://api.fususone.com/api/public/organizations/coltonpdca/stats/
columbuspdga,totalRegisteredCameras,previous,2439,2443,4,0.0016400164001640015,3.968230535297765,Connect Columbus,"Columbus, Georgia",GA,2026-09-21T18:50:40Z,2026-09-28T20:11:22Z,7.056042,False,True,https://api.fususone.com/api/public/organizations/columbuspdga/stats/
columbuspdga,totalIntegratedCameras,previous,566,566,0,0.0,0.0,Connect Columbus,"Columbus, Georgia",GA,2026-09-21T18:50:40Z,2026-09-28T20:11:22Z,7.056042,False,True,https://api.fususone.com/api/public/organizations/columbuspdga/stats/
columbuspdga,totalOwnedCameras,previous,566,566,0,0.0,0.0,Connect Columbus,"Columbus, Georgia",GA,2026-09-21T18:50:40Z,2026-09-28T20:11:22Z,7.056042,False,True,https://api.fususone.com/api/public/organizations/columbuspdga/stats/
columbuspdga,totalSharedCameras,previous,0,0,0,,0.0,Connect Columbus,"Columbus, Georgia",GA,2026-09-21T18:50:40Z,2026-09-28T20:11:22Z,7.056042,True,True,https://api.fususone.com/api/public/organizations/columbuspdga/stats/
columbuspdga,totalMaxCameras,previous,1500,1500,0,0.0,0.0,Connect Columbus,"Columbus, Georgia",GA,2026-09-21T18:50:40Z,2026-09-28T20:11:22Z,7.056042,False,True,https://api.fususone.com/api/public/organizations/columbuspdga/stats/
columbuspdga,subscribedCameras,previous,557,557,0,0.0,0.0,Connect Columbus,"Columbus, Georgia",GA,2026-09-21T18:50:40Z,2026-09-28T20:11:22Z,7.056042,False,True,https://api.fususone.com/api/public/organizations/columbuspdga/stats/
connectnewportrichey,totalRegisteredCameras,previous,6,6,0,0.0,0.0,Connect New Port Richey,New Port Richey,FL,2026-09-21T18:50:41Z,2026-09-28T20:11:23Z,7.056042,False,True,https://api.fususone.com/api/public/organizations/connectnewportrichey/stats/
connectnewportrichey,totalIntegratedCameras,previous,8,8,0,0.0,0.0,Connect New Port Richey,New Port Richey,FL,2026-09-21T18:50:41Z,2026-09-28T20:11:23Z,7.056042,False,True,https://api.fususone.com/api/public/organizations/connectnewportrichey/stats/
connectnewportrichey,totalOwnedCameras,previous,8,8,0,0.0,0.0,Connect New Port Richey,New Port Richey,FL,2026-09-21T18:50:41Z,2026-09-28T20:11:23Z,7.056042,False,True,https://api.fususone.com/api/public/organizations/connectnewportrichey/stats/
connectnewportrichey,totalSharedCameras,previous,0,0,0,,0.0,Connect New Port Richey,New Port Richey,FL,2026-09-21T18:50:41Z,2026-09-28T20:11:23Z,7.056042,True,True,https://api.fususone.com/api/public/organizations/connectnewportrichey/stats/
connectnewportrichey,totalMaxCameras,previous,0,0,0,,0.0,Connect New Port Richey,New Port Richey,FL,2026-09-21T18:50:41Z,2026-09-28T20:11:23Z,7.056042,True,True,https://api.fususone.com/api/public/organizations/connectnewportrichey/stats/
connectnewportrichey,subscribedCameras,previous,8,8,0,0.0,0.0,Connect New Port Richey,New Port Richey,FL,2026-09-21T18:50:41Z,2026-09-28T20:11:23Z,7.056042,False,True,https://api.fususone.com/api/public/organizations/connectnewportrichey/stats/
connecttallahassee,totalRegisteredCameras,previous,253,253,0,0.0,0.0,Connect Tallahassee,Tallahassee,FL,2026-09-21T18:50:42Z,2026-09-28T20:11:24Z,7.056042,False,True,https://api.fususone.com/api/public/organizations/connecttallahassee/stats/
connecttallahassee,totalIntegratedCameras,previous,369,369,0,0.0,0.0,Connect Tallahassee,Tallahassee,FL,2026-09-21T18:50:42Z,2026-09-28T20:11:24Z,7.056042,False,True,https://api.fususone.com/api/public/organizations/connecttallahassee/stats/
connecttallahassee,totalOwnedCameras,previous,369,369,0,0.0,0.0,Connect Tallahassee,Tallahassee,FL,2026-09-21T18:50:42Z,2026-09-28T20:11:24Z,7.056042,False,True,https://api.fususone.com/api/public/organizations/connecttallahassee/stats/
connecttallahassee,totalSharedCameras,previous,0,0,0,,0.0,Connect Tallahassee,Tallahassee,FL,2026-09-21T18:50:42Z,2026-09-28T20:11:24Z,7.056042,True,True,https://api.fususone.com/api/public/organizations/connecttallahassee/stats/
connecttallahassee,totalMaxCameras,previous,1500,1500,0,0.0,0.0,Connect Tallahassee,Tallahassee,FL,2026-09-21T18:50:42Z,2026-09-28T20:11:24Z,7.056042,False,True,https://api.fususone.com/api/public/organizations/connecttallahassee/stats/
connecttallahassee,subscribedCameras,previous,349,349,0,0.0,0.0,Connect Tallahassee,Tallahassee,FL,2026-09-21T18:50:42Z,2026-09-28T20:11:24Z,7.056042,False,True,https://api.fususone.com/api/public/organizations/connecttallahassee/stats/
covinapdca,totalRegisteredCameras,previous,15,27,12,0.8,11.904691605893296,SaferCovina,Covina,CA,2026-09-21T18:50:43Z,2026-09-28T20:11:25Z,7.056042,False,True,https://api.fususone.com/api/public/organizations/covinapdca/stats/
covinapdca,totalIntegratedCameras,previous,2,2,0,0.0,0.0,SaferCovina,Covina,CA,2026-09-21T18:50:43Z,2026-09-28T20:11:25Z,7.056042,False,True,https://api.fususone.com/api/public/organizations/covinapdca/stats/
covinapdca,totalOwnedCameras,previous,2,2,0,0.0,0.0,SaferCovina,Covina,CA,2026-09-21T18:50:43Z,2026-09-28T20:11:25Z,7.056042,False,True,https://api.fususone.com/api/public/organizations/covinapdca/stats/
covinapdca,totalSharedCameras,previous,0,0,0,,0.0,SaferCovina,Covina,CA,2026-09-21T18:50:43Z,2026-09-28T20:11:25Z,7.056042,True,True,https://api.fususone.com/api/public/organizations/covinapdca/stats/
covinapdca,totalMaxCameras,previous,150,150,0,0.0,0.0,SaferCovina,Covina,CA,2026-09-21T18:50:43Z,2026-09-28T20:11:25Z,7.056042,False,True,https://api.fususone.com/api/public/organizations/covinapdca/stats/
covinapdca,subscribedCameras,previous,0,0,0,,0.0,SaferCovina,Covina,CA,2026-09-21T18:50:43Z,2026-09-28T20:11:25Z,7.056042,True,True,https://api.fususone.com/api/public/organizations/covinapdca/stats/
crestviewpdfl,totalRegisteredCameras,previous,0,0,0,,0.0,Connect Crestview,Crestview,FL,2026-09-21T18:50:44Z,2026-09-28T20:11:26Z,7.056042,True,True,https://api.fususone.com/api/public/organizations/crestviewpdfl/stats/
crestviewpdfl,totalIntegratedCameras,previous,52,52,0,0.0,0.0,Connect Crestview,Crestview,FL,2026-09-21T18:50:44Z,2026-09-28T20:11:26Z,7.056042,False,True,https://api.fususone.com/api/public/organizations/crestviewpdfl/stats/
crestviewpdfl,totalOwnedCameras,previous,52,52,0,0.0,0.0,Connect Crestview,Crestview,FL,2026-09-21T18:50:44Z,2026-09-28T20:11:26Z,7.056042,False,True,https://api.fususone.com/api/public/organizations/crestviewpdfl/stats/
crestviewpdfl,totalSharedCameras,previous,0,0,0,,0.0,Connect Crestview,Crestview,FL,2026-09-21T18:50:44Z,2026-09-28T20:11:26Z,7.056042,True,True,https://api.fususone.com/api/public/organizations/crestviewpdfl/stats/
crestviewpdfl,totalMaxCameras,previous,0,0,0,,0.0,Connect Crestview,Crestview,FL,2026-09-21T18:50:44Z,2026-09-28T20:11:26Z,7.056042,True,True,https://api.fususone.com/api/public/organizations/crestviewpdfl/stats/
crestviewpdfl,subscribedCameras,previous,20,20,0,0.0,0.0,Connect Crestview,Crestview,FL,2026-09-21T18:50:44Z,2026-09-28T20:11:26Z,7.056042,False,True,https://api.fususone.com/api/public/organizations/crestviewpdfl/stats/
crestwoodpdil,totalRegisteredCameras,previous,0,0,0,,0.0,Connect Crestwood,Crestwood,MN,2026-09-21T18:50:45Z,2026-09-28T20:11:27Z,7.056042,True,True,https://api.fususone.com/api/public/organizations/crestwoodpdil/stats/
crestwoodpdil,totalIntegratedCameras,previous,90,90,0,0.0,0.0,Connect Crestwood,Crestwood,MN,2026-09-21T18:50:45Z,2026-09-28T20:11:27Z,7.056042,False,True,https://api.fususone.com/api/public/organizations/crestwoodpdil/stats/
crestwoodpdil,totalOwnedCameras,previous,4,4,0,0.0,0.0,Connect Crestwood,Crestwood,MN,2026-09-21T18:50:45Z,2026-09-28T20:11:27Z,7.056042,False,True,https://api.fususone.com/api/public/organizations/crestwoodpdil/stats/
crestwoodpdil,totalSharedCameras,previous,86,86,0,0.0,0.0,Connect Crestwood,Crestwood,MN,2026-09-21T18:50:45Z,2026-09-28T20:11:27Z,7.056042,False,True,https://api.fususone.com/api/public/organizations/crestwoodpdil/stats/
crestwoodpdil,totalMaxCameras,previous,0,0,0,,0.0,Connect Crestwood,Crestwood,MN,2026-09-21T18:50:45Z,2026-09-28T20:11:27Z,7.056042,True,True,https://api.fususone.com/api/public/organizations/crestwoodpdil/stats/
crestwoodpdil,subscribedCameras,previous,0,0,0,,0.0,Connect Crestwood,Crestwood,MN,2026-09-21T18:50:45Z,2026-09-28T20:11:27Z,7.056042,True,True,https://api.fususone.com/api/public/organizations/crestwoodpdil/stats/
cummingpdga,totalRegisteredCameras,previous,5,5,0,0.0,0.0,Connect Cumming,Cumming,GA,2026-09-21T18:50:46Z,2026-09-28T20:11:28Z,7.056042,False,True,https://api.fususone.com/api/public/organizations/cummingpdga/stats/
cummingpdga,totalIntegratedCameras,previous,3094,3105,11,0.003555268261150614,10.912633972068853,Connect Cumming,Cumming,GA,2026-09-21T18:50:46Z,2026-09-28T20:11:28Z,7.056042,False,True,https://api.fususone.com/api/public/organizations/cummingpdga/stats/
cummingpdga,totalOwnedCameras,previous,167,177,10,0.059880239520958084,9.920576338244413,Connect Cumming,Cumming,GA,2026-09-21T18:50:46Z,2026-09-28T20:11:28Z,7.056042,False,True,https://api.fususone.com/api/public/organizations/cummingpdga/stats/
cummingpdga,totalSharedCameras,previous,367,367,0,0.0,0.0,Connect Cumming,Cumming,GA,2026-09-21T18:50:46Z,2026-09-28T20:11:28Z,7.056042,False,True,https://api.fususone.com/api/public/organizations/cummingpdga/stats/
cummingpdga,totalMaxCameras,previous,1500,1500,0,0.0,0.0,Connect Cumming,Cumming,GA,2026-09-21T18:50:46Z,2026-09-28T20:11:28Z,7.056042,False,True,https://api.fususone.com/api/public/organizations/cummingpdga/stats/
cummingpdga,subscribedCameras,previous,149,159,10,0.06711409395973154,9.920576338244413,Connect Cumming,Cumming,GA,2026-09-21T18:50:46Z,2026-09-28T20:11:28Z,7.056042,False,True,https://api.fususone.com/api/public/organizations/cummingpdga/stats/
dallaspd,totalRegisteredCameras,previous,4054,4054,0,0.0,0.0,Connect Dallas,Dallas,TX,2026-09-21T18:50:47Z,2026-09-28T20:11:29Z,7.056042,False,True,https://api.fususone.com/api/public/organizations/dallaspd/stats/
dallaspd,totalIntegratedCameras,previous,1493,1495,2,0.0013395847287340924,1.9841152676488825,Connect Dallas,Dallas,TX,2026-09-21T18:50:47Z,2026-09-28T20:11:29Z,7.056042,False,True,https://api.fususone.com/api/public/organizations/dallaspd/stats/
dallaspd,totalOwnedCameras,previous,1134,1136,2,0.001763668430335097,1.9841152676488825,Connect Dallas,Dallas,TX,2026-09-21T18:50:47Z,2026-09-28T20:11:29Z,7.056042,False,True,https://api.fususone.com/api/public/organizations/dallaspd/stats/
dallaspd,totalSharedCameras,previous,358,358,0,0.0,0.0,Connect Dallas,Dallas,TX,2026-09-21T18:50:47Z,2026-09-28T20:11:29Z,7.056042,False,True,https://api.fususone.com/api/public/organizations/dallaspd/stats/
dallaspd,totalMaxCameras,previous,1500,1500,0,0.0,0.0,Connect Dallas,Dallas,TX,2026-09-21T18:50:47Z,2026-09-28T20:11:29Z,7.056042,False,True,https://api.fususone.com/api/public/organizations/dallaspd/stats/
dallaspd,subscribedCameras,previous,1040,1040,0,0.0,0.0,Connect Dallas,Dallas,TX,2026-09-21T18:50:47Z,2026-09-28T20:11:29Z,7.056042,False,True,https://api.fususone.com/api/public/organizations/dallaspd/stats/
dalycitypdca,totalRegisteredCameras,previous,29,29,0,0.0,0.0,Connect Daly City,Daly City,CA,2026-09-21T18:50:48Z,2026-09-28T20:11:30Z,7.056042,False,True,https://api.fususone.com/api/public/organizations/dalycitypdca/stats/
dalycitypdca,totalIntegratedCameras,previous,87,87,0,0.0,0.0,Connect Daly City,Daly City,CA,2026-09-21T18:50:48Z,2026-09-28T20:11:30Z,7.056042,False,True,https://api.fususone.com/api/public/organizations/dalycitypdca/stats/
dalycitypdca,totalOwnedCameras,previous,46,46,0,0.0,0.0,Connect Daly City,Daly City,CA,2026-09-21T18:50:48Z,2026-09-28T20:11:30Z,7.056042,False,True,https://api.fususone.com/api/public/organizations/dalycitypdca/stats/
dalycitypdca,totalSharedCameras,previous,41,41,0,0.0,0.0,Connect Daly City,Daly City,CA,2026-09-21T18:50:48Z,2026-09-28T20:11:30Z,7.056042,False,True,https://api.fususone.com/api/public/organizations/dalycitypdca/stats/
dalycitypdca,totalMaxCameras,previous,450,450,0,0.0,0.0,Connect Daly City,Daly City,CA,2026-09-21T18:50:48Z,2026-09-28T20:11:30Z,7.056042,False,True,https://api.fususone.com/api/public/organizations/dalycitypdca/stats/
dalycitypdca,subscribedCameras,previous,15,15,0,0.0,0.0,Connect Daly City,Daly City,CA,2026-09-21T18:50:48Z,2026-09-28T20:11:30Z,7.056042,False,True,https://api.fususone.com/api/public/organizations/dalycitypdca/stats/
danvillepd,totalRegisteredCameras,previous,418,418,0,0.0,0.0,"One Community, Connect Danville",Danville,VA,2026-09-21T18:50:49Z,2026-09-28T20:11:31Z,7.056042,False,True,https://api.fususone.com/api/public/organizations/danvillepd/stats/
danvillepd,totalIntegratedCameras,previous,1755,1755,0,0.0,0.0,"One Community, Connect Danville",Danville,VA,2026-09-21T18:50:49Z,2026-09-28T20:11:31Z,7.056042,False,True,https://api.fususone.com/api/public/organizations/danvillepd/stats/
danvillepd,totalOwnedCameras,previous,342,342,0,0.0,0.0,"One Community, Connect Danville",Danville,VA,2026-09-21T18:50:49Z,2026-09-28T20:11:31Z,7.056042,False,True,https://api.fususone.com/api/public/organizations/danvillepd/stats/
danvillepd,totalSharedCameras,previous,1413,1413,0,0.0,0.0,"One Community, Connect Danville",Danville,VA,2026-09-21T18:50:49Z,2026-09-28T20:11:31Z,7.056042,False,True,https://api.fususone.com/api/public/organizations/danvillepd/stats/
danvillepd,totalMaxCameras,previous,500,500,0,0.0,0.0,"One Community, Connect Danville",Danville,VA,2026-09-21T18:50:49Z,2026-09-28T20:11:31Z,7.056042,False,True,https://api.fususone.com/api/public/organizations/danvillepd/stats/
danvillepd,subscribedCameras,previous,341,341,0,0.0,0.0,"One Community, Connect Danville",Danville,VA,2026-09-21T18:50:49Z,2026-09-28T20:11:31Z,7.056042,False,True,https://api.fususone.com/api/public/organizations/danvillepd/stats/
dbsfl,totalRegisteredCameras,previous,3,3,0,0.0,0.0,Connect Daytona Beach Shores,Daytona Beach Shores,FL,2026-09-21T18:50:50Z,2026-09-28T20:11:32Z,7.056042,False,True,https://api.fususone.com/api/public/organizations/dbsfl/stats/
dbsfl,totalIntegratedCameras,previous,72,72,0,0.0,0.0,Connect Daytona Beach Shores,Daytona Beach Shores,FL,2026-09-21T18:50:50Z,2026-09-28T20:11:32Z,7.056042,False,True,https://api.fususone.com/api/public/organizations/dbsfl/stats/
dbsfl,totalOwnedCameras,previous,72,72,0,0.0,0.0,Connect Daytona Beach Shores,Daytona Beach Shores,FL,2026-09-21T18:50:50Z,2026-09-28T20:11:32Z,7.056042,False,True,https://api.fususone.com/api/public/organizations/dbsfl/stats/
dbsfl,totalSharedCameras,previous,0,0,0,,0.0,Connect Daytona Beach Shores,Daytona Beach Shores,FL,2026-09-21T18:50:50Z,2026-09-28T20:11:32Z,7.056042,True,True,https://api.fususone.com/api/public/organizations/dbsfl/stats/
dbsfl,totalMaxCameras,previous,0,0,0,,0.0,Connect Daytona Beach Shores,Daytona Beach Shores,FL,2026-09-21T18:50:50Z,2026-09-28T20:11:32Z,7.056042,True,True,https://api.fususone.com/api/public/organizations/dbsfl/stats/
dbsfl,subscribedCameras,previous,70,70,0,0.0,0.0,Connect Daytona Beach Shores,Daytona Beach Shores,FL,2026-09-21T18:50:50Z,2026-09-28T20:11:32Z,7.056042,False,True,https://api.fususone.com/api/public/organizations/dbsfl/stats/
dcmetro,totalRegisteredCameras,previous,44140,44179,39,0.000883552333484368,38.69024771915321,CameraConnectDC,Washington DC,DC,2026-09-21T18:50:51Z,2026-09-28T20:11:33Z,7.056042,False,True,https://api.fususone.com/api/public/organizations/dcmetro/stats/
dcmetro,totalIntegratedCameras,previous,1454,1454,0,0.0,0.0,CameraConnectDC,Washington DC,DC,2026-09-21T18:50:51Z,2026-09-28T20:11:33Z,7.056042,False,True,https://api.fususone.com/api/public/organizations/dcmetro/stats/
dcmetro,totalOwnedCameras,previous,1259,1259,0,0.0,0.0,CameraConnectDC,Washington DC,DC,2026-09-21T18:50:51Z,2026-09-28T20:11:33Z,7.056042,False,True,https://api.fususone.com/api/public/organizations/dcmetro/stats/
dcmetro,totalSharedCameras,previous,119,119,0,0.0,0.0,CameraConnectDC,Washington DC,DC,2026-09-21T18:50:51Z,2026-09-28T20:11:33Z,7.056042,False,True,https://api.fususone.com/api/public/organizations/dcmetro/stats/
dcmetro,totalMaxCameras,previous,4500,4500,0,0.0,0.0,CameraConnectDC,Washington DC,DC,2026-09-21T18:50:51Z,2026-09-28T20:11:33Z,7.056042,False,True,https://api.fususone.com/api/public/organizations/dcmetro/stats/
dcmetro,subscribedCameras,previous,1127,1127,0,0.0,0.0,CameraConnectDC,Washington DC,DC,2026-09-21T18:50:51Z,2026-09-28T20:11:33Z,7.056042,False,True,https://api.fususone.com/api/public/organizations/dcmetro/stats/
dealpdnj,totalRegisteredCameras,previous,322,322,0,0.0,0.0,Connect Deal,Deal,NJ,2026-09-21T18:50:52Z,2026-09-28T20:11:34Z,7.056042,False,True,https://api.fususone.com/api/public/organizations/dealpdnj/stats/
dealpdnj,totalIntegratedCameras,previous,976,976,0,0.0,0.0,Connect Deal,Deal,NJ,2026-09-21T18:50:52Z,2026-09-28T20:11:34Z,7.056042,False,True,https://api.fususone.com/api/public/organizations/dealpdnj/stats/
dealpdnj,totalOwnedCameras,previous,224,224,0,0.0,0.0,Connect Deal,Deal,NJ,2026-09-21T18:50:52Z,2026-09-28T20:11:34Z,7.056042,False,True,https://api.fususone.com/api/public/organizations/dealpdnj/stats/
dealpdnj,totalSharedCameras,previous,0,0,0,,0.0,Connect Deal,Deal,NJ,2026-09-21T18:50:52Z,2026-09-28T20:11:34Z,7.056042,True,True,https://api.fususone.com/api/public/organizations/dealpdnj/stats/
dealpdnj,totalMaxCameras,previous,0,0,0,,0.0,Connect Deal,Deal,NJ,2026-09-21T18:50:52Z,2026-09-28T20:11:34Z,7.056042,True,True,https://api.fususone.com/api/public/organizations/dealpdnj/stats/
dealpdnj,subscribedCameras,previous,224,224,0,0.0,0.0,Connect Deal,Deal,NJ,2026-09-21T18:50:52Z,2026-09-28T20:11:34Z,7.056042,False,True,https://api.fususone.com/api/public/organizations/dealpdnj/stats/
dearbornpdmi,totalRegisteredCameras,previous,689,689,0,0.0,0.0,Connect Dearborn,Dearborn,MI,2026-09-21T18:50:53Z,2026-09-28T20:11:35Z,7.056042,False,True,https://api.fususone.com/api/public/organizations/dearbornpdmi/stats/
dearbornpdmi,totalIntegratedCameras,previous,679,685,6,0.008836524300441826,5.952345802946648,Connect Dearborn,Dearborn,MI,2026-09-21T18:50:53Z,2026-09-28T20:11:35Z,7.056042,False,True,https://api.fususone.com/api/public/organizations/dearbornpdmi/stats/
dearbornpdmi,totalOwnedCameras,previous,518,524,6,0.011583011583011582,5.952345802946648,Connect Dearborn,Dearborn,MI,2026-09-21T18:50:53Z,2026-09-28T20:11:35Z,7.056042,False,True,https://api.fususone.com/api/public/organizations/dearbornpdmi/stats/
dearbornpdmi,totalSharedCameras,previous,4,4,0,0.0,0.0,Connect Dearborn,Dearborn,MI,2026-09-21T18:50:53Z,2026-09-28T20:11:35Z,7.056042,False,True,https://api.fususone.com/api/public/organizations/dearbornpdmi/stats/
dearbornpdmi,totalMaxCameras,previous,1500,1500,0,0.0,0.0,Connect Dearborn,Dearborn,MI,2026-09-21T18:50:53Z,2026-09-28T20:11:35Z,7.056042,False,True,https://api.fususone.com/api/public/organizations/dearbornpdmi/stats/
dearbornpdmi,subscribedCameras,previous,504,510,6,0.011904761904761904,5.952345802946648,Connect Dearborn,Dearborn,MI,2026-09-21T18:50:53Z,2026-09-28T20:11:35Z,7.056042,False,True,https://api.fususone.com/api/public/organizations/dearbornpdmi/stats/
dekalbcountyga,totalRegisteredCameras,previous,3523,3533,10,0.002838489923360772,9.920576338244413,Connect DeKalb County,DeKalb County,GA,2026-09-21T18:50:54Z,2026-09-28T20:11:36Z,7.056042,False,True,https://api.fususone.com/api/public/organizations/dekalbcountyga/stats/
dekalbcountyga,totalIntegratedCameras,previous,9123,9123,0,0.0,0.0,Connect DeKalb County,DeKalb County,GA,2026-09-21T18:50:54Z,2026-09-28T20:11:36Z,7.056042,False,True,https://api.fususone.com/api/public/organizations/dekalbcountyga/stats/
dekalbcountyga,totalOwnedCameras,previous,901,901,0,0.0,0.0,Connect DeKalb County,DeKalb County,GA,2026-09-21T18:50:54Z,2026-09-28T20:11:36Z,7.056042,False,True,https://api.fususone.com/api/public/organizations/dekalbcountyga/stats/
dekalbcountyga,totalSharedCameras,previous,44,44,0,0.0,0.0,Connect DeKalb County,DeKalb County,GA,2026-09-21T18:50:54Z,2026-09-28T20:11:36Z,7.056042,False,True,https://api.fususone.com/api/public/organizations/dekalbcountyga/stats/
dekalbcountyga,totalMaxCameras,previous,1500,1500,0,0.0,0.0,Connect DeKalb County,DeKalb County,GA,2026-09-21T18:50:54Z,2026-09-28T20:11:36Z,7.056042,False,True,https://api.fususone.com/api/public/organizations/dekalbcountyga/stats/
dekalbcountyga,subscribedCameras,previous,751,751,0,0.0,0.0,Connect DeKalb County,DeKalb County,GA,2026-09-21T18:50:54Z,2026-09-28T20:11:36Z,7.056042,False,True,https://api.fususone.com/api/public/organizations/dekalbcountyga/stats/
delraybeach,totalRegisteredCameras,previous,887,887,0,0.0,0.0,Connect Delray Beach,Delray Beach,FL,2026-09-21T18:50:55Z,2026-09-28T20:11:37Z,7.056042,False,True,https://api.fususone.com/api/public/organizations/delraybeach/stats/
delraybeach,totalIntegratedCameras,previous,523,523,0,0.0,0.0,Connect Delray Beach,Delray Beach,FL,2026-09-21T18:50:55Z,2026-09-28T20:11:37Z,7.056042,False,True,https://api.fususone.com/api/public/organizations/delraybeach/stats/
delraybeach,totalOwnedCameras,previous,297,297,0,0.0,0.0,Connect Delray Beach,Delray Beach,FL,2026-09-21T18:50:55Z,2026-09-28T20:11:37Z,7.056042,False,True,https://api.fususone.com/api/public/organizations/delraybeach/stats/
delraybeach,totalSharedCameras,previous,0,0,0,,0.0,Connect Delray Beach,Delray Beach,FL,2026-09-21T18:50:55Z,2026-09-28T20:11:37Z,7.056042,True,True,https://api.fususone.com/api/public/organizations/delraybeach/stats/
delraybeach,totalMaxCameras,previous,500,500,0,0.0,0.0,Connect Delray Beach,Delray Beach,FL,2026-09-21T18:50:55Z,2026-09-28T20:11:37Z,7.056042,False,True,https://api.fususone.com/api/public/organizations/delraybeach/stats/
delraybeach,subscribedCameras,previous,286,286,0,0.0,0.0,Connect Delray Beach,Delray Beach,FL,2026-09-21T18:50:55Z,2026-09-28T20:11:37Z,7.056042,False,True,https://api.fususone.com/api/public/organizations/delraybeach/stats/
dentonpdtx,totalRegisteredCameras,previous,2,12,10,5.0,9.920576338244413,Denton Connects,Denton,TX,2026-09-21T18:50:56Z,2026-09-28T20:11:38Z,7.056042,False,True,https://api.fususone.com/api/public/organizations/dentonpdtx/stats/
dentonpdtx,totalIntegratedCameras,previous,186,190,4,0.021505376344086023,3.968230535297765,Denton Connects,Denton,TX,2026-09-21T18:50:56Z,2026-09-28T20:11:38Z,7.056042,False,True,https://api.fususone.com/api/public/organizations/dentonpdtx/stats/
dentonpdtx,totalOwnedCameras,previous,186,190,4,0.021505376344086023,3.968230535297765,Denton Connects,Denton,TX,2026-09-21T18:50:56Z,2026-09-28T20:11:38Z,7.056042,False,True,https://api.fususone.com/api/public/organizations/dentonpdtx/stats/
dentonpdtx,totalSharedCameras,previous,0,0,0,,0.0,Denton Connects,Denton,TX,2026-09-21T18:50:56Z,2026-09-28T20:11:38Z,7.056042,True,True,https://api.fususone.com/api/public/organizations/dentonpdtx/stats/
dentonpdtx,totalMaxCameras,previous,0,0,0,,0.0,Denton Connects,Denton,TX,2026-09-21T18:50:56Z,2026-09-28T20:11:38Z,7.056042,True,True,https://api.fususone.com/api/public/organizations/dentonpdtx/stats/
dentonpdtx,subscribedCameras,previous,183,183,0,0.0,0.0,Denton Connects,Denton,TX,2026-09-21T18:50:56Z,2026-09-28T20:11:38Z,7.056042,False,True,https://api.fususone.com/api/public/organizations/dentonpdtx/stats/
dothanpd,totalRegisteredCameras,previous,0,0,0,,0.0,Connect Dothan,Dothan,AL,2026-09-21T18:50:57Z,2026-09-28T20:11:39Z,7.056042,True,True,https://api.fususone.com/api/public/organizations/dothanpd/stats/
dothanpd,totalIntegratedCameras,previous,182,180,-2,-0.01098901098901099,-1.9841152676488825,Connect Dothan,Dothan,AL,2026-09-21T18:50:57Z,2026-09-28T20:11:39Z,7.056042,False,True,https://api.fususone.com/api/public/organizations/dothanpd/stats/
dothanpd,totalOwnedCameras,previous,182,180,-2,-0.01098901098901099,-1.9841152676488825,Connect Dothan,Dothan,AL,2026-09-21T18:50:57Z,2026-09-28T20:11:39Z,7.056042,False,True,https://api.fususone.com/api/public/organizations/dothanpd/stats/
dothanpd,totalSharedCameras,previous,0,0,0,,0.0,Connect Dothan,Dothan,AL,2026-09-21T18:50:57Z,2026-09-28T20:11:39Z,7.056042,True,True,https://api.fususone.com/api/public/organizations/dothanpd/stats/
dothanpd,totalMaxCameras,previous,0,0,0,,0.0,Connect Dothan,Dothan,AL,2026-09-21T18:50:57Z,2026-09-28T20:11:39Z,7.056042,True,True,https://api.fususone.com/api/public/organizations/dothanpd/stats/
dothanpd,subscribedCameras,previous,174,174,0,0.0,0.0,Connect Dothan,Dothan,AL,2026-09-21T18:50:57Z,2026-09-28T20:11:39Z,7.056042,False,True,https://api.fususone.com/api/public/organizations/dothanpd/stats/
douglascountysonv,totalRegisteredCameras,previous,0,0,0,,0.0,Safer Douglas County,Douglas County,NV,2026-09-21T18:50:58Z,2026-09-28T20:11:40Z,7.056042,True,True,https://api.fususone.com/api/public/organizations/douglascountysonv/stats/
douglascountysonv,totalIntegratedCameras,previous,50,50,0,0.0,0.0,Safer Douglas County,Douglas County,NV,2026-09-21T18:50:58Z,2026-09-28T20:11:40Z,7.056042,False,True,https://api.fususone.com/api/public/organizations/douglascountysonv/stats/
douglascountysonv,totalOwnedCameras,previous,50,50,0,0.0,0.0,Safer Douglas County,Douglas County,NV,2026-09-21T18:50:58Z,2026-09-28T20:11:40Z,7.056042,False,True,https://api.fususone.com/api/public/organizations/douglascountysonv/stats/
douglascountysonv,totalSharedCameras,previous,0,0,0,,0.0,Safer Douglas County,Douglas County,NV,2026-09-21T18:50:58Z,2026-09-28T20:11:40Z,7.056042,True,True,https://api.fususone.com/api/public/organizations/douglascountysonv/stats/
douglascountysonv,totalMaxCameras,previous,100,100,0,0.0,0.0,Safer Douglas County,Douglas County,NV,2026-09-21T18:50:58Z,2026-09-28T20:11:40Z,7.056042,False,True,https://api.fususone.com/api/public/organizations/douglascountysonv/stats/
douglascountysonv,subscribedCameras,previous,50,50,0,0.0,0.0,Safer Douglas County,Douglas County,NV,2026-09-21T18:50:58Z,2026-09-28T20:11:40Z,7.056042,False,True,https://api.fususone.com/api/public/organizations/douglascountysonv/stats/
douglasvillepolice,totalRegisteredCameras,previous,260,260,0,0.0,0.0,Connect Douglasville,Douglasville ,GA,2026-09-21T18:50:59Z,2026-09-28T20:11:41Z,7.056042,False,True,https://api.fususone.com/api/public/organizations/douglasvillepolice/stats/
douglasvillepolice,totalIntegratedCameras,previous,12889,12890,1,7.758553805570642e-05,0.9920576338244412,Connect Douglasville,Douglasville ,GA,2026-09-21T18:50:59Z,2026-09-28T20:11:41Z,7.056042,False,True,https://api.fususone.com/api/public/organizations/douglasvillepolice/stats/
douglasvillepolice,totalOwnedCameras,previous,397,397,0,0.0,0.0,Connect Douglasville,Douglasville ,GA,2026-09-21T18:50:59Z,2026-09-28T20:11:41Z,7.056042,False,True,https://api.fususone.com/api/public/organizations/douglasvillepolice/stats/
douglasvillepolice,totalSharedCameras,previous,3354,3354,0,0.0,0.0,Connect Douglasville,Douglasville ,GA,2026-09-21T18:50:59Z,2026-09-28T20:11:41Z,7.056042,False,True,https://api.fususone.com/api/public/organizations/douglasvillepolice/stats/
douglasvillepolice,totalMaxCameras,previous,10000,10000,0,0.0,0.0,Connect Douglasville,Douglasville ,GA,2026-09-21T18:50:59Z,2026-09-28T20:11:41Z,7.056042,False,True,https://api.fususone.com/api/public/organizations/douglasvillepolice/stats/
douglasvillepolice,subscribedCameras,previous,397,397,0,0.0,0.0,Connect Douglasville,Douglasville ,GA,2026-09-21T18:50:59Z,2026-09-28T20:11:41Z,7.056042,False,True,https://api.fususone.com/api/public/organizations/douglasvillepolice/stats/
duncanvillepdtx,totalRegisteredCameras,previous,15,15,0,0.0,0.0,Connect Duncanville,Duncanville,TX,2026-09-21T18:51:00Z,2026-09-28T20:11:42Z,7.056042,False,True,https://api.fususone.com/api/public/organizations/duncanvillepdtx/stats/
duncanvillepdtx,totalIntegratedCameras,previous,128,128,0,0.0,0.0,Connect Duncanville,Duncanville,TX,2026-09-21T18:51:00Z,2026-09-28T20:11:42Z,7.056042,False,True,https://api.fususone.com/api/public/organizations/duncanvillepdtx/stats/
duncanvillepdtx,totalOwnedCameras,previous,120,120,0,0.0,0.0,Connect Duncanville,Duncanville,TX,2026-09-21T18:51:00Z,2026-09-28T20:11:42Z,7.056042,False,True,https://api.fususone.com/api/public/organizations/duncanvillepdtx/stats/
duncanvillepdtx,totalSharedCameras,previous,8,8,0,0.0,0.0,Connect Duncanville,Duncanville,TX,2026-09-21T18:51:00Z,2026-09-28T20:11:42Z,7.056042,False,True,https://api.fususone.com/api/public/organizations/duncanvillepdtx/stats/
duncanvillepdtx,totalMaxCameras,previous,0,0,0,,0.0,Connect Duncanville,Duncanville,TX,2026-09-21T18:51:00Z,2026-09-28T20:11:42Z,7.056042,True,True,https://api.fususone.com/api/public/organizations/duncanvillepdtx/stats/
duncanvillepdtx,subscribedCameras,previous,116,116,0,0.0,0.0,Connect Duncanville,Duncanville,TX,2026-09-21T18:51:00Z,2026-09-28T20:11:42Z,7.056042,False,True,https://api.fususone.com/api/public/organizations/duncanvillepdtx/stats/
eaganpdmn,totalRegisteredCameras,previous,21,21,0,0.0,0.0,Connect Eagan,Eagan,MN,2026-09-21T18:51:01Z,2026-09-28T20:11:43Z,7.056042,False,True,https://api.fususone.com/api/public/organizations/eaganpdmn/stats/
eaganpdmn,totalIntegratedCameras,previous,76,76,0,0.0,0.0,Connect Eagan,Eagan,MN,2026-09-21T18:51:01Z,2026-09-28T20:11:43Z,7.056042,False,True,https://api.fususone.com/api/public/organizations/eaganpdmn/stats/
eaganpdmn,totalOwnedCameras,previous,76,76,0,0.0,0.0,Connect Eagan,Eagan,MN,2026-09-21T18:51:01Z,2026-09-28T20:11:43Z,7.056042,False,True,https://api.fususone.com/api/public/organizations/eaganpdmn/stats/
eaganpdmn,totalSharedCameras,previous,0,0,0,,0.0,Connect Eagan,Eagan,MN,2026-09-21T18:51:01Z,2026-09-28T20:11:43Z,7.056042,True,True,https://api.fususone.com/api/public/organizations/eaganpdmn/stats/
eaganpdmn,totalMaxCameras,previous,0,0,0,,0.0,Connect Eagan,Eagan,MN,2026-09-21T18:51:01Z,2026-09-28T20:11:43Z,7.056042,True,True,https://api.fususone.com/api/public/organizations/eaganpdmn/stats/
eaganpdmn,subscribedCameras,previous,76,76,0,0.0,0.0,Connect Eagan,Eagan,MN,2026-09-21T18:51:01Z,2026-09-28T20:11:43Z,7.056042,False,True,https://api.fususone.com/api/public/organizations/eaganpdmn/stats/
eastbatonrougesola,totalRegisteredCameras,previous,28,28,0,0.0,0.0,Connect East Baton Rouge,East Baton Rouge,LA,2026-09-21T18:51:02Z,2026-09-28T20:11:44Z,7.056042,False,True,https://api.fususone.com/api/public/organizations/eastbatonrougesola/stats/
eastbatonrougesola,totalIntegratedCameras,previous,66,66,0,0.0,0.0,Connect East Baton Rouge,East Baton Rouge,LA,2026-09-21T18:51:02Z,2026-09-28T20:11:44Z,7.056042,False,True,https://api.fususone.com/api/public/organizations/eastbatonrougesola/stats/
eastbatonrougesola,totalOwnedCameras,previous,27,27,0,0.0,0.0,Connect East Baton Rouge,East Baton Rouge,LA,2026-09-21T18:51:02Z,2026-09-28T20:11:44Z,7.056042,False,True,https://api.fususone.com/api/public/organizations/eastbatonrougesola/stats/
eastbatonrougesola,totalSharedCameras,previous,39,39,0,0.0,0.0,Connect East Baton Rouge,East Baton Rouge,LA,2026-09-21T18:51:02Z,2026-09-28T20:11:44Z,7.056042,False,True,https://api.fususone.com/api/public/organizations/eastbatonrougesola/stats/
eastbatonrougesola,totalMaxCameras,previous,500,500,0,0.0,0.0,Connect East Baton Rouge,East Baton Rouge,LA,2026-09-21T18:51:02Z,2026-09-28T20:11:44Z,7.056042,False,True,https://api.fususone.com/api/public/organizations/eastbatonrougesola/stats/
eastbatonrougesola,subscribedCameras,previous,27,27,0,0.0,0.0,Connect East Baton Rouge,East Baton Rouge,LA,2026-09-21T18:51:02Z,2026-09-28T20:11:44Z,7.056042,False,True,https://api.fususone.com/api/public/organizations/eastbatonrougesola/stats/
eastpointpdga,totalRegisteredCameras,previous,60,60,0,0.0,0.0,Connect East Point,East Point,GA,2026-09-21T18:51:03Z,2026-09-28T20:11:45Z,7.056042,False,True,https://api.fususone.com/api/public/organizations/eastpointpdga/stats/
eastpointpdga,totalIntegratedCameras,previous,5112,5113,1,0.00019561815336463224,0.9920576338244412,Connect East Point,East Point,GA,2026-09-21T18:51:03Z,2026-09-28T20:11:45Z,7.056042,False,True,https://api.fususone.com/api/public/organizations/eastpointpdga/stats/
eastpointpdga,totalOwnedCameras,previous,382,382,0,0.0,0.0,Connect East Point,East Point,GA,2026-09-21T18:51:03Z,2026-09-28T20:11:45Z,7.056042,False,True,https://api.fususone.com/api/public/organizations/eastpointpdga/stats/
eastpointpdga,totalSharedCameras,previous,469,469,0,0.0,0.0,Connect East Point,East Point,GA,2026-09-21T18:51:03Z,2026-09-28T20:11:45Z,7.056042,False,True,https://api.fususone.com/api/public/organizations/eastpointpdga/stats/
eastpointpdga,totalMaxCameras,previous,500,500,0,0.0,0.0,Connect East Point,East Point,GA,2026-09-21T18:51:03Z,2026-09-28T20:11:45Z,7.056042,False,True,https://api.fususone.com/api/public/organizations/eastpointpdga/stats/
eastpointpdga,subscribedCameras,previous,374,374,0,0.0,0.0,Connect East Point,East Point,GA,2026-09-21T18:51:03Z,2026-09-28T20:11:45Z,7.056042,False,True,https://api.fususone.com/api/public/organizations/eastpointpdga/stats/
elcajonpdca,totalRegisteredCameras,previous,51,51,0,0.0,0.0,Connect El Cajon,El Cajon,CA,2026-09-21T18:51:04Z,2026-09-28T20:11:46Z,7.056042,False,True,https://api.fususone.com/api/public/organizations/elcajonpdca/stats/
elcajonpdca,totalIntegratedCameras,previous,221,221,0,0.0,0.0,Connect El Cajon,El Cajon,CA,2026-09-21T18:51:04Z,2026-09-28T20:11:46Z,7.056042,False,True,https://api.fususone.com/api/public/organizations/elcajonpdca/stats/
elcajonpdca,totalOwnedCameras,previous,185,185,0,0.0,0.0,Connect El Cajon,El Cajon,CA,2026-09-21T18:51:04Z,2026-09-28T20:11:46Z,7.056042,False,True,https://api.fususone.com/api/public/organizations/elcajonpdca/stats/
elcajonpdca,totalSharedCameras,previous,36,36,0,0.0,0.0,Connect El Cajon,El Cajon,CA,2026-09-21T18:51:04Z,2026-09-28T20:11:46Z,7.056042,False,True,https://api.fususone.com/api/public/organizations/elcajonpdca/stats/
elcajonpdca,totalMaxCameras,previous,0,0,0,,0.0,Connect El Cajon,El Cajon,CA,2026-09-21T18:51:04Z,2026-09-28T20:11:46Z,7.056042,True,True,https://api.fususone.com/api/public/organizations/elcajonpdca/stats/
elcajonpdca,subscribedCameras,previous,166,167,1,0.006024096385542169,0.9920576338244412,Connect El Cajon,El Cajon,CA,2026-09-21T18:51:04Z,2026-09-28T20:11:46Z,7.056042,False,True,https://api.fususone.com/api/public/organizations/elcajonpdca/stats/
elizabethnj,totalRegisteredCameras,previous,184,184,0,0.0,0.0,Connect Elizabeth,Elizabeth,NJ,2026-09-21T18:51:05Z,2026-09-28T20:11:47Z,7.056042,False,True,https://api.fususone.com/api/public/organizations/elizabethnj/stats/
elizabethnj,totalIntegratedCameras,previous,3442,3452,10,0.002905287623474724,9.920576338244413,Connect Elizabeth,Elizabeth,NJ,2026-09-21T18:51:05Z,2026-09-28T20:11:47Z,7.056042,False,True,https://api.fususone.com/api/public/organizations/elizabethnj/stats/
elizabethnj,totalOwnedCameras,previous,625,635,10,0.016,9.920576338244413,Connect Elizabeth,Elizabeth,NJ,2026-09-21T18:51:05Z,2026-09-28T20:11:47Z,7.056042,False,True,https://api.fususone.com/api/public/organizations/elizabethnj/stats/
elizabethnj,totalSharedCameras,previous,2566,2566,0,0.0,0.0,Connect Elizabeth,Elizabeth,NJ,2026-09-21T18:51:05Z,2026-09-28T20:11:47Z,7.056042,False,True,https://api.fususone.com/api/public/organizations/elizabethnj/stats/
elizabethnj,totalMaxCameras,previous,2690,2690,0,0.0,0.0,Connect Elizabeth,Elizabeth,NJ,2026-09-21T18:51:05Z,2026-09-28T20:11:47Z,7.056042,False,True,https://api.fususone.com/api/public/organizations/elizabethnj/stats/
elizabethnj,subscribedCameras,previous,594,604,10,0.016835016835016835,9.920576338244413,Connect Elizabeth,Elizabeth,NJ,2026-09-21T18:51:05Z,2026-09-28T20:11:47Z,7.056042,False,True,https://api.fususone.com/api/public/organizations/elizabethnj/stats/
elyriapdoh,totalRegisteredCameras,previous,174,178,4,0.022988505747126436,3.968230535297765,Connect Elyria,Elyria,OH,2026-09-21T18:51:06Z,2026-09-28T20:11:48Z,7.056042,False,True,https://api.fususone.com/api/public/organizations/elyriapdoh/stats/
elyriapdoh,totalIntegratedCameras,previous,280,280,0,0.0,0.0,Connect Elyria,Elyria,OH,2026-09-21T18:51:06Z,2026-09-28T20:11:48Z,7.056042,False,True,https://api.fususone.com/api/public/organizations/elyriapdoh/stats/
elyriapdoh,totalOwnedCameras,previous,231,231,0,0.0,0.0,Connect Elyria,Elyria,OH,2026-09-21T18:51:06Z,2026-09-28T20:11:48Z,7.056042,False,True,https://api.fususone.com/api/public/organizations/elyriapdoh/stats/
elyriapdoh,totalSharedCameras,previous,49,49,0,0.0,0.0,Connect Elyria,Elyria,OH,2026-09-21T18:51:06Z,2026-09-28T20:11:48Z,7.056042,False,True,https://api.fususone.com/api/public/organizations/elyriapdoh/stats/
elyriapdoh,totalMaxCameras,previous,150,150,0,0.0,0.0,Connect Elyria,Elyria,OH,2026-09-21T18:51:06Z,2026-09-28T20:11:48Z,7.056042,False,True,https://api.fususone.com/api/public/organizations/elyriapdoh/stats/
elyriapdoh,subscribedCameras,previous,219,219,0,0.0,0.0,Connect Elyria,Elyria,OH,2026-09-21T18:51:06Z,2026-09-28T20:11:48Z,7.056042,False,True,https://api.fususone.com/api/public/organizations/elyriapdoh/stats/
escambiafl,totalRegisteredCameras,previous,1493,1573,80,0.0535833891493637,79.3646107059553,Star Network,Escambia County,FL,2026-09-21T18:51:07Z,2026-09-28T20:11:49Z,7.056042,False,True,https://api.fususone.com/api/public/organizations/escambiafl/stats/
escambiafl,totalIntegratedCameras,previous,1271,1273,2,0.0015735641227380016,1.9841152676488825,Star Network,Escambia County,FL,2026-09-21T18:51:07Z,2026-09-28T20:11:49Z,7.056042,False,True,https://api.fususone.com/api/public/organizations/escambiafl/stats/
escambiafl,totalOwnedCameras,previous,917,919,2,0.0021810250817884407,1.9841152676488825,Star Network,Escambia County,FL,2026-09-21T18:51:07Z,2026-09-28T20:11:49Z,7.056042,False,True,https://api.fususone.com/api/public/organizations/escambiafl/stats/
escambiafl,totalSharedCameras,previous,109,109,0,0.0,0.0,Star Network,Escambia County,FL,2026-09-21T18:51:07Z,2026-09-28T20:11:49Z,7.056042,False,True,https://api.fususone.com/api/public/organizations/escambiafl/stats/
escambiafl,totalMaxCameras,previous,1500,1500,0,0.0,0.0,Star Network,Escambia County,FL,2026-09-21T18:51:07Z,2026-09-28T20:11:49Z,7.056042,False,True,https://api.fususone.com/api/public/organizations/escambiafl/stats/
escambiafl,subscribedCameras,previous,367,369,2,0.005449591280653951,1.9841152676488825,Star Network,Escambia County,FL,2026-09-21T18:51:07Z,2026-09-28T20:11:49Z,7.056042,False,True,https://api.fususone.com/api/public/organizations/escambiafl/stats/
euclidpdoh,totalRegisteredCameras,previous,288,288,0,0.0,0.0,Connect Euclid,Euclid,OH,2026-09-21T18:51:08Z,2026-09-28T20:11:50Z,7.056042,False,True,https://api.fususone.com/api/public/organizations/euclidpdoh/stats/
euclidpdoh,totalIntegratedCameras,previous,209,209,0,0.0,0.0,Connect Euclid,Euclid,OH,2026-09-21T18:51:08Z,2026-09-28T20:11:50Z,7.056042,False,True,https://api.fususone.com/api/public/organizations/euclidpdoh/stats/
euclidpdoh,totalOwnedCameras,previous,209,209,0,0.0,0.0,Connect Euclid,Euclid,OH,2026-09-21T18:51:08Z,2026-09-28T20:11:50Z,7.056042,False,True,https://api.fususone.com/api/public/organizations/euclidpdoh/stats/
euclidpdoh,totalSharedCameras,previous,0,0,0,,0.0,Connect Euclid,Euclid,OH,2026-09-21T18:51:08Z,2026-09-28T20:11:50Z,7.056042,True,True,https://api.fususone.com/api/public/organizations/euclidpdoh/stats/
euclidpdoh,totalMaxCameras,previous,0,0,0,,0.0,Connect Euclid,Euclid,OH,2026-09-21T18:51:08Z,2026-09-28T20:11:50Z,7.056042,True,True,https://api.fususone.com/api/public/organizations/euclidpdoh/stats/
euclidpdoh,subscribedCameras,previous,209,209,0,0.0,0.0,Connect Euclid,Euclid,OH,2026-09-21T18:51:08Z,2026-09-28T20:11:50Z,7.056042,False,True,https://api.fususone.com/api/public/organizations/euclidpdoh/stats/
eurekapdmo,totalRegisteredCameras,previous,183,183,0,0.0,0.0,Connect Eureka,Eureka,MO,2026-09-21T18:51:09Z,2026-09-28T20:11:51Z,7.056042,False,True,https://api.fususone.com/api/public/organizations/eurekapdmo/stats/
eurekapdmo,totalIntegratedCameras,previous,11,11,0,0.0,0.0,Connect Eureka,Eureka,MO,2026-09-21T18:51:09Z,2026-09-28T20:11:51Z,7.056042,False,True,https://api.fususone.com/api/public/organizations/eurekapdmo/stats/
eurekapdmo,totalOwnedCameras,previous,0,0,0,,0.0,Connect Eureka,Eureka,MO,2026-09-21T18:51:09Z,2026-09-28T20:11:51Z,7.056042,True,True,https://api.fususone.com/api/public/organizations/eurekapdmo/stats/
eurekapdmo,totalSharedCameras,previous,11,11,0,0.0,0.0,Connect Eureka,Eureka,MO,2026-09-21T18:51:09Z,2026-09-28T20:11:51Z,7.056042,False,True,https://api.fususone.com/api/public/organizations/eurekapdmo/stats/
eurekapdmo,totalMaxCameras,previous,0,0,0,,0.0,Connect Eureka,Eureka,MO,2026-09-21T18:51:09Z,2026-09-28T20:11:51Z,7.056042,True,True,https://api.fususone.com/api/public/organizations/eurekapdmo/stats/
eurekapdmo,subscribedCameras,previous,0,0,0,,0.0,Connect Eureka,Eureka,MO,2026-09-21T18:51:09Z,2026-09-28T20:11:51Z,7.056042,True,True,https://api.fususone.com/api/public/organizations/eurekapdmo/stats/
fairfaxcopd,totalRegisteredCameras,previous,3530,3565,35,0.009915014164305949,34.72201718385544,Connect Fairfax County,Fairfax County,VA,2026-09-21T18:51:10Z,2026-09-28T20:11:52Z,7.056042,False,True,https://api.fususone.com/api/public/organizations/fairfaxcopd/stats/
fairfaxcopd,totalIntegratedCameras,previous,2188,2188,0,0.0,0.0,Connect Fairfax County,Fairfax County,VA,2026-09-21T18:51:10Z,2026-09-28T20:11:52Z,7.056042,False,True,https://api.fususone.com/api/public/organizations/fairfaxcopd/stats/
fairfaxcopd,totalOwnedCameras,previous,724,724,0,0.0,0.0,Connect Fairfax County,Fairfax County,VA,2026-09-21T18:51:10Z,2026-09-28T20:11:52Z,7.056042,False,True,https://api.fususone.com/api/public/organizations/fairfaxcopd/stats/
fairfaxcopd,totalSharedCameras,previous,1425,1425,0,0.0,0.0,Connect Fairfax County,Fairfax County,VA,2026-09-21T18:51:10Z,2026-09-28T20:11:52Z,7.056042,False,True,https://api.fususone.com/api/public/organizations/fairfaxcopd/stats/
fairfaxcopd,totalMaxCameras,previous,1500,1500,0,0.0,0.0,Connect Fairfax County,Fairfax County,VA,2026-09-21T18:51:10Z,2026-09-28T20:11:52Z,7.056042,False,True,https://api.fususone.com/api/public/organizations/fairfaxcopd/stats/
fairfaxcopd,subscribedCameras,previous,623,623,0,0.0,0.0,Connect Fairfax County,Fairfax County,VA,2026-09-21T18:51:10Z,2026-09-28T20:11:52Z,7.056042,False,True,https://api.fususone.com/api/public/organizations/fairfaxcopd/stats/
farmingtonpd,totalRegisteredCameras,previous,55,55,0,0.0,0.0,Connect Farmington,Farmington ,NM,2026-09-21T18:51:11Z,2026-09-28T20:11:53Z,7.056042,False,True,https://api.fususone.com/api/public/organizations/farmingtonpd/stats/
farmingtonpd,totalIntegratedCameras,previous,545,545,0,0.0,0.0,Connect Farmington,Farmington ,NM,2026-09-21T18:51:11Z,2026-09-28T20:11:53Z,7.056042,False,True,https://api.fususone.com/api/public/organizations/farmingtonpd/stats/
farmingtonpd,totalOwnedCameras,previous,545,545,0,0.0,0.0,Connect Farmington,Farmington ,NM,2026-09-21T18:51:11Z,2026-09-28T20:11:53Z,7.056042,False,True,https://api.fususone.com/api/public/organizations/farmingtonpd/stats/
farmingtonpd,totalSharedCameras,previous,0,0,0,,0.0,Connect Farmington,Farmington ,NM,2026-09-21T18:51:11Z,2026-09-28T20:11:53Z,7.056042,True,True,https://api.fususone.com/api/public/organizations/farmingtonpd/stats/
farmingtonpd,totalMaxCameras,previous,1500,1500,0,0.0,0.0,Connect Farmington,Farmington ,NM,2026-09-21T18:51:11Z,2026-09-28T20:11:53Z,7.056042,False,True,https://api.fususone.com/api/public/organizations/farmingtonpd/stats/
farmingtonpd,subscribedCameras,previous,529,529,0,0.0,0.0,Connect Farmington,Farmington ,NM,2026-09-21T18:51:11Z,2026-09-28T20:11:53Z,7.056042,False,True,https://api.fususone.com/api/public/organizations/farmingtonpd/stats/
fayettevillepd,totalRegisteredCameras,previous,1532,1532,0,0.0,0.0,Connect Fayetteville,Fayetteville,NC,2026-09-21T18:51:12Z,2026-09-28T20:11:54Z,7.056042,False,True,https://api.fususone.com/api/public/organizations/fayettevillepd/stats/
fayettevillepd,totalIntegratedCameras,previous,536,543,7,0.013059701492537313,6.944403436771089,Connect Fayetteville,Fayetteville,NC,2026-09-21T18:51:12Z,2026-09-28T20:11:54Z,7.056042,False,True,https://api.fususone.com/api/public/organizations/fayettevillepd/stats/
fayettevillepd,totalOwnedCameras,previous,445,452,7,0.015730337078651686,6.944403436771089,Connect Fayetteville,Fayetteville,NC,2026-09-21T18:51:12Z,2026-09-28T20:11:54Z,7.056042,False,True,https://api.fususone.com/api/public/organizations/fayettevillepd/stats/
fayettevillepd,totalSharedCameras,previous,48,48,0,0.0,0.0,Connect Fayetteville,Fayetteville,NC,2026-09-21T18:51:12Z,2026-09-28T20:11:54Z,7.056042,False,True,https://api.fususone.com/api/public/organizations/fayettevillepd/stats/
fayettevillepd,totalMaxCameras,previous,1500,1500,0,0.0,0.0,Connect Fayetteville,Fayetteville,NC,2026-09-21T18:51:12Z,2026-09-28T20:11:54Z,7.056042,False,True,https://api.fususone.com/api/public/organizations/fayettevillepd/stats/
fayettevillepd,subscribedCameras,previous,442,449,7,0.01583710407239819,6.944403436771089,Connect Fayetteville,Fayetteville,NC,2026-09-21T18:51:12Z,2026-09-28T20:11:54Z,7.056042,False,True,https://api.fususone.com/api/public/organizations/fayettevillepd/stats/
federalwaypdwa,totalRegisteredCameras,previous,0,0,0,,0.0,Connect Federal Way,Federal Way,WA,2026-09-21T18:51:13Z,2026-09-28T20:11:55Z,7.056042,True,True,https://api.fususone.com/api/public/organizations/federalwaypdwa/stats/
federalwaypdwa,totalIntegratedCameras,previous,247,247,0,0.0,0.0,Connect Federal Way,Federal Way,WA,2026-09-21T18:51:13Z,2026-09-28T20:11:55Z,7.056042,False,True,https://api.fususone.com/api/public/organizations/federalwaypdwa/stats/
federalwaypdwa,totalOwnedCameras,previous,247,247,0,0.0,0.0,Connect Federal Way,Federal Way,WA,2026-09-21T18:51:13Z,2026-09-28T20:11:55Z,7.056042,False,True,https://api.fususone.com/api/public/organizations/federalwaypdwa/stats/
federalwaypdwa,totalSharedCameras,previous,0,0,0,,0.0,Connect Federal Way,Federal Way,WA,2026-09-21T18:51:13Z,2026-09-28T20:11:55Z,7.056042,True,True,https://api.fususone.com/api/public/organizations/federalwaypdwa/stats/
federalwaypdwa,totalMaxCameras,previous,0,0,0,,0.0,Connect Federal Way,Federal Way,WA,2026-09-21T18:51:13Z,2026-09-28T20:11:55Z,7.056042,True,True,https://api.fususone.com/api/public/organizations/federalwaypdwa/stats/
federalwaypdwa,subscribedCameras,previous,242,242,0,0.0,0.0,Connect Federal Way,Federal Way,WA,2026-09-21T18:51:13Z,2026-09-28T20:11:55Z,7.056042,False,True,https://api.fususone.com/api/public/organizations/federalwaypdwa/stats/
flaglercountysheriff,totalRegisteredCameras,previous,933,934,1,0.0010718113612004287,0.9920576338244412,Connect Flagler County,Flagler County,FL,2026-09-21T18:51:14Z,2026-09-28T20:11:56Z,7.056042,False,True,https://api.fususone.com/api/public/organizations/flaglercountysheriff/stats/
flaglercountysheriff,totalIntegratedCameras,previous,2169,2169,0,0.0,0.0,Connect Flagler County,Flagler County,FL,2026-09-21T18:51:14Z,2026-09-28T20:11:56Z,7.056042,False,True,https://api.fususone.com/api/public/organizations/flaglercountysheriff/stats/
flaglercountysheriff,totalOwnedCameras,previous,1962,1962,0,0.0,0.0,Connect Flagler County,Flagler County,FL,2026-09-21T18:51:14Z,2026-09-28T20:11:56Z,7.056042,False,True,https://api.fususone.com/api/public/organizations/flaglercountysheriff/stats/
flaglercountysheriff,totalSharedCameras,previous,0,0,0,,0.0,Connect Flagler County,Flagler County,FL,2026-09-21T18:51:14Z,2026-09-28T20:11:56Z,7.056042,True,True,https://api.fususone.com/api/public/organizations/flaglercountysheriff/stats/
flaglercountysheriff,totalMaxCameras,previous,10000,10000,0,0.0,0.0,Connect Flagler County,Flagler County,FL,2026-09-21T18:51:14Z,2026-09-28T20:11:56Z,7.056042,False,True,https://api.fususone.com/api/public/organizations/flaglercountysheriff/stats/
flaglercountysheriff,subscribedCameras,previous,1942,1942,0,0.0,0.0,Connect Flagler County,Flagler County,FL,2026-09-21T18:51:14Z,2026-09-28T20:11:56Z,7.056042,False,True,https://api.fususone.com/api/public/organizations/flaglercountysheriff/stats/
forestparkpd,totalRegisteredCameras,previous,13,13,0,0.0,0.0,Connect Forest Park,Forest Park,GA,2026-09-21T18:51:15Z,2026-09-28T20:11:57Z,7.056042,False,True,https://api.fususone.com/api/public/organizations/forestparkpd/stats/
forestparkpd,totalIntegratedCameras,previous,10503,10505,2,0.00019042178425211843,1.9841152676488825,Connect Forest Park,Forest Park,GA,2026-09-21T18:51:15Z,2026-09-28T20:11:57Z,7.056042,False,True,https://api.fususone.com/api/public/organizations/forestparkpd/stats/
forestparkpd,totalOwnedCameras,previous,239,240,1,0.0041841004184100415,0.9920576338244412,Connect Forest Park,Forest Park,GA,2026-09-21T18:51:15Z,2026-09-28T20:11:57Z,7.056042,False,True,https://api.fususone.com/api/public/organizations/forestparkpd/stats/
forestparkpd,totalSharedCameras,previous,295,295,0,0.0,0.0,Connect Forest Park,Forest Park,GA,2026-09-21T18:51:15Z,2026-09-28T20:11:57Z,7.056042,False,True,https://api.fususone.com/api/public/organizations/forestparkpd/stats/
forestparkpd,totalMaxCameras,previous,10000,10000,0,0.0,0.0,Connect Forest Park,Forest Park,GA,2026-09-21T18:51:15Z,2026-09-28T20:11:57Z,7.056042,False,True,https://api.fususone.com/api/public/organizations/forestparkpd/stats/
forestparkpd,subscribedCameras,previous,221,222,1,0.004524886877828055,0.9920576338244412,Connect Forest Park,Forest Park,GA,2026-09-21T18:51:15Z,2026-09-28T20:11:57Z,7.056042,False,True,https://api.fususone.com/api/public/organizations/forestparkpd/stats/
forsyth,totalRegisteredCameras,previous,1442,1442,0,0.0,0.0,Connect Forsyth County,"Forsyth County, NC",SC,2026-09-21T18:51:16Z,2026-09-28T20:11:58Z,7.056042,False,True,https://api.fususone.com/api/public/organizations/forsyth/stats/
forsyth,totalIntegratedCameras,previous,1052,1050,-2,-0.0019011406844106464,-1.9841152676488825,Connect Forsyth County,"Forsyth County, NC",SC,2026-09-21T18:51:16Z,2026-09-28T20:11:58Z,7.056042,False,True,https://api.fususone.com/api/public/organizations/forsyth/stats/
forsyth,totalOwnedCameras,previous,495,493,-2,-0.00404040404040404,-1.9841152676488825,Connect Forsyth County,"Forsyth County, NC",SC,2026-09-21T18:51:16Z,2026-09-28T20:11:58Z,7.056042,False,True,https://api.fususone.com/api/public/organizations/forsyth/stats/
forsyth,totalSharedCameras,previous,183,183,0,0.0,0.0,Connect Forsyth County,"Forsyth County, NC",SC,2026-09-21T18:51:16Z,2026-09-28T20:11:58Z,7.056042,False,True,https://api.fususone.com/api/public/organizations/forsyth/stats/
forsyth,totalMaxCameras,previous,500,500,0,0.0,0.0,Connect Forsyth County,"Forsyth County, NC",SC,2026-09-21T18:51:16Z,2026-09-28T20:11:58Z,7.056042,False,True,https://api.fususone.com/api/public/organizations/forsyth/stats/
forsyth,subscribedCameras,previous,475,473,-2,-0.004210526315789474,-1.9841152676488825,Connect Forsyth County,"Forsyth County, NC",SC,2026-09-21T18:51:16Z,2026-09-28T20:11:58Z,7.056042,False,True,https://api.fususone.com/api/public/organizations/forsyth/stats/
forsythcosoga,totalRegisteredCameras,previous,776,776,0,0.0,0.0,Connect Forsyth County,Forsyth County,GA,2026-09-21T18:51:17Z,2026-09-28T20:11:59Z,7.056042,False,True,https://api.fususone.com/api/public/organizations/forsythcosoga/stats/
forsythcosoga,totalIntegratedCameras,previous,6923,6924,1,0.0001444460494005489,0.9920576338244412,Connect Forsyth County,Forsyth County,GA,2026-09-21T18:51:17Z,2026-09-28T20:11:59Z,7.056042,False,True,https://api.fususone.com/api/public/organizations/forsythcosoga/stats/
forsythcosoga,totalOwnedCameras,previous,93,93,0,0.0,0.0,Connect Forsyth County,Forsyth County,GA,2026-09-21T18:51:17Z,2026-09-28T20:11:59Z,7.056042,False,True,https://api.fususone.com/api/public/organizations/forsythcosoga/stats/
forsythcosoga,totalSharedCameras,previous,3347,3347,0,0.0,0.0,Connect Forsyth County,Forsyth County,GA,2026-09-21T18:51:17Z,2026-09-28T20:11:59Z,7.056042,False,True,https://api.fususone.com/api/public/organizations/forsythcosoga/stats/
forsythcosoga,totalMaxCameras,previous,1500,1500,0,0.0,0.0,Connect Forsyth County,Forsyth County,GA,2026-09-21T18:51:17Z,2026-09-28T20:11:59Z,7.056042,False,True,https://api.fususone.com/api/public/organizations/forsythcosoga/stats/
forsythcosoga,subscribedCameras,previous,93,93,0,0.0,0.0,Connect Forsyth County,Forsyth County,GA,2026-09-21T18:51:17Z,2026-09-28T20:11:59Z,7.056042,False,True,https://api.fususone.com/api/public/organizations/forsythcosoga/stats/
fortbendcounty,totalRegisteredCameras,previous,559,559,0,0.0,0.0,Connect Fort Bend,Fort Bend County,TX,2026-09-21T18:51:18Z,2026-09-28T20:12:00Z,7.056042,False,True,https://api.fususone.com/api/public/organizations/fortbendcounty/stats/
fortbendcounty,totalIntegratedCameras,previous,205,205,0,0.0,0.0,Connect Fort Bend,Fort Bend County,TX,2026-09-21T18:51:18Z,2026-09-28T20:12:00Z,7.056042,False,True,https://api.fususone.com/api/public/organizations/fortbendcounty/stats/
fortbendcounty,totalOwnedCameras,previous,201,201,0,0.0,0.0,Connect Fort Bend,Fort Bend County,TX,2026-09-21T18:51:18Z,2026-09-28T20:12:00Z,7.056042,False,True,https://api.fususone.com/api/public/organizations/fortbendcounty/stats/
fortbendcounty,totalSharedCameras,previous,4,4,0,0.0,0.0,Connect Fort Bend,Fort Bend County,TX,2026-09-21T18:51:18Z,2026-09-28T20:12:00Z,7.056042,False,True,https://api.fususone.com/api/public/organizations/fortbendcounty/stats/
fortbendcounty,totalMaxCameras,previous,500,500,0,0.0,0.0,Connect Fort Bend,Fort Bend County,TX,2026-09-21T18:51:18Z,2026-09-28T20:12:00Z,7.056042,False,True,https://api.fususone.com/api/public/organizations/fortbendcounty/stats/
fortbendcounty,subscribedCameras,previous,201,201,0,0.0,0.0,Connect Fort Bend,Fort Bend County,TX,2026-09-21T18:51:18Z,2026-09-28T20:12:00Z,7.056042,False,True,https://api.fususone.com/api/public/organizations/fortbendcounty/stats/
fortwaltonbeachpd,totalRegisteredCameras,previous,6,6,0,0.0,0.0,Connect Fort Walton Beach,Fort Walton Beach,FL,2026-09-21T18:51:19Z,2026-09-28T20:12:01Z,7.056042,False,True,https://api.fususone.com/api/public/organizations/fortwaltonbeachpd/stats/
fortwaltonbeachpd,totalIntegratedCameras,previous,261,261,0,0.0,0.0,Connect Fort Walton Beach,Fort Walton Beach,FL,2026-09-21T18:51:19Z,2026-09-28T20:12:01Z,7.056042,False,True,https://api.fususone.com/api/public/organizations/fortwaltonbeachpd/stats/
fortwaltonbeachpd,totalOwnedCameras,previous,222,222,0,0.0,0.0,Connect Fort Walton Beach,Fort Walton Beach,FL,2026-09-21T18:51:19Z,2026-09-28T20:12:01Z,7.056042,False,True,https://api.fususone.com/api/public/organizations/fortwaltonbeachpd/stats/
fortwaltonbeachpd,totalSharedCameras,previous,9,9,0,0.0,0.0,Connect Fort Walton Beach,Fort Walton Beach,FL,2026-09-21T18:51:19Z,2026-09-28T20:12:01Z,7.056042,False,True,https://api.fususone.com/api/public/organizations/fortwaltonbeachpd/stats/
fortwaltonbeachpd,totalMaxCameras,previous,300,300,0,0.0,0.0,Connect Fort Walton Beach,Fort Walton Beach,FL,2026-09-21T18:51:19Z,2026-09-28T20:12:01Z,7.056042,False,True,https://api.fususone.com/api/public/organizations/fortwaltonbeachpd/stats/
fortwaltonbeachpd,subscribedCameras,previous,226,226,0,0.0,0.0,Connect Fort Walton Beach,Fort Walton Beach,FL,2026-09-21T18:51:19Z,2026-09-28T20:12:01Z,7.056042,False,True,https://api.fususone.com/api/public/organizations/fortwaltonbeachpd/stats/
garypd,totalRegisteredCameras,previous,1672,1672,0,0.0,0.0,Connect Gary,Gary,IN,2026-09-21T18:51:20Z,2026-09-28T20:12:02Z,7.056042,False,True,https://api.fususone.com/api/public/organizations/garypd/stats/
garypd,totalIntegratedCameras,previous,1321,1325,4,0.003028009084027252,3.968230535297765,Connect Gary,Gary,IN,2026-09-21T18:51:20Z,2026-09-28T20:12:02Z,7.056042,False,True,https://api.fususone.com/api/public/organizations/garypd/stats/
garypd,totalOwnedCameras,previous,795,799,4,0.005031446540880503,3.968230535297765,Connect Gary,Gary,IN,2026-09-21T18:51:20Z,2026-09-28T20:12:02Z,7.056042,False,True,https://api.fususone.com/api/public/organizations/garypd/stats/
garypd,totalSharedCameras,previous,0,0,0,,0.0,Connect Gary,Gary,IN,2026-09-21T18:51:20Z,2026-09-28T20:12:02Z,7.056042,True,True,https://api.fususone.com/api/public/organizations/garypd/stats/
garypd,totalMaxCameras,previous,1500,1500,0,0.0,0.0,Connect Gary,Gary,IN,2026-09-21T18:51:20Z,2026-09-28T20:12:02Z,7.056042,False,True,https://api.fususone.com/api/public/organizations/garypd/stats/
garypd,subscribedCameras,previous,750,754,4,0.005333333333333333,3.968230535297765,Connect Gary,Gary,IN,2026-09-21T18:51:20Z,2026-09-28T20:12:02Z,7.056042,False,True,https://api.fususone.com/api/public/organizations/garypd/stats/
glendorapdca,totalRegisteredCameras,previous,20,20,0,0.0,0.0,Connect Glendora,Glendora,CA,2026-09-21T18:51:21Z,2026-09-28T20:12:03Z,7.056042,False,True,https://api.fususone.com/api/public/organizations/glendorapdca/stats/
glendorapdca,totalIntegratedCameras,previous,101,101,0,0.0,0.0,Connect Glendora,Glendora,CA,2026-09-21T18:51:21Z,2026-09-28T20:12:03Z,7.056042,False,True,https://api.fususone.com/api/public/organizations/glendorapdca/stats/
glendorapdca,totalOwnedCameras,previous,101,101,0,0.0,0.0,Connect Glendora,Glendora,CA,2026-09-21T18:51:21Z,2026-09-28T20:12:03Z,7.056042,False,True,https://api.fususone.com/api/public/organizations/glendorapdca/stats/
glendorapdca,totalSharedCameras,previous,0,0,0,,0.0,Connect Glendora,Glendora,CA,2026-09-21T18:51:21Z,2026-09-28T20:12:03Z,7.056042,True,True,https://api.fususone.com/api/public/organizations/glendorapdca/stats/
glendorapdca,totalMaxCameras,previous,0,0,0,,0.0,Connect Glendora,Glendora,CA,2026-09-21T18:51:21Z,2026-09-28T20:12:03Z,7.056042,True,True,https://api.fususone.com/api/public/organizations/glendorapdca/stats/
glendorapdca,subscribedCameras,previous,101,101,0,0.0,0.0,Connect Glendora,Glendora,CA,2026-09-21T18:51:21Z,2026-09-28T20:12:03Z,7.056042,False,True,https://api.fususone.com/api/public/organizations/glendorapdca/stats/
grapevinepdtx,totalRegisteredCameras,previous,2,2,0,0.0,0.0,Connect Grapevine,Grapevine,TX,2026-09-21T18:51:22Z,2026-09-28T20:12:04Z,7.056042,False,True,https://api.fususone.com/api/public/organizations/grapevinepdtx/stats/
grapevinepdtx,totalIntegratedCameras,previous,261,259,-2,-0.007662835249042145,-1.9841152676488825,Connect Grapevine,Grapevine,TX,2026-09-21T18:51:22Z,2026-09-28T20:12:04Z,7.056042,False,True,https://api.fususone.com/api/public/organizations/grapevinepdtx/stats/
grapevinepdtx,totalOwnedCameras,previous,230,228,-2,-0.008695652173913044,-1.9841152676488825,Connect Grapevine,Grapevine,TX,2026-09-21T18:51:22Z,2026-09-28T20:12:04Z,7.056042,False,True,https://api.fususone.com/api/public/organizations/grapevinepdtx/stats/
grapevinepdtx,totalSharedCameras,previous,25,25,0,0.0,0.0,Connect Grapevine,Grapevine,TX,2026-09-21T18:51:22Z,2026-09-28T20:12:04Z,7.056042,False,True,https://api.fususone.com/api/public/organizations/grapevinepdtx/stats/
grapevinepdtx,totalMaxCameras,previous,1,1,0,0.0,0.0,Connect Grapevine,Grapevine,TX,2026-09-21T18:51:22Z,2026-09-28T20:12:04Z,7.056042,False,True,https://api.fususone.com/api/public/organizations/grapevinepdtx/stats/
grapevinepdtx,subscribedCameras,previous,213,213,0,0.0,0.0,Connect Grapevine,Grapevine,TX,2026-09-21T18:51:22Z,2026-09-28T20:12:04Z,7.056042,False,True,https://api.fususone.com/api/public/organizations/grapevinepdtx/stats/
greeleypd,totalRegisteredCameras,previous,247,247,0,0.0,0.0,Connect Greeley,Greeley,CO,2026-09-21T18:51:23Z,2026-09-28T20:12:05Z,7.056042,False,True,https://api.fususone.com/api/public/organizations/greeleypd/stats/
greeleypd,totalIntegratedCameras,previous,2415,2425,10,0.004140786749482402,9.920576338244413,Connect Greeley,Greeley,CO,2026-09-21T18:51:23Z,2026-09-28T20:12:05Z,7.056042,False,True,https://api.fususone.com/api/public/organizations/greeleypd/stats/
greeleypd,totalOwnedCameras,previous,245,255,10,0.04081632653061224,9.920576338244413,Connect Greeley,Greeley,CO,2026-09-21T18:51:23Z,2026-09-28T20:12:05Z,7.056042,False,True,https://api.fususone.com/api/public/organizations/greeleypd/stats/
greeleypd,totalSharedCameras,previous,2170,2170,0,0.0,0.0,Connect Greeley,Greeley,CO,2026-09-21T18:51:23Z,2026-09-28T20:12:05Z,7.056042,False,True,https://api.fususone.com/api/public/organizations/greeleypd/stats/
greeleypd,totalMaxCameras,previous,1500,1500,0,0.0,0.0,Connect Greeley,Greeley,CO,2026-09-21T18:51:23Z,2026-09-28T20:12:05Z,7.056042,False,True,https://api.fususone.com/api/public/organizations/greeleypd/stats/
greeleypd,subscribedCameras,previous,229,239,10,0.043668122270742356,9.920576338244413,Connect Greeley,Greeley,CO,2026-09-21T18:51:23Z,2026-09-28T20:12:05Z,7.056042,False,True,https://api.fususone.com/api/public/organizations/greeleypd/stats/
greensboropd,totalRegisteredCameras,previous,752,754,2,0.0026595744680851063,1.9841152676488825,Connect Greensboro,Greensboro,NC,2026-09-21T18:51:24Z,2026-09-28T20:12:06Z,7.056042,False,True,https://api.fususone.com/api/public/organizations/greensboropd/stats/
greensboropd,totalIntegratedCameras,previous,1183,1208,25,0.021132713440405747,24.801440845611033,Connect Greensboro,Greensboro,NC,2026-09-21T18:51:24Z,2026-09-28T20:12:06Z,7.056042,False,True,https://api.fususone.com/api/public/organizations/greensboropd/stats/
greensboropd,totalOwnedCameras,previous,716,741,25,0.034916201117318434,24.801440845611033,Connect Greensboro,Greensboro,NC,2026-09-21T18:51:24Z,2026-09-28T20:12:06Z,7.056042,False,True,https://api.fususone.com/api/public/organizations/greensboropd/stats/
greensboropd,totalSharedCameras,previous,161,161,0,0.0,0.0,Connect Greensboro,Greensboro,NC,2026-09-21T18:51:24Z,2026-09-28T20:12:06Z,7.056042,False,True,https://api.fususone.com/api/public/organizations/greensboropd/stats/
greensboropd,totalMaxCameras,previous,1501,1501,0,0.0,0.0,Connect Greensboro,Greensboro,NC,2026-09-21T18:51:24Z,2026-09-28T20:12:06Z,7.056042,False,True,https://api.fususone.com/api/public/organizations/greensboropd/stats/
greensboropd,subscribedCameras,previous,676,701,25,0.03698224852071006,24.801440845611033,Connect Greensboro,Greensboro,NC,2026-09-21T18:51:24Z,2026-09-28T20:12:06Z,7.056042,False,True,https://api.fususone.com/api/public/organizations/greensboropd/stats/
greenvillecsosc,totalRegisteredCameras,previous,203,203,0,0.0,0.0,Connect Greenville County,Greenville County,SC,2026-09-21T18:51:25Z,2026-09-28T20:12:07Z,7.056042,False,True,https://api.fususone.com/api/public/organizations/greenvillecsosc/stats/
greenvillecsosc,totalIntegratedCameras,previous,281,281,0,0.0,0.0,Connect Greenville County,Greenville County,SC,2026-09-21T18:51:25Z,2026-09-28T20:12:07Z,7.056042,False,True,https://api.fususone.com/api/public/organizations/greenvillecsosc/stats/
greenvillecsosc,totalOwnedCameras,previous,232,232,0,0.0,0.0,Connect Greenville County,Greenville County,SC,2026-09-21T18:51:25Z,2026-09-28T20:12:07Z,7.056042,False,True,https://api.fususone.com/api/public/organizations/greenvillecsosc/stats/
greenvillecsosc,totalSharedCameras,previous,49,49,0,0.0,0.0,Connect Greenville County,Greenville County,SC,2026-09-21T18:51:25Z,2026-09-28T20:12:07Z,7.056042,False,True,https://api.fususone.com/api/public/organizations/greenvillecsosc/stats/
greenvillecsosc,totalMaxCameras,previous,3000,3000,0,0.0,0.0,Connect Greenville County,Greenville County,SC,2026-09-21T18:51:25Z,2026-09-28T20:12:07Z,7.056042,False,True,https://api.fususone.com/api/public/organizations/greenvillecsosc/stats/
greenvillecsosc,subscribedCameras,previous,232,232,0,0.0,0.0,Connect Greenville County,Greenville County,SC,2026-09-21T18:51:25Z,2026-09-28T20:12:07Z,7.056042,False,True,https://api.fususone.com/api/public/organizations/greenvillecsosc/stats/
guilfordsheriff,totalRegisteredCameras,previous,870,872,2,0.0022988505747126436,1.9841152676488825,Connect Guilford County,Guilford County ,NC,2026-09-21T18:51:26Z,2026-09-28T20:12:08Z,7.056042,False,True,https://api.fususone.com/api/public/organizations/guilfordsheriff/stats/
guilfordsheriff,totalIntegratedCameras,previous,226,226,0,0.0,0.0,Connect Guilford County,Guilford County ,NC,2026-09-21T18:51:26Z,2026-09-28T20:12:08Z,7.056042,False,True,https://api.fususone.com/api/public/organizations/guilfordsheriff/stats/
guilfordsheriff,totalOwnedCameras,previous,181,181,0,0.0,0.0,Connect Guilford County,Guilford County ,NC,2026-09-21T18:51:26Z,2026-09-28T20:12:08Z,7.056042,False,True,https://api.fususone.com/api/public/organizations/guilfordsheriff/stats/
guilfordsheriff,totalSharedCameras,previous,40,40,0,0.0,0.0,Connect Guilford County,Guilford County ,NC,2026-09-21T18:51:26Z,2026-09-28T20:12:08Z,7.056042,False,True,https://api.fususone.com/api/public/organizations/guilfordsheriff/stats/
guilfordsheriff,totalMaxCameras,previous,500,500,0,0.0,0.0,Connect Guilford County,Guilford County ,NC,2026-09-21T18:51:26Z,2026-09-28T20:12:08Z,7.056042,False,True,https://api.fususone.com/api/public/organizations/guilfordsheriff/stats/
guilfordsheriff,subscribedCameras,previous,180,180,0,0.0,0.0,Connect Guilford County,Guilford County ,NC,2026-09-21T18:51:26Z,2026-09-28T20:12:08Z,7.056042,False,True,https://api.fususone.com/api/public/organizations/guilfordsheriff/stats/
hainescitypdfl,totalRegisteredCameras,previous,3,3,0,0.0,0.0,Connect Haines City,Haines City,FL,2026-09-21T18:51:27Z,2026-09-28T20:12:09Z,7.056042,False,True,https://api.fususone.com/api/public/organizations/hainescitypdfl/stats/
hainescitypdfl,totalIntegratedCameras,previous,127,127,0,0.0,0.0,Connect Haines City,Haines City,FL,2026-09-21T18:51:27Z,2026-09-28T20:12:09Z,7.056042,False,True,https://api.fususone.com/api/public/organizations/hainescitypdfl/stats/
hainescitypdfl,totalOwnedCameras,previous,127,127,0,0.0,0.0,Connect Haines City,Haines City,FL,2026-09-21T18:51:27Z,2026-09-28T20:12:09Z,7.056042,False,True,https://api.fususone.com/api/public/organizations/hainescitypdfl/stats/
hainescitypdfl,totalSharedCameras,previous,0,0,0,,0.0,Connect Haines City,Haines City,FL,2026-09-21T18:51:27Z,2026-09-28T20:12:09Z,7.056042,True,True,https://api.fususone.com/api/public/organizations/hainescitypdfl/stats/
hainescitypdfl,totalMaxCameras,previous,150,150,0,0.0,0.0,Connect Haines City,Haines City,FL,2026-09-21T18:51:27Z,2026-09-28T20:12:09Z,7.056042,False,True,https://api.fususone.com/api/public/organizations/hainescitypdfl/stats/
hainescitypdfl,subscribedCameras,previous,125,125,0,0.0,0.0,Connect Haines City,Haines City,FL,2026-09-21T18:51:27Z,2026-09-28T20:12:09Z,7.056042,False,True,https://api.fususone.com/api/public/organizations/hainescitypdfl/stats/
hamiltoncoso,totalRegisteredCameras,previous,1692,1694,2,0.001182033096926714,1.9841152676488825,Connect Hamilton County,Hamilton County,OH,2026-09-21T18:51:28Z,2026-09-28T20:12:10Z,7.056042,False,True,https://api.fususone.com/api/public/organizations/hamiltoncoso/stats/
hamiltoncoso,totalIntegratedCameras,previous,472,472,0,0.0,0.0,Connect Hamilton County,Hamilton County,OH,2026-09-21T18:51:28Z,2026-09-28T20:12:10Z,7.056042,False,True,https://api.fususone.com/api/public/organizations/hamiltoncoso/stats/
hamiltoncoso,totalOwnedCameras,previous,472,472,0,0.0,0.0,Connect Hamilton County,Hamilton County,OH,2026-09-21T18:51:28Z,2026-09-28T20:12:10Z,7.056042,False,True,https://api.fususone.com/api/public/organizations/hamiltoncoso/stats/
hamiltoncoso,totalSharedCameras,previous,0,0,0,,0.0,Connect Hamilton County,Hamilton County,OH,2026-09-21T18:51:28Z,2026-09-28T20:12:10Z,7.056042,True,True,https://api.fususone.com/api/public/organizations/hamiltoncoso/stats/
hamiltoncoso,totalMaxCameras,previous,2000,2000,0,0.0,0.0,Connect Hamilton County,Hamilton County,OH,2026-09-21T18:51:28Z,2026-09-28T20:12:10Z,7.056042,False,True,https://api.fususone.com/api/public/organizations/hamiltoncoso/stats/
hamiltoncoso,subscribedCameras,previous,472,472,0,0.0,0.0,Connect Hamilton County,Hamilton County,OH,2026-09-21T18:51:28Z,2026-09-28T20:12:10Z,7.056042,False,True,https://api.fususone.com/api/public/organizations/hamiltoncoso/stats/
hammondpd,totalRegisteredCameras,previous,1221,1221,0,0.0,0.0,Hammond BlueNET,Hammond,IN,2026-09-21T18:51:29Z,2026-09-28T20:12:11Z,7.056042,False,True,https://api.fususone.com/api/public/organizations/hammondpd/stats/
hammondpd,totalIntegratedCameras,previous,1325,1325,0,0.0,0.0,Hammond BlueNET,Hammond,IN,2026-09-21T18:51:29Z,2026-09-28T20:12:11Z,7.056042,False,True,https://api.fususone.com/api/public/organizations/hammondpd/stats/
hammondpd,totalOwnedCameras,previous,1193,1193,0,0.0,0.0,Hammond BlueNET,Hammond,IN,2026-09-21T18:51:29Z,2026-09-28T20:12:11Z,7.056042,False,True,https://api.fususone.com/api/public/organizations/hammondpd/stats/
hammondpd,totalSharedCameras,previous,10,10,0,0.0,0.0,Hammond BlueNET,Hammond,IN,2026-09-21T18:51:29Z,2026-09-28T20:12:11Z,7.056042,False,True,https://api.fususone.com/api/public/organizations/hammondpd/stats/
hammondpd,totalMaxCameras,previous,1500,1500,0,0.0,0.0,Hammond BlueNET,Hammond,IN,2026-09-21T18:51:29Z,2026-09-28T20:12:11Z,7.056042,False,True,https://api.fususone.com/api/public/organizations/hammondpd/stats/
hammondpd,subscribedCameras,previous,823,823,0,0.0,0.0,Hammond BlueNET,Hammond,IN,2026-09-21T18:51:29Z,2026-09-28T20:12:11Z,7.056042,False,True,https://api.fususone.com/api/public/organizations/hammondpd/stats/
hamptonpdva,totalRegisteredCameras,previous,2,2,0,0.0,0.0,Connect Hampton,Hampton,VA,2026-09-21T18:51:30Z,2026-09-28T20:12:12Z,7.056042,False,True,https://api.fususone.com/api/public/organizations/hamptonpdva/stats/
hamptonpdva,totalIntegratedCameras,previous,162,162,0,0.0,0.0,Connect Hampton,Hampton,VA,2026-09-21T18:51:30Z,2026-09-28T20:12:12Z,7.056042,False,True,https://api.fususone.com/api/public/organizations/hamptonpdva/stats/
hamptonpdva,totalOwnedCameras,previous,161,161,0,0.0,0.0,Connect Hampton,Hampton,VA,2026-09-21T18:51:30Z,2026-09-28T20:12:12Z,7.056042,False,True,https://api.fususone.com/api/public/organizations/hamptonpdva/stats/
hamptonpdva,totalSharedCameras,previous,1,1,0,0.0,0.0,Connect Hampton,Hampton,VA,2026-09-21T18:51:30Z,2026-09-28T20:12:12Z,7.056042,False,True,https://api.fususone.com/api/public/organizations/hamptonpdva/stats/
hamptonpdva,totalMaxCameras,previous,1,1,0,0.0,0.0,Connect Hampton,Hampton,VA,2026-09-21T18:51:30Z,2026-09-28T20:12:12Z,7.056042,False,True,https://api.fususone.com/api/public/organizations/hamptonpdva/stats/
hamptonpdva,subscribedCameras,previous,153,153,0,0.0,0.0,Connect Hampton,Hampton,VA,2026-09-21T18:51:30Z,2026-09-28T20:12:12Z,7.056042,False,True,https://api.fususone.com/api/public/organizations/hamptonpdva/stats/
hanoverparkpdil,totalRegisteredCameras,previous,0,0,0,,0.0,Connect Hanover Park,Hanover Park,IL,2026-09-21T18:51:31Z,2026-09-28T20:12:13Z,7.056042,True,True,https://api.fususone.com/api/public/organizations/hanoverparkpdil/stats/
hanoverparkpdil,totalIntegratedCameras,previous,70,70,0,0.0,0.0,Connect Hanover Park,Hanover Park,IL,2026-09-21T18:51:31Z,2026-09-28T20:12:13Z,7.056042,False,True,https://api.fususone.com/api/public/organizations/hanoverparkpdil/stats/
hanoverparkpdil,totalOwnedCameras,previous,70,70,0,0.0,0.0,Connect Hanover Park,Hanover Park,IL,2026-09-21T18:51:31Z,2026-09-28T20:12:13Z,7.056042,False,True,https://api.fususone.com/api/public/organizations/hanoverparkpdil/stats/
hanoverparkpdil,totalSharedCameras,previous,0,0,0,,0.0,Connect Hanover Park,Hanover Park,IL,2026-09-21T18:51:31Z,2026-09-28T20:12:13Z,7.056042,True,True,https://api.fususone.com/api/public/organizations/hanoverparkpdil/stats/
hanoverparkpdil,totalMaxCameras,previous,225,225,0,0.0,0.0,Connect Hanover Park,Hanover Park,IL,2026-09-21T18:51:31Z,2026-09-28T20:12:13Z,7.056042,False,True,https://api.fususone.com/api/public/organizations/hanoverparkpdil/stats/
hanoverparkpdil,subscribedCameras,previous,66,66,0,0.0,0.0,Connect Hanover Park,Hanover Park,IL,2026-09-21T18:51:31Z,2026-09-28T20:12:13Z,7.056042,False,True,https://api.fususone.com/api/public/organizations/hanoverparkpdil/stats/
harrisoncso,totalRegisteredCameras,previous,559,559,0,0.0,0.0,Connect Harrison County,Harrison County,MS,2026-09-21T18:51:32Z,2026-09-28T20:12:14Z,7.056042,False,True,https://api.fususone.com/api/public/organizations/harrisoncso/stats/
harrisoncso,totalIntegratedCameras,previous,504,505,1,0.001984126984126984,0.9920576338244412,Connect Harrison County,Harrison County,MS,2026-09-21T18:51:32Z,2026-09-28T20:12:14Z,7.056042,False,True,https://api.fususone.com/api/public/organizations/harrisoncso/stats/
harrisoncso,totalOwnedCameras,previous,76,77,1,0.013157894736842105,0.9920576338244412,Connect Harrison County,Harrison County,MS,2026-09-21T18:51:32Z,2026-09-28T20:12:14Z,7.056042,False,True,https://api.fususone.com/api/public/organizations/harrisoncso/stats/
harrisoncso,totalSharedCameras,previous,57,57,0,0.0,0.0,Connect Harrison County,Harrison County,MS,2026-09-21T18:51:32Z,2026-09-28T20:12:14Z,7.056042,False,True,https://api.fususone.com/api/public/organizations/harrisoncso/stats/
harrisoncso,totalMaxCameras,previous,1000,1000,0,0.0,0.0,Connect Harrison County,Harrison County,MS,2026-09-21T18:51:32Z,2026-09-28T20:12:14Z,7.056042,False,True,https://api.fususone.com/api/public/organizations/harrisoncso/stats/
harrisoncso,subscribedCameras,previous,72,72,0,0.0,0.0,Connect Harrison County,Harrison County,MS,2026-09-21T18:51:32Z,2026-09-28T20:12:14Z,7.056042,False,True,https://api.fususone.com/api/public/organizations/harrisoncso/stats/
hartfordpd,totalRegisteredCameras,previous,228,228,0,0.0,0.0,Connect Hartford,Hartford,CT,2026-09-21T18:51:33Z,2026-09-28T20:12:15Z,7.056042,False,True,https://api.fususone.com/api/public/organizations/hartfordpd/stats/
hartfordpd,totalIntegratedCameras,previous,1101,1101,0,0.0,0.0,Connect Hartford,Hartford,CT,2026-09-21T18:51:33Z,2026-09-28T20:12:15Z,7.056042,False,True,https://api.fususone.com/api/public/organizations/hartfordpd/stats/
hartfordpd,totalOwnedCameras,previous,1101,1101,0,0.0,0.0,Connect Hartford,Hartford,CT,2026-09-21T18:51:33Z,2026-09-28T20:12:15Z,7.056042,False,True,https://api.fususone.com/api/public/organizations/hartfordpd/stats/
hartfordpd,totalSharedCameras,previous,0,0,0,,0.0,Connect Hartford,Hartford,CT,2026-09-21T18:51:33Z,2026-09-28T20:12:15Z,7.056042,True,True,https://api.fususone.com/api/public/organizations/hartfordpd/stats/
hartfordpd,totalMaxCameras,previous,2000,2000,0,0.0,0.0,Connect Hartford,Hartford,CT,2026-09-21T18:51:33Z,2026-09-28T20:12:15Z,7.056042,False,True,https://api.fususone.com/api/public/organizations/hartfordpd/stats/
hartfordpd,subscribedCameras,previous,646,646,0,0.0,0.0,Connect Hartford,Hartford,CT,2026-09-21T18:51:33Z,2026-09-28T20:12:15Z,7.056042,False,True,https://api.fususone.com/api/public/organizations/hartfordpd/stats/
harveypdil,totalRegisteredCameras,previous,0,0,0,,0.0,Connect Harvey,Harvey,IL,2026-09-21T18:51:34Z,2026-09-28T20:12:16Z,7.056042,True,True,https://api.fususone.com/api/public/organizations/harveypdil/stats/
harveypdil,totalIntegratedCameras,previous,55,55,0,0.0,0.0,Connect Harvey,Harvey,IL,2026-09-21T18:51:34Z,2026-09-28T20:12:16Z,7.056042,False,True,https://api.fususone.com/api/public/organizations/harveypdil/stats/
harveypdil,totalOwnedCameras,previous,55,55,0,0.0,0.0,Connect Harvey,Harvey,IL,2026-09-21T18:51:34Z,2026-09-28T20:12:16Z,7.056042,False,True,https://api.fususone.com/api/public/organizations/harveypdil/stats/
harveypdil,totalSharedCameras,previous,0,0,0,,0.0,Connect Harvey,Harvey,IL,2026-09-21T18:51:34Z,2026-09-28T20:12:16Z,7.056042,True,True,https://api.fususone.com/api/public/organizations/harveypdil/stats/
harveypdil,totalMaxCameras,previous,1500,1500,0,0.0,0.0,Connect Harvey,Harvey,IL,2026-09-21T18:51:34Z,2026-09-28T20:12:16Z,7.056042,False,True,https://api.fususone.com/api/public/organizations/harveypdil/stats/
harveypdil,subscribedCameras,previous,34,34,0,0.0,0.0,Connect Harvey,Harvey,IL,2026-09-21T18:51:34Z,2026-09-28T20:12:16Z,7.056042,False,True,https://api.fususone.com/api/public/organizations/harveypdil/stats/
hcso,totalRegisteredCameras,previous,289,293,4,0.01384083044982699,3.968230535297765,Connect Hillsborough,Hillsborough County,FL,2026-09-21T18:51:35Z,2026-09-28T20:12:17Z,7.056042,False,True,https://api.fususone.com/api/public/organizations/hcso/stats/
hcso,totalIntegratedCameras,previous,4851,4851,0,0.0,0.0,Connect Hillsborough,Hillsborough County,FL,2026-09-21T18:51:35Z,2026-09-28T20:12:17Z,7.056042,False,True,https://api.fususone.com/api/public/organizations/hcso/stats/
hcso,totalOwnedCameras,previous,1653,1653,0,0.0,0.0,Connect Hillsborough,Hillsborough County,FL,2026-09-21T18:51:35Z,2026-09-28T20:12:17Z,7.056042,False,True,https://api.fususone.com/api/public/organizations/hcso/stats/
hcso,totalSharedCameras,previous,3151,3151,0,0.0,0.0,Connect Hillsborough,Hillsborough County,FL,2026-09-21T18:51:35Z,2026-09-28T20:12:17Z,7.056042,False,True,https://api.fususone.com/api/public/organizations/hcso/stats/
hcso,totalMaxCameras,previous,1000,1000,0,0.0,0.0,Connect Hillsborough,Hillsborough County,FL,2026-09-21T18:51:35Z,2026-09-28T20:12:17Z,7.056042,False,True,https://api.fususone.com/api/public/organizations/hcso/stats/
hcso,subscribedCameras,previous,1575,1575,0,0.0,0.0,Connect Hillsborough,Hillsborough County,FL,2026-09-21T18:51:35Z,2026-09-28T20:12:17Z,7.056042,False,True,https://api.fususone.com/api/public/organizations/hcso/stats/
hennepincountyso,totalRegisteredCameras,previous,457,457,0,0.0,0.0,Connect Hennepin County,Hennepin County,MN,2026-09-21T18:51:36Z,2026-09-28T20:12:18Z,7.056042,False,True,https://api.fususone.com/api/public/organizations/hennepincountyso/stats/
hennepincountyso,totalIntegratedCameras,previous,3008,3008,0,0.0,0.0,Connect Hennepin County,Hennepin County,MN,2026-09-21T18:51:36Z,2026-09-28T20:12:18Z,7.056042,False,True,https://api.fususone.com/api/public/organizations/hennepincountyso/stats/
hennepincountyso,totalOwnedCameras,previous,381,381,0,0.0,0.0,Connect Hennepin County,Hennepin County,MN,2026-09-21T18:51:36Z,2026-09-28T20:12:18Z,7.056042,False,True,https://api.fususone.com/api/public/organizations/hennepincountyso/stats/
hennepincountyso,totalSharedCameras,previous,1766,1766,0,0.0,0.0,Connect Hennepin County,Hennepin County,MN,2026-09-21T18:51:36Z,2026-09-28T20:12:18Z,7.056042,False,True,https://api.fususone.com/api/public/organizations/hennepincountyso/stats/
hennepincountyso,totalMaxCameras,previous,1500,1500,0,0.0,0.0,Connect Hennepin County,Hennepin County,MN,2026-09-21T18:51:36Z,2026-09-28T20:12:18Z,7.056042,False,True,https://api.fususone.com/api/public/organizations/hennepincountyso/stats/
hennepincountyso,subscribedCameras,previous,381,381,0,0.0,0.0,Connect Hennepin County,Hennepin County,MN,2026-09-21T18:51:36Z,2026-09-28T20:12:18Z,7.056042,False,True,https://api.fususone.com/api/public/organizations/hennepincountyso/stats/
henricocountypdva,totalRegisteredCameras,previous,66,66,0,0.0,0.0,Connect Henrico County,Henrico County,VA,2026-09-21T18:51:37Z,2026-09-28T20:12:19Z,7.056042,False,True,https://api.fususone.com/api/public/organizations/henricocountypdva/stats/
henricocountypdva,totalIntegratedCameras,previous,2234,2234,0,0.0,0.0,Connect Henrico County,Henrico County,VA,2026-09-21T18:51:37Z,2026-09-28T20:12:19Z,7.056042,False,True,https://api.fususone.com/api/public/organizations/henricocountypdva/stats/
henricocountypdva,totalOwnedCameras,previous,809,809,0,0.0,0.0,Connect Henrico County,Henrico County,VA,2026-09-21T18:51:37Z,2026-09-28T20:12:19Z,7.056042,False,True,https://api.fususone.com/api/public/organizations/henricocountypdva/stats/
henricocountypdva,totalSharedCameras,previous,1385,1385,0,0.0,0.0,Connect Henrico County,Henrico County,VA,2026-09-21T18:51:37Z,2026-09-28T20:12:19Z,7.056042,False,True,https://api.fususone.com/api/public/organizations/henricocountypdva/stats/
henricocountypdva,totalMaxCameras,previous,1500,1500,0,0.0,0.0,Connect Henrico County,Henrico County,VA,2026-09-21T18:51:37Z,2026-09-28T20:12:19Z,7.056042,False,True,https://api.fususone.com/api/public/organizations/henricocountypdva/stats/
henricocountypdva,subscribedCameras,previous,811,811,0,0.0,0.0,Connect Henrico County,Henrico County,VA,2026-09-21T18:51:37Z,2026-09-28T20:12:19Z,7.056042,False,True,https://api.fususone.com/api/public/organizations/henricocountypdva/stats/
henrycountypd,totalRegisteredCameras,previous,4973,4982,9,0.0018097727729740598,8.928518704419972,Henry Safer Together,Henry County,GA,2026-09-21T18:51:38Z,2026-09-28T20:12:20Z,7.056042,False,True,https://api.fususone.com/api/public/organizations/henrycountypd/stats/
henrycountypd,totalIntegratedCameras,previous,13830,13832,2,0.00014461315979754158,1.9841152676488825,Henry Safer Together,Henry County,GA,2026-09-21T18:51:38Z,2026-09-28T20:12:20Z,7.056042,False,True,https://api.fususone.com/api/public/organizations/henrycountypd/stats/
henrycountypd,totalOwnedCameras,previous,677,677,0,0.0,0.0,Henry Safer Together,Henry County,GA,2026-09-21T18:51:38Z,2026-09-28T20:12:20Z,7.056042,False,True,https://api.fususone.com/api/public/organizations/henrycountypd/stats/
henrycountypd,totalSharedCameras,previous,3626,3627,1,0.0002757859900717044,0.9920576338244412,Henry Safer Together,Henry County,GA,2026-09-21T18:51:38Z,2026-09-28T20:12:20Z,7.056042,False,True,https://api.fususone.com/api/public/organizations/henrycountypd/stats/
henrycountypd,totalMaxCameras,previous,7950,7950,0,0.0,0.0,Henry Safer Together,Henry County,GA,2026-09-21T18:51:38Z,2026-09-28T20:12:20Z,7.056042,False,True,https://api.fususone.com/api/public/organizations/henrycountypd/stats/
henrycountypd,subscribedCameras,previous,670,670,0,0.0,0.0,Henry Safer Together,Henry County,GA,2026-09-21T18:51:38Z,2026-09-28T20:12:20Z,7.056042,False,True,https://api.fususone.com/api/public/organizations/henrycountypd/stats/
herndonpdva,totalRegisteredCameras,previous,26,26,0,0.0,0.0,Connect Herndon,Herndon,VA,2026-09-21T18:51:39Z,2026-09-28T20:12:21Z,7.056042,False,True,https://api.fususone.com/api/public/organizations/herndonpdva/stats/
herndonpdva,totalIntegratedCameras,previous,42,42,0,0.0,0.0,Connect Herndon,Herndon,VA,2026-09-21T18:51:39Z,2026-09-28T20:12:21Z,7.056042,False,True,https://api.fususone.com/api/public/organizations/herndonpdva/stats/
herndonpdva,totalOwnedCameras,previous,42,42,0,0.0,0.0,Connect Herndon,Herndon,VA,2026-09-21T18:51:39Z,2026-09-28T20:12:21Z,7.056042,False,True,https://api.fususone.com/api/public/organizations/herndonpdva/stats/
herndonpdva,totalSharedCameras,previous,0,0,0,,0.0,Connect Herndon,Herndon,VA,2026-09-21T18:51:39Z,2026-09-28T20:12:21Z,7.056042,True,True,https://api.fususone.com/api/public/organizations/herndonpdva/stats/
herndonpdva,totalMaxCameras,previous,150,150,0,0.0,0.0,Connect Herndon,Herndon,VA,2026-09-21T18:51:39Z,2026-09-28T20:12:21Z,7.056042,False,True,https://api.fususone.com/api/public/organizations/herndonpdva/stats/
herndonpdva,subscribedCameras,previous,42,42,0,0.0,0.0,Connect Herndon,Herndon,VA,2026-09-21T18:51:39Z,2026-09-28T20:12:21Z,7.056042,False,True,https://api.fususone.com/api/public/organizations/herndonpdva/stats/
highpointncpd,totalRegisteredCameras,previous,1243,1248,5,0.004022526146419952,4.960288169122206,Link High Point,High Point,NC,2026-09-21T18:51:40Z,2026-09-28T20:12:22Z,7.056042,False,True,https://api.fususone.com/api/public/organizations/highpointncpd/stats/
highpointncpd,totalIntegratedCameras,previous,573,573,0,0.0,0.0,Link High Point,High Point,NC,2026-09-21T18:51:40Z,2026-09-28T20:12:22Z,7.056042,False,True,https://api.fususone.com/api/public/organizations/highpointncpd/stats/
highpointncpd,totalOwnedCameras,previous,474,474,0,0.0,0.0,Link High Point,High Point,NC,2026-09-21T18:51:40Z,2026-09-28T20:12:22Z,7.056042,False,True,https://api.fususone.com/api/public/organizations/highpointncpd/stats/
highpointncpd,totalSharedCameras,previous,0,0,0,,0.0,Link High Point,High Point,NC,2026-09-21T18:51:40Z,2026-09-28T20:12:22Z,7.056042,True,True,https://api.fususone.com/api/public/organizations/highpointncpd/stats/
highpointncpd,totalMaxCameras,previous,500,500,0,0.0,0.0,Link High Point,High Point,NC,2026-09-21T18:51:40Z,2026-09-28T20:12:22Z,7.056042,False,True,https://api.fususone.com/api/public/organizations/highpointncpd/stats/
highpointncpd,subscribedCameras,previous,468,468,0,0.0,0.0,Link High Point,High Point,NC,2026-09-21T18:51:40Z,2026-09-28T20:12:22Z,7.056042,False,True,https://api.fususone.com/api/public/organizations/highpointncpd/stats/
hoodcoso,totalRegisteredCameras,previous,0,0,0,,0.0,Connect Hood County,Hood County,TX,2026-09-21T18:51:41Z,2026-09-28T20:12:23Z,7.056042,True,True,https://api.fususone.com/api/public/organizations/hoodcoso/stats/
hoodcoso,totalIntegratedCameras,previous,222,222,0,0.0,0.0,Connect Hood County,Hood County,TX,2026-09-21T18:51:41Z,2026-09-28T20:12:23Z,7.056042,False,True,https://api.fususone.com/api/public/organizations/hoodcoso/stats/
hoodcoso,totalOwnedCameras,previous,222,222,0,0.0,0.0,Connect Hood County,Hood County,TX,2026-09-21T18:51:41Z,2026-09-28T20:12:23Z,7.056042,False,True,https://api.fususone.com/api/public/organizations/hoodcoso/stats/
hoodcoso,totalSharedCameras,previous,0,0,0,,0.0,Connect Hood County,Hood County,TX,2026-09-21T18:51:41Z,2026-09-28T20:12:23Z,7.056042,True,True,https://api.fususone.com/api/public/organizations/hoodcoso/stats/
hoodcoso,totalMaxCameras,previous,0,0,0,,0.0,Connect Hood County,Hood County,TX,2026-09-21T18:51:41Z,2026-09-28T20:12:23Z,7.056042,True,True,https://api.fususone.com/api/public/organizations/hoodcoso/stats/
hoodcoso,subscribedCameras,previous,222,222,0,0.0,0.0,Connect Hood County,Hood County,TX,2026-09-21T18:51:41Z,2026-09-28T20:12:23Z,7.056042,False,True,https://api.fususone.com/api/public/organizations/hoodcoso/stats/
hooverpd,totalRegisteredCameras,previous,46,46,0,0.0,0.0,Connect Hoover,Hoover,AL,2026-09-21T18:51:42Z,2026-09-28T20:12:24Z,7.056042,False,True,https://api.fususone.com/api/public/organizations/hooverpd/stats/
hooverpd,totalIntegratedCameras,previous,917,920,3,0.003271537622682661,2.976172901473324,Connect Hoover,Hoover,AL,2026-09-21T18:51:42Z,2026-09-28T20:12:24Z,7.056042,False,True,https://api.fususone.com/api/public/organizations/hooverpd/stats/
hooverpd,totalOwnedCameras,previous,393,393,0,0.0,0.0,Connect Hoover,Hoover,AL,2026-09-21T18:51:42Z,2026-09-28T20:12:24Z,7.056042,False,True,https://api.fususone.com/api/public/organizations/hooverpd/stats/
hooverpd,totalSharedCameras,previous,0,0,0,,0.0,Connect Hoover,Hoover,AL,2026-09-21T18:51:42Z,2026-09-28T20:12:24Z,7.056042,True,True,https://api.fususone.com/api/public/organizations/hooverpd/stats/
hooverpd,totalMaxCameras,previous,1500,1500,0,0.0,0.0,Connect Hoover,Hoover,AL,2026-09-21T18:51:42Z,2026-09-28T20:12:24Z,7.056042,False,True,https://api.fususone.com/api/public/organizations/hooverpd/stats/
hooverpd,subscribedCameras,previous,391,391,0,0.0,0.0,Connect Hoover,Hoover,AL,2026-09-21T18:51:42Z,2026-09-28T20:12:24Z,7.056042,False,True,https://api.fususone.com/api/public/organizations/hooverpd/stats/
hopemillspd,totalRegisteredCameras,previous,17,17,0,0.0,0.0,Connect Hope Mills,Hope Mills,NC,2026-09-21T18:51:43Z,2026-09-28T20:12:25Z,7.056042,False,True,https://api.fususone.com/api/public/organizations/hopemillspd/stats/
hopemillspd,totalIntegratedCameras,previous,338,345,7,0.020710059171597635,6.944403436771089,Connect Hope Mills,Hope Mills,NC,2026-09-21T18:51:43Z,2026-09-28T20:12:25Z,7.056042,False,True,https://api.fususone.com/api/public/organizations/hopemillspd/stats/
hopemillspd,totalOwnedCameras,previous,63,63,0,0.0,0.0,Connect Hope Mills,Hope Mills,NC,2026-09-21T18:51:43Z,2026-09-28T20:12:25Z,7.056042,False,True,https://api.fususone.com/api/public/organizations/hopemillspd/stats/
hopemillspd,totalSharedCameras,previous,0,0,0,,0.0,Connect Hope Mills,Hope Mills,NC,2026-09-21T18:51:43Z,2026-09-28T20:12:25Z,7.056042,True,True,https://api.fususone.com/api/public/organizations/hopemillspd/stats/
hopemillspd,totalMaxCameras,previous,10000,10000,0,0.0,0.0,Connect Hope Mills,Hope Mills,NC,2026-09-21T18:51:43Z,2026-09-28T20:12:25Z,7.056042,False,True,https://api.fususone.com/api/public/organizations/hopemillspd/stats/
hopemillspd,subscribedCameras,previous,63,63,0,0.0,0.0,Connect Hope Mills,Hope Mills,NC,2026-09-21T18:51:43Z,2026-09-28T20:12:25Z,7.056042,False,True,https://api.fususone.com/api/public/organizations/hopemillspd/stats/
ilstatepolice,totalRegisteredCameras,previous,18,18,0,0.0,0.0,Connect Illinois,Illinois,IL,2026-09-21T18:51:44Z,2026-09-28T20:12:26Z,7.056042,False,True,https://api.fususone.com/api/public/organizations/ilstatepolice/stats/
ilstatepolice,totalIntegratedCameras,previous,1476,1476,0,0.0,0.0,Connect Illinois,Illinois,IL,2026-09-21T18:51:44Z,2026-09-28T20:12:26Z,7.056042,False,True,https://api.fususone.com/api/public/organizations/ilstatepolice/stats/
ilstatepolice,totalOwnedCameras,previous,789,789,0,0.0,0.0,Connect Illinois,Illinois,IL,2026-09-21T18:51:44Z,2026-09-28T20:12:26Z,7.056042,False,True,https://api.fususone.com/api/public/organizations/ilstatepolice/stats/
ilstatepolice,totalSharedCameras,previous,0,0,0,,0.0,Connect Illinois,Illinois,IL,2026-09-21T18:51:44Z,2026-09-28T20:12:26Z,7.056042,True,True,https://api.fususone.com/api/public/organizations/ilstatepolice/stats/
ilstatepolice,totalMaxCameras,previous,1500,1500,0,0.0,0.0,Connect Illinois,Illinois,IL,2026-09-21T18:51:44Z,2026-09-28T20:12:26Z,7.056042,False,True,https://api.fususone.com/api/public/organizations/ilstatepolice/stats/
ilstatepolice,subscribedCameras,previous,786,786,0,0.0,0.0,Connect Illinois,Illinois,IL,2026-09-21T18:51:44Z,2026-09-28T20:12:26Z,7.056042,False,True,https://api.fususone.com/api/public/organizations/ilstatepolice/stats/
indianriversheriff,totalRegisteredCameras,previous,220,220,0,0.0,0.0,Connect Indian River County,Indian River County,FL,2026-09-21T18:51:45Z,2026-09-28T20:12:27Z,7.056042,False,True,https://api.fususone.com/api/public/organizations/indianriversheriff/stats/
indianriversheriff,totalIntegratedCameras,previous,2492,2492,0,0.0,0.0,Connect Indian River County,Indian River County,FL,2026-09-21T18:51:45Z,2026-09-28T20:12:27Z,7.056042,False,True,https://api.fususone.com/api/public/organizations/indianriversheriff/stats/
indianriversheriff,totalOwnedCameras,previous,808,808,0,0.0,0.0,Connect Indian River County,Indian River County,FL,2026-09-21T18:51:45Z,2026-09-28T20:12:27Z,7.056042,False,True,https://api.fususone.com/api/public/organizations/indianriversheriff/stats/
indianriversheriff,totalSharedCameras,previous,1530,1530,0,0.0,0.0,Connect Indian River County,Indian River County,FL,2026-09-21T18:51:45Z,2026-09-28T20:12:27Z,7.056042,False,True,https://api.fususone.com/api/public/organizations/indianriversheriff/stats/
indianriversheriff,totalMaxCameras,previous,1500,1500,0,0.0,0.0,Connect Indian River County,Indian River County,FL,2026-09-21T18:51:45Z,2026-09-28T20:12:27Z,7.056042,False,True,https://api.fususone.com/api/public/organizations/indianriversheriff/stats/
indianriversheriff,subscribedCameras,previous,738,738,0,0.0,0.0,Connect Indian River County,Indian River County,FL,2026-09-21T18:51:45Z,2026-09-28T20:12:27Z,7.056042,False,True,https://api.fususone.com/api/public/organizations/indianriversheriff/stats/
irvingpdtx,totalRegisteredCameras,previous,61,61,0,0.0,0.0,Connect Irving,Irving,TX,2026-09-21T18:51:46Z,2026-09-28T20:12:28Z,7.056042,False,True,https://api.fususone.com/api/public/organizations/irvingpdtx/stats/
irvingpdtx,totalIntegratedCameras,previous,1446,1446,0,0.0,0.0,Connect Irving,Irving,TX,2026-09-21T18:51:46Z,2026-09-28T20:12:28Z,7.056042,False,True,https://api.fususone.com/api/public/organizations/irvingpdtx/stats/
irvingpdtx,totalOwnedCameras,previous,1246,1246,0,0.0,0.0,Connect Irving,Irving,TX,2026-09-21T18:51:46Z,2026-09-28T20:12:28Z,7.056042,False,True,https://api.fususone.com/api/public/organizations/irvingpdtx/stats/
irvingpdtx,totalSharedCameras,previous,200,200,0,0.0,0.0,Connect Irving,Irving,TX,2026-09-21T18:51:46Z,2026-09-28T20:12:28Z,7.056042,False,True,https://api.fususone.com/api/public/organizations/irvingpdtx/stats/
irvingpdtx,totalMaxCameras,previous,1500,1500,0,0.0,0.0,Connect Irving,Irving,TX,2026-09-21T18:51:46Z,2026-09-28T20:12:28Z,7.056042,False,True,https://api.fususone.com/api/public/organizations/irvingpdtx/stats/
irvingpdtx,subscribedCameras,previous,1158,1158,0,0.0,0.0,Connect Irving,Irving,TX,2026-09-21T18:51:46Z,2026-09-28T20:12:28Z,7.056042,False,True,https://api.fususone.com/api/public/organizations/irvingpdtx/stats/
jacksonms,totalRegisteredCameras,previous,324,324,0,0.0,0.0,Connect Jackson MS,Jackson,MS,2026-09-21T18:51:47Z,2026-09-28T20:12:29Z,7.056042,False,True,https://api.fususone.com/api/public/organizations/jacksonms/stats/
jacksonms,totalIntegratedCameras,previous,1246,1246,0,0.0,0.0,Connect Jackson MS,Jackson,MS,2026-09-21T18:51:47Z,2026-09-28T20:12:29Z,7.056042,False,True,https://api.fususone.com/api/public/organizations/jacksonms/stats/
jacksonms,totalOwnedCameras,previous,735,735,0,0.0,0.0,Connect Jackson MS,Jackson,MS,2026-09-21T18:51:47Z,2026-09-28T20:12:29Z,7.056042,False,True,https://api.fususone.com/api/public/organizations/jacksonms/stats/
jacksonms,totalSharedCameras,previous,505,505,0,0.0,0.0,Connect Jackson MS,Jackson,MS,2026-09-21T18:51:47Z,2026-09-28T20:12:29Z,7.056042,False,True,https://api.fususone.com/api/public/organizations/jacksonms/stats/
jacksonms,totalMaxCameras,previous,2067,2067,0,0.0,0.0,Connect Jackson MS,Jackson,MS,2026-09-21T18:51:47Z,2026-09-28T20:12:29Z,7.056042,False,True,https://api.fususone.com/api/public/organizations/jacksonms/stats/
jacksonms,subscribedCameras,previous,728,728,0,0.0,0.0,Connect Jackson MS,Jackson,MS,2026-09-21T18:51:47Z,2026-09-28T20:12:29Z,7.056042,False,True,https://api.fususone.com/api/public/organizations/jacksonms/stats/
jacksonpdtn,totalRegisteredCameras,previous,0,0,0,,0.0,"Safe Jackson, TN",Jackson,TN,2026-09-21T18:51:48Z,2026-09-28T20:12:30Z,7.056042,True,True,https://api.fususone.com/api/public/organizations/jacksonpdtn/stats/
jacksonpdtn,totalIntegratedCameras,previous,364,364,0,0.0,0.0,"Safe Jackson, TN",Jackson,TN,2026-09-21T18:51:48Z,2026-09-28T20:12:30Z,7.056042,False,True,https://api.fususone.com/api/public/organizations/jacksonpdtn/stats/
jacksonpdtn,totalOwnedCameras,previous,302,302,0,0.0,0.0,"Safe Jackson, TN",Jackson,TN,2026-09-21T18:51:48Z,2026-09-28T20:12:30Z,7.056042,False,True,https://api.fususone.com/api/public/organizations/jacksonpdtn/stats/
jacksonpdtn,totalSharedCameras,previous,0,0,0,,0.0,"Safe Jackson, TN",Jackson,TN,2026-09-21T18:51:48Z,2026-09-28T20:12:30Z,7.056042,True,True,https://api.fususone.com/api/public/organizations/jacksonpdtn/stats/
jacksonpdtn,totalMaxCameras,previous,500,500,0,0.0,0.0,"Safe Jackson, TN",Jackson,TN,2026-09-21T18:51:48Z,2026-09-28T20:12:30Z,7.056042,False,True,https://api.fususone.com/api/public/organizations/jacksonpdtn/stats/
jacksonpdtn,subscribedCameras,previous,281,281,0,0.0,0.0,"Safe Jackson, TN",Jackson,TN,2026-09-21T18:51:48Z,2026-09-28T20:12:30Z,7.056042,False,True,https://api.fususone.com/api/public/organizations/jacksonpdtn/stats/
jacksonvillesheriff,totalRegisteredCameras,previous,6809,6809,0,0.0,0.0,ConnectDuval,Duval County,FL,2026-09-21T18:51:49Z,2026-09-28T20:12:31Z,7.056042,False,True,https://api.fususone.com/api/public/organizations/jacksonvillesheriff/stats/
jacksonvillesheriff,totalIntegratedCameras,previous,9770,9767,-3,-0.0003070624360286592,-2.976172901473324,ConnectDuval,Duval County,FL,2026-09-21T18:51:49Z,2026-09-28T20:12:31Z,7.056042,False,True,https://api.fususone.com/api/public/organizations/jacksonvillesheriff/stats/
jacksonvillesheriff,totalOwnedCameras,previous,2649,2647,-2,-0.0007550018875047187,-1.9841152676488825,ConnectDuval,Duval County,FL,2026-09-21T18:51:49Z,2026-09-28T20:12:31Z,7.056042,False,True,https://api.fususone.com/api/public/organizations/jacksonvillesheriff/stats/
jacksonvillesheriff,totalSharedCameras,previous,6975,6974,-1,-0.00014336917562724014,-0.9920576338244412,ConnectDuval,Duval County,FL,2026-09-21T18:51:49Z,2026-09-28T20:12:31Z,7.056042,False,True,https://api.fususone.com/api/public/organizations/jacksonvillesheriff/stats/
jacksonvillesheriff,totalMaxCameras,previous,1500,1500,0,0.0,0.0,ConnectDuval,Duval County,FL,2026-09-21T18:51:49Z,2026-09-28T20:12:31Z,7.056042,False,True,https://api.fususone.com/api/public/organizations/jacksonvillesheriff/stats/
jacksonvillesheriff,subscribedCameras,previous,1654,1654,0,0.0,0.0,ConnectDuval,Duval County,FL,2026-09-21T18:51:49Z,2026-09-28T20:12:31Z,7.056042,False,True,https://api.fususone.com/api/public/organizations/jacksonvillesheriff/stats/
jeffersoncountysheriff,totalRegisteredCameras,previous,1471,1473,2,0.0013596193065941536,1.9841152676488825,Connect Jefferson County,Jefferson County,AL,2026-09-21T18:51:50Z,2026-09-28T20:12:32Z,7.056042,False,True,https://api.fususone.com/api/public/organizations/jeffersoncountysheriff/stats/
jeffersoncountysheriff,totalIntegratedCameras,previous,2674,2674,0,0.0,0.0,Connect Jefferson County,Jefferson County,AL,2026-09-21T18:51:50Z,2026-09-28T20:12:32Z,7.056042,False,True,https://api.fususone.com/api/public/organizations/jeffersoncountysheriff/stats/
jeffersoncountysheriff,totalOwnedCameras,previous,1788,1788,0,0.0,0.0,Connect Jefferson County,Jefferson County,AL,2026-09-21T18:51:50Z,2026-09-28T20:12:32Z,7.056042,False,True,https://api.fususone.com/api/public/organizations/jeffersoncountysheriff/stats/
jeffersoncountysheriff,totalSharedCameras,previous,808,808,0,0.0,0.0,Connect Jefferson County,Jefferson County,AL,2026-09-21T18:51:50Z,2026-09-28T20:12:32Z,7.056042,False,True,https://api.fususone.com/api/public/organizations/jeffersoncountysheriff/stats/
jeffersoncountysheriff,totalMaxCameras,previous,1500,1500,0,0.0,0.0,Connect Jefferson County,Jefferson County,AL,2026-09-21T18:51:50Z,2026-09-28T20:12:32Z,7.056042,False,True,https://api.fususone.com/api/public/organizations/jeffersoncountysheriff/stats/
jeffersoncountysheriff,subscribedCameras,previous,1786,1786,0,0.0,0.0,Connect Jefferson County,Jefferson County,AL,2026-09-21T18:51:50Z,2026-09-28T20:12:32Z,7.056042,False,True,https://api.fususone.com/api/public/organizations/jeffersoncountysheriff/stats/
kalamazoodps,totalRegisteredCameras,previous,837,837,0,0.0,0.0,Connect Kalamazoo,Kalamazoo,MI,2026-09-21T18:51:51Z,2026-09-28T20:12:33Z,7.056042,False,True,https://api.fususone.com/api/public/organizations/kalamazoodps/stats/
kalamazoodps,totalIntegratedCameras,previous,1104,1104,0,0.0,0.0,Connect Kalamazoo,Kalamazoo,MI,2026-09-21T18:51:51Z,2026-09-28T20:12:33Z,7.056042,False,True,https://api.fususone.com/api/public/organizations/kalamazoodps/stats/
kalamazoodps,totalOwnedCameras,previous,1104,1104,0,0.0,0.0,Connect Kalamazoo,Kalamazoo,MI,2026-09-21T18:51:51Z,2026-09-28T20:12:33Z,7.056042,False,True,https://api.fususone.com/api/public/organizations/kalamazoodps/stats/
kalamazoodps,totalSharedCameras,previous,0,0,0,,0.0,Connect Kalamazoo,Kalamazoo,MI,2026-09-21T18:51:51Z,2026-09-28T20:12:33Z,7.056042,True,True,https://api.fususone.com/api/public/organizations/kalamazoodps/stats/
kalamazoodps,totalMaxCameras,previous,1500,1500,0,0.0,0.0,Connect Kalamazoo,Kalamazoo,MI,2026-09-21T18:51:51Z,2026-09-28T20:12:33Z,7.056042,False,True,https://api.fususone.com/api/public/organizations/kalamazoodps/stats/
kalamazoodps,subscribedCameras,previous,1093,1093,0,0.0,0.0,Connect Kalamazoo,Kalamazoo,MI,2026-09-21T18:51:51Z,2026-09-28T20:12:33Z,7.056042,False,True,https://api.fususone.com/api/public/organizations/kalamazoodps/stats/
kansascitykspd,totalRegisteredCameras,previous,3340,3340,0,0.0,0.0,Connect KCK,"Kansas City, Kansas",KS,2026-09-21T18:51:52Z,2026-09-28T20:12:34Z,7.056042,False,True,https://api.fususone.com/api/public/organizations/kansascitykspd/stats/
kansascitykspd,totalIntegratedCameras,previous,1193,1193,0,0.0,0.0,Connect KCK,"Kansas City, Kansas",KS,2026-09-21T18:51:52Z,2026-09-28T20:12:34Z,7.056042,False,True,https://api.fususone.com/api/public/organizations/kansascitykspd/stats/
kansascitykspd,totalOwnedCameras,previous,1148,1148,0,0.0,0.0,Connect KCK,"Kansas City, Kansas",KS,2026-09-21T18:51:52Z,2026-09-28T20:12:34Z,7.056042,False,True,https://api.fususone.com/api/public/organizations/kansascitykspd/stats/
kansascitykspd,totalSharedCameras,previous,45,45,0,0.0,0.0,Connect KCK,"Kansas City, Kansas",KS,2026-09-21T18:51:52Z,2026-09-28T20:12:34Z,7.056042,False,True,https://api.fususone.com/api/public/organizations/kansascitykspd/stats/
kansascitykspd,totalMaxCameras,previous,1500,1500,0,0.0,0.0,Connect KCK,"Kansas City, Kansas",KS,2026-09-21T18:51:52Z,2026-09-28T20:12:34Z,7.056042,False,True,https://api.fususone.com/api/public/organizations/kansascitykspd/stats/
kansascitykspd,subscribedCameras,previous,1144,1144,0,0.0,0.0,Connect KCK,"Kansas City, Kansas",KS,2026-09-21T18:51:52Z,2026-09-28T20:12:34Z,7.056042,False,True,https://api.fususone.com/api/public/organizations/kansascitykspd/stats/
kennesawpd,totalRegisteredCameras,previous,566,566,0,0.0,0.0,Connect Kennesaw,Kennesaw,GA,2026-09-21T18:51:53Z,2026-09-28T20:12:35Z,7.056042,False,True,https://api.fususone.com/api/public/organizations/kennesawpd/stats/
kennesawpd,totalIntegratedCameras,previous,9229,9230,1,0.00010835410120273052,0.9920576338244412,Connect Kennesaw,Kennesaw,GA,2026-09-21T18:51:53Z,2026-09-28T20:12:35Z,7.056042,False,True,https://api.fususone.com/api/public/organizations/kennesawpd/stats/
kennesawpd,totalOwnedCameras,previous,257,257,0,0.0,0.0,Connect Kennesaw,Kennesaw,GA,2026-09-21T18:51:53Z,2026-09-28T20:12:35Z,7.056042,False,True,https://api.fususone.com/api/public/organizations/kennesawpd/stats/
kennesawpd,totalSharedCameras,previous,34,34,0,0.0,0.0,Connect Kennesaw,Kennesaw,GA,2026-09-21T18:51:53Z,2026-09-28T20:12:35Z,7.056042,False,True,https://api.fususone.com/api/public/organizations/kennesawpd/stats/
kennesawpd,totalMaxCameras,previous,500,500,0,0.0,0.0,Connect Kennesaw,Kennesaw,GA,2026-09-21T18:51:53Z,2026-09-28T20:12:35Z,7.056042,False,True,https://api.fususone.com/api/public/organizations/kennesawpd/stats/
kennesawpd,subscribedCameras,previous,256,256,0,0.0,0.0,Connect Kennesaw,Kennesaw,GA,2026-09-21T18:51:53Z,2026-09-28T20:12:35Z,7.056042,False,True,https://api.fususone.com/api/public/organizations/kennesawpd/stats/
kentcountysd,totalRegisteredCameras,previous,575,580,5,0.008695652173913044,4.960288169122206,The Kent Safety Network,Kent County,MI,2026-09-21T18:51:54Z,2026-09-28T20:12:36Z,7.056042,False,True,https://api.fususone.com/api/public/organizations/kentcountysd/stats/
kentcountysd,totalIntegratedCameras,previous,2710,2723,13,0.004797047970479705,12.896749239717737,The Kent Safety Network,Kent County,MI,2026-09-21T18:51:54Z,2026-09-28T20:12:36Z,7.056042,False,True,https://api.fususone.com/api/public/organizations/kentcountysd/stats/
kentcountysd,totalOwnedCameras,previous,740,753,13,0.01756756756756757,12.896749239717737,The Kent Safety Network,Kent County,MI,2026-09-21T18:51:54Z,2026-09-28T20:12:36Z,7.056042,False,True,https://api.fususone.com/api/public/organizations/kentcountysd/stats/
kentcountysd,totalSharedCameras,previous,1942,1942,0,0.0,0.0,The Kent Safety Network,Kent County,MI,2026-09-21T18:51:54Z,2026-09-28T20:12:36Z,7.056042,False,True,https://api.fususone.com/api/public/organizations/kentcountysd/stats/
kentcountysd,totalMaxCameras,previous,4500,4500,0,0.0,0.0,The Kent Safety Network,Kent County,MI,2026-09-21T18:51:54Z,2026-09-28T20:12:36Z,7.056042,False,True,https://api.fususone.com/api/public/organizations/kentcountysd/stats/
kentcountysd,subscribedCameras,previous,490,503,13,0.026530612244897958,12.896749239717737,The Kent Safety Network,Kent County,MI,2026-09-21T18:51:54Z,2026-09-28T20:12:36Z,7.056042,False,True,https://api.fususone.com/api/public/organizations/kentcountysd/stats/
killeenpd,totalRegisteredCameras,previous,1412,1412,0,0.0,0.0,KPD Connect,Killeen,TX,2026-09-21T18:51:55Z,2026-09-28T20:12:37Z,7.056042,False,True,https://api.fususone.com/api/public/organizations/killeenpd/stats/
killeenpd,totalIntegratedCameras,previous,507,507,0,0.0,0.0,KPD Connect,Killeen,TX,2026-09-21T18:51:55Z,2026-09-28T20:12:37Z,7.056042,False,True,https://api.fususone.com/api/public/organizations/killeenpd/stats/
killeenpd,totalOwnedCameras,previous,507,507,0,0.0,0.0,KPD Connect,Killeen,TX,2026-09-21T18:51:55Z,2026-09-28T20:12:37Z,7.056042,False,True,https://api.fususone.com/api/public/organizations/killeenpd/stats/
killeenpd,totalSharedCameras,previous,0,0,0,,0.0,KPD Connect,Killeen,TX,2026-09-21T18:51:55Z,2026-09-28T20:12:37Z,7.056042,True,True,https://api.fususone.com/api/public/organizations/killeenpd/stats/
killeenpd,totalMaxCameras,previous,1500,1500,0,0.0,0.0,KPD Connect,Killeen,TX,2026-09-21T18:51:55Z,2026-09-28T20:12:37Z,7.056042,False,True,https://api.fususone.com/api/public/organizations/killeenpd/stats/
killeenpd,subscribedCameras,previous,497,497,0,0.0,0.0,KPD Connect,Killeen,TX,2026-09-21T18:51:55Z,2026-09-28T20:12:37Z,7.056042,False,True,https://api.fususone.com/api/public/organizations/killeenpd/stats/
knoxvillepdtn,totalRegisteredCameras,previous,581,581,0,0.0,0.0,Connect Knoxville,Knoxville,TN,2026-09-21T18:51:56Z,2026-09-28T20:12:38Z,7.056042,False,True,https://api.fususone.com/api/public/organizations/knoxvillepdtn/stats/
knoxvillepdtn,totalIntegratedCameras,previous,682,682,0,0.0,0.0,Connect Knoxville,Knoxville,TN,2026-09-21T18:51:56Z,2026-09-28T20:12:38Z,7.056042,False,True,https://api.fususone.com/api/public/organizations/knoxvillepdtn/stats/
knoxvillepdtn,totalOwnedCameras,previous,552,552,0,0.0,0.0,Connect Knoxville,Knoxville,TN,2026-09-21T18:51:56Z,2026-09-28T20:12:38Z,7.056042,False,True,https://api.fususone.com/api/public/organizations/knoxvillepdtn/stats/
knoxvillepdtn,totalSharedCameras,previous,130,130,0,0.0,0.0,Connect Knoxville,Knoxville,TN,2026-09-21T18:51:56Z,2026-09-28T20:12:38Z,7.056042,False,True,https://api.fususone.com/api/public/organizations/knoxvillepdtn/stats/
knoxvillepdtn,totalMaxCameras,previous,500,500,0,0.0,0.0,Connect Knoxville,Knoxville,TN,2026-09-21T18:51:56Z,2026-09-28T20:12:38Z,7.056042,False,True,https://api.fususone.com/api/public/organizations/knoxvillepdtn/stats/
knoxvillepdtn,subscribedCameras,previous,187,187,0,0.0,0.0,Connect Knoxville,Knoxville,TN,2026-09-21T18:51:56Z,2026-09-28T20:12:38Z,7.056042,False,True,https://api.fususone.com/api/public/organizations/knoxvillepdtn/stats/
kylepdtx,totalRegisteredCameras,previous,153,153,0,0.0,0.0,Connect Kyle,Kyle,TX,2026-09-21T18:51:57Z,2026-09-28T20:12:39Z,7.056042,False,True,https://api.fususone.com/api/public/organizations/kylepdtx/stats/
kylepdtx,totalIntegratedCameras,previous,110,110,0,0.0,0.0,Connect Kyle,Kyle,TX,2026-09-21T18:51:57Z,2026-09-28T20:12:39Z,7.056042,False,True,https://api.fususone.com/api/public/organizations/kylepdtx/stats/
kylepdtx,totalOwnedCameras,previous,110,110,0,0.0,0.0,Connect Kyle,Kyle,TX,2026-09-21T18:51:57Z,2026-09-28T20:12:39Z,7.056042,False,True,https://api.fususone.com/api/public/organizations/kylepdtx/stats/
kylepdtx,totalSharedCameras,previous,0,0,0,,0.0,Connect Kyle,Kyle,TX,2026-09-21T18:51:57Z,2026-09-28T20:12:39Z,7.056042,True,True,https://api.fususone.com/api/public/organizations/kylepdtx/stats/
kylepdtx,totalMaxCameras,previous,500,500,0,0.0,0.0,Connect Kyle,Kyle,TX,2026-09-21T18:51:57Z,2026-09-28T20:12:39Z,7.056042,False,True,https://api.fususone.com/api/public/organizations/kylepdtx/stats/
kylepdtx,subscribedCameras,previous,110,110,0,0.0,0.0,Connect Kyle,Kyle,TX,2026-09-21T18:51:57Z,2026-09-28T20:12:39Z,7.056042,False,True,https://api.fususone.com/api/public/organizations/kylepdtx/stats/
lafayettepd,totalRegisteredCameras,previous,378,378,0,0.0,0.0,Connect Lafayette,Lafayette,LA,2026-09-21T18:51:58Z,2026-09-28T20:12:40Z,7.056042,False,True,https://api.fususone.com/api/public/organizations/lafayettepd/stats/
lafayettepd,totalIntegratedCameras,previous,2210,2214,4,0.0018099547511312218,3.968230535297765,Connect Lafayette,Lafayette,LA,2026-09-21T18:51:58Z,2026-09-28T20:12:40Z,7.056042,False,True,https://api.fususone.com/api/public/organizations/lafayettepd/stats/
lafayettepd,totalOwnedCameras,previous,1576,1580,4,0.0025380710659898475,3.968230535297765,Connect Lafayette,Lafayette,LA,2026-09-21T18:51:58Z,2026-09-28T20:12:40Z,7.056042,False,True,https://api.fususone.com/api/public/organizations/lafayettepd/stats/
lafayettepd,totalSharedCameras,previous,350,350,0,0.0,0.0,Connect Lafayette,Lafayette,LA,2026-09-21T18:51:58Z,2026-09-28T20:12:40Z,7.056042,False,True,https://api.fususone.com/api/public/organizations/lafayettepd/stats/
lafayettepd,totalMaxCameras,previous,1500,1500,0,0.0,0.0,Connect Lafayette,Lafayette,LA,2026-09-21T18:51:58Z,2026-09-28T20:12:40Z,7.056042,False,True,https://api.fususone.com/api/public/organizations/lafayettepd/stats/
lafayettepd,subscribedCameras,previous,1545,1549,4,0.0025889967637540453,3.968230535297765,Connect Lafayette,Lafayette,LA,2026-09-21T18:51:58Z,2026-09-28T20:12:40Z,7.056042,False,True,https://api.fususone.com/api/public/organizations/lafayettepd/stats/
lafourcheparishso,totalRegisteredCameras,previous,755,755,0,0.0,0.0,Connect Lafourche Parish,Lafourche Parish,LA,2026-09-21T18:51:59Z,2026-09-28T20:12:41Z,7.056042,False,True,https://api.fususone.com/api/public/organizations/lafourcheparishso/stats/
lafourcheparishso,totalIntegratedCameras,previous,136,136,0,0.0,0.0,Connect Lafourche Parish,Lafourche Parish,LA,2026-09-21T18:51:59Z,2026-09-28T20:12:41Z,7.056042,False,True,https://api.fususone.com/api/public/organizations/lafourcheparishso/stats/
lafourcheparishso,totalOwnedCameras,previous,136,136,0,0.0,0.0,Connect Lafourche Parish,Lafourche Parish,LA,2026-09-21T18:51:59Z,2026-09-28T20:12:41Z,7.056042,False,True,https://api.fususone.com/api/public/organizations/lafourcheparishso/stats/
lafourcheparishso,totalSharedCameras,previous,0,0,0,,0.0,Connect Lafourche Parish,Lafourche Parish,LA,2026-09-21T18:51:59Z,2026-09-28T20:12:41Z,7.056042,True,True,https://api.fususone.com/api/public/organizations/lafourcheparishso/stats/
lafourcheparishso,totalMaxCameras,previous,500,500,0,0.0,0.0,Connect Lafourche Parish,Lafourche Parish,LA,2026-09-21T18:51:59Z,2026-09-28T20:12:41Z,7.056042,False,True,https://api.fususone.com/api/public/organizations/lafourcheparishso/stats/
lafourcheparishso,subscribedCameras,previous,136,136,0,0.0,0.0,Connect Lafourche Parish,Lafourche Parish,LA,2026-09-21T18:51:59Z,2026-09-28T20:12:41Z,7.056042,False,True,https://api.fususone.com/api/public/organizations/lafourcheparishso/stats/
lagrangepd,totalRegisteredCameras,previous,137,137,0,0.0,0.0,Connect Lagrange,Lagrange,GA,2026-09-21T18:52:00Z,2026-09-28T20:12:42Z,7.056042,False,True,https://api.fususone.com/api/public/organizations/lagrangepd/stats/
lagrangepd,totalIntegratedCameras,previous,58,58,0,0.0,0.0,Connect Lagrange,Lagrange,GA,2026-09-21T18:52:00Z,2026-09-28T20:12:42Z,7.056042,False,True,https://api.fususone.com/api/public/organizations/lagrangepd/stats/
lagrangepd,totalOwnedCameras,previous,58,58,0,0.0,0.0,Connect Lagrange,Lagrange,GA,2026-09-21T18:52:00Z,2026-09-28T20:12:42Z,7.056042,False,True,https://api.fususone.com/api/public/organizations/lagrangepd/stats/
lagrangepd,totalSharedCameras,previous,0,0,0,,0.0,Connect Lagrange,Lagrange,GA,2026-09-21T18:52:00Z,2026-09-28T20:12:42Z,7.056042,True,True,https://api.fususone.com/api/public/organizations/lagrangepd/stats/
lagrangepd,totalMaxCameras,previous,150,150,0,0.0,0.0,Connect Lagrange,Lagrange,GA,2026-09-21T18:52:00Z,2026-09-28T20:12:42Z,7.056042,False,True,https://api.fususone.com/api/public/organizations/lagrangepd/stats/
lagrangepd,subscribedCameras,previous,52,52,0,0.0,0.0,Connect Lagrange,Lagrange,GA,2026-09-21T18:52:00Z,2026-09-28T20:12:42Z,7.056042,False,True,https://api.fususone.com/api/public/organizations/lagrangepd/stats/
lagunabeachpd,totalRegisteredCameras,previous,0,0,0,,0.0,Connect Laguna Beach,Laguna Beach,CA,2026-09-21T18:52:01Z,2026-09-28T20:12:43Z,7.056042,True,True,https://api.fususone.com/api/public/organizations/lagunabeachpd/stats/
lagunabeachpd,totalIntegratedCameras,previous,25,25,0,0.0,0.0,Connect Laguna Beach,Laguna Beach,CA,2026-09-21T18:52:01Z,2026-09-28T20:12:43Z,7.056042,False,True,https://api.fususone.com/api/public/organizations/lagunabeachpd/stats/
lagunabeachpd,totalOwnedCameras,previous,25,25,0,0.0,0.0,Connect Laguna Beach,Laguna Beach,CA,2026-09-21T18:52:01Z,2026-09-28T20:12:43Z,7.056042,False,True,https://api.fususone.com/api/public/organizations/lagunabeachpd/stats/
lagunabeachpd,totalSharedCameras,previous,0,0,0,,0.0,Connect Laguna Beach,Laguna Beach,CA,2026-09-21T18:52:01Z,2026-09-28T20:12:43Z,7.056042,True,True,https://api.fususone.com/api/public/organizations/lagunabeachpd/stats/
lagunabeachpd,totalMaxCameras,previous,148,148,0,0.0,0.0,Connect Laguna Beach,Laguna Beach,CA,2026-09-21T18:52:01Z,2026-09-28T20:12:43Z,7.056042,False,True,https://api.fususone.com/api/public/organizations/lagunabeachpd/stats/
lagunabeachpd,subscribedCameras,previous,25,25,0,0.0,0.0,Connect Laguna Beach,Laguna Beach,CA,2026-09-21T18:52:01Z,2026-09-28T20:12:43Z,7.056042,False,True,https://api.fususone.com/api/public/organizations/lagunabeachpd/stats/
lakecountysheriff,totalRegisteredCameras,previous,2249,2249,0,0.0,0.0,Connect Lake County,Lake County,FL,2026-09-21T18:52:02Z,2026-09-28T20:12:44Z,7.056042,False,True,https://api.fususone.com/api/public/organizations/lakecountysheriff/stats/
lakecountysheriff,totalIntegratedCameras,previous,6351,6351,0,0.0,0.0,Connect Lake County,Lake County,FL,2026-09-21T18:52:02Z,2026-09-28T20:12:44Z,7.056042,False,True,https://api.fususone.com/api/public/organizations/lakecountysheriff/stats/
lakecountysheriff,totalOwnedCameras,previous,96,96,0,0.0,0.0,Connect Lake County,Lake County,FL,2026-09-21T18:52:02Z,2026-09-28T20:12:44Z,7.056042,False,True,https://api.fususone.com/api/public/organizations/lakecountysheriff/stats/
lakecountysheriff,totalSharedCameras,previous,5760,5760,0,0.0,0.0,Connect Lake County,Lake County,FL,2026-09-21T18:52:02Z,2026-09-28T20:12:44Z,7.056042,False,True,https://api.fususone.com/api/public/organizations/lakecountysheriff/stats/
lakecountysheriff,totalMaxCameras,previous,1500,1500,0,0.0,0.0,Connect Lake County,Lake County,FL,2026-09-21T18:52:02Z,2026-09-28T20:12:44Z,7.056042,False,True,https://api.fususone.com/api/public/organizations/lakecountysheriff/stats/
lakecountysheriff,subscribedCameras,previous,80,80,0,0.0,0.0,Connect Lake County,Lake County,FL,2026-09-21T18:52:02Z,2026-09-28T20:12:44Z,7.056042,False,True,https://api.fususone.com/api/public/organizations/lakecountysheriff/stats/
lakewoodpdco,totalRegisteredCameras,previous,153,153,0,0.0,0.0,Connect Lakewood,Lakewood,CO,2026-09-21T18:52:03Z,2026-09-28T20:12:45Z,7.056042,False,True,https://api.fususone.com/api/public/organizations/lakewoodpdco/stats/
lakewoodpdco,totalIntegratedCameras,previous,496,496,0,0.0,0.0,Connect Lakewood,Lakewood,CO,2026-09-21T18:52:03Z,2026-09-28T20:12:45Z,7.056042,False,True,https://api.fususone.com/api/public/organizations/lakewoodpdco/stats/
lakewoodpdco,totalOwnedCameras,previous,496,496,0,0.0,0.0,Connect Lakewood,Lakewood,CO,2026-09-21T18:52:03Z,2026-09-28T20:12:45Z,7.056042,False,True,https://api.fususone.com/api/public/organizations/lakewoodpdco/stats/
lakewoodpdco,totalSharedCameras,previous,0,0,0,,0.0,Connect Lakewood,Lakewood,CO,2026-09-21T18:52:03Z,2026-09-28T20:12:45Z,7.056042,True,True,https://api.fususone.com/api/public/organizations/lakewoodpdco/stats/
lakewoodpdco,totalMaxCameras,previous,0,0,0,,0.0,Connect Lakewood,Lakewood,CO,2026-09-21T18:52:03Z,2026-09-28T20:12:45Z,7.056042,True,True,https://api.fususone.com/api/public/organizations/lakewoodpdco/stats/
lakewoodpdco,subscribedCameras,previous,484,484,0,0.0,0.0,Connect Lakewood,Lakewood,CO,2026-09-21T18:52:03Z,2026-09-28T20:12:45Z,7.056042,False,True,https://api.fususone.com/api/public/organizations/lakewoodpdco/stats/
lapd,totalRegisteredCameras,previous,0,0,0,,0.0,Connect Los Angeles,Los Angeles,CA,2026-09-21T18:52:04Z,2026-09-28T20:12:46Z,7.056042,True,True,https://api.fususone.com/api/public/organizations/lapd/stats/
lapd,totalIntegratedCameras,previous,271,273,2,0.007380073800738007,1.9841152676488825,Connect Los Angeles,Los Angeles,CA,2026-09-21T18:52:04Z,2026-09-28T20:12:46Z,7.056042,False,True,https://api.fususone.com/api/public/organizations/lapd/stats/
lapd,totalOwnedCameras,previous,271,273,2,0.007380073800738007,1.9841152676488825,Connect Los Angeles,Los Angeles,CA,2026-09-21T18:52:04Z,2026-09-28T20:12:46Z,7.056042,False,True,https://api.fususone.com/api/public/organizations/lapd/stats/
lapd,totalSharedCameras,previous,0,0,0,,0.0,Connect Los Angeles,Los Angeles,CA,2026-09-21T18:52:04Z,2026-09-28T20:12:46Z,7.056042,True,True,https://api.fususone.com/api/public/organizations/lapd/stats/
lapd,totalMaxCameras,previous,0,0,0,,0.0,Connect Los Angeles,Los Angeles,CA,2026-09-21T18:52:04Z,2026-09-28T20:12:46Z,7.056042,True,True,https://api.fususone.com/api/public/organizations/lapd/stats/
lapd,subscribedCameras,previous,216,216,0,0.0,0.0,Connect Los Angeles,Los Angeles,CA,2026-09-21T18:52:04Z,2026-09-28T20:12:46Z,7.056042,False,True,https://api.fususone.com/api/public/organizations/lapd/stats/
lasd,totalRegisteredCameras,previous,2177,2181,4,0.0018373909049150207,3.968230535297765,Connect Los Angeles County,Los Angeles County,CA,2026-09-21T18:52:05Z,2026-09-28T20:12:47Z,7.056042,False,True,https://api.fususone.com/api/public/organizations/lasd/stats/
lasd,totalIntegratedCameras,previous,2999,2999,0,0.0,0.0,Connect Los Angeles County,Los Angeles County,CA,2026-09-21T18:52:05Z,2026-09-28T20:12:47Z,7.056042,False,True,https://api.fususone.com/api/public/organizations/lasd/stats/
lasd,totalOwnedCameras,previous,1595,1595,0,0.0,0.0,Connect Los Angeles County,Los Angeles County,CA,2026-09-21T18:52:05Z,2026-09-28T20:12:47Z,7.056042,False,True,https://api.fususone.com/api/public/organizations/lasd/stats/
lasd,totalSharedCameras,previous,1404,1404,0,0.0,0.0,Connect Los Angeles County,Los Angeles County,CA,2026-09-21T18:52:05Z,2026-09-28T20:12:47Z,7.056042,False,True,https://api.fususone.com/api/public/organizations/lasd/stats/
lasd,totalMaxCameras,previous,1500,1500,0,0.0,0.0,Connect Los Angeles County,Los Angeles County,CA,2026-09-21T18:52:05Z,2026-09-28T20:12:47Z,7.056042,False,True,https://api.fususone.com/api/public/organizations/lasd/stats/
lasd,subscribedCameras,previous,442,442,0,0.0,0.0,Connect Los Angeles County,Los Angeles County,CA,2026-09-21T18:52:05Z,2026-09-28T20:12:47Z,7.056042,False,True,https://api.fususone.com/api/public/organizations/lasd/stats/
lawrencepdks,totalRegisteredCameras,previous,132,132,0,0.0,0.0,Connect Lawrence,Lawrence,KS,2026-09-21T18:52:06Z,2026-09-28T20:12:48Z,7.056042,False,True,https://api.fususone.com/api/public/organizations/lawrencepdks/stats/
lawrencepdks,totalIntegratedCameras,previous,467,467,0,0.0,0.0,Connect Lawrence,Lawrence,KS,2026-09-21T18:52:06Z,2026-09-28T20:12:48Z,7.056042,False,True,https://api.fususone.com/api/public/organizations/lawrencepdks/stats/
lawrencepdks,totalOwnedCameras,previous,467,467,0,0.0,0.0,Connect Lawrence,Lawrence,KS,2026-09-21T18:52:06Z,2026-09-28T20:12:48Z,7.056042,False,True,https://api.fususone.com/api/public/organizations/lawrencepdks/stats/
lawrencepdks,totalSharedCameras,previous,0,0,0,,0.0,Connect Lawrence,Lawrence,KS,2026-09-21T18:52:06Z,2026-09-28T20:12:48Z,7.056042,True,True,https://api.fususone.com/api/public/organizations/lawrencepdks/stats/
lawrencepdks,totalMaxCameras,previous,500,500,0,0.0,0.0,Connect Lawrence,Lawrence,KS,2026-09-21T18:52:06Z,2026-09-28T20:12:48Z,7.056042,False,True,https://api.fususone.com/api/public/organizations/lawrencepdks/stats/
lawrencepdks,subscribedCameras,previous,467,467,0,0.0,0.0,Connect Lawrence,Lawrence,KS,2026-09-21T18:52:06Z,2026-09-28T20:12:48Z,7.056042,False,True,https://api.fususone.com/api/public/organizations/lawrencepdks/stats/
lawrencevillepdga,totalRegisteredCameras,previous,0,0,0,,0.0,Connect Lawrenceville,"Lawrenceville, Georgia",GA,2026-09-21T18:52:07Z,2026-09-28T20:12:49Z,7.056042,True,True,https://api.fususone.com/api/public/organizations/lawrencevillepdga/stats/
lawrencevillepdga,totalIntegratedCameras,previous,707,707,0,0.0,0.0,Connect Lawrenceville,"Lawrenceville, Georgia",GA,2026-09-21T18:52:07Z,2026-09-28T20:12:49Z,7.056042,False,True,https://api.fususone.com/api/public/organizations/lawrencevillepdga/stats/
lawrencevillepdga,totalOwnedCameras,previous,456,456,0,0.0,0.0,Connect Lawrenceville,"Lawrenceville, Georgia",GA,2026-09-21T18:52:07Z,2026-09-28T20:12:49Z,7.056042,False,True,https://api.fususone.com/api/public/organizations/lawrencevillepdga/stats/
lawrencevillepdga,totalSharedCameras,previous,193,193,0,0.0,0.0,Connect Lawrenceville,"Lawrenceville, Georgia",GA,2026-09-21T18:52:07Z,2026-09-28T20:12:49Z,7.056042,False,True,https://api.fususone.com/api/public/organizations/lawrencevillepdga/stats/
lawrencevillepdga,totalMaxCameras,previous,1,1,0,0.0,0.0,Connect Lawrenceville,"Lawrenceville, Georgia",GA,2026-09-21T18:52:07Z,2026-09-28T20:12:49Z,7.056042,False,True,https://api.fususone.com/api/public/organizations/lawrencevillepdga/stats/
lawrencevillepdga,subscribedCameras,previous,453,453,0,0.0,0.0,Connect Lawrenceville,"Lawrenceville, Georgia",GA,2026-09-21T18:52:07Z,2026-09-28T20:12:49Z,7.056042,False,True,https://api.fususone.com/api/public/organizations/lawrencevillepdga/stats/
lawtonpdok,totalRegisteredCameras,previous,0,0,0,,0.0,Connect Lawton,Lawton,OK,2026-09-21T18:52:08Z,2026-09-28T20:12:50Z,7.056042,True,True,https://api.fususone.com/api/public/organizations/lawtonpdok/stats/
lawtonpdok,totalIntegratedCameras,previous,24,24,0,0.0,0.0,Connect Lawton,Lawton,OK,2026-09-21T18:52:08Z,2026-09-28T20:12:50Z,7.056042,False,True,https://api.fususone.com/api/public/organizations/lawtonpdok/stats/
lawtonpdok,totalOwnedCameras,previous,24,24,0,0.0,0.0,Connect Lawton,Lawton,OK,2026-09-21T18:52:08Z,2026-09-28T20:12:50Z,7.056042,False,True,https://api.fususone.com/api/public/organizations/lawtonpdok/stats/
lawtonpdok,totalSharedCameras,previous,0,0,0,,0.0,Connect Lawton,Lawton,OK,2026-09-21T18:52:08Z,2026-09-28T20:12:50Z,7.056042,True,True,https://api.fususone.com/api/public/organizations/lawtonpdok/stats/
lawtonpdok,totalMaxCameras,previous,0,0,0,,0.0,Connect Lawton,Lawton,OK,2026-09-21T18:52:08Z,2026-09-28T20:12:50Z,7.056042,True,True,https://api.fususone.com/api/public/organizations/lawtonpdok/stats/
lawtonpdok,subscribedCameras,previous,24,24,0,0.0,0.0,Connect Lawton,Lawton,OK,2026-09-21T18:52:08Z,2026-09-28T20:12:50Z,7.056042,False,True,https://api.fususone.com/api/public/organizations/lawtonpdok/stats/
leavenworthpdks,totalRegisteredCameras,previous,0,0,0,,0.0,Connect Leavenworth,Leavenworth,KS,2026-09-21T18:52:09Z,2026-09-28T20:12:51Z,7.056042,True,True,https://api.fususone.com/api/public/organizations/leavenworthpdks/stats/
leavenworthpdks,totalIntegratedCameras,previous,47,47,0,0.0,0.0,Connect Leavenworth,Leavenworth,KS,2026-09-21T18:52:09Z,2026-09-28T20:12:51Z,7.056042,False,True,https://api.fususone.com/api/public/organizations/leavenworthpdks/stats/
leavenworthpdks,totalOwnedCameras,previous,47,47,0,0.0,0.0,Connect Leavenworth,Leavenworth,KS,2026-09-21T18:52:09Z,2026-09-28T20:12:51Z,7.056042,False,True,https://api.fususone.com/api/public/organizations/leavenworthpdks/stats/
leavenworthpdks,totalSharedCameras,previous,0,0,0,,0.0,Connect Leavenworth,Leavenworth,KS,2026-09-21T18:52:09Z,2026-09-28T20:12:51Z,7.056042,True,True,https://api.fususone.com/api/public/organizations/leavenworthpdks/stats/
leavenworthpdks,totalMaxCameras,previous,0,0,0,,0.0,Connect Leavenworth,Leavenworth,KS,2026-09-21T18:52:09Z,2026-09-28T20:12:51Z,7.056042,True,True,https://api.fususone.com/api/public/organizations/leavenworthpdks/stats/
leavenworthpdks,subscribedCameras,previous,47,47,0,0.0,0.0,Connect Leavenworth,Leavenworth,KS,2026-09-21T18:52:09Z,2026-09-28T20:12:51Z,7.056042,False,True,https://api.fususone.com/api/public/organizations/leavenworthpdks/stats/
lenexapdks,totalRegisteredCameras,previous,0,0,0,,0.0,Connect Lenexa,Lenexa,KS,2026-09-21T18:52:10Z,2026-09-28T20:12:52Z,7.056042,True,True,https://api.fususone.com/api/public/organizations/lenexapdks/stats/
lenexapdks,totalIntegratedCameras,previous,1169,1169,0,0.0,0.0,Connect Lenexa,Lenexa,KS,2026-09-21T18:52:10Z,2026-09-28T20:12:52Z,7.056042,False,True,https://api.fususone.com/api/public/organizations/lenexapdks/stats/
lenexapdks,totalOwnedCameras,previous,334,334,0,0.0,0.0,Connect Lenexa,Lenexa,KS,2026-09-21T18:52:10Z,2026-09-28T20:12:52Z,7.056042,False,True,https://api.fususone.com/api/public/organizations/lenexapdks/stats/
lenexapdks,totalSharedCameras,previous,0,0,0,,0.0,Connect Lenexa,Lenexa,KS,2026-09-21T18:52:10Z,2026-09-28T20:12:52Z,7.056042,True,True,https://api.fususone.com/api/public/organizations/lenexapdks/stats/
lenexapdks,totalMaxCameras,previous,0,0,0,,0.0,Connect Lenexa,Lenexa,KS,2026-09-21T18:52:10Z,2026-09-28T20:12:52Z,7.056042,True,True,https://api.fususone.com/api/public/organizations/lenexapdks/stats/
lenexapdks,subscribedCameras,previous,324,324,0,0.0,0.0,Connect Lenexa,Lenexa,KS,2026-09-21T18:52:10Z,2026-09-28T20:12:52Z,7.056042,False,True,https://api.fususone.com/api/public/organizations/lenexapdks/stats/
lexingtonky,totalRegisteredCameras,previous,2107,2107,0,0.0,0.0,Connect Lexington,Lexington,KY,2026-09-21T18:52:11Z,2026-09-28T20:12:53Z,7.056042,False,True,https://api.fususone.com/api/public/organizations/lexingtonky/stats/
lexingtonky,totalIntegratedCameras,previous,1087,1087,0,0.0,0.0,Connect Lexington,Lexington,KY,2026-09-21T18:52:11Z,2026-09-28T20:12:53Z,7.056042,False,True,https://api.fususone.com/api/public/organizations/lexingtonky/stats/
lexingtonky,totalOwnedCameras,previous,811,811,0,0.0,0.0,Connect Lexington,Lexington,KY,2026-09-21T18:52:11Z,2026-09-28T20:12:53Z,7.056042,False,True,https://api.fususone.com/api/public/organizations/lexingtonky/stats/
lexingtonky,totalSharedCameras,previous,275,275,0,0.0,0.0,Connect Lexington,Lexington,KY,2026-09-21T18:52:11Z,2026-09-28T20:12:53Z,7.056042,False,True,https://api.fususone.com/api/public/organizations/lexingtonky/stats/
lexingtonky,totalMaxCameras,previous,10000,10000,0,0.0,0.0,Connect Lexington,Lexington,KY,2026-09-21T18:52:11Z,2026-09-28T20:12:53Z,7.056042,False,True,https://api.fususone.com/api/public/organizations/lexingtonky/stats/
lexingtonky,subscribedCameras,previous,807,807,0,0.0,0.0,Connect Lexington,Lexington,KY,2026-09-21T18:52:11Z,2026-09-28T20:12:53Z,7.056042,False,True,https://api.fususone.com/api/public/organizations/lexingtonky/stats/
lincolnbrookhaven,totalRegisteredCameras,previous,124,124,0,0.0,0.0,Connect Brookhaven and Lincoln County,Brookhaven and Lincoln County,MS,2026-09-21T18:52:12Z,2026-09-28T20:12:54Z,7.056042,False,True,https://api.fususone.com/api/public/organizations/lincolnbrookhaven/stats/
lincolnbrookhaven,totalIntegratedCameras,previous,181,181,0,0.0,0.0,Connect Brookhaven and Lincoln County,Brookhaven and Lincoln County,MS,2026-09-21T18:52:12Z,2026-09-28T20:12:54Z,7.056042,False,True,https://api.fususone.com/api/public/organizations/lincolnbrookhaven/stats/
lincolnbrookhaven,totalOwnedCameras,previous,181,181,0,0.0,0.0,Connect Brookhaven and Lincoln County,Brookhaven and Lincoln County,MS,2026-09-21T18:52:12Z,2026-09-28T20:12:54Z,7.056042,False,True,https://api.fususone.com/api/public/organizations/lincolnbrookhaven/stats/
lincolnbrookhaven,totalSharedCameras,previous,0,0,0,,0.0,Connect Brookhaven and Lincoln County,Brookhaven and Lincoln County,MS,2026-09-21T18:52:12Z,2026-09-28T20:12:54Z,7.056042,True,True,https://api.fususone.com/api/public/organizations/lincolnbrookhaven/stats/
lincolnbrookhaven,totalMaxCameras,previous,10000,10000,0,0.0,0.0,Connect Brookhaven and Lincoln County,Brookhaven and Lincoln County,MS,2026-09-21T18:52:12Z,2026-09-28T20:12:54Z,7.056042,False,True,https://api.fususone.com/api/public/organizations/lincolnbrookhaven/stats/
lincolnbrookhaven,subscribedCameras,previous,179,179,0,0.0,0.0,Connect Brookhaven and Lincoln County,Brookhaven and Lincoln County,MS,2026-09-21T18:52:12Z,2026-09-28T20:12:54Z,7.056042,False,True,https://api.fususone.com/api/public/organizations/lincolnbrookhaven/stats/
littlerockpd,totalRegisteredCameras,previous,2859,2863,4,0.0013990905911157748,3.968230535297765,Connect Little Rock,Little Rock,AR,2026-09-21T18:52:13Z,2026-09-28T20:12:55Z,7.056042,False,True,https://api.fususone.com/api/public/organizations/littlerockpd/stats/
littlerockpd,totalIntegratedCameras,previous,2567,2564,-3,-0.001168679392286716,-2.976172901473324,Connect Little Rock,Little Rock,AR,2026-09-21T18:52:13Z,2026-09-28T20:12:55Z,7.056042,False,True,https://api.fususone.com/api/public/organizations/littlerockpd/stats/
littlerockpd,totalOwnedCameras,previous,1797,1794,-3,-0.001669449081803005,-2.976172901473324,Connect Little Rock,Little Rock,AR,2026-09-21T18:52:13Z,2026-09-28T20:12:55Z,7.056042,False,True,https://api.fususone.com/api/public/organizations/littlerockpd/stats/
littlerockpd,totalSharedCameras,previous,542,542,0,0.0,0.0,Connect Little Rock,Little Rock,AR,2026-09-21T18:52:13Z,2026-09-28T20:12:55Z,7.056042,False,True,https://api.fususone.com/api/public/organizations/littlerockpd/stats/
littlerockpd,totalMaxCameras,previous,1500,1500,0,0.0,0.0,Connect Little Rock,Little Rock,AR,2026-09-21T18:52:13Z,2026-09-28T20:12:55Z,7.056042,False,True,https://api.fususone.com/api/public/organizations/littlerockpd/stats/
littlerockpd,subscribedCameras,previous,1904,1901,-3,-0.0015756302521008404,-2.976172901473324,Connect Little Rock,Little Rock,AR,2026-09-21T18:52:13Z,2026-09-28T20:12:55Z,7.056042,False,True,https://api.fususone.com/api/public/organizations/littlerockpd/stats/
losgatospdca,totalRegisteredCameras,previous,0,0,0,,0.0,Community Protecht,Los Gatos,CA,2026-09-21T18:52:14Z,2026-09-28T20:12:56Z,7.056042,True,True,https://api.fususone.com/api/public/organizations/losgatospdca/stats/
losgatospdca,totalIntegratedCameras,previous,38,38,0,0.0,0.0,Community Protecht,Los Gatos,CA,2026-09-21T18:52:14Z,2026-09-28T20:12:56Z,7.056042,False,True,https://api.fususone.com/api/public/organizations/losgatospdca/stats/
losgatospdca,totalOwnedCameras,previous,38,38,0,0.0,0.0,Community Protecht,Los Gatos,CA,2026-09-21T18:52:14Z,2026-09-28T20:12:56Z,7.056042,False,True,https://api.fususone.com/api/public/organizations/losgatospdca/stats/
losgatospdca,totalSharedCameras,previous,0,0,0,,0.0,Community Protecht,Los Gatos,CA,2026-09-21T18:52:14Z,2026-09-28T20:12:56Z,7.056042,True,True,https://api.fususone.com/api/public/organizations/losgatospdca/stats/
losgatospdca,totalMaxCameras,previous,0,0,0,,0.0,Community Protecht,Los Gatos,CA,2026-09-21T18:52:14Z,2026-09-28T20:12:56Z,7.056042,True,True,https://api.fususone.com/api/public/organizations/losgatospdca/stats/
losgatospdca,subscribedCameras,previous,33,33,0,0.0,0.0,Community Protecht,Los Gatos,CA,2026-09-21T18:52:14Z,2026-09-28T20:12:56Z,7.056042,False,True,https://api.fususone.com/api/public/organizations/losgatospdca/stats/
louisvillemetro,totalRegisteredCameras,previous,1027,1027,0,0.0,0.0,Connect Louisville,Louisville,KY,2026-09-21T18:52:15Z,2026-09-28T20:12:57Z,7.056042,False,True,https://api.fususone.com/api/public/organizations/louisvillemetro/stats/
louisvillemetro,totalIntegratedCameras,previous,1744,1744,0,0.0,0.0,Connect Louisville,Louisville,KY,2026-09-21T18:52:15Z,2026-09-28T20:12:57Z,7.056042,False,True,https://api.fususone.com/api/public/organizations/louisvillemetro/stats/
louisvillemetro,totalOwnedCameras,previous,1501,1501,0,0.0,0.0,Connect Louisville,Louisville,KY,2026-09-21T18:52:15Z,2026-09-28T20:12:57Z,7.056042,False,True,https://api.fususone.com/api/public/organizations/louisvillemetro/stats/
louisvillemetro,totalSharedCameras,previous,240,240,0,0.0,0.0,Connect Louisville,Louisville,KY,2026-09-21T18:52:15Z,2026-09-28T20:12:57Z,7.056042,False,True,https://api.fususone.com/api/public/organizations/louisvillemetro/stats/
louisvillemetro,totalMaxCameras,previous,1500,1500,0,0.0,0.0,Connect Louisville,Louisville,KY,2026-09-21T18:52:15Z,2026-09-28T20:12:57Z,7.056042,False,True,https://api.fususone.com/api/public/organizations/louisvillemetro/stats/
louisvillemetro,subscribedCameras,previous,1455,1455,0,0.0,0.0,Connect Louisville,Louisville,KY,2026-09-21T18:52:15Z,2026-09-28T20:12:57Z,7.056042,False,True,https://api.fususone.com/api/public/organizations/louisvillemetro/stats/
lynchburgpd,totalRegisteredCameras,previous,1388,1388,0,0.0,0.0,Hill City Connect,Lynchburg,VA,2026-09-21T18:52:16Z,2026-09-28T20:12:58Z,7.056042,False,True,https://api.fususone.com/api/public/organizations/lynchburgpd/stats/
lynchburgpd,totalIntegratedCameras,previous,716,740,24,0.0335195530726257,23.809383211786592,Hill City Connect,Lynchburg,VA,2026-09-21T18:52:16Z,2026-09-28T20:12:58Z,7.056042,False,True,https://api.fususone.com/api/public/organizations/lynchburgpd/stats/
lynchburgpd,totalOwnedCameras,previous,716,740,24,0.0335195530726257,23.809383211786592,Hill City Connect,Lynchburg,VA,2026-09-21T18:52:16Z,2026-09-28T20:12:58Z,7.056042,False,True,https://api.fususone.com/api/public/organizations/lynchburgpd/stats/
lynchburgpd,totalSharedCameras,previous,0,0,0,,0.0,Hill City Connect,Lynchburg,VA,2026-09-21T18:52:16Z,2026-09-28T20:12:58Z,7.056042,True,True,https://api.fususone.com/api/public/organizations/lynchburgpd/stats/
lynchburgpd,totalMaxCameras,previous,1500,1500,0,0.0,0.0,Hill City Connect,Lynchburg,VA,2026-09-21T18:52:16Z,2026-09-28T20:12:58Z,7.056042,False,True,https://api.fususone.com/api/public/organizations/lynchburgpd/stats/
lynchburgpd,subscribedCameras,previous,708,732,24,0.03389830508474576,23.809383211786592,Hill City Connect,Lynchburg,VA,2026-09-21T18:52:16Z,2026-09-28T20:12:58Z,7.056042,False,True,https://api.fususone.com/api/public/organizations/lynchburgpd/stats/
madisonthecity,totalRegisteredCameras,previous,33,33,0,0.0,0.0,Connect Madison,Madison,MS,2026-09-21T18:52:17Z,2026-09-28T20:12:59Z,7.056042,False,True,https://api.fususone.com/api/public/organizations/madisonthecity/stats/
madisonthecity,totalIntegratedCameras,previous,170,170,0,0.0,0.0,Connect Madison,Madison,MS,2026-09-21T18:52:17Z,2026-09-28T20:12:59Z,7.056042,False,True,https://api.fususone.com/api/public/organizations/madisonthecity/stats/
madisonthecity,totalOwnedCameras,previous,85,85,0,0.0,0.0,Connect Madison,Madison,MS,2026-09-21T18:52:17Z,2026-09-28T20:12:59Z,7.056042,False,True,https://api.fususone.com/api/public/organizations/madisonthecity/stats/
madisonthecity,totalSharedCameras,previous,0,0,0,,0.0,Connect Madison,Madison,MS,2026-09-21T18:52:17Z,2026-09-28T20:12:59Z,7.056042,True,True,https://api.fususone.com/api/public/organizations/madisonthecity/stats/
madisonthecity,totalMaxCameras,previous,1500,1500,0,0.0,0.0,Connect Madison,Madison,MS,2026-09-21T18:52:17Z,2026-09-28T20:12:59Z,7.056042,False,True,https://api.fususone.com/api/public/organizations/madisonthecity/stats/
madisonthecity,subscribedCameras,previous,62,62,0,0.0,0.0,Connect Madison,Madison,MS,2026-09-21T18:52:17Z,2026-09-28T20:12:59Z,7.056042,False,True,https://api.fususone.com/api/public/organizations/madisonthecity/stats/
manassaspdva,totalRegisteredCameras,previous,0,0,0,,0.0,Connect Manassas City,Manassas City,VA,2026-09-21T18:52:18Z,2026-09-28T20:13:00Z,7.056042,True,True,https://api.fususone.com/api/public/organizations/manassaspdva/stats/
manassaspdva,totalIntegratedCameras,previous,451,451,0,0.0,0.0,Connect Manassas City,Manassas City,VA,2026-09-21T18:52:18Z,2026-09-28T20:13:00Z,7.056042,False,True,https://api.fususone.com/api/public/organizations/manassaspdva/stats/
manassaspdva,totalOwnedCameras,previous,48,48,0,0.0,0.0,Connect Manassas City,Manassas City,VA,2026-09-21T18:52:18Z,2026-09-28T20:13:00Z,7.056042,False,True,https://api.fususone.com/api/public/organizations/manassaspdva/stats/
manassaspdva,totalSharedCameras,previous,403,403,0,0.0,0.0,Connect Manassas City,Manassas City,VA,2026-09-21T18:52:18Z,2026-09-28T20:13:00Z,7.056042,False,True,https://api.fususone.com/api/public/organizations/manassaspdva/stats/
manassaspdva,totalMaxCameras,previous,0,0,0,,0.0,Connect Manassas City,Manassas City,VA,2026-09-21T18:52:18Z,2026-09-28T20:13:00Z,7.056042,True,True,https://api.fususone.com/api/public/organizations/manassaspdva/stats/
manassaspdva,subscribedCameras,previous,48,48,0,0.0,0.0,Connect Manassas City,Manassas City,VA,2026-09-21T18:52:18Z,2026-09-28T20:13:00Z,7.056042,False,True,https://api.fususone.com/api/public/organizations/manassaspdva/stats/
manhattanbeach,totalRegisteredCameras,previous,7,7,0,0.0,0.0,Connect Manhattan Beach,Manhattan Beach,CA,2026-09-21T18:52:19Z,2026-09-28T20:13:01Z,7.056042,False,True,https://api.fususone.com/api/public/organizations/manhattanbeach/stats/
manhattanbeach,totalIntegratedCameras,previous,2881,2881,0,0.0,0.0,Connect Manhattan Beach,Manhattan Beach,CA,2026-09-21T18:52:19Z,2026-09-28T20:13:01Z,7.056042,False,True,https://api.fususone.com/api/public/organizations/manhattanbeach/stats/
manhattanbeach,totalOwnedCameras,previous,167,167,0,0.0,0.0,Connect Manhattan Beach,Manhattan Beach,CA,2026-09-21T18:52:19Z,2026-09-28T20:13:01Z,7.056042,False,True,https://api.fususone.com/api/public/organizations/manhattanbeach/stats/
manhattanbeach,totalSharedCameras,previous,2714,2714,0,0.0,0.0,Connect Manhattan Beach,Manhattan Beach,CA,2026-09-21T18:52:19Z,2026-09-28T20:13:01Z,7.056042,False,True,https://api.fususone.com/api/public/organizations/manhattanbeach/stats/
manhattanbeach,totalMaxCameras,previous,10000,10000,0,0.0,0.0,Connect Manhattan Beach,Manhattan Beach,CA,2026-09-21T18:52:19Z,2026-09-28T20:13:01Z,7.056042,False,True,https://api.fususone.com/api/public/organizations/manhattanbeach/stats/
manhattanbeach,subscribedCameras,previous,164,164,0,0.0,0.0,Connect Manhattan Beach,Manhattan Beach,CA,2026-09-21T18:52:19Z,2026-09-28T20:13:01Z,7.056042,False,True,https://api.fususone.com/api/public/organizations/manhattanbeach/stats/
manheimtwp,totalRegisteredCameras,previous,0,0,0,,0.0,Connect Manheim Township,Manheim Township,PA,2026-09-21T18:52:20Z,2026-09-28T20:13:02Z,7.056042,True,True,https://api.fususone.com/api/public/organizations/manheimtwp/stats/
manheimtwp,totalIntegratedCameras,previous,30,30,0,0.0,0.0,Connect Manheim Township,Manheim Township,PA,2026-09-21T18:52:20Z,2026-09-28T20:13:02Z,7.056042,False,True,https://api.fususone.com/api/public/organizations/manheimtwp/stats/
manheimtwp,totalOwnedCameras,previous,30,30,0,0.0,0.0,Connect Manheim Township,Manheim Township,PA,2026-09-21T18:52:20Z,2026-09-28T20:13:02Z,7.056042,False,True,https://api.fususone.com/api/public/organizations/manheimtwp/stats/
manheimtwp,totalSharedCameras,previous,0,0,0,,0.0,Connect Manheim Township,Manheim Township,PA,2026-09-21T18:52:20Z,2026-09-28T20:13:02Z,7.056042,True,True,https://api.fususone.com/api/public/organizations/manheimtwp/stats/
manheimtwp,totalMaxCameras,previous,0,0,0,,0.0,Connect Manheim Township,Manheim Township,PA,2026-09-21T18:52:20Z,2026-09-28T20:13:02Z,7.056042,True,True,https://api.fususone.com/api/public/organizations/manheimtwp/stats/
manheimtwp,subscribedCameras,previous,27,27,0,0.0,0.0,Connect Manheim Township,Manheim Township,PA,2026-09-21T18:52:20Z,2026-09-28T20:13:02Z,7.056042,False,True,https://api.fususone.com/api/public/organizations/manheimtwp/stats/
martincountyso,totalRegisteredCameras,previous,1149,1149,0,0.0,0.0,Connect Martin County,Martin County,FL,2026-09-21T18:52:21Z,2026-09-28T20:13:03Z,7.056042,False,True,https://api.fususone.com/api/public/organizations/martincountyso/stats/
martincountyso,totalIntegratedCameras,previous,6030,6032,2,0.0003316749585406302,1.9841152676488825,Connect Martin County,Martin County,FL,2026-09-21T18:52:21Z,2026-09-28T20:13:03Z,7.056042,False,True,https://api.fususone.com/api/public/organizations/martincountyso/stats/
martincountyso,totalOwnedCameras,previous,585,587,2,0.003418803418803419,1.9841152676488825,Connect Martin County,Martin County,FL,2026-09-21T18:52:21Z,2026-09-28T20:13:03Z,7.056042,False,True,https://api.fususone.com/api/public/organizations/martincountyso/stats/
martincountyso,totalSharedCameras,previous,5179,5179,0,0.0,0.0,Connect Martin County,Martin County,FL,2026-09-21T18:52:21Z,2026-09-28T20:13:03Z,7.056042,False,True,https://api.fususone.com/api/public/organizations/martincountyso/stats/
martincountyso,totalMaxCameras,previous,1500,1500,0,0.0,0.0,Connect Martin County,Martin County,FL,2026-09-21T18:52:21Z,2026-09-28T20:13:03Z,7.056042,False,True,https://api.fususone.com/api/public/organizations/martincountyso/stats/
martincountyso,subscribedCameras,previous,504,504,0,0.0,0.0,Connect Martin County,Martin County,FL,2026-09-21T18:52:21Z,2026-09-28T20:13:03Z,7.056042,False,True,https://api.fususone.com/api/public/organizations/martincountyso/stats/
mcpdmd,totalRegisteredCameras,previous,2260,2270,10,0.004424778761061947,9.920576338244413,MoCoConnect,Montgomery County,MD,2026-09-21T18:52:22Z,2026-09-28T20:13:04Z,7.056042,False,True,https://api.fususone.com/api/public/organizations/mcpdmd/stats/
mcpdmd,totalIntegratedCameras,previous,1999,1999,0,0.0,0.0,MoCoConnect,Montgomery County,MD,2026-09-21T18:52:22Z,2026-09-28T20:13:04Z,7.056042,False,True,https://api.fususone.com/api/public/organizations/mcpdmd/stats/
mcpdmd,totalOwnedCameras,previous,1200,1200,0,0.0,0.0,MoCoConnect,Montgomery County,MD,2026-09-21T18:52:22Z,2026-09-28T20:13:04Z,7.056042,False,True,https://api.fususone.com/api/public/organizations/mcpdmd/stats/
mcpdmd,totalSharedCameras,previous,595,595,0,0.0,0.0,MoCoConnect,Montgomery County,MD,2026-09-21T18:52:22Z,2026-09-28T20:13:04Z,7.056042,False,True,https://api.fususone.com/api/public/organizations/mcpdmd/stats/
mcpdmd,totalMaxCameras,previous,10000,10000,0,0.0,0.0,MoCoConnect,Montgomery County,MD,2026-09-21T18:52:22Z,2026-09-28T20:13:04Z,7.056042,False,True,https://api.fususone.com/api/public/organizations/mcpdmd/stats/
mcpdmd,subscribedCameras,previous,1150,1150,0,0.0,0.0,MoCoConnect,Montgomery County,MD,2026-09-21T18:52:22Z,2026-09-28T20:13:04Z,7.056042,False,True,https://api.fususone.com/api/public/organizations/mcpdmd/stats/
mcso-tn,totalRegisteredCameras,previous,0,0,0,,0.0,Connect Madison County,Madison County,TN,2026-09-21T18:52:23Z,2026-09-28T20:13:05Z,7.056042,True,True,https://api.fususone.com/api/public/organizations/mcso-tn/stats/
mcso-tn,totalIntegratedCameras,previous,621,621,0,0.0,0.0,Connect Madison County,Madison County,TN,2026-09-21T18:52:23Z,2026-09-28T20:13:05Z,7.056042,False,True,https://api.fususone.com/api/public/organizations/mcso-tn/stats/
mcso-tn,totalOwnedCameras,previous,365,365,0,0.0,0.0,Connect Madison County,Madison County,TN,2026-09-21T18:52:23Z,2026-09-28T20:13:05Z,7.056042,False,True,https://api.fususone.com/api/public/organizations/mcso-tn/stats/
mcso-tn,totalSharedCameras,previous,0,0,0,,0.0,Connect Madison County,Madison County,TN,2026-09-21T18:52:23Z,2026-09-28T20:13:05Z,7.056042,True,True,https://api.fususone.com/api/public/organizations/mcso-tn/stats/
mcso-tn,totalMaxCameras,previous,150,150,0,0.0,0.0,Connect Madison County,Madison County,TN,2026-09-21T18:52:23Z,2026-09-28T20:13:05Z,7.056042,False,True,https://api.fususone.com/api/public/organizations/mcso-tn/stats/
mcso-tn,subscribedCameras,previous,365,365,0,0.0,0.0,Connect Madison County,Madison County,TN,2026-09-21T18:52:23Z,2026-09-28T20:13:05Z,7.056042,False,True,https://api.fususone.com/api/public/organizations/mcso-tn/stats/
melroseparkpdil,totalRegisteredCameras,previous,32,32,0,0.0,0.0,Connect Melrose Park,Melrose Park,IL,2026-09-21T18:52:24Z,2026-09-28T20:13:06Z,7.056042,False,True,https://api.fususone.com/api/public/organizations/melroseparkpdil/stats/
melroseparkpdil,totalIntegratedCameras,previous,232,232,0,0.0,0.0,Connect Melrose Park,Melrose Park,IL,2026-09-21T18:52:24Z,2026-09-28T20:13:06Z,7.056042,False,True,https://api.fususone.com/api/public/organizations/melroseparkpdil/stats/
melroseparkpdil,totalOwnedCameras,previous,197,197,0,0.0,0.0,Connect Melrose Park,Melrose Park,IL,2026-09-21T18:52:24Z,2026-09-28T20:13:06Z,7.056042,False,True,https://api.fususone.com/api/public/organizations/melroseparkpdil/stats/
melroseparkpdil,totalSharedCameras,previous,35,35,0,0.0,0.0,Connect Melrose Park,Melrose Park,IL,2026-09-21T18:52:24Z,2026-09-28T20:13:06Z,7.056042,False,True,https://api.fususone.com/api/public/organizations/melroseparkpdil/stats/
melroseparkpdil,totalMaxCameras,previous,0,0,0,,0.0,Connect Melrose Park,Melrose Park,IL,2026-09-21T18:52:24Z,2026-09-28T20:13:06Z,7.056042,True,True,https://api.fususone.com/api/public/organizations/melroseparkpdil/stats/
melroseparkpdil,subscribedCameras,previous,193,193,0,0.0,0.0,Connect Melrose Park,Melrose Park,IL,2026-09-21T18:52:24Z,2026-09-28T20:13:06Z,7.056042,False,True,https://api.fususone.com/api/public/organizations/melroseparkpdil/stats/
memphispd,totalRegisteredCameras,previous,14156,14215,59,0.004167844023735518,58.53140039564204,Connect Memphis,Memphis,TN,2026-09-21T18:52:25Z,2026-09-28T20:13:07Z,7.056042,False,True,https://api.fususone.com/api/public/organizations/memphispd/stats/
memphispd,totalIntegratedCameras,previous,3096,3095,-1,-0.00032299741602067185,-0.9920576338244412,Connect Memphis,Memphis,TN,2026-09-21T18:52:25Z,2026-09-28T20:13:07Z,7.056042,False,True,https://api.fususone.com/api/public/organizations/memphispd/stats/
memphispd,totalOwnedCameras,previous,2273,2272,-1,-0.0004399472063352398,-0.9920576338244412,Connect Memphis,Memphis,TN,2026-09-21T18:52:25Z,2026-09-28T20:13:07Z,7.056042,False,True,https://api.fususone.com/api/public/organizations/memphispd/stats/
memphispd,totalSharedCameras,previous,665,665,0,0.0,0.0,Connect Memphis,Memphis,TN,2026-09-21T18:52:25Z,2026-09-28T20:13:07Z,7.056042,False,True,https://api.fususone.com/api/public/organizations/memphispd/stats/
memphispd,totalMaxCameras,previous,2750,2750,0,0.0,0.0,Connect Memphis,Memphis,TN,2026-09-21T18:52:25Z,2026-09-28T20:13:07Z,7.056042,False,True,https://api.fususone.com/api/public/organizations/memphispd/stats/
memphispd,subscribedCameras,previous,2129,2128,-1,-0.0004697040864255519,-0.9920576338244412,Connect Memphis,Memphis,TN,2026-09-21T18:52:25Z,2026-09-28T20:13:07Z,7.056042,False,True,https://api.fususone.com/api/public/organizations/memphispd/stats/
mercedpdca,totalRegisteredCameras,previous,423,423,0,0.0,0.0,Merced Community Camera Program,Merced,CA,2026-09-21T18:52:26Z,2026-09-28T20:13:08Z,7.056042,False,True,https://api.fususone.com/api/public/organizations/mercedpdca/stats/
mercedpdca,totalIntegratedCameras,previous,105,105,0,0.0,0.0,Merced Community Camera Program,Merced,CA,2026-09-21T18:52:26Z,2026-09-28T20:13:08Z,7.056042,False,True,https://api.fususone.com/api/public/organizations/mercedpdca/stats/
mercedpdca,totalOwnedCameras,previous,105,105,0,0.0,0.0,Merced Community Camera Program,Merced,CA,2026-09-21T18:52:26Z,2026-09-28T20:13:08Z,7.056042,False,True,https://api.fususone.com/api/public/organizations/mercedpdca/stats/
mercedpdca,totalSharedCameras,previous,0,0,0,,0.0,Merced Community Camera Program,Merced,CA,2026-09-21T18:52:26Z,2026-09-28T20:13:08Z,7.056042,True,True,https://api.fususone.com/api/public/organizations/mercedpdca/stats/
mercedpdca,totalMaxCameras,previous,0,0,0,,0.0,Merced Community Camera Program,Merced,CA,2026-09-21T18:52:26Z,2026-09-28T20:13:08Z,7.056042,True,True,https://api.fususone.com/api/public/organizations/mercedpdca/stats/
mercedpdca,subscribedCameras,previous,105,105,0,0.0,0.0,Merced Community Camera Program,Merced,CA,2026-09-21T18:52:26Z,2026-09-28T20:13:08Z,7.056042,False,True,https://api.fususone.com/api/public/organizations/mercedpdca/stats/
meridianpdms,totalRegisteredCameras,previous,0,0,0,,0.0,Connect Meridian,Meridian,MS,2026-09-21T18:52:27Z,2026-09-28T20:13:09Z,7.056042,True,True,https://api.fususone.com/api/public/organizations/meridianpdms/stats/
meridianpdms,totalIntegratedCameras,previous,303,303,0,0.0,0.0,Connect Meridian,Meridian,MS,2026-09-21T18:52:27Z,2026-09-28T20:13:09Z,7.056042,False,True,https://api.fususone.com/api/public/organizations/meridianpdms/stats/
meridianpdms,totalOwnedCameras,previous,303,303,0,0.0,0.0,Connect Meridian,Meridian,MS,2026-09-21T18:52:27Z,2026-09-28T20:13:09Z,7.056042,False,True,https://api.fususone.com/api/public/organizations/meridianpdms/stats/
meridianpdms,totalSharedCameras,previous,0,0,0,,0.0,Connect Meridian,Meridian,MS,2026-09-21T18:52:27Z,2026-09-28T20:13:09Z,7.056042,True,True,https://api.fususone.com/api/public/organizations/meridianpdms/stats/
meridianpdms,totalMaxCameras,previous,10000,10000,0,0.0,0.0,Connect Meridian,Meridian,MS,2026-09-21T18:52:27Z,2026-09-28T20:13:09Z,7.056042,False,True,https://api.fususone.com/api/public/organizations/meridianpdms/stats/
meridianpdms,subscribedCameras,previous,303,303,0,0.0,0.0,Connect Meridian,Meridian,MS,2026-09-21T18:52:27Z,2026-09-28T20:13:09Z,7.056042,False,True,https://api.fususone.com/api/public/organizations/meridianpdms/stats/
miamibeachpdfl,totalRegisteredCameras,previous,0,0,0,,0.0,Connect Miami Beach,Miami Beach,FL,2026-09-21T18:52:28Z,2026-09-28T20:13:10Z,7.056042,True,True,https://api.fususone.com/api/public/organizations/miamibeachpdfl/stats/
miamibeachpdfl,totalIntegratedCameras,previous,525,527,2,0.0038095238095238095,1.9841152676488825,Connect Miami Beach,Miami Beach,FL,2026-09-21T18:52:28Z,2026-09-28T20:13:10Z,7.056042,False,True,https://api.fususone.com/api/public/organizations/miamibeachpdfl/stats/
miamibeachpdfl,totalOwnedCameras,previous,525,527,2,0.0038095238095238095,1.9841152676488825,Connect Miami Beach,Miami Beach,FL,2026-09-21T18:52:28Z,2026-09-28T20:13:10Z,7.056042,False,True,https://api.fususone.com/api/public/organizations/miamibeachpdfl/stats/
miamibeachpdfl,totalSharedCameras,previous,0,0,0,,0.0,Connect Miami Beach,Miami Beach,FL,2026-09-21T18:52:28Z,2026-09-28T20:13:10Z,7.056042,True,True,https://api.fususone.com/api/public/organizations/miamibeachpdfl/stats/
miamibeachpdfl,totalMaxCameras,previous,0,0,0,,0.0,Connect Miami Beach,Miami Beach,FL,2026-09-21T18:52:28Z,2026-09-28T20:13:10Z,7.056042,True,True,https://api.fususone.com/api/public/organizations/miamibeachpdfl/stats/
miamibeachpdfl,subscribedCameras,previous,480,480,0,0.0,0.0,Connect Miami Beach,Miami Beach,FL,2026-09-21T18:52:28Z,2026-09-28T20:13:10Z,7.056042,False,True,https://api.fususone.com/api/public/organizations/miamibeachpdfl/stats/
miamidadepd,totalRegisteredCameras,previous,1249,1249,0,0.0,0.0,Connect Miami-Dade,Miami-Dade,FL,2026-09-21T18:52:29Z,2026-09-28T20:13:11Z,7.056042,False,True,https://api.fususone.com/api/public/organizations/miamidadepd/stats/
miamidadepd,totalIntegratedCameras,previous,1799,1799,0,0.0,0.0,Connect Miami-Dade,Miami-Dade,FL,2026-09-21T18:52:29Z,2026-09-28T20:13:11Z,7.056042,False,True,https://api.fususone.com/api/public/organizations/miamidadepd/stats/
miamidadepd,totalOwnedCameras,previous,767,767,0,0.0,0.0,Connect Miami-Dade,Miami-Dade,FL,2026-09-21T18:52:29Z,2026-09-28T20:13:11Z,7.056042,False,True,https://api.fususone.com/api/public/organizations/miamidadepd/stats/
miamidadepd,totalSharedCameras,previous,299,299,0,0.0,0.0,Connect Miami-Dade,Miami-Dade,FL,2026-09-21T18:52:29Z,2026-09-28T20:13:11Z,7.056042,False,True,https://api.fususone.com/api/public/organizations/miamidadepd/stats/
miamidadepd,totalMaxCameras,previous,5000,5000,0,0.0,0.0,Connect Miami-Dade,Miami-Dade,FL,2026-09-21T18:52:29Z,2026-09-28T20:13:11Z,7.056042,False,True,https://api.fususone.com/api/public/organizations/miamidadepd/stats/
miamidadepd,subscribedCameras,previous,694,694,0,0.0,0.0,Connect Miami-Dade,Miami-Dade,FL,2026-09-21T18:52:29Z,2026-09-28T20:13:11Z,7.056042,False,True,https://api.fususone.com/api/public/organizations/miamidadepd/stats/
milwaukeepd,totalRegisteredCameras,previous,1552,1552,0,0.0,0.0,Community Connect Milwaukee,Milwaukee,WI,2026-09-21T18:52:30Z,2026-09-28T20:13:12Z,7.056042,False,True,https://api.fususone.com/api/public/organizations/milwaukeepd/stats/
milwaukeepd,totalIntegratedCameras,previous,1225,1225,0,0.0,0.0,Community Connect Milwaukee,Milwaukee,WI,2026-09-21T18:52:30Z,2026-09-28T20:13:12Z,7.056042,False,True,https://api.fususone.com/api/public/organizations/milwaukeepd/stats/
milwaukeepd,totalOwnedCameras,previous,1014,1014,0,0.0,0.0,Community Connect Milwaukee,Milwaukee,WI,2026-09-21T18:52:30Z,2026-09-28T20:13:12Z,7.056042,False,True,https://api.fususone.com/api/public/organizations/milwaukeepd/stats/
milwaukeepd,totalSharedCameras,previous,211,211,0,0.0,0.0,Community Connect Milwaukee,Milwaukee,WI,2026-09-21T18:52:30Z,2026-09-28T20:13:12Z,7.056042,False,True,https://api.fususone.com/api/public/organizations/milwaukeepd/stats/
milwaukeepd,totalMaxCameras,previous,1500,1500,0,0.0,0.0,Community Connect Milwaukee,Milwaukee,WI,2026-09-21T18:52:30Z,2026-09-28T20:13:12Z,7.056042,False,True,https://api.fususone.com/api/public/organizations/milwaukeepd/stats/
milwaukeepd,subscribedCameras,previous,985,985,0,0.0,0.0,Community Connect Milwaukee,Milwaukee,WI,2026-09-21T18:52:30Z,2026-09-28T20:13:12Z,7.056042,False,True,https://api.fususone.com/api/public/organizations/milwaukeepd/stats/
minnetonkapdmn,totalRegisteredCameras,previous,692,692,0,0.0,0.0,Keep Minnetonka Safe,Minnetonka,MN,2026-09-21T18:52:31Z,2026-09-28T20:13:13Z,7.056042,False,True,https://api.fususone.com/api/public/organizations/minnetonkapdmn/stats/
minnetonkapdmn,totalIntegratedCameras,previous,1895,1895,0,0.0,0.0,Keep Minnetonka Safe,Minnetonka,MN,2026-09-21T18:52:31Z,2026-09-28T20:13:13Z,7.056042,False,True,https://api.fususone.com/api/public/organizations/minnetonkapdmn/stats/
minnetonkapdmn,totalOwnedCameras,previous,660,660,0,0.0,0.0,Keep Minnetonka Safe,Minnetonka,MN,2026-09-21T18:52:31Z,2026-09-28T20:13:13Z,7.056042,False,True,https://api.fususone.com/api/public/organizations/minnetonkapdmn/stats/
minnetonkapdmn,totalSharedCameras,previous,1235,1235,0,0.0,0.0,Keep Minnetonka Safe,Minnetonka,MN,2026-09-21T18:52:31Z,2026-09-28T20:13:13Z,7.056042,False,True,https://api.fususone.com/api/public/organizations/minnetonkapdmn/stats/
minnetonkapdmn,totalMaxCameras,previous,1500,1500,0,0.0,0.0,Keep Minnetonka Safe,Minnetonka,MN,2026-09-21T18:52:31Z,2026-09-28T20:13:13Z,7.056042,False,True,https://api.fususone.com/api/public/organizations/minnetonkapdmn/stats/
minnetonkapdmn,subscribedCameras,previous,644,644,0,0.0,0.0,Keep Minnetonka Safe,Minnetonka,MN,2026-09-21T18:52:31Z,2026-09-28T20:13:13Z,7.056042,False,True,https://api.fususone.com/api/public/organizations/minnetonkapdmn/stats/
missoulapdmt,totalRegisteredCameras,previous,99,99,0,0.0,0.0,Connect Missoula,Missoula,MT,2026-09-21T18:52:32Z,2026-09-28T20:13:14Z,7.056042,False,True,https://api.fususone.com/api/public/organizations/missoulapdmt/stats/
missoulapdmt,totalIntegratedCameras,previous,25,25,0,0.0,0.0,Connect Missoula,Missoula,MT,2026-09-21T18:52:32Z,2026-09-28T20:13:14Z,7.056042,False,True,https://api.fususone.com/api/public/organizations/missoulapdmt/stats/
missoulapdmt,totalOwnedCameras,previous,25,25,0,0.0,0.0,Connect Missoula,Missoula,MT,2026-09-21T18:52:32Z,2026-09-28T20:13:14Z,7.056042,False,True,https://api.fususone.com/api/public/organizations/missoulapdmt/stats/
missoulapdmt,totalSharedCameras,previous,0,0,0,,0.0,Connect Missoula,Missoula,MT,2026-09-21T18:52:32Z,2026-09-28T20:13:14Z,7.056042,True,True,https://api.fususone.com/api/public/organizations/missoulapdmt/stats/
missoulapdmt,totalMaxCameras,previous,0,0,0,,0.0,Connect Missoula,Missoula,MT,2026-09-21T18:52:32Z,2026-09-28T20:13:14Z,7.056042,True,True,https://api.fususone.com/api/public/organizations/missoulapdmt/stats/
missoulapdmt,subscribedCameras,previous,25,25,0,0.0,0.0,Connect Missoula,Missoula,MT,2026-09-21T18:52:32Z,2026-09-28T20:13:14Z,7.056042,False,True,https://api.fususone.com/api/public/organizations/missoulapdmt/stats/
mobilepdal,totalRegisteredCameras,previous,0,0,0,,0.0,Connect Mobile,Mobile,AL,2026-09-21T18:52:33Z,2026-09-28T20:13:15Z,7.056042,True,True,https://api.fususone.com/api/public/organizations/mobilepdal/stats/
mobilepdal,totalIntegratedCameras,previous,259,259,0,0.0,0.0,Connect Mobile,Mobile,AL,2026-09-21T18:52:33Z,2026-09-28T20:13:15Z,7.056042,False,True,https://api.fususone.com/api/public/organizations/mobilepdal/stats/
mobilepdal,totalOwnedCameras,previous,259,259,0,0.0,0.0,Connect Mobile,Mobile,AL,2026-09-21T18:52:33Z,2026-09-28T20:13:15Z,7.056042,False,True,https://api.fususone.com/api/public/organizations/mobilepdal/stats/
mobilepdal,totalSharedCameras,previous,0,0,0,,0.0,Connect Mobile,Mobile,AL,2026-09-21T18:52:33Z,2026-09-28T20:13:15Z,7.056042,True,True,https://api.fususone.com/api/public/organizations/mobilepdal/stats/
mobilepdal,totalMaxCameras,previous,0,0,0,,0.0,Connect Mobile,Mobile,AL,2026-09-21T18:52:33Z,2026-09-28T20:13:15Z,7.056042,True,True,https://api.fususone.com/api/public/organizations/mobilepdal/stats/
mobilepdal,subscribedCameras,previous,259,259,0,0.0,0.0,Connect Mobile,Mobile,AL,2026-09-21T18:52:33Z,2026-09-28T20:13:15Z,7.056042,False,True,https://api.fususone.com/api/public/organizations/mobilepdal/stats/
modestopd,totalRegisteredCameras,previous,89,89,0,0.0,0.0,Connect Modesto,Modesto,CA,2026-09-21T18:52:34Z,2026-09-28T20:13:16Z,7.056042,False,True,https://api.fususone.com/api/public/organizations/modestopd/stats/
modestopd,totalIntegratedCameras,previous,424,429,5,0.01179245283018868,4.960288169122206,Connect Modesto,Modesto,CA,2026-09-21T18:52:34Z,2026-09-28T20:13:16Z,7.056042,False,True,https://api.fususone.com/api/public/organizations/modestopd/stats/
modestopd,totalOwnedCameras,previous,408,413,5,0.012254901960784314,4.960288169122206,Connect Modesto,Modesto,CA,2026-09-21T18:52:34Z,2026-09-28T20:13:16Z,7.056042,False,True,https://api.fususone.com/api/public/organizations/modestopd/stats/
modestopd,totalSharedCameras,previous,16,16,0,0.0,0.0,Connect Modesto,Modesto,CA,2026-09-21T18:52:34Z,2026-09-28T20:13:16Z,7.056042,False,True,https://api.fususone.com/api/public/organizations/modestopd/stats/
modestopd,totalMaxCameras,previous,1500,1500,0,0.0,0.0,Connect Modesto,Modesto,CA,2026-09-21T18:52:34Z,2026-09-28T20:13:16Z,7.056042,False,True,https://api.fususone.com/api/public/organizations/modestopd/stats/
modestopd,subscribedCameras,previous,392,392,0,0.0,0.0,Connect Modesto,Modesto,CA,2026-09-21T18:52:34Z,2026-09-28T20:13:16Z,7.056042,False,True,https://api.fususone.com/api/public/organizations/modestopd/stats/
monmouthcounty,totalRegisteredCameras,previous,74,74,0,0.0,0.0,Connect Monmouth County,Monmouth County,NJ,2026-09-21T18:52:35Z,2026-09-28T20:13:17Z,7.056042,False,True,https://api.fususone.com/api/public/organizations/monmouthcounty/stats/
monmouthcounty,totalIntegratedCameras,previous,1810,1810,0,0.0,0.0,Connect Monmouth County,Monmouth County,NJ,2026-09-21T18:52:35Z,2026-09-28T20:13:17Z,7.056042,False,True,https://api.fususone.com/api/public/organizations/monmouthcounty/stats/
monmouthcounty,totalOwnedCameras,previous,1058,1058,0,0.0,0.0,Connect Monmouth County,Monmouth County,NJ,2026-09-21T18:52:35Z,2026-09-28T20:13:17Z,7.056042,False,True,https://api.fususone.com/api/public/organizations/monmouthcounty/stats/
monmouthcounty,totalSharedCameras,previous,0,0,0,,0.0,Connect Monmouth County,Monmouth County,NJ,2026-09-21T18:52:35Z,2026-09-28T20:13:17Z,7.056042,True,True,https://api.fususone.com/api/public/organizations/monmouthcounty/stats/
monmouthcounty,totalMaxCameras,previous,1500,1500,0,0.0,0.0,Connect Monmouth County,Monmouth County,NJ,2026-09-21T18:52:35Z,2026-09-28T20:13:17Z,7.056042,False,True,https://api.fususone.com/api/public/organizations/monmouthcounty/stats/
monmouthcounty,subscribedCameras,previous,1020,1020,0,0.0,0.0,Connect Monmouth County,Monmouth County,NJ,2026-09-21T18:52:35Z,2026-09-28T20:13:17Z,7.056042,False,True,https://api.fususone.com/api/public/organizations/monmouthcounty/stats/
monroecoso,totalRegisteredCameras,previous,181,181,0,0.0,0.0,Connect Monroe County,Monroe County,NY,2026-09-21T18:52:36Z,2026-09-28T20:13:18Z,7.056042,False,True,https://api.fususone.com/api/public/organizations/monroecoso/stats/
monroecoso,totalIntegratedCameras,previous,783,868,85,0.10855683269476372,84.32489887507751,Connect Monroe County,Monroe County,NY,2026-09-21T18:52:36Z,2026-09-28T20:13:18Z,7.056042,False,True,https://api.fususone.com/api/public/organizations/monroecoso/stats/
monroecoso,totalOwnedCameras,previous,783,868,85,0.10855683269476372,84.32489887507751,Connect Monroe County,Monroe County,NY,2026-09-21T18:52:36Z,2026-09-28T20:13:18Z,7.056042,False,True,https://api.fususone.com/api/public/organizations/monroecoso/stats/
monroecoso,totalSharedCameras,previous,0,0,0,,0.0,Connect Monroe County,Monroe County,NY,2026-09-21T18:52:36Z,2026-09-28T20:13:18Z,7.056042,True,True,https://api.fususone.com/api/public/organizations/monroecoso/stats/
monroecoso,totalMaxCameras,previous,10000,10000,0,0.0,0.0,Connect Monroe County,Monroe County,NY,2026-09-21T18:52:36Z,2026-09-28T20:13:18Z,7.056042,False,True,https://api.fususone.com/api/public/organizations/monroecoso/stats/
monroecoso,subscribedCameras,previous,716,801,85,0.11871508379888268,84.32489887507751,Connect Monroe County,Monroe County,NY,2026-09-21T18:52:36Z,2026-09-28T20:13:18Z,7.056042,False,True,https://api.fususone.com/api/public/organizations/monroecoso/stats/
montgomerypd-al,totalRegisteredCameras,previous,2915,2915,0,0.0,0.0,STAR Watch Program,Montgomery,AL,2026-09-21T18:52:37Z,2026-09-28T20:13:19Z,7.056042,False,True,https://api.fususone.com/api/public/organizations/montgomerypd-al/stats/
montgomerypd-al,totalIntegratedCameras,previous,961,961,0,0.0,0.0,STAR Watch Program,Montgomery,AL,2026-09-21T18:52:37Z,2026-09-28T20:13:19Z,7.056042,False,True,https://api.fususone.com/api/public/organizations/montgomerypd-al/stats/
montgomerypd-al,totalOwnedCameras,previous,264,264,0,0.0,0.0,STAR Watch Program,Montgomery,AL,2026-09-21T18:52:37Z,2026-09-28T20:13:19Z,7.056042,False,True,https://api.fususone.com/api/public/organizations/montgomerypd-al/stats/
montgomerypd-al,totalSharedCameras,previous,631,631,0,0.0,0.0,STAR Watch Program,Montgomery,AL,2026-09-21T18:52:37Z,2026-09-28T20:13:19Z,7.056042,False,True,https://api.fususone.com/api/public/organizations/montgomerypd-al/stats/
montgomerypd-al,totalMaxCameras,previous,1500,1500,0,0.0,0.0,STAR Watch Program,Montgomery,AL,2026-09-21T18:52:37Z,2026-09-28T20:13:19Z,7.056042,False,True,https://api.fususone.com/api/public/organizations/montgomerypd-al/stats/
montgomerypd-al,subscribedCameras,previous,262,262,0,0.0,0.0,STAR Watch Program,Montgomery,AL,2026-09-21T18:52:37Z,2026-09-28T20:13:19Z,7.056042,False,True,https://api.fususone.com/api/public/organizations/montgomerypd-al/stats/
montgomeryso-al,totalRegisteredCameras,previous,23,23,0,0.0,0.0,Connect Montgomery County,Montgomery County,AL,2026-09-21T18:52:38Z,2026-09-28T20:13:20Z,7.056042,False,True,https://api.fususone.com/api/public/organizations/montgomeryso-al/stats/
montgomeryso-al,totalIntegratedCameras,previous,295,295,0,0.0,0.0,Connect Montgomery County,Montgomery County,AL,2026-09-21T18:52:38Z,2026-09-28T20:13:20Z,7.056042,False,True,https://api.fususone.com/api/public/organizations/montgomeryso-al/stats/
montgomeryso-al,totalOwnedCameras,previous,86,86,0,0.0,0.0,Connect Montgomery County,Montgomery County,AL,2026-09-21T18:52:38Z,2026-09-28T20:13:20Z,7.056042,False,True,https://api.fususone.com/api/public/organizations/montgomeryso-al/stats/
montgomeryso-al,totalSharedCameras,previous,0,0,0,,0.0,Connect Montgomery County,Montgomery County,AL,2026-09-21T18:52:38Z,2026-09-28T20:13:20Z,7.056042,True,True,https://api.fususone.com/api/public/organizations/montgomeryso-al/stats/
montgomeryso-al,totalMaxCameras,previous,402,402,0,0.0,0.0,Connect Montgomery County,Montgomery County,AL,2026-09-21T18:52:38Z,2026-09-28T20:13:20Z,7.056042,False,True,https://api.fususone.com/api/public/organizations/montgomeryso-al/stats/
montgomeryso-al,subscribedCameras,previous,86,86,0,0.0,0.0,Connect Montgomery County,Montgomery County,AL,2026-09-21T18:52:38Z,2026-09-28T20:13:20Z,7.056042,False,True,https://api.fususone.com/api/public/organizations/montgomeryso-al/stats/
montrosepdco,totalRegisteredCameras,previous,0,0,0,,0.0,Connect Montrose,Montrose,CO,2026-09-21T18:52:39Z,2026-09-28T20:13:21Z,7.056042,True,True,https://api.fususone.com/api/public/organizations/montrosepdco/stats/
montrosepdco,totalIntegratedCameras,previous,169,169,0,0.0,0.0,Connect Montrose,Montrose,CO,2026-09-21T18:52:39Z,2026-09-28T20:13:21Z,7.056042,False,True,https://api.fususone.com/api/public/organizations/montrosepdco/stats/
montrosepdco,totalOwnedCameras,previous,169,169,0,0.0,0.0,Connect Montrose,Montrose,CO,2026-09-21T18:52:39Z,2026-09-28T20:13:21Z,7.056042,False,True,https://api.fususone.com/api/public/organizations/montrosepdco/stats/
montrosepdco,totalSharedCameras,previous,0,0,0,,0.0,Connect Montrose,Montrose,CO,2026-09-21T18:52:39Z,2026-09-28T20:13:21Z,7.056042,True,True,https://api.fususone.com/api/public/organizations/montrosepdco/stats/
montrosepdco,totalMaxCameras,previous,0,0,0,,0.0,Connect Montrose,Montrose,CO,2026-09-21T18:52:39Z,2026-09-28T20:13:21Z,7.056042,True,True,https://api.fususone.com/api/public/organizations/montrosepdco/stats/
montrosepdco,subscribedCameras,previous,169,169,0,0.0,0.0,Connect Montrose,Montrose,CO,2026-09-21T18:52:39Z,2026-09-28T20:13:21Z,7.056042,False,True,https://api.fususone.com/api/public/organizations/montrosepdco/stats/
mooresvillepd,totalRegisteredCameras,previous,0,0,0,,0.0,Connect Mooresville,Mooresville,NC,2026-09-21T18:52:40Z,2026-09-28T20:13:22Z,7.056042,True,True,https://api.fususone.com/api/public/organizations/mooresvillepd/stats/
mooresvillepd,totalIntegratedCameras,previous,267,267,0,0.0,0.0,Connect Mooresville,Mooresville,NC,2026-09-21T18:52:40Z,2026-09-28T20:13:22Z,7.056042,False,True,https://api.fususone.com/api/public/organizations/mooresvillepd/stats/
mooresvillepd,totalOwnedCameras,previous,267,267,0,0.0,0.0,Connect Mooresville,Mooresville,NC,2026-09-21T18:52:40Z,2026-09-28T20:13:22Z,7.056042,False,True,https://api.fususone.com/api/public/organizations/mooresvillepd/stats/
mooresvillepd,totalSharedCameras,previous,0,0,0,,0.0,Connect Mooresville,Mooresville,NC,2026-09-21T18:52:40Z,2026-09-28T20:13:22Z,7.056042,True,True,https://api.fususone.com/api/public/organizations/mooresvillepd/stats/
mooresvillepd,totalMaxCameras,previous,1500,1500,0,0.0,0.0,Connect Mooresville,Mooresville,NC,2026-09-21T18:52:40Z,2026-09-28T20:13:22Z,7.056042,False,True,https://api.fususone.com/api/public/organizations/mooresvillepd/stats/
mooresvillepd,subscribedCameras,previous,267,267,0,0.0,0.0,Connect Mooresville,Mooresville,NC,2026-09-21T18:52:40Z,2026-09-28T20:13:22Z,7.056042,False,True,https://api.fususone.com/api/public/organizations/mooresvillepd/stats/
mpls,totalRegisteredCameras,previous,2644,2644,0,0.0,0.0,Connect Minneapolis,Minneapolis,MN,2026-09-21T18:52:41Z,2026-09-28T20:13:23Z,7.056042,False,True,https://api.fususone.com/api/public/organizations/mpls/stats/
mpls,totalIntegratedCameras,previous,2716,2733,17,0.0062592047128129605,16.864979775015502,Connect Minneapolis,Minneapolis,MN,2026-09-21T18:52:41Z,2026-09-28T20:13:23Z,7.056042,False,True,https://api.fususone.com/api/public/organizations/mpls/stats/
mpls,totalOwnedCameras,previous,763,763,0,0.0,0.0,Connect Minneapolis,Minneapolis,MN,2026-09-21T18:52:41Z,2026-09-28T20:13:23Z,7.056042,False,True,https://api.fususone.com/api/public/organizations/mpls/stats/
mpls,totalSharedCameras,previous,1429,1429,0,0.0,0.0,Connect Minneapolis,Minneapolis,MN,2026-09-21T18:52:41Z,2026-09-28T20:13:23Z,7.056042,False,True,https://api.fususone.com/api/public/organizations/mpls/stats/
mpls,totalMaxCameras,previous,1500,1500,0,0.0,0.0,Connect Minneapolis,Minneapolis,MN,2026-09-21T18:52:41Z,2026-09-28T20:13:23Z,7.056042,False,True,https://api.fususone.com/api/public/organizations/mpls/stats/
mpls,subscribedCameras,previous,757,757,0,0.0,0.0,Connect Minneapolis,Minneapolis,MN,2026-09-21T18:52:41Z,2026-09-28T20:13:23Z,7.056042,False,True,https://api.fususone.com/api/public/organizations/mpls/stats/
munsterpdin,totalRegisteredCameras,previous,109,109,0,0.0,0.0,Connect Munster,Munster,IN,2026-09-21T18:52:42Z,2026-09-28T20:13:24Z,7.056042,False,True,https://api.fususone.com/api/public/organizations/munsterpdin/stats/
munsterpdin,totalIntegratedCameras,previous,274,274,0,0.0,0.0,Connect Munster,Munster,IN,2026-09-21T18:52:42Z,2026-09-28T20:13:24Z,7.056042,False,True,https://api.fususone.com/api/public/organizations/munsterpdin/stats/
munsterpdin,totalOwnedCameras,previous,98,98,0,0.0,0.0,Connect Munster,Munster,IN,2026-09-21T18:52:42Z,2026-09-28T20:13:24Z,7.056042,False,True,https://api.fususone.com/api/public/organizations/munsterpdin/stats/
munsterpdin,totalSharedCameras,previous,0,0,0,,0.0,Connect Munster,Munster,IN,2026-09-21T18:52:42Z,2026-09-28T20:13:24Z,7.056042,True,True,https://api.fususone.com/api/public/organizations/munsterpdin/stats/
munsterpdin,totalMaxCameras,previous,150,150,0,0.0,0.0,Connect Munster,Munster,IN,2026-09-21T18:52:42Z,2026-09-28T20:13:24Z,7.056042,False,True,https://api.fususone.com/api/public/organizations/munsterpdin/stats/
munsterpdin,subscribedCameras,previous,98,98,0,0.0,0.0,Connect Munster,Munster,IN,2026-09-21T18:52:42Z,2026-09-28T20:13:24Z,7.056042,False,True,https://api.fususone.com/api/public/organizations/munsterpdin/stats/
newbrunswickpdnj,totalRegisteredCameras,previous,0,0,0,,0.0,Connect New Brunswick,New Brunswick,NJ,2026-09-21T18:52:43Z,2026-09-28T20:13:25Z,7.056042,True,True,https://api.fususone.com/api/public/organizations/newbrunswickpdnj/stats/
newbrunswickpdnj,totalIntegratedCameras,previous,123,123,0,0.0,0.0,Connect New Brunswick,New Brunswick,NJ,2026-09-21T18:52:43Z,2026-09-28T20:13:25Z,7.056042,False,True,https://api.fususone.com/api/public/organizations/newbrunswickpdnj/stats/
newbrunswickpdnj,totalOwnedCameras,previous,123,123,0,0.0,0.0,Connect New Brunswick,New Brunswick,NJ,2026-09-21T18:52:43Z,2026-09-28T20:13:25Z,7.056042,False,True,https://api.fususone.com/api/public/organizations/newbrunswickpdnj/stats/
newbrunswickpdnj,totalSharedCameras,previous,0,0,0,,0.0,Connect New Brunswick,New Brunswick,NJ,2026-09-21T18:52:43Z,2026-09-28T20:13:25Z,7.056042,True,True,https://api.fususone.com/api/public/organizations/newbrunswickpdnj/stats/
newbrunswickpdnj,totalMaxCameras,previous,0,0,0,,0.0,Connect New Brunswick,New Brunswick,NJ,2026-09-21T18:52:43Z,2026-09-28T20:13:25Z,7.056042,True,True,https://api.fususone.com/api/public/organizations/newbrunswickpdnj/stats/
newbrunswickpdnj,subscribedCameras,previous,123,123,0,0.0,0.0,Connect New Brunswick,New Brunswick,NJ,2026-09-21T18:52:43Z,2026-09-28T20:13:25Z,7.056042,False,True,https://api.fususone.com/api/public/organizations/newbrunswickpdnj/stats/
newcastlede,totalRegisteredCameras,previous,21,21,0,0.0,0.0,Connect New Castle County,New Castle County,DE,2026-09-21T18:52:44Z,2026-09-28T20:13:26Z,7.056042,False,True,https://api.fususone.com/api/public/organizations/newcastlede/stats/
newcastlede,totalIntegratedCameras,previous,168,161,-7,-0.041666666666666664,-6.944403436771089,Connect New Castle County,New Castle County,DE,2026-09-21T18:52:44Z,2026-09-28T20:13:26Z,7.056042,False,True,https://api.fususone.com/api/public/organizations/newcastlede/stats/
newcastlede,totalOwnedCameras,previous,160,153,-7,-0.04375,-6.944403436771089,Connect New Castle County,New Castle County,DE,2026-09-21T18:52:44Z,2026-09-28T20:13:26Z,7.056042,False,True,https://api.fususone.com/api/public/organizations/newcastlede/stats/
newcastlede,totalSharedCameras,previous,8,8,0,0.0,0.0,Connect New Castle County,New Castle County,DE,2026-09-21T18:52:44Z,2026-09-28T20:13:26Z,7.056042,False,True,https://api.fususone.com/api/public/organizations/newcastlede/stats/
newcastlede,totalMaxCameras,previous,0,0,0,,0.0,Connect New Castle County,New Castle County,DE,2026-09-21T18:52:44Z,2026-09-28T20:13:26Z,7.056042,True,True,https://api.fususone.com/api/public/organizations/newcastlede/stats/
newcastlede,subscribedCameras,previous,91,84,-7,-0.07692307692307693,-6.944403436771089,Connect New Castle County,New Castle County,DE,2026-09-21T18:52:44Z,2026-09-28T20:13:26Z,7.056042,False,True,https://api.fususone.com/api/public/organizations/newcastlede/stats/
newhavenct,totalRegisteredCameras,previous,193,193,0,0.0,0.0,Connect New Haven,New Haven,CT,2026-09-21T18:52:45Z,2026-09-28T20:13:27Z,7.056042,False,True,https://api.fususone.com/api/public/organizations/newhavenct/stats/
newhavenct,totalIntegratedCameras,previous,699,699,0,0.0,0.0,Connect New Haven,New Haven,CT,2026-09-21T18:52:45Z,2026-09-28T20:13:27Z,7.056042,False,True,https://api.fususone.com/api/public/organizations/newhavenct/stats/
newhavenct,totalOwnedCameras,previous,699,699,0,0.0,0.0,Connect New Haven,New Haven,CT,2026-09-21T18:52:45Z,2026-09-28T20:13:27Z,7.056042,False,True,https://api.fususone.com/api/public/organizations/newhavenct/stats/
newhavenct,totalSharedCameras,previous,0,0,0,,0.0,Connect New Haven,New Haven,CT,2026-09-21T18:52:45Z,2026-09-28T20:13:27Z,7.056042,True,True,https://api.fususone.com/api/public/organizations/newhavenct/stats/
newhavenct,totalMaxCameras,previous,1500,1500,0,0.0,0.0,Connect New Haven,New Haven,CT,2026-09-21T18:52:45Z,2026-09-28T20:13:27Z,7.056042,False,True,https://api.fususone.com/api/public/organizations/newhavenct/stats/
newhavenct,subscribedCameras,previous,699,699,0,0.0,0.0,Connect New Haven,New Haven,CT,2026-09-21T18:52:45Z,2026-09-28T20:13:27Z,7.056042,False,True,https://api.fususone.com/api/public/organizations/newhavenct/stats/
newlondonpdct,totalRegisteredCameras,previous,0,0,0,,0.0,Connect New London,New London,CT,2026-09-21T18:52:46Z,2026-09-28T20:13:28Z,7.056042,True,True,https://api.fususone.com/api/public/organizations/newlondonpdct/stats/
newlondonpdct,totalIntegratedCameras,previous,5,6,1,0.2,0.9920576338244412,Connect New London,New London,CT,2026-09-21T18:52:46Z,2026-09-28T20:13:28Z,7.056042,False,True,https://api.fususone.com/api/public/organizations/newlondonpdct/stats/
newlondonpdct,totalOwnedCameras,previous,5,6,1,0.2,0.9920576338244412,Connect New London,New London,CT,2026-09-21T18:52:46Z,2026-09-28T20:13:28Z,7.056042,False,True,https://api.fususone.com/api/public/organizations/newlondonpdct/stats/
newlondonpdct,totalSharedCameras,previous,0,0,0,,0.0,Connect New London,New London,CT,2026-09-21T18:52:46Z,2026-09-28T20:13:28Z,7.056042,True,True,https://api.fususone.com/api/public/organizations/newlondonpdct/stats/
newlondonpdct,totalMaxCameras,previous,0,0,0,,0.0,Connect New London,New London,CT,2026-09-21T18:52:46Z,2026-09-28T20:13:28Z,7.056042,True,True,https://api.fususone.com/api/public/organizations/newlondonpdct/stats/
newlondonpdct,subscribedCameras,previous,3,3,0,0.0,0.0,Connect New London,New London,CT,2026-09-21T18:52:46Z,2026-09-28T20:13:28Z,7.056042,False,True,https://api.fususone.com/api/public/organizations/newlondonpdct/stats/
newportbeachpdca,totalRegisteredCameras,previous,397,405,8,0.020151133501259445,7.93646107059553,Connect Newport Beach,Newport Beach,CA,2026-09-21T18:52:47Z,2026-09-28T20:13:29Z,7.056042,False,True,https://api.fususone.com/api/public/organizations/newportbeachpdca/stats/
newportbeachpdca,totalIntegratedCameras,previous,229,235,6,0.026200873362445413,5.952345802946648,Connect Newport Beach,Newport Beach,CA,2026-09-21T18:52:47Z,2026-09-28T20:13:29Z,7.056042,False,True,https://api.fususone.com/api/public/organizations/newportbeachpdca/stats/
newportbeachpdca,totalOwnedCameras,previous,170,176,6,0.03529411764705882,5.952345802946648,Connect Newport Beach,Newport Beach,CA,2026-09-21T18:52:47Z,2026-09-28T20:13:29Z,7.056042,False,True,https://api.fususone.com/api/public/organizations/newportbeachpdca/stats/
newportbeachpdca,totalSharedCameras,previous,59,59,0,0.0,0.0,Connect Newport Beach,Newport Beach,CA,2026-09-21T18:52:47Z,2026-09-28T20:13:29Z,7.056042,False,True,https://api.fususone.com/api/public/organizations/newportbeachpdca/stats/
newportbeachpdca,totalMaxCameras,previous,1,1,0,0.0,0.0,Connect Newport Beach,Newport Beach,CA,2026-09-21T18:52:47Z,2026-09-28T20:13:29Z,7.056042,False,True,https://api.fususone.com/api/public/organizations/newportbeachpdca/stats/
newportbeachpdca,subscribedCameras,previous,129,135,6,0.046511627906976744,5.952345802946648,Connect Newport Beach,Newport Beach,CA,2026-09-21T18:52:47Z,2026-09-28T20:13:29Z,7.056042,False,True,https://api.fususone.com/api/public/organizations/newportbeachpdca/stats/
newportnewspd,totalRegisteredCameras,previous,1414,1414,0,0.0,0.0,Connect Newport News,Newport News,VA,2026-09-21T18:52:48Z,2026-09-28T20:13:30Z,7.056042,False,True,https://api.fususone.com/api/public/organizations/newportnewspd/stats/
newportnewspd,totalIntegratedCameras,previous,2293,2293,0,0.0,0.0,Connect Newport News,Newport News,VA,2026-09-21T18:52:48Z,2026-09-28T20:13:30Z,7.056042,False,True,https://api.fususone.com/api/public/organizations/newportnewspd/stats/
newportnewspd,totalOwnedCameras,previous,892,892,0,0.0,0.0,Connect Newport News,Newport News,VA,2026-09-21T18:52:48Z,2026-09-28T20:13:30Z,7.056042,False,True,https://api.fususone.com/api/public/organizations/newportnewspd/stats/
newportnewspd,totalSharedCameras,previous,1385,1385,0,0.0,0.0,Connect Newport News,Newport News,VA,2026-09-21T18:52:48Z,2026-09-28T20:13:30Z,7.056042,False,True,https://api.fususone.com/api/public/organizations/newportnewspd/stats/
newportnewspd,totalMaxCameras,previous,1500,1500,0,0.0,0.0,Connect Newport News,Newport News,VA,2026-09-21T18:52:48Z,2026-09-28T20:13:30Z,7.056042,False,True,https://api.fususone.com/api/public/organizations/newportnewspd/stats/
newportnewspd,subscribedCameras,previous,884,884,0,0.0,0.0,Connect Newport News,Newport News,VA,2026-09-21T18:52:48Z,2026-09-28T20:13:30Z,7.056042,False,True,https://api.fususone.com/api/public/organizations/newportnewspd/stats/
newtonsheriff,totalRegisteredCameras,previous,348,348,0,0.0,0.0,Connect Newton County,Newton County,GA,2026-09-21T18:52:49Z,2026-09-28T20:13:31Z,7.056042,False,True,https://api.fususone.com/api/public/organizations/newtonsheriff/stats/
newtonsheriff,totalIntegratedCameras,previous,3518,3527,9,0.002558271745309835,8.928518704419972,Connect Newton County,Newton County,GA,2026-09-21T18:52:49Z,2026-09-28T20:13:31Z,7.056042,False,True,https://api.fususone.com/api/public/organizations/newtonsheriff/stats/
newtonsheriff,totalOwnedCameras,previous,523,523,0,0.0,0.0,Connect Newton County,Newton County,GA,2026-09-21T18:52:49Z,2026-09-28T20:13:31Z,7.056042,False,True,https://api.fususone.com/api/public/organizations/newtonsheriff/stats/
newtonsheriff,totalSharedCameras,previous,52,52,0,0.0,0.0,Connect Newton County,Newton County,GA,2026-09-21T18:52:49Z,2026-09-28T20:13:31Z,7.056042,False,True,https://api.fususone.com/api/public/organizations/newtonsheriff/stats/
newtonsheriff,totalMaxCameras,previous,150,150,0,0.0,0.0,Connect Newton County,Newton County,GA,2026-09-21T18:52:49Z,2026-09-28T20:13:31Z,7.056042,False,True,https://api.fususone.com/api/public/organizations/newtonsheriff/stats/
newtonsheriff,subscribedCameras,previous,520,520,0,0.0,0.0,Connect Newton County,Newton County,GA,2026-09-21T18:52:49Z,2026-09-28T20:13:31Z,7.056042,False,True,https://api.fususone.com/api/public/organizations/newtonsheriff/stats/
norfolkpd,totalRegisteredCameras,previous,440,441,1,0.0022727272727272726,0.9920576338244412,Connect Norfolk,Norfolk,VA,2026-09-21T18:52:50Z,2026-09-28T20:13:32Z,7.056042,False,True,https://api.fususone.com/api/public/organizations/norfolkpd/stats/
norfolkpd,totalIntegratedCameras,previous,3644,3656,12,0.003293084522502744,11.904691605893296,Connect Norfolk,Norfolk,VA,2026-09-21T18:52:50Z,2026-09-28T20:13:32Z,7.056042,False,True,https://api.fususone.com/api/public/organizations/norfolkpd/stats/
norfolkpd,totalOwnedCameras,previous,2023,2035,12,0.005931784478497282,11.904691605893296,Connect Norfolk,Norfolk,VA,2026-09-21T18:52:50Z,2026-09-28T20:13:32Z,7.056042,False,True,https://api.fususone.com/api/public/organizations/norfolkpd/stats/
norfolkpd,totalSharedCameras,previous,1385,1385,0,0.0,0.0,Connect Norfolk,Norfolk,VA,2026-09-21T18:52:50Z,2026-09-28T20:13:32Z,7.056042,False,True,https://api.fususone.com/api/public/organizations/norfolkpd/stats/
norfolkpd,totalMaxCameras,previous,4500,4500,0,0.0,0.0,Connect Norfolk,Norfolk,VA,2026-09-21T18:52:50Z,2026-09-28T20:13:32Z,7.056042,False,True,https://api.fususone.com/api/public/organizations/norfolkpd/stats/
norfolkpd,subscribedCameras,previous,1921,1933,12,0.006246746486205101,11.904691605893296,Connect Norfolk,Norfolk,VA,2026-09-21T18:52:50Z,2026-09-28T20:13:32Z,7.056042,False,True,https://api.fususone.com/api/public/organizations/norfolkpd/stats/
northcharlestonpd,totalRegisteredCameras,previous,1365,1369,4,0.0029304029304029304,3.968230535297765,Connect North Charleston,North Charleston,SC,2026-09-21T18:52:51Z,2026-09-28T20:13:33Z,7.056042,False,True,https://api.fususone.com/api/public/organizations/northcharlestonpd/stats/
northcharlestonpd,totalIntegratedCameras,previous,566,566,0,0.0,0.0,Connect North Charleston,North Charleston,SC,2026-09-21T18:52:51Z,2026-09-28T20:13:33Z,7.056042,False,True,https://api.fususone.com/api/public/organizations/northcharlestonpd/stats/
northcharlestonpd,totalOwnedCameras,previous,291,291,0,0.0,0.0,Connect North Charleston,North Charleston,SC,2026-09-21T18:52:51Z,2026-09-28T20:13:33Z,7.056042,False,True,https://api.fususone.com/api/public/organizations/northcharlestonpd/stats/
northcharlestonpd,totalSharedCameras,previous,71,71,0,0.0,0.0,Connect North Charleston,North Charleston,SC,2026-09-21T18:52:51Z,2026-09-28T20:13:33Z,7.056042,False,True,https://api.fususone.com/api/public/organizations/northcharlestonpd/stats/
northcharlestonpd,totalMaxCameras,previous,10000,10000,0,0.0,0.0,Connect North Charleston,North Charleston,SC,2026-09-21T18:52:51Z,2026-09-28T20:13:33Z,7.056042,False,True,https://api.fususone.com/api/public/organizations/northcharlestonpd/stats/
northcharlestonpd,subscribedCameras,previous,283,283,0,0.0,0.0,Connect North Charleston,North Charleston,SC,2026-09-21T18:52:51Z,2026-09-28T20:13:33Z,7.056042,False,True,https://api.fususone.com/api/public/organizations/northcharlestonpd/stats/
northlittlerock,totalRegisteredCameras,previous,408,408,0,0.0,0.0,Connect North Little Rock,North Little Rock,AR,2026-09-21T18:52:52Z,2026-09-28T20:13:34Z,7.056042,False,True,https://api.fususone.com/api/public/organizations/northlittlerock/stats/
northlittlerock,totalIntegratedCameras,previous,994,994,0,0.0,0.0,Connect North Little Rock,North Little Rock,AR,2026-09-21T18:52:52Z,2026-09-28T20:13:34Z,7.056042,False,True,https://api.fususone.com/api/public/organizations/northlittlerock/stats/
northlittlerock,totalOwnedCameras,previous,730,730,0,0.0,0.0,Connect North Little Rock,North Little Rock,AR,2026-09-21T18:52:52Z,2026-09-28T20:13:34Z,7.056042,False,True,https://api.fususone.com/api/public/organizations/northlittlerock/stats/
northlittlerock,totalSharedCameras,previous,61,61,0,0.0,0.0,Connect North Little Rock,North Little Rock,AR,2026-09-21T18:52:52Z,2026-09-28T20:13:34Z,7.056042,False,True,https://api.fususone.com/api/public/organizations/northlittlerock/stats/
northlittlerock,totalMaxCameras,previous,1500,1500,0,0.0,0.0,Connect North Little Rock,North Little Rock,AR,2026-09-21T18:52:52Z,2026-09-28T20:13:34Z,7.056042,False,True,https://api.fususone.com/api/public/organizations/northlittlerock/stats/
northlittlerock,subscribedCameras,previous,730,730,0,0.0,0.0,Connect North Little Rock,North Little Rock,AR,2026-09-21T18:52:52Z,2026-09-28T20:13:34Z,7.056042,False,True,https://api.fususone.com/api/public/organizations/northlittlerock/stats/
northport,totalRegisteredCameras,previous,149,149,0,0.0,0.0,Connect North Port,North Port,FL,2026-09-21T18:52:53Z,2026-09-28T20:13:35Z,7.056042,False,True,https://api.fususone.com/api/public/organizations/northport/stats/
northport,totalIntegratedCameras,previous,891,893,2,0.002244668911335578,1.9841152676488825,Connect North Port,North Port,FL,2026-09-21T18:52:53Z,2026-09-28T20:13:35Z,7.056042,False,True,https://api.fususone.com/api/public/organizations/northport/stats/
northport,totalOwnedCameras,previous,244,246,2,0.00819672131147541,1.9841152676488825,Connect North Port,North Port,FL,2026-09-21T18:52:53Z,2026-09-28T20:13:35Z,7.056042,False,True,https://api.fususone.com/api/public/organizations/northport/stats/
northport,totalSharedCameras,previous,543,543,0,0.0,0.0,Connect North Port,North Port,FL,2026-09-21T18:52:53Z,2026-09-28T20:13:35Z,7.056042,False,True,https://api.fususone.com/api/public/organizations/northport/stats/
northport,totalMaxCameras,previous,150,150,0,0.0,0.0,Connect North Port,North Port,FL,2026-09-21T18:52:53Z,2026-09-28T20:13:35Z,7.056042,False,True,https://api.fususone.com/api/public/organizations/northport/stats/
northport,subscribedCameras,previous,200,202,2,0.01,1.9841152676488825,Connect North Port,North Port,FL,2026-09-21T18:52:53Z,2026-09-28T20:13:35Z,7.056042,False,True,https://api.fususone.com/api/public/organizations/northport/stats/
novatopdca,totalRegisteredCameras,previous,667,667,0,0.0,0.0,Connect Novato,Novato,CA,2026-09-21T18:52:54Z,2026-09-28T20:13:36Z,7.056042,False,True,https://api.fususone.com/api/public/organizations/novatopdca/stats/
novatopdca,totalIntegratedCameras,previous,42,42,0,0.0,0.0,Connect Novato,Novato,CA,2026-09-21T18:52:54Z,2026-09-28T20:13:36Z,7.056042,False,True,https://api.fususone.com/api/public/organizations/novatopdca/stats/
novatopdca,totalOwnedCameras,previous,42,42,0,0.0,0.0,Connect Novato,Novato,CA,2026-09-21T18:52:54Z,2026-09-28T20:13:36Z,7.056042,False,True,https://api.fususone.com/api/public/organizations/novatopdca/stats/
novatopdca,totalSharedCameras,previous,0,0,0,,0.0,Connect Novato,Novato,CA,2026-09-21T18:52:54Z,2026-09-28T20:13:36Z,7.056042,True,True,https://api.fususone.com/api/public/organizations/novatopdca/stats/
novatopdca,totalMaxCameras,previous,0,0,0,,0.0,Connect Novato,Novato,CA,2026-09-21T18:52:54Z,2026-09-28T20:13:36Z,7.056042,True,True,https://api.fususone.com/api/public/organizations/novatopdca/stats/
novatopdca,subscribedCameras,previous,42,42,0,0.0,0.0,Connect Novato,Novato,CA,2026-09-21T18:52:54Z,2026-09-28T20:13:36Z,7.056042,False,True,https://api.fususone.com/api/public/organizations/novatopdca/stats/
nypd,totalRegisteredCameras,previous,5511,5511,0,0.0,0.0,Connect NYPD,New York City,NY,2026-09-21T18:52:55Z,2026-09-28T20:13:37Z,7.056042,False,True,https://api.fususone.com/api/public/organizations/nypd/stats/
nypd,totalIntegratedCameras,previous,2150,2150,0,0.0,0.0,Connect NYPD,New York City,NY,2026-09-21T18:52:55Z,2026-09-28T20:13:37Z,7.056042,False,True,https://api.fususone.com/api/public/organizations/nypd/stats/
nypd,totalOwnedCameras,previous,2150,2150,0,0.0,0.0,Connect NYPD,New York City,NY,2026-09-21T18:52:55Z,2026-09-28T20:13:37Z,7.056042,False,True,https://api.fususone.com/api/public/organizations/nypd/stats/
nypd,totalSharedCameras,previous,0,0,0,,0.0,Connect NYPD,New York City,NY,2026-09-21T18:52:55Z,2026-09-28T20:13:37Z,7.056042,True,True,https://api.fususone.com/api/public/organizations/nypd/stats/
nypd,totalMaxCameras,previous,32767,32767,0,0.0,0.0,Connect NYPD,New York City,NY,2026-09-21T18:52:55Z,2026-09-28T20:13:37Z,7.056042,False,True,https://api.fususone.com/api/public/organizations/nypd/stats/
nypd,subscribedCameras,previous,2080,2080,0,0.0,0.0,Connect NYPD,New York City,NY,2026-09-21T18:52:55Z,2026-09-28T20:13:37Z,7.056042,False,True,https://api.fususone.com/api/public/organizations/nypd/stats/
oakbrookpd,totalRegisteredCameras,previous,166,166,0,0.0,0.0,Connect Oak Brook,Oak Brook,IL,2026-09-21T18:52:56Z,2026-09-28T20:13:38Z,7.056042,False,True,https://api.fususone.com/api/public/organizations/oakbrookpd/stats/
oakbrookpd,totalIntegratedCameras,previous,399,399,0,0.0,0.0,Connect Oak Brook,Oak Brook,IL,2026-09-21T18:52:56Z,2026-09-28T20:13:38Z,7.056042,False,True,https://api.fususone.com/api/public/organizations/oakbrookpd/stats/
oakbrookpd,totalOwnedCameras,previous,359,359,0,0.0,0.0,Connect Oak Brook,Oak Brook,IL,2026-09-21T18:52:56Z,2026-09-28T20:13:38Z,7.056042,False,True,https://api.fususone.com/api/public/organizations/oakbrookpd/stats/
oakbrookpd,totalSharedCameras,previous,40,40,0,0.0,0.0,Connect Oak Brook,Oak Brook,IL,2026-09-21T18:52:56Z,2026-09-28T20:13:38Z,7.056042,False,True,https://api.fususone.com/api/public/organizations/oakbrookpd/stats/
oakbrookpd,totalMaxCameras,previous,1500,1500,0,0.0,0.0,Connect Oak Brook,Oak Brook,IL,2026-09-21T18:52:56Z,2026-09-28T20:13:38Z,7.056042,False,True,https://api.fususone.com/api/public/organizations/oakbrookpd/stats/
oakbrookpd,subscribedCameras,previous,359,359,0,0.0,0.0,Connect Oak Brook,Oak Brook,IL,2026-09-21T18:52:56Z,2026-09-28T20:13:38Z,7.056042,False,True,https://api.fususone.com/api/public/organizations/oakbrookpd/stats/
oakdaleca,totalRegisteredCameras,previous,17,17,0,0.0,0.0,Connect Oakdale,Oakdale,CA,2026-09-21T18:52:57Z,2026-09-28T20:13:39Z,7.056042,False,True,https://api.fususone.com/api/public/organizations/oakdaleca/stats/
oakdaleca,totalIntegratedCameras,previous,259,259,0,0.0,0.0,Connect Oakdale,Oakdale,CA,2026-09-21T18:52:57Z,2026-09-28T20:13:39Z,7.056042,False,True,https://api.fususone.com/api/public/organizations/oakdaleca/stats/
oakdaleca,totalOwnedCameras,previous,246,246,0,0.0,0.0,Connect Oakdale,Oakdale,CA,2026-09-21T18:52:57Z,2026-09-28T20:13:39Z,7.056042,False,True,https://api.fususone.com/api/public/organizations/oakdaleca/stats/
oakdaleca,totalSharedCameras,previous,13,13,0,0.0,0.0,Connect Oakdale,Oakdale,CA,2026-09-21T18:52:57Z,2026-09-28T20:13:39Z,7.056042,False,True,https://api.fususone.com/api/public/organizations/oakdaleca/stats/
oakdaleca,totalMaxCameras,previous,500,500,0,0.0,0.0,Connect Oakdale,Oakdale,CA,2026-09-21T18:52:57Z,2026-09-28T20:13:39Z,7.056042,False,True,https://api.fususone.com/api/public/organizations/oakdaleca/stats/
oakdaleca,subscribedCameras,previous,244,244,0,0.0,0.0,Connect Oakdale,Oakdale,CA,2026-09-21T18:52:57Z,2026-09-28T20:13:39Z,7.056042,False,True,https://api.fususone.com/api/public/organizations/oakdaleca/stats/
oaklawn,totalRegisteredCameras,previous,1424,1426,2,0.0014044943820224719,1.9841152676488825,Connect Oak Lawn,Oak Lawn,IL,2026-09-21T18:52:58Z,2026-09-28T20:13:40Z,7.056042,False,True,https://api.fususone.com/api/public/organizations/oaklawn/stats/
oaklawn,totalIntegratedCameras,previous,2204,2205,1,0.00045372050816696913,0.9920576338244412,Connect Oak Lawn,Oak Lawn,IL,2026-09-21T18:52:58Z,2026-09-28T20:13:40Z,7.056042,False,True,https://api.fususone.com/api/public/organizations/oaklawn/stats/
oaklawn,totalOwnedCameras,previous,954,955,1,0.0010482180293501049,0.9920576338244412,Connect Oak Lawn,Oak Lawn,IL,2026-09-21T18:52:58Z,2026-09-28T20:13:40Z,7.056042,False,True,https://api.fususone.com/api/public/organizations/oaklawn/stats/
oaklawn,totalSharedCameras,previous,1157,1157,0,0.0,0.0,Connect Oak Lawn,Oak Lawn,IL,2026-09-21T18:52:58Z,2026-09-28T20:13:40Z,7.056042,False,True,https://api.fususone.com/api/public/organizations/oaklawn/stats/
oaklawn,totalMaxCameras,previous,1500,1500,0,0.0,0.0,Connect Oak Lawn,Oak Lawn,IL,2026-09-21T18:52:58Z,2026-09-28T20:13:40Z,7.056042,False,True,https://api.fususone.com/api/public/organizations/oaklawn/stats/
oaklawn,subscribedCameras,previous,789,789,0,0.0,0.0,Connect Oak Lawn,Oak Lawn,IL,2026-09-21T18:52:58Z,2026-09-28T20:13:40Z,7.056042,False,True,https://api.fususone.com/api/public/organizations/oaklawn/stats/
obterracepd,totalRegisteredCameras,previous,163,163,0,0.0,0.0,Connect Oakbrook Terrace,Oakbrook Terrace,IL,2026-09-21T18:52:59Z,2026-09-28T20:13:41Z,7.056042,False,True,https://api.fususone.com/api/public/organizations/obterracepd/stats/
obterracepd,totalIntegratedCameras,previous,312,312,0,0.0,0.0,Connect Oakbrook Terrace,Oakbrook Terrace,IL,2026-09-21T18:52:59Z,2026-09-28T20:13:41Z,7.056042,False,True,https://api.fususone.com/api/public/organizations/obterracepd/stats/
obterracepd,totalOwnedCameras,previous,0,0,0,,0.0,Connect Oakbrook Terrace,Oakbrook Terrace,IL,2026-09-21T18:52:59Z,2026-09-28T20:13:41Z,7.056042,True,True,https://api.fususone.com/api/public/organizations/obterracepd/stats/
obterracepd,totalSharedCameras,previous,6,6,0,0.0,0.0,Connect Oakbrook Terrace,Oakbrook Terrace,IL,2026-09-21T18:52:59Z,2026-09-28T20:13:41Z,7.056042,False,True,https://api.fususone.com/api/public/organizations/obterracepd/stats/
obterracepd,totalMaxCameras,previous,500,500,0,0.0,0.0,Connect Oakbrook Terrace,Oakbrook Terrace,IL,2026-09-21T18:52:59Z,2026-09-28T20:13:41Z,7.056042,False,True,https://api.fususone.com/api/public/organizations/obterracepd/stats/
obterracepd,subscribedCameras,previous,0,0,0,,0.0,Connect Oakbrook Terrace,Oakbrook Terrace,IL,2026-09-21T18:52:59Z,2026-09-28T20:13:41Z,7.056042,True,True,https://api.fususone.com/api/public/organizations/obterracepd/stats/
oceansidepdca,totalRegisteredCameras,previous,325,325,0,0.0,0.0,Connect Oceanside,Oceanside,CA,2026-09-21T18:53:00Z,2026-09-28T20:13:42Z,7.056042,False,True,https://api.fususone.com/api/public/organizations/oceansidepdca/stats/
oceansidepdca,totalIntegratedCameras,previous,257,257,0,0.0,0.0,Connect Oceanside,Oceanside,CA,2026-09-21T18:53:00Z,2026-09-28T20:13:42Z,7.056042,False,True,https://api.fususone.com/api/public/organizations/oceansidepdca/stats/
oceansidepdca,totalOwnedCameras,previous,150,150,0,0.0,0.0,Connect Oceanside,Oceanside,CA,2026-09-21T18:53:00Z,2026-09-28T20:13:42Z,7.056042,False,True,https://api.fususone.com/api/public/organizations/oceansidepdca/stats/
oceansidepdca,totalSharedCameras,previous,107,107,0,0.0,0.0,Connect Oceanside,Oceanside,CA,2026-09-21T18:53:00Z,2026-09-28T20:13:42Z,7.056042,False,True,https://api.fususone.com/api/public/organizations/oceansidepdca/stats/
oceansidepdca,totalMaxCameras,previous,0,0,0,,0.0,Connect Oceanside,Oceanside,CA,2026-09-21T18:53:00Z,2026-09-28T20:13:42Z,7.056042,True,True,https://api.fususone.com/api/public/organizations/oceansidepdca/stats/
oceansidepdca,subscribedCameras,previous,150,150,0,0.0,0.0,Connect Oceanside,Oceanside,CA,2026-09-21T18:53:00Z,2026-09-28T20:13:42Z,7.056042,False,True,https://api.fususone.com/api/public/organizations/oceansidepdca/stats/
ocsdca,totalRegisteredCameras,previous,2815,2815,0,0.0,0.0,Connect Orange County,Orange County,CA,2026-09-21T18:53:01Z,2026-09-28T20:13:43Z,7.056042,False,True,https://api.fususone.com/api/public/organizations/ocsdca/stats/
ocsdca,totalIntegratedCameras,previous,2884,2875,-9,-0.0031206657420249652,-8.928518704419972,Connect Orange County,Orange County,CA,2026-09-21T18:53:01Z,2026-09-28T20:13:43Z,7.056042,False,True,https://api.fususone.com/api/public/organizations/ocsdca/stats/
ocsdca,totalOwnedCameras,previous,1352,1343,-9,-0.006656804733727811,-8.928518704419972,Connect Orange County,Orange County,CA,2026-09-21T18:53:01Z,2026-09-28T20:13:43Z,7.056042,False,True,https://api.fususone.com/api/public/organizations/ocsdca/stats/
ocsdca,totalSharedCameras,previous,1511,1511,0,0.0,0.0,Connect Orange County,Orange County,CA,2026-09-21T18:53:01Z,2026-09-28T20:13:43Z,7.056042,False,True,https://api.fususone.com/api/public/organizations/ocsdca/stats/
ocsdca,totalMaxCameras,previous,5000,5000,0,0.0,0.0,Connect Orange County,Orange County,CA,2026-09-21T18:53:01Z,2026-09-28T20:13:43Z,7.056042,False,True,https://api.fususone.com/api/public/organizations/ocsdca/stats/
ocsdca,subscribedCameras,previous,1207,1198,-9,-0.007456503728251864,-8.928518704419972,Connect Orange County,Orange County,CA,2026-09-21T18:53:01Z,2026-09-28T20:13:43Z,7.056042,False,True,https://api.fususone.com/api/public/organizations/ocsdca/stats/
okaloosacounty,totalRegisteredCameras,previous,781,783,2,0.002560819462227913,1.9841152676488825,Connect Okaloosa County,Okaloosa County,FL,2026-09-21T18:53:02Z,2026-09-28T20:13:44Z,7.056042,False,True,https://api.fususone.com/api/public/organizations/okaloosacounty/stats/
okaloosacounty,totalIntegratedCameras,previous,516,516,0,0.0,0.0,Connect Okaloosa County,Okaloosa County,FL,2026-09-21T18:53:02Z,2026-09-28T20:13:44Z,7.056042,False,True,https://api.fususone.com/api/public/organizations/okaloosacounty/stats/
okaloosacounty,totalOwnedCameras,previous,186,186,0,0.0,0.0,Connect Okaloosa County,Okaloosa County,FL,2026-09-21T18:53:02Z,2026-09-28T20:13:44Z,7.056042,False,True,https://api.fususone.com/api/public/organizations/okaloosacounty/stats/
okaloosacounty,totalSharedCameras,previous,262,262,0,0.0,0.0,Connect Okaloosa County,Okaloosa County,FL,2026-09-21T18:53:02Z,2026-09-28T20:13:44Z,7.056042,False,True,https://api.fususone.com/api/public/organizations/okaloosacounty/stats/
okaloosacounty,totalMaxCameras,previous,1500,1500,0,0.0,0.0,Connect Okaloosa County,Okaloosa County,FL,2026-09-21T18:53:02Z,2026-09-28T20:13:44Z,7.056042,False,True,https://api.fususone.com/api/public/organizations/okaloosacounty/stats/
okaloosacounty,subscribedCameras,previous,156,156,0,0.0,0.0,Connect Okaloosa County,Okaloosa County,FL,2026-09-21T18:53:02Z,2026-09-28T20:13:44Z,7.056042,False,True,https://api.fususone.com/api/public/organizations/okaloosacounty/stats/
okcpd,totalRegisteredCameras,previous,1730,1731,1,0.0005780346820809249,0.9920576338244412,Connect Oklahoma City,Oklahoma City,OK,2026-09-21T18:53:03Z,2026-09-28T20:13:45Z,7.056042,False,True,https://api.fususone.com/api/public/organizations/okcpd/stats/
okcpd,totalIntegratedCameras,previous,6736,7147,411,0.06101543942992874,407.73568750184535,Connect Oklahoma City,Oklahoma City,OK,2026-09-21T18:53:03Z,2026-09-28T20:13:45Z,7.056042,False,True,https://api.fususone.com/api/public/organizations/okcpd/stats/
okcpd,totalOwnedCameras,previous,5897,6532,635,0.10768187213837545,629.9565974785202,Connect Oklahoma City,Oklahoma City,OK,2026-09-21T18:53:03Z,2026-09-28T20:13:45Z,7.056042,False,True,https://api.fususone.com/api/public/organizations/okcpd/stats/
okcpd,totalSharedCameras,previous,839,615,-224,-0.266984505363528,-222.22090997667485,Connect Oklahoma City,Oklahoma City,OK,2026-09-21T18:53:03Z,2026-09-28T20:13:45Z,7.056042,False,True,https://api.fususone.com/api/public/organizations/okcpd/stats/
okcpd,totalMaxCameras,previous,1500,1500,0,0.0,0.0,Connect Oklahoma City,Oklahoma City,OK,2026-09-21T18:53:03Z,2026-09-28T20:13:45Z,7.056042,False,True,https://api.fususone.com/api/public/organizations/okcpd/stats/
okcpd,subscribedCameras,previous,1905,2034,129,0.06771653543307087,127.97543476335292,Connect Oklahoma City,Oklahoma City,OK,2026-09-21T18:53:03Z,2026-09-28T20:13:45Z,7.056042,False,True,https://api.fususone.com/api/public/organizations/okcpd/stats/
ontariopolice,totalRegisteredCameras,previous,319,319,0,0.0,0.0,Connect Ontario,Ontario,CA,2026-09-21T18:53:04Z,2026-09-28T20:13:46Z,7.056042,False,True,https://api.fususone.com/api/public/organizations/ontariopolice/stats/
ontariopolice,totalIntegratedCameras,previous,2075,2095,20,0.00963855421686747,19.841152676488825,Connect Ontario,Ontario,CA,2026-09-21T18:53:04Z,2026-09-28T20:13:46Z,7.056042,False,True,https://api.fususone.com/api/public/organizations/ontariopolice/stats/
ontariopolice,totalOwnedCameras,previous,1329,1329,0,0.0,0.0,Connect Ontario,Ontario,CA,2026-09-21T18:53:04Z,2026-09-28T20:13:46Z,7.056042,False,True,https://api.fususone.com/api/public/organizations/ontariopolice/stats/
ontariopolice,totalSharedCameras,previous,746,766,20,0.02680965147453083,19.841152676488825,Connect Ontario,Ontario,CA,2026-09-21T18:53:04Z,2026-09-28T20:13:46Z,7.056042,False,True,https://api.fususone.com/api/public/organizations/ontariopolice/stats/
ontariopolice,totalMaxCameras,previous,1500,1500,0,0.0,0.0,Connect Ontario,Ontario,CA,2026-09-21T18:53:04Z,2026-09-28T20:13:46Z,7.056042,False,True,https://api.fususone.com/api/public/organizations/ontariopolice/stats/
ontariopolice,subscribedCameras,previous,1264,1264,0,0.0,0.0,Connect Ontario,Ontario,CA,2026-09-21T18:53:04Z,2026-09-28T20:13:46Z,7.056042,False,True,https://api.fususone.com/api/public/organizations/ontariopolice/stats/
orangecofl,totalRegisteredCameras,previous,2299,2299,0,0.0,0.0,Connect Orange County,Orange County,FL,2026-09-21T18:53:05Z,2026-09-28T20:13:47Z,7.056042,False,True,https://api.fususone.com/api/public/organizations/orangecofl/stats/
orangecofl,totalIntegratedCameras,previous,10416,10477,61,0.005856374807987712,60.51551566329092,Connect Orange County,Orange County,FL,2026-09-21T18:53:05Z,2026-09-28T20:13:47Z,7.056042,False,True,https://api.fususone.com/api/public/organizations/orangecofl/stats/
orangecofl,totalOwnedCameras,previous,857,857,0,0.0,0.0,Connect Orange County,Orange County,FL,2026-09-21T18:53:05Z,2026-09-28T20:13:47Z,7.056042,False,True,https://api.fususone.com/api/public/organizations/orangecofl/stats/
orangecofl,totalSharedCameras,previous,7670,7670,0,0.0,0.0,Connect Orange County,Orange County,FL,2026-09-21T18:53:05Z,2026-09-28T20:13:47Z,7.056042,False,True,https://api.fususone.com/api/public/organizations/orangecofl/stats/
orangecofl,totalMaxCameras,previous,7750,7750,0,0.0,0.0,Connect Orange County,Orange County,FL,2026-09-21T18:53:05Z,2026-09-28T20:13:47Z,7.056042,False,True,https://api.fususone.com/api/public/organizations/orangecofl/stats/
orangecofl,subscribedCameras,previous,758,758,0,0.0,0.0,Connect Orange County,Orange County,FL,2026-09-21T18:53:05Z,2026-09-28T20:13:47Z,7.056042,False,True,https://api.fususone.com/api/public/organizations/orangecofl/stats/
orlando,totalRegisteredCameras,previous,7318,7318,0,0.0,0.0,Orlando Connect,Orlando,FL,2026-09-21T18:53:06Z,2026-09-28T20:13:48Z,7.056042,False,True,https://api.fususone.com/api/public/organizations/orlando/stats/
orlando,totalIntegratedCameras,previous,4102,4099,-3,-0.0007313505607020966,-2.976172901473324,Orlando Connect,Orlando,FL,2026-09-21T18:53:06Z,2026-09-28T20:13:48Z,7.056042,False,True,https://api.fususone.com/api/public/organizations/orlando/stats/
orlando,totalOwnedCameras,previous,1056,1053,-3,-0.002840909090909091,-2.976172901473324,Orlando Connect,Orlando,FL,2026-09-21T18:53:06Z,2026-09-28T20:13:48Z,7.056042,False,True,https://api.fususone.com/api/public/organizations/orlando/stats/
orlando,totalSharedCameras,previous,2658,2658,0,0.0,0.0,Orlando Connect,Orlando,FL,2026-09-21T18:53:06Z,2026-09-28T20:13:48Z,7.056042,False,True,https://api.fususone.com/api/public/organizations/orlando/stats/
orlando,totalMaxCameras,previous,1500,1500,0,0.0,0.0,Orlando Connect,Orlando,FL,2026-09-21T18:53:06Z,2026-09-28T20:13:48Z,7.056042,False,True,https://api.fususone.com/api/public/organizations/orlando/stats/
orlando,subscribedCameras,previous,1006,1003,-3,-0.002982107355864811,-2.976172901473324,Orlando Connect,Orlando,FL,2026-09-21T18:53:06Z,2026-09-28T20:13:48Z,7.056042,False,True,https://api.fususone.com/api/public/organizations/orlando/stats/
orlandparkpd,totalRegisteredCameras,previous,425,425,0,0.0,0.0,Connect Orland Park,Orland Park,IL,2026-09-21T18:53:07Z,2026-09-28T20:13:49Z,7.056042,False,True,https://api.fususone.com/api/public/organizations/orlandparkpd/stats/
orlandparkpd,totalIntegratedCameras,previous,1275,1275,0,0.0,0.0,Connect Orland Park,Orland Park,IL,2026-09-21T18:53:07Z,2026-09-28T20:13:49Z,7.056042,False,True,https://api.fususone.com/api/public/organizations/orlandparkpd/stats/
orlandparkpd,totalOwnedCameras,previous,429,429,0,0.0,0.0,Connect Orland Park,Orland Park,IL,2026-09-21T18:53:07Z,2026-09-28T20:13:49Z,7.056042,False,True,https://api.fususone.com/api/public/organizations/orlandparkpd/stats/
orlandparkpd,totalSharedCameras,previous,846,846,0,0.0,0.0,Connect Orland Park,Orland Park,IL,2026-09-21T18:53:07Z,2026-09-28T20:13:49Z,7.056042,False,True,https://api.fususone.com/api/public/organizations/orlandparkpd/stats/
orlandparkpd,totalMaxCameras,previous,10000,10000,0,0.0,0.0,Connect Orland Park,Orland Park,IL,2026-09-21T18:53:07Z,2026-09-28T20:13:49Z,7.056042,False,True,https://api.fususone.com/api/public/organizations/orlandparkpd/stats/
orlandparkpd,subscribedCameras,previous,386,386,0,0.0,0.0,Connect Orland Park,Orland Park,IL,2026-09-21T18:53:07Z,2026-09-28T20:13:49Z,7.056042,False,True,https://api.fususone.com/api/public/organizations/orlandparkpd/stats/
overlandparkpdks,totalRegisteredCameras,previous,6,7,1,0.16666666666666666,0.9920576338244412,Secure OP,Overland Park,KS,2026-09-21T18:53:08Z,2026-09-28T20:13:50Z,7.056042,False,True,https://api.fususone.com/api/public/organizations/overlandparkpdks/stats/
overlandparkpdks,totalIntegratedCameras,previous,1087,1087,0,0.0,0.0,Secure OP,Overland Park,KS,2026-09-21T18:53:08Z,2026-09-28T20:13:50Z,7.056042,False,True,https://api.fususone.com/api/public/organizations/overlandparkpdks/stats/
overlandparkpdks,totalOwnedCameras,previous,553,553,0,0.0,0.0,Secure OP,Overland Park,KS,2026-09-21T18:53:08Z,2026-09-28T20:13:50Z,7.056042,False,True,https://api.fususone.com/api/public/organizations/overlandparkpdks/stats/
overlandparkpdks,totalSharedCameras,previous,0,0,0,,0.0,Secure OP,Overland Park,KS,2026-09-21T18:53:08Z,2026-09-28T20:13:50Z,7.056042,True,True,https://api.fususone.com/api/public/organizations/overlandparkpdks/stats/
overlandparkpdks,totalMaxCameras,previous,0,0,0,,0.0,Secure OP,Overland Park,KS,2026-09-21T18:53:08Z,2026-09-28T20:13:50Z,7.056042,True,True,https://api.fususone.com/api/public/organizations/overlandparkpdks/stats/
overlandparkpdks,subscribedCameras,previous,540,540,0,0.0,0.0,Secure OP,Overland Park,KS,2026-09-21T18:53:08Z,2026-09-28T20:13:50Z,7.056042,False,True,https://api.fususone.com/api/public/organizations/overlandparkpdks/stats/
pascopdwa,totalRegisteredCameras,previous,69,69,0,0.0,0.0,OnePasco,Pasco,WA,2026-09-21T18:53:09Z,2026-09-28T20:13:51Z,7.056042,False,True,https://api.fususone.com/api/public/organizations/pascopdwa/stats/
pascopdwa,totalIntegratedCameras,previous,148,148,0,0.0,0.0,OnePasco,Pasco,WA,2026-09-21T18:53:09Z,2026-09-28T20:13:51Z,7.056042,False,True,https://api.fususone.com/api/public/organizations/pascopdwa/stats/
pascopdwa,totalOwnedCameras,previous,148,148,0,0.0,0.0,OnePasco,Pasco,WA,2026-09-21T18:53:09Z,2026-09-28T20:13:51Z,7.056042,False,True,https://api.fususone.com/api/public/organizations/pascopdwa/stats/
pascopdwa,totalSharedCameras,previous,0,0,0,,0.0,OnePasco,Pasco,WA,2026-09-21T18:53:09Z,2026-09-28T20:13:51Z,7.056042,True,True,https://api.fususone.com/api/public/organizations/pascopdwa/stats/
pascopdwa,totalMaxCameras,previous,150,150,0,0.0,0.0,OnePasco,Pasco,WA,2026-09-21T18:53:09Z,2026-09-28T20:13:51Z,7.056042,False,True,https://api.fususone.com/api/public/organizations/pascopdwa/stats/
pascopdwa,subscribedCameras,previous,142,142,0,0.0,0.0,OnePasco,Pasco,WA,2026-09-21T18:53:09Z,2026-09-28T20:13:51Z,7.056042,False,True,https://api.fususone.com/api/public/organizations/pascopdwa/stats/
patersonpdnj,totalRegisteredCameras,previous,182,185,3,0.016483516483516484,2.976172901473324,Connect Paterson,Paterson,NJ,2026-09-21T18:53:10Z,2026-09-28T20:13:52Z,7.056042,False,True,https://api.fususone.com/api/public/organizations/patersonpdnj/stats/
patersonpdnj,totalIntegratedCameras,previous,379,379,0,0.0,0.0,Connect Paterson,Paterson,NJ,2026-09-21T18:53:10Z,2026-09-28T20:13:52Z,7.056042,False,True,https://api.fususone.com/api/public/organizations/patersonpdnj/stats/
patersonpdnj,totalOwnedCameras,previous,379,379,0,0.0,0.0,Connect Paterson,Paterson,NJ,2026-09-21T18:53:10Z,2026-09-28T20:13:52Z,7.056042,False,True,https://api.fususone.com/api/public/organizations/patersonpdnj/stats/
patersonpdnj,totalSharedCameras,previous,0,0,0,,0.0,Connect Paterson,Paterson,NJ,2026-09-21T18:53:10Z,2026-09-28T20:13:52Z,7.056042,True,True,https://api.fususone.com/api/public/organizations/patersonpdnj/stats/
patersonpdnj,totalMaxCameras,previous,10000,10000,0,0.0,0.0,Connect Paterson,Paterson,NJ,2026-09-21T18:53:10Z,2026-09-28T20:13:52Z,7.056042,False,True,https://api.fususone.com/api/public/organizations/patersonpdnj/stats/
patersonpdnj,subscribedCameras,previous,374,374,0,0.0,0.0,Connect Paterson,Paterson,NJ,2026-09-21T18:53:10Z,2026-09-28T20:13:52Z,7.056042,False,True,https://api.fususone.com/api/public/organizations/patersonpdnj/stats/
pbso,totalRegisteredCameras,previous,1734,1885,151,0.08708189158016148,149.80070270749064,Keep Palm Beach County Safe,Palm Beach County,FL,2026-09-21T18:53:11Z,2026-09-28T20:13:53Z,7.056042,False,True,https://api.fususone.com/api/public/organizations/pbso/stats/
pbso,totalIntegratedCameras,previous,1501,1502,1,0.0006662225183211193,0.9920576338244412,Keep Palm Beach County Safe,Palm Beach County,FL,2026-09-21T18:53:11Z,2026-09-28T20:13:53Z,7.056042,False,True,https://api.fususone.com/api/public/organizations/pbso/stats/
pbso,totalOwnedCameras,previous,1015,1016,1,0.0009852216748768472,0.9920576338244412,Keep Palm Beach County Safe,Palm Beach County,FL,2026-09-21T18:53:11Z,2026-09-28T20:13:53Z,7.056042,False,True,https://api.fususone.com/api/public/organizations/pbso/stats/
pbso,totalSharedCameras,previous,0,0,0,,0.0,Keep Palm Beach County Safe,Palm Beach County,FL,2026-09-21T18:53:11Z,2026-09-28T20:13:53Z,7.056042,True,True,https://api.fususone.com/api/public/organizations/pbso/stats/
pbso,totalMaxCameras,previous,1,1,0,0.0,0.0,Keep Palm Beach County Safe,Palm Beach County,FL,2026-09-21T18:53:11Z,2026-09-28T20:13:53Z,7.056042,False,True,https://api.fususone.com/api/public/organizations/pbso/stats/
pbso,subscribedCameras,previous,925,926,1,0.001081081081081081,0.9920576338244412,Keep Palm Beach County Safe,Palm Beach County,FL,2026-09-21T18:53:11Z,2026-09-28T20:13:53Z,7.056042,False,True,https://api.fususone.com/api/public/organizations/pbso/stats/
peachtreecorners,totalRegisteredCameras,previous,445,445,0,0.0,0.0,Connect Peachtree,Peachtree Corners,GA,2026-09-21T18:53:12Z,2026-09-28T20:13:54Z,7.056042,False,True,https://api.fususone.com/api/public/organizations/peachtreecorners/stats/
peachtreecorners,totalIntegratedCameras,previous,191,191,0,0.0,0.0,Connect Peachtree,Peachtree Corners,GA,2026-09-21T18:53:12Z,2026-09-28T20:13:54Z,7.056042,False,True,https://api.fususone.com/api/public/organizations/peachtreecorners/stats/
peachtreecorners,totalOwnedCameras,previous,142,142,0,0.0,0.0,Connect Peachtree,Peachtree Corners,GA,2026-09-21T18:53:12Z,2026-09-28T20:13:54Z,7.056042,False,True,https://api.fususone.com/api/public/organizations/peachtreecorners/stats/
peachtreecorners,totalSharedCameras,previous,32,32,0,0.0,0.0,Connect Peachtree,Peachtree Corners,GA,2026-09-21T18:53:12Z,2026-09-28T20:13:54Z,7.056042,False,True,https://api.fususone.com/api/public/organizations/peachtreecorners/stats/
peachtreecorners,totalMaxCameras,previous,500,500,0,0.0,0.0,Connect Peachtree,Peachtree Corners,GA,2026-09-21T18:53:12Z,2026-09-28T20:13:54Z,7.056042,False,True,https://api.fususone.com/api/public/organizations/peachtreecorners/stats/
peachtreecorners,subscribedCameras,previous,139,139,0,0.0,0.0,Connect Peachtree,Peachtree Corners,GA,2026-09-21T18:53:12Z,2026-09-28T20:13:54Z,7.056042,False,True,https://api.fususone.com/api/public/organizations/peachtreecorners/stats/
pekinpdil,totalRegisteredCameras,previous,0,0,0,,0.0,Connect Pekin,Pekin,IL,2026-09-21T18:53:13Z,2026-09-28T20:13:55Z,7.056042,True,True,https://api.fususone.com/api/public/organizations/pekinpdil/stats/
pekinpdil,totalIntegratedCameras,previous,87,87,0,0.0,0.0,Connect Pekin,Pekin,IL,2026-09-21T18:53:13Z,2026-09-28T20:13:55Z,7.056042,False,True,https://api.fususone.com/api/public/organizations/pekinpdil/stats/
pekinpdil,totalOwnedCameras,previous,68,68,0,0.0,0.0,Connect Pekin,Pekin,IL,2026-09-21T18:53:13Z,2026-09-28T20:13:55Z,7.056042,False,True,https://api.fususone.com/api/public/organizations/pekinpdil/stats/
pekinpdil,totalSharedCameras,previous,0,0,0,,0.0,Connect Pekin,Pekin,IL,2026-09-21T18:53:13Z,2026-09-28T20:13:55Z,7.056042,True,True,https://api.fususone.com/api/public/organizations/pekinpdil/stats/
pekinpdil,totalMaxCameras,previous,0,0,0,,0.0,Connect Pekin,Pekin,IL,2026-09-21T18:53:13Z,2026-09-28T20:13:55Z,7.056042,True,True,https://api.fususone.com/api/public/organizations/pekinpdil/stats/
pekinpdil,subscribedCameras,previous,68,68,0,0.0,0.0,Connect Pekin,Pekin,IL,2026-09-21T18:53:13Z,2026-09-28T20:13:55Z,7.056042,False,True,https://api.fususone.com/api/public/organizations/pekinpdil/stats/
pellcitypd,totalRegisteredCameras,previous,272,272,0,0.0,0.0,Connect Pell City,Pell City,AL,2026-09-21T18:53:14Z,2026-09-28T20:13:56Z,7.056042,False,True,https://api.fususone.com/api/public/organizations/pellcitypd/stats/
pellcitypd,totalIntegratedCameras,previous,976,976,0,0.0,0.0,Connect Pell City,Pell City,AL,2026-09-21T18:53:14Z,2026-09-28T20:13:56Z,7.056042,False,True,https://api.fususone.com/api/public/organizations/pellcitypd/stats/
pellcitypd,totalOwnedCameras,previous,279,279,0,0.0,0.0,Connect Pell City,Pell City,AL,2026-09-21T18:53:14Z,2026-09-28T20:13:56Z,7.056042,False,True,https://api.fususone.com/api/public/organizations/pellcitypd/stats/
pellcitypd,totalSharedCameras,previous,697,697,0,0.0,0.0,Connect Pell City,Pell City,AL,2026-09-21T18:53:14Z,2026-09-28T20:13:56Z,7.056042,False,True,https://api.fususone.com/api/public/organizations/pellcitypd/stats/
pellcitypd,totalMaxCameras,previous,1000,1000,0,0.0,0.0,Connect Pell City,Pell City,AL,2026-09-21T18:53:14Z,2026-09-28T20:13:56Z,7.056042,False,True,https://api.fususone.com/api/public/organizations/pellcitypd/stats/
pellcitypd,subscribedCameras,previous,279,279,0,0.0,0.0,Connect Pell City,Pell City,AL,2026-09-21T18:53:14Z,2026-09-28T20:13:56Z,7.056042,False,True,https://api.fususone.com/api/public/organizations/pellcitypd/stats/
peoriapd,totalRegisteredCameras,previous,445,445,0,0.0,0.0,Connect Peoria,Peoria,IL,2026-09-21T18:53:15Z,2026-09-28T20:13:57Z,7.056042,False,True,https://api.fususone.com/api/public/organizations/peoriapd/stats/
peoriapd,totalIntegratedCameras,previous,899,899,0,0.0,0.0,Connect Peoria,Peoria,IL,2026-09-21T18:53:15Z,2026-09-28T20:13:57Z,7.056042,False,True,https://api.fususone.com/api/public/organizations/peoriapd/stats/
peoriapd,totalOwnedCameras,previous,544,544,0,0.0,0.0,Connect Peoria,Peoria,IL,2026-09-21T18:53:15Z,2026-09-28T20:13:57Z,7.056042,False,True,https://api.fususone.com/api/public/organizations/peoriapd/stats/
peoriapd,totalSharedCameras,previous,0,0,0,,0.0,Connect Peoria,Peoria,IL,2026-09-21T18:53:15Z,2026-09-28T20:13:57Z,7.056042,True,True,https://api.fususone.com/api/public/organizations/peoriapd/stats/
peoriapd,totalMaxCameras,previous,1500,1500,0,0.0,0.0,Connect Peoria,Peoria,IL,2026-09-21T18:53:15Z,2026-09-28T20:13:57Z,7.056042,False,True,https://api.fususone.com/api/public/organizations/peoriapd/stats/
peoriapd,subscribedCameras,previous,537,537,0,0.0,0.0,Connect Peoria,Peoria,IL,2026-09-21T18:53:15Z,2026-09-28T20:13:57Z,7.056042,False,True,https://api.fususone.com/api/public/organizations/peoriapd/stats/
peoriapdaz,totalRegisteredCameras,previous,76,76,0,0.0,0.0,Connect Peoria,Peoria,AZ,2026-09-21T18:53:16Z,2026-09-28T20:13:58Z,7.056042,False,True,https://api.fususone.com/api/public/organizations/peoriapdaz/stats/
peoriapdaz,totalIntegratedCameras,previous,599,599,0,0.0,0.0,Connect Peoria,Peoria,AZ,2026-09-21T18:53:16Z,2026-09-28T20:13:58Z,7.056042,False,True,https://api.fususone.com/api/public/organizations/peoriapdaz/stats/
peoriapdaz,totalOwnedCameras,previous,403,403,0,0.0,0.0,Connect Peoria,Peoria,AZ,2026-09-21T18:53:16Z,2026-09-28T20:13:58Z,7.056042,False,True,https://api.fususone.com/api/public/organizations/peoriapdaz/stats/
peoriapdaz,totalSharedCameras,previous,25,25,0,0.0,0.0,Connect Peoria,Peoria,AZ,2026-09-21T18:53:16Z,2026-09-28T20:13:58Z,7.056042,False,True,https://api.fususone.com/api/public/organizations/peoriapdaz/stats/
peoriapdaz,totalMaxCameras,previous,10000,10000,0,0.0,0.0,Connect Peoria,Peoria,AZ,2026-09-21T18:53:16Z,2026-09-28T20:13:58Z,7.056042,False,True,https://api.fususone.com/api/public/organizations/peoriapdaz/stats/
peoriapdaz,subscribedCameras,previous,394,394,0,0.0,0.0,Connect Peoria,Peoria,AZ,2026-09-21T18:53:16Z,2026-09-28T20:13:58Z,7.056042,False,True,https://api.fususone.com/api/public/organizations/peoriapdaz/stats/
petersburgpd,totalRegisteredCameras,previous,358,358,0,0.0,0.0,Connect Petersburg,Petersburg,VA,2026-09-21T18:53:17Z,2026-09-28T20:13:59Z,7.056042,False,True,https://api.fususone.com/api/public/organizations/petersburgpd/stats/
petersburgpd,totalIntegratedCameras,previous,1711,1711,0,0.0,0.0,Connect Petersburg,Petersburg,VA,2026-09-21T18:53:17Z,2026-09-28T20:13:59Z,7.056042,False,True,https://api.fususone.com/api/public/organizations/petersburgpd/stats/
petersburgpd,totalOwnedCameras,previous,298,298,0,0.0,0.0,Connect Petersburg,Petersburg,VA,2026-09-21T18:53:17Z,2026-09-28T20:13:59Z,7.056042,False,True,https://api.fususone.com/api/public/organizations/petersburgpd/stats/
petersburgpd,totalSharedCameras,previous,1413,1413,0,0.0,0.0,Connect Petersburg,Petersburg,VA,2026-09-21T18:53:17Z,2026-09-28T20:13:59Z,7.056042,False,True,https://api.fususone.com/api/public/organizations/petersburgpd/stats/
petersburgpd,totalMaxCameras,previous,1500,1500,0,0.0,0.0,Connect Petersburg,Petersburg,VA,2026-09-21T18:53:17Z,2026-09-28T20:13:59Z,7.056042,False,True,https://api.fususone.com/api/public/organizations/petersburgpd/stats/
petersburgpd,subscribedCameras,previous,273,273,0,0.0,0.0,Connect Petersburg,Petersburg,VA,2026-09-21T18:53:17Z,2026-09-28T20:13:59Z,7.056042,False,True,https://api.fususone.com/api/public/organizations/petersburgpd/stats/
pgcountypd,totalRegisteredCameras,previous,465,466,1,0.002150537634408602,0.9920576338244412,Connect Prince George's County,Prince George's County,MD,2026-09-21T18:53:18Z,2026-09-28T20:14:00Z,7.056042,False,True,https://api.fususone.com/api/public/organizations/pgcountypd/stats/
pgcountypd,totalIntegratedCameras,previous,3223,2735,-488,-0.15141172820353707,-484.12412530632736,Connect Prince George's County,Prince George's County,MD,2026-09-21T18:53:18Z,2026-09-28T20:14:00Z,7.056042,False,True,https://api.fususone.com/api/public/organizations/pgcountypd/stats/
pgcountypd,totalOwnedCameras,previous,1782,1782,0,0.0,0.0,Connect Prince George's County,Prince George's County,MD,2026-09-21T18:53:18Z,2026-09-28T20:14:00Z,7.056042,False,True,https://api.fususone.com/api/public/organizations/pgcountypd/stats/
pgcountypd,totalSharedCameras,previous,578,578,0,0.0,0.0,Connect Prince George's County,Prince George's County,MD,2026-09-21T18:53:18Z,2026-09-28T20:14:00Z,7.056042,False,True,https://api.fususone.com/api/public/organizations/pgcountypd/stats/
pgcountypd,totalMaxCameras,previous,1500,1500,0,0.0,0.0,Connect Prince George's County,Prince George's County,MD,2026-09-21T18:53:18Z,2026-09-28T20:14:00Z,7.056042,False,True,https://api.fususone.com/api/public/organizations/pgcountypd/stats/
pgcountypd,subscribedCameras,previous,1483,1483,0,0.0,0.0,Connect Prince George's County,Prince George's County,MD,2026-09-21T18:53:18Z,2026-09-28T20:14:00Z,7.056042,False,True,https://api.fususone.com/api/public/organizations/pgcountypd/stats/
placerca,totalRegisteredCameras,previous,550,558,8,0.014545454545454545,7.93646107059553,Connect Placer County,Placer County,CA,2026-09-21T18:53:19Z,2026-09-28T20:14:01Z,7.056042,False,True,https://api.fususone.com/api/public/organizations/placerca/stats/
placerca,totalIntegratedCameras,previous,912,912,0,0.0,0.0,Connect Placer County,Placer County,CA,2026-09-21T18:53:19Z,2026-09-28T20:14:01Z,7.056042,False,True,https://api.fususone.com/api/public/organizations/placerca/stats/
placerca,totalOwnedCameras,previous,263,263,0,0.0,0.0,Connect Placer County,Placer County,CA,2026-09-21T18:53:19Z,2026-09-28T20:14:01Z,7.056042,False,True,https://api.fususone.com/api/public/organizations/placerca/stats/
placerca,totalSharedCameras,previous,472,472,0,0.0,0.0,Connect Placer County,Placer County,CA,2026-09-21T18:53:19Z,2026-09-28T20:14:01Z,7.056042,False,True,https://api.fususone.com/api/public/organizations/placerca/stats/
placerca,totalMaxCameras,previous,500,500,0,0.0,0.0,Connect Placer County,Placer County,CA,2026-09-21T18:53:19Z,2026-09-28T20:14:01Z,7.056042,False,True,https://api.fususone.com/api/public/organizations/placerca/stats/
placerca,subscribedCameras,previous,219,219,0,0.0,0.0,Connect Placer County,Placer County,CA,2026-09-21T18:53:19Z,2026-09-28T20:14:01Z,7.056042,False,True,https://api.fususone.com/api/public/organizations/placerca/stats/
planotx,totalRegisteredCameras,previous,18,23,5,0.2777777777777778,4.960288169122206,Keep Plano Safe,Plano,TX,2026-09-21T18:53:20Z,2026-09-28T20:14:02Z,7.056042,False,True,https://api.fususone.com/api/public/organizations/planotx/stats/
planotx,totalIntegratedCameras,previous,324,324,0,0.0,0.0,Keep Plano Safe,Plano,TX,2026-09-21T18:53:20Z,2026-09-28T20:14:02Z,7.056042,False,True,https://api.fususone.com/api/public/organizations/planotx/stats/
planotx,totalOwnedCameras,previous,324,324,0,0.0,0.0,Keep Plano Safe,Plano,TX,2026-09-21T18:53:20Z,2026-09-28T20:14:02Z,7.056042,False,True,https://api.fususone.com/api/public/organizations/planotx/stats/
planotx,totalSharedCameras,previous,0,0,0,,0.0,Keep Plano Safe,Plano,TX,2026-09-21T18:53:20Z,2026-09-28T20:14:02Z,7.056042,True,True,https://api.fususone.com/api/public/organizations/planotx/stats/
planotx,totalMaxCameras,previous,500,500,0,0.0,0.0,Keep Plano Safe,Plano,TX,2026-09-21T18:53:20Z,2026-09-28T20:14:02Z,7.056042,False,True,https://api.fususone.com/api/public/organizations/planotx/stats/
planotx,subscribedCameras,previous,316,316,0,0.0,0.0,Keep Plano Safe,Plano,TX,2026-09-21T18:53:20Z,2026-09-28T20:14:02Z,7.056042,False,True,https://api.fususone.com/api/public/organizations/planotx/stats/
plaqueminesparishso,totalRegisteredCameras,previous,8,8,0,0.0,0.0,Connect Plaquemines Parish,Plaquemines Parish,LA,2026-09-21T18:53:21Z,2026-09-28T20:14:03Z,7.056042,False,True,https://api.fususone.com/api/public/organizations/plaqueminesparishso/stats/
plaqueminesparishso,totalIntegratedCameras,previous,532,532,0,0.0,0.0,Connect Plaquemines Parish,Plaquemines Parish,LA,2026-09-21T18:53:21Z,2026-09-28T20:14:03Z,7.056042,False,True,https://api.fususone.com/api/public/organizations/plaqueminesparishso/stats/
plaqueminesparishso,totalOwnedCameras,previous,35,35,0,0.0,0.0,Connect Plaquemines Parish,Plaquemines Parish,LA,2026-09-21T18:53:21Z,2026-09-28T20:14:03Z,7.056042,False,True,https://api.fususone.com/api/public/organizations/plaqueminesparishso/stats/
plaqueminesparishso,totalSharedCameras,previous,497,497,0,0.0,0.0,Connect Plaquemines Parish,Plaquemines Parish,LA,2026-09-21T18:53:21Z,2026-09-28T20:14:03Z,7.056042,False,True,https://api.fususone.com/api/public/organizations/plaqueminesparishso/stats/
plaqueminesparishso,totalMaxCameras,previous,10000,10000,0,0.0,0.0,Connect Plaquemines Parish,Plaquemines Parish,LA,2026-09-21T18:53:21Z,2026-09-28T20:14:03Z,7.056042,False,True,https://api.fususone.com/api/public/organizations/plaqueminesparishso/stats/
plaqueminesparishso,subscribedCameras,previous,35,35,0,0.0,0.0,Connect Plaquemines Parish,Plaquemines Parish,LA,2026-09-21T18:53:21Z,2026-09-28T20:14:03Z,7.056042,False,True,https://api.fususone.com/api/public/organizations/plaqueminesparishso/stats/
pomonapd,totalRegisteredCameras,previous,266,266,0,0.0,0.0,Pomona Safe Communities,Pomona,CA,2026-09-21T18:53:22Z,2026-09-28T20:14:04Z,7.056042,False,True,https://api.fususone.com/api/public/organizations/pomonapd/stats/
pomonapd,totalIntegratedCameras,previous,187,187,0,0.0,0.0,Pomona Safe Communities,Pomona,CA,2026-09-21T18:53:22Z,2026-09-28T20:14:04Z,7.056042,False,True,https://api.fususone.com/api/public/organizations/pomonapd/stats/
pomonapd,totalOwnedCameras,previous,179,179,0,0.0,0.0,Pomona Safe Communities,Pomona,CA,2026-09-21T18:53:22Z,2026-09-28T20:14:04Z,7.056042,False,True,https://api.fususone.com/api/public/organizations/pomonapd/stats/
pomonapd,totalSharedCameras,previous,8,8,0,0.0,0.0,Pomona Safe Communities,Pomona,CA,2026-09-21T18:53:22Z,2026-09-28T20:14:04Z,7.056042,False,True,https://api.fususone.com/api/public/organizations/pomonapd/stats/
pomonapd,totalMaxCameras,previous,10000,10000,0,0.0,0.0,Pomona Safe Communities,Pomona,CA,2026-09-21T18:53:22Z,2026-09-28T20:14:04Z,7.056042,False,True,https://api.fususone.com/api/public/organizations/pomonapd/stats/
pomonapd,subscribedCameras,previous,168,168,0,0.0,0.0,Pomona Safe Communities,Pomona,CA,2026-09-21T18:53:22Z,2026-09-28T20:14:04Z,7.056042,False,True,https://api.fususone.com/api/public/organizations/pomonapd/stats/
portsmouthpd,totalRegisteredCameras,previous,491,491,0,0.0,0.0,Portsmouth Connect,Portsmouth,VA,2026-09-21T18:53:23Z,2026-09-28T20:14:05Z,7.056042,False,True,https://api.fususone.com/api/public/organizations/portsmouthpd/stats/
portsmouthpd,totalIntegratedCameras,previous,1806,1806,0,0.0,0.0,Portsmouth Connect,Portsmouth,VA,2026-09-21T18:53:23Z,2026-09-28T20:14:05Z,7.056042,False,True,https://api.fususone.com/api/public/organizations/portsmouthpd/stats/
portsmouthpd,totalOwnedCameras,previous,393,393,0,0.0,0.0,Portsmouth Connect,Portsmouth,VA,2026-09-21T18:53:23Z,2026-09-28T20:14:05Z,7.056042,False,True,https://api.fususone.com/api/public/organizations/portsmouthpd/stats/
portsmouthpd,totalSharedCameras,previous,1413,1413,0,0.0,0.0,Portsmouth Connect,Portsmouth,VA,2026-09-21T18:53:23Z,2026-09-28T20:14:05Z,7.056042,False,True,https://api.fususone.com/api/public/organizations/portsmouthpd/stats/
portsmouthpd,totalMaxCameras,previous,1500,1500,0,0.0,0.0,Portsmouth Connect,Portsmouth,VA,2026-09-21T18:53:23Z,2026-09-28T20:14:05Z,7.056042,False,True,https://api.fususone.com/api/public/organizations/portsmouthpd/stats/
portsmouthpd,subscribedCameras,previous,392,392,0,0.0,0.0,Portsmouth Connect,Portsmouth,VA,2026-09-21T18:53:23Z,2026-09-28T20:14:05Z,7.056042,False,True,https://api.fususone.com/api/public/organizations/portsmouthpd/stats/
powderspringspd,totalRegisteredCameras,previous,113,113,0,0.0,0.0,Connect Powder Springs,Powder Springs,GA,2026-09-21T18:53:24Z,2026-09-28T20:14:06Z,7.056042,False,True,https://api.fususone.com/api/public/organizations/powderspringspd/stats/
powderspringspd,totalIntegratedCameras,previous,2954,2955,1,0.00033852403520649965,0.9920576338244412,Connect Powder Springs,Powder Springs,GA,2026-09-21T18:53:24Z,2026-09-28T20:14:06Z,7.056042,False,True,https://api.fususone.com/api/public/organizations/powderspringspd/stats/
powderspringspd,totalOwnedCameras,previous,52,52,0,0.0,0.0,Connect Powder Springs,Powder Springs,GA,2026-09-21T18:53:24Z,2026-09-28T20:14:06Z,7.056042,False,True,https://api.fususone.com/api/public/organizations/powderspringspd/stats/
powderspringspd,totalSharedCameras,previous,18,18,0,0.0,0.0,Connect Powder Springs,Powder Springs,GA,2026-09-21T18:53:24Z,2026-09-28T20:14:06Z,7.056042,False,True,https://api.fususone.com/api/public/organizations/powderspringspd/stats/
powderspringspd,totalMaxCameras,previous,150,150,0,0.0,0.0,Connect Powder Springs,Powder Springs,GA,2026-09-21T18:53:24Z,2026-09-28T20:14:06Z,7.056042,False,True,https://api.fususone.com/api/public/organizations/powderspringspd/stats/
powderspringspd,subscribedCameras,previous,52,52,0,0.0,0.0,Connect Powder Springs,Powder Springs,GA,2026-09-21T18:53:24Z,2026-09-28T20:14:06Z,7.056042,False,True,https://api.fususone.com/api/public/organizations/powderspringspd/stats/
prairievillagepdks,totalRegisteredCameras,previous,116,121,5,0.04310344827586207,4.960288169122206,Connect Prairie Village,Prairie Village,KS,2026-09-21T18:53:25Z,2026-09-28T20:14:07Z,7.056042,False,True,https://api.fususone.com/api/public/organizations/prairievillagepdks/stats/
prairievillagepdks,totalIntegratedCameras,previous,1488,1488,0,0.0,0.0,Connect Prairie Village,Prairie Village,KS,2026-09-21T18:53:25Z,2026-09-28T20:14:07Z,7.056042,False,True,https://api.fususone.com/api/public/organizations/prairievillagepdks/stats/
prairievillagepdks,totalOwnedCameras,previous,327,327,0,0.0,0.0,Connect Prairie Village,Prairie Village,KS,2026-09-21T18:53:25Z,2026-09-28T20:14:07Z,7.056042,False,True,https://api.fususone.com/api/public/organizations/prairievillagepdks/stats/
prairievillagepdks,totalSharedCameras,previous,320,320,0,0.0,0.0,Connect Prairie Village,Prairie Village,KS,2026-09-21T18:53:25Z,2026-09-28T20:14:07Z,7.056042,False,True,https://api.fususone.com/api/public/organizations/prairievillagepdks/stats/
prairievillagepdks,totalMaxCameras,previous,1500,1500,0,0.0,0.0,Connect Prairie Village,Prairie Village,KS,2026-09-21T18:53:25Z,2026-09-28T20:14:07Z,7.056042,False,True,https://api.fususone.com/api/public/organizations/prairievillagepdks/stats/
prairievillagepdks,subscribedCameras,previous,312,312,0,0.0,0.0,Connect Prairie Village,Prairie Village,KS,2026-09-21T18:53:25Z,2026-09-28T20:14:07Z,7.056042,False,True,https://api.fususone.com/api/public/organizations/prairievillagepdks/stats/
queencreekaz,totalRegisteredCameras,previous,76,76,0,0.0,0.0,Connect Queen Creek,Queen Creek,AZ,2026-09-21T18:53:26Z,2026-09-28T20:14:08Z,7.056042,False,True,https://api.fususone.com/api/public/organizations/queencreekaz/stats/
queencreekaz,totalIntegratedCameras,previous,946,994,48,0.0507399577167019,47.618766423573184,Connect Queen Creek,Queen Creek,AZ,2026-09-21T18:53:26Z,2026-09-28T20:14:08Z,7.056042,False,True,https://api.fususone.com/api/public/organizations/queencreekaz/stats/
queencreekaz,totalOwnedCameras,previous,442,490,48,0.1085972850678733,47.618766423573184,Connect Queen Creek,Queen Creek,AZ,2026-09-21T18:53:26Z,2026-09-28T20:14:08Z,7.056042,False,True,https://api.fususone.com/api/public/organizations/queencreekaz/stats/
queencreekaz,totalSharedCameras,previous,333,333,0,0.0,0.0,Connect Queen Creek,Queen Creek,AZ,2026-09-21T18:53:26Z,2026-09-28T20:14:08Z,7.056042,False,True,https://api.fususone.com/api/public/organizations/queencreekaz/stats/
queencreekaz,totalMaxCameras,previous,1499,1499,0,0.0,0.0,Connect Queen Creek,Queen Creek,AZ,2026-09-21T18:53:26Z,2026-09-28T20:14:08Z,7.056042,False,True,https://api.fususone.com/api/public/organizations/queencreekaz/stats/
queencreekaz,subscribedCameras,previous,434,482,48,0.11059907834101383,47.618766423573184,Connect Queen Creek,Queen Creek,AZ,2026-09-21T18:53:26Z,2026-09-28T20:14:08Z,7.056042,False,True,https://api.fususone.com/api/public/organizations/queencreekaz/stats/
raleighncpd,totalRegisteredCameras,previous,1862,1868,6,0.00322234156820623,5.952345802946648,CONNECTRALEIGH,Raleigh,NC,2026-09-21T18:53:27Z,2026-09-28T20:14:09Z,7.056042,False,True,https://api.fususone.com/api/public/organizations/raleighncpd/stats/
raleighncpd,totalIntegratedCameras,previous,1621,1619,-2,-0.0012338062924120913,-1.9841152676488825,CONNECTRALEIGH,Raleigh,NC,2026-09-21T18:53:27Z,2026-09-28T20:14:09Z,7.056042,False,True,https://api.fususone.com/api/public/organizations/raleighncpd/stats/
raleighncpd,totalOwnedCameras,previous,1134,1131,-3,-0.0026455026455026454,-2.976172901473324,CONNECTRALEIGH,Raleigh,NC,2026-09-21T18:53:27Z,2026-09-28T20:14:09Z,7.056042,False,True,https://api.fususone.com/api/public/organizations/raleighncpd/stats/
raleighncpd,totalSharedCameras,previous,56,57,1,0.017857142857142856,0.9920576338244412,CONNECTRALEIGH,Raleigh,NC,2026-09-21T18:53:27Z,2026-09-28T20:14:09Z,7.056042,False,True,https://api.fususone.com/api/public/organizations/raleighncpd/stats/
raleighncpd,totalMaxCameras,previous,1500,1500,0,0.0,0.0,CONNECTRALEIGH,Raleigh,NC,2026-09-21T18:53:27Z,2026-09-28T20:14:09Z,7.056042,False,True,https://api.fususone.com/api/public/organizations/raleighncpd/stats/
raleighncpd,subscribedCameras,previous,1131,1128,-3,-0.002652519893899204,-2.976172901473324,CONNECTRALEIGH,Raleigh,NC,2026-09-21T18:53:27Z,2026-09-28T20:14:09Z,7.056042,False,True,https://api.fususone.com/api/public/organizations/raleighncpd/stats/
rankincounty,totalRegisteredCameras,previous,0,0,0,,0.0,Connect Rankin County,Rankin County,MS,2026-09-21T18:53:28Z,2026-09-28T20:14:10Z,7.056042,True,True,https://api.fususone.com/api/public/organizations/rankincounty/stats/
rankincounty,totalIntegratedCameras,previous,368,368,0,0.0,0.0,Connect Rankin County,Rankin County,MS,2026-09-21T18:53:28Z,2026-09-28T20:14:10Z,7.056042,False,True,https://api.fususone.com/api/public/organizations/rankincounty/stats/
rankincounty,totalOwnedCameras,previous,266,266,0,0.0,0.0,Connect Rankin County,Rankin County,MS,2026-09-21T18:53:28Z,2026-09-28T20:14:10Z,7.056042,False,True,https://api.fususone.com/api/public/organizations/rankincounty/stats/
rankincounty,totalSharedCameras,previous,58,58,0,0.0,0.0,Connect Rankin County,Rankin County,MS,2026-09-21T18:53:28Z,2026-09-28T20:14:10Z,7.056042,False,True,https://api.fususone.com/api/public/organizations/rankincounty/stats/
rankincounty,totalMaxCameras,previous,1500,1500,0,0.0,0.0,Connect Rankin County,Rankin County,MS,2026-09-21T18:53:28Z,2026-09-28T20:14:10Z,7.056042,False,True,https://api.fususone.com/api/public/organizations/rankincounty/stats/
rankincounty,subscribedCameras,previous,261,261,0,0.0,0.0,Connect Rankin County,Rankin County,MS,2026-09-21T18:53:28Z,2026-09-28T20:14:10Z,7.056042,False,True,https://api.fususone.com/api/public/organizations/rankincounty/stats/
redondobchpd,totalRegisteredCameras,previous,445,445,0,0.0,0.0,Connect Redondo Beach,Redondo Beach,CA,2026-09-21T18:53:29Z,2026-09-28T20:14:11Z,7.056042,False,True,https://api.fususone.com/api/public/organizations/redondobchpd/stats/
redondobchpd,totalIntegratedCameras,previous,482,482,0,0.0,0.0,Connect Redondo Beach,Redondo Beach,CA,2026-09-21T18:53:29Z,2026-09-28T20:14:11Z,7.056042,False,True,https://api.fususone.com/api/public/organizations/redondobchpd/stats/
redondobchpd,totalOwnedCameras,previous,77,77,0,0.0,0.0,Connect Redondo Beach,Redondo Beach,CA,2026-09-21T18:53:29Z,2026-09-28T20:14:11Z,7.056042,False,True,https://api.fususone.com/api/public/organizations/redondobchpd/stats/
redondobchpd,totalSharedCameras,previous,405,405,0,0.0,0.0,Connect Redondo Beach,Redondo Beach,CA,2026-09-21T18:53:29Z,2026-09-28T20:14:11Z,7.056042,False,True,https://api.fususone.com/api/public/organizations/redondobchpd/stats/
redondobchpd,totalMaxCameras,previous,350,350,0,0.0,0.0,Connect Redondo Beach,Redondo Beach,CA,2026-09-21T18:53:29Z,2026-09-28T20:14:11Z,7.056042,False,True,https://api.fususone.com/api/public/organizations/redondobchpd/stats/
redondobchpd,subscribedCameras,previous,75,75,0,0.0,0.0,Connect Redondo Beach,Redondo Beach,CA,2026-09-21T18:53:29Z,2026-09-28T20:14:11Z,7.056042,False,True,https://api.fususone.com/api/public/organizations/redondobchpd/stats/
renopd,totalRegisteredCameras,previous,708,708,0,0.0,0.0,Connect Reno,Reno,NV,2026-09-21T18:53:30Z,2026-09-28T20:14:12Z,7.056042,False,True,https://api.fususone.com/api/public/organizations/renopd/stats/
renopd,totalIntegratedCameras,previous,881,945,64,0.07264472190692395,63.49168856476424,Connect Reno,Reno,NV,2026-09-21T18:53:30Z,2026-09-28T20:14:12Z,7.056042,False,True,https://api.fususone.com/api/public/organizations/renopd/stats/
renopd,totalOwnedCameras,previous,541,541,0,0.0,0.0,Connect Reno,Reno,NV,2026-09-21T18:53:30Z,2026-09-28T20:14:12Z,7.056042,False,True,https://api.fususone.com/api/public/organizations/renopd/stats/
renopd,totalSharedCameras,previous,141,141,0,0.0,0.0,Connect Reno,Reno,NV,2026-09-21T18:53:30Z,2026-09-28T20:14:12Z,7.056042,False,True,https://api.fususone.com/api/public/organizations/renopd/stats/
renopd,totalMaxCameras,previous,500,500,0,0.0,0.0,Connect Reno,Reno,NV,2026-09-21T18:53:30Z,2026-09-28T20:14:12Z,7.056042,False,True,https://api.fususone.com/api/public/organizations/renopd/stats/
renopd,subscribedCameras,previous,513,513,0,0.0,0.0,Connect Reno,Reno,NV,2026-09-21T18:53:30Z,2026-09-28T20:14:12Z,7.056042,False,True,https://api.fususone.com/api/public/organizations/renopd/stats/
rentonpdwa,totalRegisteredCameras,previous,1328,1328,0,0.0,0.0,Connect Renton,Renton,WA,2026-09-21T18:53:31Z,2026-09-28T20:14:13Z,7.056042,False,True,https://api.fususone.com/api/public/organizations/rentonpdwa/stats/
rentonpdwa,totalIntegratedCameras,previous,237,237,0,0.0,0.0,Connect Renton,Renton,WA,2026-09-21T18:53:31Z,2026-09-28T20:14:13Z,7.056042,False,True,https://api.fususone.com/api/public/organizations/rentonpdwa/stats/
rentonpdwa,totalOwnedCameras,previous,237,237,0,0.0,0.0,Connect Renton,Renton,WA,2026-09-21T18:53:31Z,2026-09-28T20:14:13Z,7.056042,False,True,https://api.fususone.com/api/public/organizations/rentonpdwa/stats/
rentonpdwa,totalSharedCameras,previous,0,0,0,,0.0,Connect Renton,Renton,WA,2026-09-21T18:53:31Z,2026-09-28T20:14:13Z,7.056042,True,True,https://api.fususone.com/api/public/organizations/rentonpdwa/stats/
rentonpdwa,totalMaxCameras,previous,0,0,0,,0.0,Connect Renton,Renton,WA,2026-09-21T18:53:31Z,2026-09-28T20:14:13Z,7.056042,True,True,https://api.fususone.com/api/public/organizations/rentonpdwa/stats/
rentonpdwa,subscribedCameras,previous,219,219,0,0.0,0.0,Connect Renton,Renton,WA,2026-09-21T18:53:31Z,2026-09-28T20:14:13Z,7.056042,False,True,https://api.fususone.com/api/public/organizations/rentonpdwa/stats/
rialtopd,totalRegisteredCameras,previous,349,349,0,0.0,0.0,Connect Rialto,Rialto,CA,2026-09-21T18:53:32Z,2026-09-28T20:14:14Z,7.056042,False,True,https://api.fususone.com/api/public/organizations/rialtopd/stats/
rialtopd,totalIntegratedCameras,previous,3610,3614,4,0.00110803324099723,3.968230535297765,Connect Rialto,Rialto,CA,2026-09-21T18:53:32Z,2026-09-28T20:14:14Z,7.056042,False,True,https://api.fususone.com/api/public/organizations/rialtopd/stats/
rialtopd,totalOwnedCameras,previous,699,703,4,0.005722460658082976,3.968230535297765,Connect Rialto,Rialto,CA,2026-09-21T18:53:32Z,2026-09-28T20:14:14Z,7.056042,False,True,https://api.fususone.com/api/public/organizations/rialtopd/stats/
rialtopd,totalSharedCameras,previous,2911,2911,0,0.0,0.0,Connect Rialto,Rialto,CA,2026-09-21T18:53:32Z,2026-09-28T20:14:14Z,7.056042,False,True,https://api.fususone.com/api/public/organizations/rialtopd/stats/
rialtopd,totalMaxCameras,previous,500,500,0,0.0,0.0,Connect Rialto,Rialto,CA,2026-09-21T18:53:32Z,2026-09-28T20:14:14Z,7.056042,False,True,https://api.fususone.com/api/public/organizations/rialtopd/stats/
rialtopd,subscribedCameras,previous,685,689,4,0.00583941605839416,3.968230535297765,Connect Rialto,Rialto,CA,2026-09-21T18:53:32Z,2026-09-28T20:14:14Z,7.056042,False,True,https://api.fususone.com/api/public/organizations/rialtopd/stats/
richlandpdwa,totalRegisteredCameras,previous,40,40,0,0.0,0.0,Connect Richland,Richland,WA,2026-09-21T18:53:33Z,2026-09-28T20:14:15Z,7.056042,False,True,https://api.fususone.com/api/public/organizations/richlandpdwa/stats/
richlandpdwa,totalIntegratedCameras,previous,190,190,0,0.0,0.0,Connect Richland,Richland,WA,2026-09-21T18:53:33Z,2026-09-28T20:14:15Z,7.056042,False,True,https://api.fususone.com/api/public/organizations/richlandpdwa/stats/
richlandpdwa,totalOwnedCameras,previous,190,190,0,0.0,0.0,Connect Richland,Richland,WA,2026-09-21T18:53:33Z,2026-09-28T20:14:15Z,7.056042,False,True,https://api.fususone.com/api/public/organizations/richlandpdwa/stats/
richlandpdwa,totalSharedCameras,previous,0,0,0,,0.0,Connect Richland,Richland,WA,2026-09-21T18:53:33Z,2026-09-28T20:14:15Z,7.056042,True,True,https://api.fususone.com/api/public/organizations/richlandpdwa/stats/
richlandpdwa,totalMaxCameras,previous,0,0,0,,0.0,Connect Richland,Richland,WA,2026-09-21T18:53:33Z,2026-09-28T20:14:15Z,7.056042,True,True,https://api.fususone.com/api/public/organizations/richlandpdwa/stats/
richlandpdwa,subscribedCameras,previous,159,159,0,0.0,0.0,Connect Richland,Richland,WA,2026-09-21T18:53:33Z,2026-09-28T20:14:15Z,7.056042,False,True,https://api.fususone.com/api/public/organizations/richlandpdwa/stats/
richmondcsoga,totalRegisteredCameras,previous,0,0,0,,0.0,Connect Richmond County,Richmond County,GA,2026-09-21T18:53:34Z,2026-09-28T20:14:16Z,7.056042,True,True,https://api.fususone.com/api/public/organizations/richmondcsoga/stats/
richmondcsoga,totalIntegratedCameras,previous,141,141,0,0.0,0.0,Connect Richmond County,Richmond County,GA,2026-09-21T18:53:34Z,2026-09-28T20:14:16Z,7.056042,False,True,https://api.fususone.com/api/public/organizations/richmondcsoga/stats/
richmondcsoga,totalOwnedCameras,previous,141,141,0,0.0,0.0,Connect Richmond County,Richmond County,GA,2026-09-21T18:53:34Z,2026-09-28T20:14:16Z,7.056042,False,True,https://api.fususone.com/api/public/organizations/richmondcsoga/stats/
richmondcsoga,totalSharedCameras,previous,0,0,0,,0.0,Connect Richmond County,Richmond County,GA,2026-09-21T18:53:34Z,2026-09-28T20:14:16Z,7.056042,True,True,https://api.fususone.com/api/public/organizations/richmondcsoga/stats/
richmondcsoga,totalMaxCameras,previous,0,0,0,,0.0,Connect Richmond County,Richmond County,GA,2026-09-21T18:53:34Z,2026-09-28T20:14:16Z,7.056042,True,True,https://api.fususone.com/api/public/organizations/richmondcsoga/stats/
richmondcsoga,subscribedCameras,previous,141,141,0,0.0,0.0,Connect Richmond County,Richmond County,GA,2026-09-21T18:53:34Z,2026-09-28T20:14:16Z,7.056042,False,True,https://api.fususone.com/api/public/organizations/richmondcsoga/stats/
richmondva,totalRegisteredCameras,previous,235,238,3,0.01276595744680851,2.976172901473324,Connect Richmond,Richmond,VA,2026-09-21T18:53:35Z,2026-09-28T20:14:17Z,7.056042,False,True,https://api.fususone.com/api/public/organizations/richmondva/stats/
richmondva,totalIntegratedCameras,previous,558,558,0,0.0,0.0,Connect Richmond,Richmond,VA,2026-09-21T18:53:35Z,2026-09-28T20:14:17Z,7.056042,False,True,https://api.fususone.com/api/public/organizations/richmondva/stats/
richmondva,totalOwnedCameras,previous,484,484,0,0.0,0.0,Connect Richmond,Richmond,VA,2026-09-21T18:53:35Z,2026-09-28T20:14:17Z,7.056042,False,True,https://api.fususone.com/api/public/organizations/richmondva/stats/
richmondva,totalSharedCameras,previous,0,0,0,,0.0,Connect Richmond,Richmond,VA,2026-09-21T18:53:35Z,2026-09-28T20:14:17Z,7.056042,True,True,https://api.fususone.com/api/public/organizations/richmondva/stats/
richmondva,totalMaxCameras,previous,1500,1500,0,0.0,0.0,Connect Richmond,Richmond,VA,2026-09-21T18:53:35Z,2026-09-28T20:14:17Z,7.056042,False,True,https://api.fususone.com/api/public/organizations/richmondva/stats/
richmondva,subscribedCameras,previous,405,405,0,0.0,0.0,Connect Richmond,Richmond,VA,2026-09-21T18:53:35Z,2026-09-28T20:14:17Z,7.056042,False,True,https://api.fususone.com/api/public/organizations/richmondva/stats/
rileycountypd,totalRegisteredCameras,previous,81,81,0,0.0,0.0,Connect Riley County,Riley County,KS,2026-09-21T18:53:36Z,2026-09-28T20:14:18Z,7.056042,False,True,https://api.fususone.com/api/public/organizations/rileycountypd/stats/
rileycountypd,totalIntegratedCameras,previous,47,47,0,0.0,0.0,Connect Riley County,Riley County,KS,2026-09-21T18:53:36Z,2026-09-28T20:14:18Z,7.056042,False,True,https://api.fususone.com/api/public/organizations/rileycountypd/stats/
rileycountypd,totalOwnedCameras,previous,47,47,0,0.0,0.0,Connect Riley County,Riley County,KS,2026-09-21T18:53:36Z,2026-09-28T20:14:18Z,7.056042,False,True,https://api.fususone.com/api/public/organizations/rileycountypd/stats/
rileycountypd,totalSharedCameras,previous,0,0,0,,0.0,Connect Riley County,Riley County,KS,2026-09-21T18:53:36Z,2026-09-28T20:14:18Z,7.056042,True,True,https://api.fususone.com/api/public/organizations/rileycountypd/stats/
rileycountypd,totalMaxCameras,previous,0,0,0,,0.0,Connect Riley County,Riley County,KS,2026-09-21T18:53:36Z,2026-09-28T20:14:18Z,7.056042,True,True,https://api.fususone.com/api/public/organizations/rileycountypd/stats/
rileycountypd,subscribedCameras,previous,47,47,0,0.0,0.0,Connect Riley County,Riley County,KS,2026-09-21T18:53:36Z,2026-09-28T20:14:18Z,7.056042,False,True,https://api.fususone.com/api/public/organizations/rileycountypd/stats/
rocklinpd,totalRegisteredCameras,previous,505,505,0,0.0,0.0,Rocklin on Watch,Rocklin,CA,2026-09-21T18:53:38Z,2026-09-28T20:14:20Z,7.056042,False,True,https://api.fususone.com/api/public/organizations/rocklinpd/stats/
rocklinpd,totalIntegratedCameras,previous,280,280,0,0.0,0.0,Rocklin on Watch,Rocklin,CA,2026-09-21T18:53:38Z,2026-09-28T20:14:20Z,7.056042,False,True,https://api.fususone.com/api/public/organizations/rocklinpd/stats/
rocklinpd,totalOwnedCameras,previous,99,99,0,0.0,0.0,Rocklin on Watch,Rocklin,CA,2026-09-21T18:53:38Z,2026-09-28T20:14:20Z,7.056042,False,True,https://api.fususone.com/api/public/organizations/rocklinpd/stats/
rocklinpd,totalSharedCameras,previous,147,147,0,0.0,0.0,Rocklin on Watch,Rocklin,CA,2026-09-21T18:53:38Z,2026-09-28T20:14:20Z,7.056042,False,True,https://api.fususone.com/api/public/organizations/rocklinpd/stats/
rocklinpd,totalMaxCameras,previous,150,150,0,0.0,0.0,Rocklin on Watch,Rocklin,CA,2026-09-21T18:53:38Z,2026-09-28T20:14:20Z,7.056042,False,True,https://api.fususone.com/api/public/organizations/rocklinpd/stats/
rocklinpd,subscribedCameras,previous,99,99,0,0.0,0.0,Rocklin on Watch,Rocklin,CA,2026-09-21T18:53:38Z,2026-09-28T20:14:20Z,7.056042,False,True,https://api.fususone.com/api/public/organizations/rocklinpd/stats/
rockymountpd,totalRegisteredCameras,previous,112,112,0,0.0,0.0,Connect Rocky Mount,Rocky Mount,NC,2026-09-21T18:53:39Z,2026-09-28T20:14:21Z,7.056042,False,True,https://api.fususone.com/api/public/organizations/rockymountpd/stats/
rockymountpd,totalIntegratedCameras,previous,726,726,0,0.0,0.0,Connect Rocky Mount,Rocky Mount,NC,2026-09-21T18:53:39Z,2026-09-28T20:14:21Z,7.056042,False,True,https://api.fususone.com/api/public/organizations/rockymountpd/stats/
rockymountpd,totalOwnedCameras,previous,674,674,0,0.0,0.0,Connect Rocky Mount,Rocky Mount,NC,2026-09-21T18:53:39Z,2026-09-28T20:14:21Z,7.056042,False,True,https://api.fususone.com/api/public/organizations/rockymountpd/stats/
rockymountpd,totalSharedCameras,previous,50,50,0,0.0,0.0,Connect Rocky Mount,Rocky Mount,NC,2026-09-21T18:53:39Z,2026-09-28T20:14:21Z,7.056042,False,True,https://api.fususone.com/api/public/organizations/rockymountpd/stats/
rockymountpd,totalMaxCameras,previous,5000,5000,0,0.0,0.0,Connect Rocky Mount,Rocky Mount,NC,2026-09-21T18:53:39Z,2026-09-28T20:14:21Z,7.056042,False,True,https://api.fususone.com/api/public/organizations/rockymountpd/stats/
rockymountpd,subscribedCameras,previous,616,616,0,0.0,0.0,Connect Rocky Mount,Rocky Mount,NC,2026-09-21T18:53:39Z,2026-09-28T20:14:21Z,7.056042,False,True,https://api.fususone.com/api/public/organizations/rockymountpd/stats/
rogerspdar,totalRegisteredCameras,previous,280,280,0,0.0,0.0,Connect Rogers,Rogers,AR,2026-09-21T18:53:40Z,2026-09-28T20:14:22Z,7.056042,False,True,https://api.fususone.com/api/public/organizations/rogerspdar/stats/
rogerspdar,totalIntegratedCameras,previous,263,263,0,0.0,0.0,Connect Rogers,Rogers,AR,2026-09-21T18:53:40Z,2026-09-28T20:14:22Z,7.056042,False,True,https://api.fususone.com/api/public/organizations/rogerspdar/stats/
rogerspdar,totalOwnedCameras,previous,263,263,0,0.0,0.0,Connect Rogers,Rogers,AR,2026-09-21T18:53:40Z,2026-09-28T20:14:22Z,7.056042,False,True,https://api.fususone.com/api/public/organizations/rogerspdar/stats/
rogerspdar,totalSharedCameras,previous,0,0,0,,0.0,Connect Rogers,Rogers,AR,2026-09-21T18:53:40Z,2026-09-28T20:14:22Z,7.056042,True,True,https://api.fususone.com/api/public/organizations/rogerspdar/stats/
rogerspdar,totalMaxCameras,previous,0,0,0,,0.0,Connect Rogers,Rogers,AR,2026-09-21T18:53:40Z,2026-09-28T20:14:22Z,7.056042,True,True,https://api.fususone.com/api/public/organizations/rogerspdar/stats/
rogerspdar,subscribedCameras,previous,254,254,0,0.0,0.0,Connect Rogers,Rogers,AR,2026-09-21T18:53:40Z,2026-09-28T20:14:22Z,7.056042,False,True,https://api.fususone.com/api/public/organizations/rogerspdar/stats/
roswellpdnm,totalRegisteredCameras,previous,4,4,0,0.0,0.0,SaferRoswell,Roswell,NM,2026-09-21T18:53:41Z,2026-09-28T20:14:23Z,7.056042,False,True,https://api.fususone.com/api/public/organizations/roswellpdnm/stats/
roswellpdnm,totalIntegratedCameras,previous,102,102,0,0.0,0.0,SaferRoswell,Roswell,NM,2026-09-21T18:53:41Z,2026-09-28T20:14:23Z,7.056042,False,True,https://api.fususone.com/api/public/organizations/roswellpdnm/stats/
roswellpdnm,totalOwnedCameras,previous,102,102,0,0.0,0.0,SaferRoswell,Roswell,NM,2026-09-21T18:53:41Z,2026-09-28T20:14:23Z,7.056042,False,True,https://api.fususone.com/api/public/organizations/roswellpdnm/stats/
roswellpdnm,totalSharedCameras,previous,0,0,0,,0.0,SaferRoswell,Roswell,NM,2026-09-21T18:53:41Z,2026-09-28T20:14:23Z,7.056042,True,True,https://api.fususone.com/api/public/organizations/roswellpdnm/stats/
roswellpdnm,totalMaxCameras,previous,0,0,0,,0.0,SaferRoswell,Roswell,NM,2026-09-21T18:53:41Z,2026-09-28T20:14:23Z,7.056042,True,True,https://api.fususone.com/api/public/organizations/roswellpdnm/stats/
roswellpdnm,subscribedCameras,previous,102,102,0,0.0,0.0,SaferRoswell,Roswell,NM,2026-09-21T18:53:41Z,2026-09-28T20:14:23Z,7.056042,False,True,https://api.fususone.com/api/public/organizations/roswellpdnm/stats/
sacramentocoso,totalRegisteredCameras,previous,353,353,0,0.0,0.0,Connect Sacramento County,Sacramento County,CA,2026-09-21T18:53:42Z,2026-09-28T20:14:24Z,7.056042,False,True,https://api.fususone.com/api/public/organizations/sacramentocoso/stats/
sacramentocoso,totalIntegratedCameras,previous,415,415,0,0.0,0.0,Connect Sacramento County,Sacramento County,CA,2026-09-21T18:53:42Z,2026-09-28T20:14:24Z,7.056042,False,True,https://api.fususone.com/api/public/organizations/sacramentocoso/stats/
sacramentocoso,totalOwnedCameras,previous,188,188,0,0.0,0.0,Connect Sacramento County,Sacramento County,CA,2026-09-21T18:53:42Z,2026-09-28T20:14:24Z,7.056042,False,True,https://api.fususone.com/api/public/organizations/sacramentocoso/stats/
sacramentocoso,totalSharedCameras,previous,227,227,0,0.0,0.0,Connect Sacramento County,Sacramento County,CA,2026-09-21T18:53:42Z,2026-09-28T20:14:24Z,7.056042,False,True,https://api.fususone.com/api/public/organizations/sacramentocoso/stats/
sacramentocoso,totalMaxCameras,previous,5000,5000,0,0.0,0.0,Connect Sacramento County,Sacramento County,CA,2026-09-21T18:53:42Z,2026-09-28T20:14:24Z,7.056042,False,True,https://api.fususone.com/api/public/organizations/sacramentocoso/stats/
sacramentocoso,subscribedCameras,previous,187,187,0,0.0,0.0,Connect Sacramento County,Sacramento County,CA,2026-09-21T18:53:42Z,2026-09-28T20:14:24Z,7.056042,False,True,https://api.fususone.com/api/public/organizations/sacramentocoso/stats/
sacramentopd,totalRegisteredCameras,previous,887,901,14,0.015783540022547914,13.888806873542178,Sacramento PD Connect,Sacramento,CA,2026-09-21T18:53:43Z,2026-09-28T20:14:25Z,7.056042,False,True,https://api.fususone.com/api/public/organizations/sacramentopd/stats/
sacramentopd,totalIntegratedCameras,previous,1762,1774,12,0.00681044267877412,11.904691605893296,Sacramento PD Connect,Sacramento,CA,2026-09-21T18:53:43Z,2026-09-28T20:14:25Z,7.056042,False,True,https://api.fususone.com/api/public/organizations/sacramentopd/stats/
sacramentopd,totalOwnedCameras,previous,1038,1038,0,0.0,0.0,Sacramento PD Connect,Sacramento,CA,2026-09-21T18:53:43Z,2026-09-28T20:14:25Z,7.056042,False,True,https://api.fususone.com/api/public/organizations/sacramentopd/stats/
sacramentopd,totalSharedCameras,previous,406,418,12,0.029556650246305417,11.904691605893296,Sacramento PD Connect,Sacramento,CA,2026-09-21T18:53:43Z,2026-09-28T20:14:25Z,7.056042,False,True,https://api.fususone.com/api/public/organizations/sacramentopd/stats/
sacramentopd,totalMaxCameras,previous,2000,2000,0,0.0,0.0,Sacramento PD Connect,Sacramento,CA,2026-09-21T18:53:43Z,2026-09-28T20:14:25Z,7.056042,False,True,https://api.fususone.com/api/public/organizations/sacramentopd/stats/
sacramentopd,subscribedCameras,previous,1016,1016,0,0.0,0.0,Sacramento PD Connect,Sacramento,CA,2026-09-21T18:53:43Z,2026-09-28T20:14:25Z,7.056042,False,True,https://api.fususone.com/api/public/organizations/sacramentopd/stats/
salinaspd,totalRegisteredCameras,previous,42,42,0,0.0,0.0,Connect Salinas,Salinas,CA,2026-09-21T18:53:44Z,2026-09-28T20:14:26Z,7.056042,False,True,https://api.fususone.com/api/public/organizations/salinaspd/stats/
salinaspd,totalIntegratedCameras,previous,2947,2947,0,0.0,0.0,Connect Salinas,Salinas,CA,2026-09-21T18:53:44Z,2026-09-28T20:14:26Z,7.056042,False,True,https://api.fususone.com/api/public/organizations/salinaspd/stats/
salinaspd,totalOwnedCameras,previous,264,264,0,0.0,0.0,Connect Salinas,Salinas,CA,2026-09-21T18:53:44Z,2026-09-28T20:14:26Z,7.056042,False,True,https://api.fususone.com/api/public/organizations/salinaspd/stats/
salinaspd,totalSharedCameras,previous,2683,2683,0,0.0,0.0,Connect Salinas,Salinas,CA,2026-09-21T18:53:44Z,2026-09-28T20:14:26Z,7.056042,False,True,https://api.fususone.com/api/public/organizations/salinaspd/stats/
salinaspd,totalMaxCameras,previous,500,500,0,0.0,0.0,Connect Salinas,Salinas,CA,2026-09-21T18:53:44Z,2026-09-28T20:14:26Z,7.056042,False,True,https://api.fususone.com/api/public/organizations/salinaspd/stats/
salinaspd,subscribedCameras,previous,262,262,0,0.0,0.0,Connect Salinas,Salinas,CA,2026-09-21T18:53:44Z,2026-09-28T20:14:26Z,7.056042,False,True,https://api.fususone.com/api/public/organizations/salinaspd/stats/
sanbernardinopdca,totalRegisteredCameras,previous,152,156,4,0.02631578947368421,3.968230535297765,Connect San Bernardino,San Bernardino,CA,2026-09-21T18:53:45Z,2026-09-28T20:14:27Z,7.056042,False,True,https://api.fususone.com/api/public/organizations/sanbernardinopdca/stats/
sanbernardinopdca,totalIntegratedCameras,previous,674,674,0,0.0,0.0,Connect San Bernardino,San Bernardino,CA,2026-09-21T18:53:45Z,2026-09-28T20:14:27Z,7.056042,False,True,https://api.fususone.com/api/public/organizations/sanbernardinopdca/stats/
sanbernardinopdca,totalOwnedCameras,previous,552,552,0,0.0,0.0,Connect San Bernardino,San Bernardino,CA,2026-09-21T18:53:45Z,2026-09-28T20:14:27Z,7.056042,False,True,https://api.fususone.com/api/public/organizations/sanbernardinopdca/stats/
sanbernardinopdca,totalSharedCameras,previous,122,122,0,0.0,0.0,Connect San Bernardino,San Bernardino,CA,2026-09-21T18:53:45Z,2026-09-28T20:14:27Z,7.056042,False,True,https://api.fususone.com/api/public/organizations/sanbernardinopdca/stats/
sanbernardinopdca,totalMaxCameras,previous,6000,6000,0,0.0,0.0,Connect San Bernardino,San Bernardino,CA,2026-09-21T18:53:45Z,2026-09-28T20:14:27Z,7.056042,False,True,https://api.fususone.com/api/public/organizations/sanbernardinopdca/stats/
sanbernardinopdca,subscribedCameras,previous,451,451,0,0.0,0.0,Connect San Bernardino,San Bernardino,CA,2026-09-21T18:53:45Z,2026-09-28T20:14:27Z,7.056042,False,True,https://api.fususone.com/api/public/organizations/sanbernardinopdca/stats/
sandyspringspd,totalRegisteredCameras,previous,877,879,2,0.002280501710376283,1.9841152676488825,Connect Sandy Springs,Sandy Springs,GA,2026-09-21T18:53:46Z,2026-09-28T20:14:28Z,7.056042,False,True,https://api.fususone.com/api/public/organizations/sandyspringspd/stats/
sandyspringspd,totalIntegratedCameras,previous,15223,15225,2,0.00013138014845956775,1.9841152676488825,Connect Sandy Springs,Sandy Springs,GA,2026-09-21T18:53:46Z,2026-09-28T20:14:28Z,7.056042,False,True,https://api.fususone.com/api/public/organizations/sandyspringspd/stats/
sandyspringspd,totalOwnedCameras,previous,300,300,0,0.0,0.0,Connect Sandy Springs,Sandy Springs,GA,2026-09-21T18:53:46Z,2026-09-28T20:14:28Z,7.056042,False,True,https://api.fususone.com/api/public/organizations/sandyspringspd/stats/
sandyspringspd,totalSharedCameras,previous,4381,4382,1,0.00022825838849577722,0.9920576338244412,Connect Sandy Springs,Sandy Springs,GA,2026-09-21T18:53:46Z,2026-09-28T20:14:28Z,7.056042,False,True,https://api.fususone.com/api/public/organizations/sandyspringspd/stats/
sandyspringspd,totalMaxCameras,previous,7782,7782,0,0.0,0.0,Connect Sandy Springs,Sandy Springs,GA,2026-09-21T18:53:46Z,2026-09-28T20:14:28Z,7.056042,False,True,https://api.fususone.com/api/public/organizations/sandyspringspd/stats/
sandyspringspd,subscribedCameras,previous,297,297,0,0.0,0.0,Connect Sandy Springs,Sandy Springs,GA,2026-09-21T18:53:46Z,2026-09-28T20:14:28Z,7.056042,False,True,https://api.fususone.com/api/public/organizations/sandyspringspd/stats/
sanjoaquincsoca,totalRegisteredCameras,previous,152,152,0,0.0,0.0,ConnectSJSO,San Joaquin County,CA,2026-09-21T18:53:47Z,2026-09-28T20:14:29Z,7.056042,False,True,https://api.fususone.com/api/public/organizations/sanjoaquincsoca/stats/
sanjoaquincsoca,totalIntegratedCameras,previous,131,131,0,0.0,0.0,ConnectSJSO,San Joaquin County,CA,2026-09-21T18:53:47Z,2026-09-28T20:14:29Z,7.056042,False,True,https://api.fususone.com/api/public/organizations/sanjoaquincsoca/stats/
sanjoaquincsoca,totalOwnedCameras,previous,63,63,0,0.0,0.0,ConnectSJSO,San Joaquin County,CA,2026-09-21T18:53:47Z,2026-09-28T20:14:29Z,7.056042,False,True,https://api.fususone.com/api/public/organizations/sanjoaquincsoca/stats/
sanjoaquincsoca,totalSharedCameras,previous,68,68,0,0.0,0.0,ConnectSJSO,San Joaquin County,CA,2026-09-21T18:53:47Z,2026-09-28T20:14:29Z,7.056042,False,True,https://api.fususone.com/api/public/organizations/sanjoaquincsoca/stats/
sanjoaquincsoca,totalMaxCameras,previous,0,0,0,,0.0,ConnectSJSO,San Joaquin County,CA,2026-09-21T18:53:47Z,2026-09-28T20:14:29Z,7.056042,True,True,https://api.fususone.com/api/public/organizations/sanjoaquincsoca/stats/
sanjoaquincsoca,subscribedCameras,previous,62,62,0,0.0,0.0,ConnectSJSO,San Joaquin County,CA,2026-09-21T18:53:47Z,2026-09-28T20:14:29Z,7.056042,False,True,https://api.fususone.com/api/public/organizations/sanjoaquincsoca/stats/
sanjose,totalRegisteredCameras,previous,10810,10810,0,0.0,0.0,Connect San Jose,San Jose,CA,2026-09-21T18:53:48Z,2026-09-28T20:14:30Z,7.056042,False,True,https://api.fususone.com/api/public/organizations/sanjose/stats/
sanjose,totalIntegratedCameras,previous,1483,1596,113,0.07619689817936615,112.10251262216187,Connect San Jose,San Jose,CA,2026-09-21T18:53:48Z,2026-09-28T20:14:30Z,7.056042,False,True,https://api.fususone.com/api/public/organizations/sanjose/stats/
sanjose,totalOwnedCameras,previous,1206,1319,113,0.09369817578772803,112.10251262216187,Connect San Jose,San Jose,CA,2026-09-21T18:53:48Z,2026-09-28T20:14:30Z,7.056042,False,True,https://api.fususone.com/api/public/organizations/sanjose/stats/
sanjose,totalSharedCameras,previous,277,277,0,0.0,0.0,Connect San Jose,San Jose,CA,2026-09-21T18:53:48Z,2026-09-28T20:14:30Z,7.056042,False,True,https://api.fususone.com/api/public/organizations/sanjose/stats/
sanjose,totalMaxCameras,previous,1500,1500,0,0.0,0.0,Connect San Jose,San Jose,CA,2026-09-21T18:53:48Z,2026-09-28T20:14:30Z,7.056042,False,True,https://api.fususone.com/api/public/organizations/sanjose/stats/
sanjose,subscribedCameras,previous,1205,1205,0,0.0,0.0,Connect San Jose,San Jose,CA,2026-09-21T18:53:48Z,2026-09-28T20:14:30Z,7.056042,False,True,https://api.fususone.com/api/public/organizations/sanjose/stats/
sanmarcospdtx,totalRegisteredCameras,previous,62,63,1,0.016129032258064516,0.9920576338244412,Connect San Marcos,San Marcos,TX,2026-09-21T18:53:49Z,2026-09-28T20:14:31Z,7.056042,False,True,https://api.fususone.com/api/public/organizations/sanmarcospdtx/stats/
sanmarcospdtx,totalIntegratedCameras,previous,78,78,0,0.0,0.0,Connect San Marcos,San Marcos,TX,2026-09-21T18:53:49Z,2026-09-28T20:14:31Z,7.056042,False,True,https://api.fususone.com/api/public/organizations/sanmarcospdtx/stats/
sanmarcospdtx,totalOwnedCameras,previous,78,78,0,0.0,0.0,Connect San Marcos,San Marcos,TX,2026-09-21T18:53:49Z,2026-09-28T20:14:31Z,7.056042,False,True,https://api.fususone.com/api/public/organizations/sanmarcospdtx/stats/
sanmarcospdtx,totalSharedCameras,previous,0,0,0,,0.0,Connect San Marcos,San Marcos,TX,2026-09-21T18:53:49Z,2026-09-28T20:14:31Z,7.056042,True,True,https://api.fususone.com/api/public/organizations/sanmarcospdtx/stats/
sanmarcospdtx,totalMaxCameras,previous,10000,10000,0,0.0,0.0,Connect San Marcos,San Marcos,TX,2026-09-21T18:53:49Z,2026-09-28T20:14:31Z,7.056042,False,True,https://api.fususone.com/api/public/organizations/sanmarcospdtx/stats/
sanmarcospdtx,subscribedCameras,previous,78,78,0,0.0,0.0,Connect San Marcos,San Marcos,TX,2026-09-21T18:53:49Z,2026-09-28T20:14:31Z,7.056042,False,True,https://api.fususone.com/api/public/organizations/sanmarcospdtx/stats/
sanmateopd,totalRegisteredCameras,previous,3101,3094,-7,-0.002257336343115124,-6.944403436771089,Connect San Mateo,San Mateo,CA,2026-09-21T18:53:50Z,2026-09-28T20:14:32Z,7.056042,False,True,https://api.fususone.com/api/public/organizations/sanmateopd/stats/
sanmateopd,totalIntegratedCameras,previous,99,99,0,0.0,0.0,Connect San Mateo,San Mateo,CA,2026-09-21T18:53:50Z,2026-09-28T20:14:32Z,7.056042,False,True,https://api.fususone.com/api/public/organizations/sanmateopd/stats/
sanmateopd,totalOwnedCameras,previous,99,99,0,0.0,0.0,Connect San Mateo,San Mateo,CA,2026-09-21T18:53:50Z,2026-09-28T20:14:32Z,7.056042,False,True,https://api.fususone.com/api/public/organizations/sanmateopd/stats/
sanmateopd,totalSharedCameras,previous,0,0,0,,0.0,Connect San Mateo,San Mateo,CA,2026-09-21T18:53:50Z,2026-09-28T20:14:32Z,7.056042,True,True,https://api.fususone.com/api/public/organizations/sanmateopd/stats/
sanmateopd,totalMaxCameras,previous,1500,1500,0,0.0,0.0,Connect San Mateo,San Mateo,CA,2026-09-21T18:53:50Z,2026-09-28T20:14:32Z,7.056042,False,True,https://api.fususone.com/api/public/organizations/sanmateopd/stats/
sanmateopd,subscribedCameras,previous,96,96,0,0.0,0.0,Connect San Mateo,San Mateo,CA,2026-09-21T18:53:50Z,2026-09-28T20:14:32Z,7.056042,False,True,https://api.fususone.com/api/public/organizations/sanmateopd/stats/
sarasotacsofl,totalRegisteredCameras,previous,5,5,0,0.0,0.0,Connect Sarasota County,Sarasota County,FL,2026-09-21T18:53:51Z,2026-09-28T20:14:33Z,7.056042,False,True,https://api.fususone.com/api/public/organizations/sarasotacsofl/stats/
sarasotacsofl,totalIntegratedCameras,previous,452,452,0,0.0,0.0,Connect Sarasota County,Sarasota County,FL,2026-09-21T18:53:51Z,2026-09-28T20:14:33Z,7.056042,False,True,https://api.fususone.com/api/public/organizations/sarasotacsofl/stats/
sarasotacsofl,totalOwnedCameras,previous,386,386,0,0.0,0.0,Connect Sarasota County,Sarasota County,FL,2026-09-21T18:53:51Z,2026-09-28T20:14:33Z,7.056042,False,True,https://api.fususone.com/api/public/organizations/sarasotacsofl/stats/
sarasotacsofl,totalSharedCameras,previous,66,66,0,0.0,0.0,Connect Sarasota County,Sarasota County,FL,2026-09-21T18:53:51Z,2026-09-28T20:14:33Z,7.056042,False,True,https://api.fususone.com/api/public/organizations/sarasotacsofl/stats/
sarasotacsofl,totalMaxCameras,previous,0,0,0,,0.0,Connect Sarasota County,Sarasota County,FL,2026-09-21T18:53:51Z,2026-09-28T20:14:33Z,7.056042,True,True,https://api.fususone.com/api/public/organizations/sarasotacsofl/stats/
sarasotacsofl,subscribedCameras,previous,374,374,0,0.0,0.0,Connect Sarasota County,Sarasota County,FL,2026-09-21T18:53:51Z,2026-09-28T20:14:33Z,7.056042,False,True,https://api.fususone.com/api/public/organizations/sarasotacsofl/stats/
saratogaspringspdny,totalRegisteredCameras,previous,130,130,0,0.0,0.0,Connect Saratoga Springs,Saratoga Springs,NY,2026-09-21T18:53:52Z,2026-09-28T20:14:34Z,7.056042,False,True,https://api.fususone.com/api/public/organizations/saratogaspringspdny/stats/
saratogaspringspdny,totalIntegratedCameras,previous,197,197,0,0.0,0.0,Connect Saratoga Springs,Saratoga Springs,NY,2026-09-21T18:53:52Z,2026-09-28T20:14:34Z,7.056042,False,True,https://api.fususone.com/api/public/organizations/saratogaspringspdny/stats/
saratogaspringspdny,totalOwnedCameras,previous,181,181,0,0.0,0.0,Connect Saratoga Springs,Saratoga Springs,NY,2026-09-21T18:53:52Z,2026-09-28T20:14:34Z,7.056042,False,True,https://api.fususone.com/api/public/organizations/saratogaspringspdny/stats/
saratogaspringspdny,totalSharedCameras,previous,16,16,0,0.0,0.0,Connect Saratoga Springs,Saratoga Springs,NY,2026-09-21T18:53:52Z,2026-09-28T20:14:34Z,7.056042,False,True,https://api.fususone.com/api/public/organizations/saratogaspringspdny/stats/
saratogaspringspdny,totalMaxCameras,previous,0,0,0,,0.0,Connect Saratoga Springs,Saratoga Springs,NY,2026-09-21T18:53:52Z,2026-09-28T20:14:34Z,7.056042,True,True,https://api.fususone.com/api/public/organizations/saratogaspringspdny/stats/
saratogaspringspdny,subscribedCameras,previous,180,180,0,0.0,0.0,Connect Saratoga Springs,Saratoga Springs,NY,2026-09-21T18:53:52Z,2026-09-28T20:14:34Z,7.056042,False,True,https://api.fususone.com/api/public/organizations/saratogaspringspdny/stats/
savannahpd,totalRegisteredCameras,previous,1167,1168,1,0.000856898029134533,0.9920576338244412,Connect Savannah,Savannah,GA,2026-09-21T18:53:53Z,2026-09-28T20:14:35Z,7.056042,False,True,https://api.fususone.com/api/public/organizations/savannahpd/stats/
savannahpd,totalIntegratedCameras,previous,9258,9259,1,0.00010801468999783971,0.9920576338244412,Connect Savannah,Savannah,GA,2026-09-21T18:53:53Z,2026-09-28T20:14:35Z,7.056042,False,True,https://api.fususone.com/api/public/organizations/savannahpd/stats/
savannahpd,totalOwnedCameras,previous,304,304,0,0.0,0.0,Connect Savannah,Savannah,GA,2026-09-21T18:53:53Z,2026-09-28T20:14:35Z,7.056042,False,True,https://api.fususone.com/api/public/organizations/savannahpd/stats/
savannahpd,totalSharedCameras,previous,23,23,0,0.0,0.0,Connect Savannah,Savannah,GA,2026-09-21T18:53:53Z,2026-09-28T20:14:35Z,7.056042,False,True,https://api.fususone.com/api/public/organizations/savannahpd/stats/
savannahpd,totalMaxCameras,previous,1500,1500,0,0.0,0.0,Connect Savannah,Savannah,GA,2026-09-21T18:53:53Z,2026-09-28T20:14:35Z,7.056042,False,True,https://api.fususone.com/api/public/organizations/savannahpd/stats/
savannahpd,subscribedCameras,previous,304,304,0,0.0,0.0,Connect Savannah,Savannah,GA,2026-09-21T18:53:53Z,2026-09-28T20:14:35Z,7.056042,False,True,https://api.fususone.com/api/public/organizations/savannahpd/stats/
schenectadypdny,totalRegisteredCameras,previous,0,0,0,,0.0,Connect Schenectady,Schenectady,NY,2026-09-21T18:53:54Z,2026-09-28T20:14:36Z,7.056042,True,True,https://api.fususone.com/api/public/organizations/schenectadypdny/stats/
schenectadypdny,totalIntegratedCameras,previous,69,69,0,0.0,0.0,Connect Schenectady,Schenectady,NY,2026-09-21T18:53:54Z,2026-09-28T20:14:36Z,7.056042,False,True,https://api.fususone.com/api/public/organizations/schenectadypdny/stats/
schenectadypdny,totalOwnedCameras,previous,69,69,0,0.0,0.0,Connect Schenectady,Schenectady,NY,2026-09-21T18:53:54Z,2026-09-28T20:14:36Z,7.056042,False,True,https://api.fususone.com/api/public/organizations/schenectadypdny/stats/
schenectadypdny,totalSharedCameras,previous,0,0,0,,0.0,Connect Schenectady,Schenectady,NY,2026-09-21T18:53:54Z,2026-09-28T20:14:36Z,7.056042,True,True,https://api.fususone.com/api/public/organizations/schenectadypdny/stats/
schenectadypdny,totalMaxCameras,previous,0,0,0,,0.0,Connect Schenectady,Schenectady,NY,2026-09-21T18:53:54Z,2026-09-28T20:14:36Z,7.056042,True,True,https://api.fususone.com/api/public/organizations/schenectadypdny/stats/
schenectadypdny,subscribedCameras,previous,69,69,0,0.0,0.0,Connect Schenectady,Schenectady,NY,2026-09-21T18:53:54Z,2026-09-28T20:14:36Z,7.056042,False,True,https://api.fususone.com/api/public/organizations/schenectadypdny/stats/
scrantonpd,totalRegisteredCameras,previous,460,495,35,0.07608695652173914,34.72201718385544,Connect Scranton,Scranton,PA,2026-09-21T18:53:55Z,2026-09-28T20:14:37Z,7.056042,False,True,https://api.fususone.com/api/public/organizations/scrantonpd/stats/
scrantonpd,totalIntegratedCameras,previous,60,60,0,0.0,0.0,Connect Scranton,Scranton,PA,2026-09-21T18:53:55Z,2026-09-28T20:14:37Z,7.056042,False,True,https://api.fususone.com/api/public/organizations/scrantonpd/stats/
scrantonpd,totalOwnedCameras,previous,60,60,0,0.0,0.0,Connect Scranton,Scranton,PA,2026-09-21T18:53:55Z,2026-09-28T20:14:37Z,7.056042,False,True,https://api.fususone.com/api/public/organizations/scrantonpd/stats/
scrantonpd,totalSharedCameras,previous,0,0,0,,0.0,Connect Scranton,Scranton,PA,2026-09-21T18:53:55Z,2026-09-28T20:14:37Z,7.056042,True,True,https://api.fususone.com/api/public/organizations/scrantonpd/stats/
scrantonpd,totalMaxCameras,previous,0,0,0,,0.0,Connect Scranton,Scranton,PA,2026-09-21T18:53:55Z,2026-09-28T20:14:37Z,7.056042,True,True,https://api.fususone.com/api/public/organizations/scrantonpd/stats/
scrantonpd,subscribedCameras,previous,60,60,0,0.0,0.0,Connect Scranton,Scranton,PA,2026-09-21T18:53:55Z,2026-09-28T20:14:37Z,7.056042,False,True,https://api.fususone.com/api/public/organizations/scrantonpd/stats/
seagovillepdtx,totalRegisteredCameras,previous,22,22,0,0.0,0.0,Seagoville Connect and Protect,Seagoville,TX,2026-09-21T18:53:56Z,2026-09-28T20:14:38Z,7.056042,False,True,https://api.fususone.com/api/public/organizations/seagovillepdtx/stats/
seagovillepdtx,totalIntegratedCameras,previous,49,50,1,0.02040816326530612,0.9920576338244412,Seagoville Connect and Protect,Seagoville,TX,2026-09-21T18:53:56Z,2026-09-28T20:14:38Z,7.056042,False,True,https://api.fususone.com/api/public/organizations/seagovillepdtx/stats/
seagovillepdtx,totalOwnedCameras,previous,49,50,1,0.02040816326530612,0.9920576338244412,Seagoville Connect and Protect,Seagoville,TX,2026-09-21T18:53:56Z,2026-09-28T20:14:38Z,7.056042,False,True,https://api.fususone.com/api/public/organizations/seagovillepdtx/stats/
seagovillepdtx,totalSharedCameras,previous,0,0,0,,0.0,Seagoville Connect and Protect,Seagoville,TX,2026-09-21T18:53:56Z,2026-09-28T20:14:38Z,7.056042,True,True,https://api.fususone.com/api/public/organizations/seagovillepdtx/stats/
seagovillepdtx,totalMaxCameras,previous,225,225,0,0.0,0.0,Seagoville Connect and Protect,Seagoville,TX,2026-09-21T18:53:56Z,2026-09-28T20:14:38Z,7.056042,False,True,https://api.fususone.com/api/public/organizations/seagovillepdtx/stats/
seagovillepdtx,subscribedCameras,previous,49,50,1,0.02040816326530612,0.9920576338244412,Seagoville Connect and Protect,Seagoville,TX,2026-09-21T18:53:56Z,2026-09-28T20:14:38Z,7.056042,False,True,https://api.fususone.com/api/public/organizations/seagovillepdtx/stats/
seatpleasantmd,totalRegisteredCameras,previous,0,0,0,,0.0,Connect Seat Pleasant,Seat Pleasant,MD,2026-09-21T18:53:57Z,2026-09-28T20:14:39Z,7.056042,True,True,https://api.fususone.com/api/public/organizations/seatpleasantmd/stats/
seatpleasantmd,totalIntegratedCameras,previous,1527,1040,-487,-0.3189259986902423,-483.1320676725029,Connect Seat Pleasant,Seat Pleasant,MD,2026-09-21T18:53:57Z,2026-09-28T20:14:39Z,7.056042,False,True,https://api.fususone.com/api/public/organizations/seatpleasantmd/stats/
seatpleasantmd,totalOwnedCameras,previous,105,105,0,0.0,0.0,Connect Seat Pleasant,Seat Pleasant,MD,2026-09-21T18:53:57Z,2026-09-28T20:14:39Z,7.056042,False,True,https://api.fususone.com/api/public/organizations/seatpleasantmd/stats/
seatpleasantmd,totalSharedCameras,previous,534,534,0,0.0,0.0,Connect Seat Pleasant,Seat Pleasant,MD,2026-09-21T18:53:57Z,2026-09-28T20:14:39Z,7.056042,False,True,https://api.fususone.com/api/public/organizations/seatpleasantmd/stats/
seatpleasantmd,totalMaxCameras,previous,500,500,0,0.0,0.0,Connect Seat Pleasant,Seat Pleasant,MD,2026-09-21T18:53:57Z,2026-09-28T20:14:39Z,7.056042,False,True,https://api.fususone.com/api/public/organizations/seatpleasantmd/stats/
seatpleasantmd,subscribedCameras,previous,102,102,0,0.0,0.0,Connect Seat Pleasant,Seat Pleasant,MD,2026-09-21T18:53:57Z,2026-09-28T20:14:39Z,7.056042,False,True,https://api.fususone.com/api/public/organizations/seatpleasantmd/stats/
seattlepd,totalRegisteredCameras,previous,882,883,1,0.0011337868480725624,0.9920576338244412,Connect Seattle,Seattle,WA,2026-09-21T18:53:58Z,2026-09-28T20:14:40Z,7.056042,False,True,https://api.fususone.com/api/public/organizations/seattlepd/stats/
seattlepd,totalIntegratedCameras,previous,697,697,0,0.0,0.0,Connect Seattle,Seattle,WA,2026-09-21T18:53:58Z,2026-09-28T20:14:40Z,7.056042,False,True,https://api.fususone.com/api/public/organizations/seattlepd/stats/
seattlepd,totalOwnedCameras,previous,674,674,0,0.0,0.0,Connect Seattle,Seattle,WA,2026-09-21T18:53:58Z,2026-09-28T20:14:40Z,7.056042,False,True,https://api.fususone.com/api/public/organizations/seattlepd/stats/
seattlepd,totalSharedCameras,previous,0,0,0,,0.0,Connect Seattle,Seattle,WA,2026-09-21T18:53:58Z,2026-09-28T20:14:40Z,7.056042,True,True,https://api.fususone.com/api/public/organizations/seattlepd/stats/
seattlepd,totalMaxCameras,previous,5000,5000,0,0.0,0.0,Connect Seattle,Seattle,WA,2026-09-21T18:53:58Z,2026-09-28T20:14:40Z,7.056042,False,True,https://api.fususone.com/api/public/organizations/seattlepd/stats/
seattlepd,subscribedCameras,previous,673,673,0,0.0,0.0,Connect Seattle,Seattle,WA,2026-09-21T18:53:58Z,2026-09-28T20:14:40Z,7.056042,False,True,https://api.fususone.com/api/public/organizations/seattlepd/stats/
seminolecountyso,totalRegisteredCameras,previous,110,110,0,0.0,0.0,Connect Seminole,Seminole County,FL,2026-09-21T18:53:59Z,2026-09-28T20:14:41Z,7.056042,False,True,https://api.fususone.com/api/public/organizations/seminolecountyso/stats/
seminolecountyso,totalIntegratedCameras,previous,2064,2064,0,0.0,0.0,Connect Seminole,Seminole County,FL,2026-09-21T18:53:59Z,2026-09-28T20:14:41Z,7.056042,False,True,https://api.fususone.com/api/public/organizations/seminolecountyso/stats/
seminolecountyso,totalOwnedCameras,previous,528,528,0,0.0,0.0,Connect Seminole,Seminole County,FL,2026-09-21T18:53:59Z,2026-09-28T20:14:41Z,7.056042,False,True,https://api.fususone.com/api/public/organizations/seminolecountyso/stats/
seminolecountyso,totalSharedCameras,previous,1099,1099,0,0.0,0.0,Connect Seminole,Seminole County,FL,2026-09-21T18:53:59Z,2026-09-28T20:14:41Z,7.056042,False,True,https://api.fususone.com/api/public/organizations/seminolecountyso/stats/
seminolecountyso,totalMaxCameras,previous,1500,1500,0,0.0,0.0,Connect Seminole,Seminole County,FL,2026-09-21T18:53:59Z,2026-09-28T20:14:41Z,7.056042,False,True,https://api.fususone.com/api/public/organizations/seminolecountyso/stats/
seminolecountyso,subscribedCameras,previous,518,518,0,0.0,0.0,Connect Seminole,Seminole County,FL,2026-09-21T18:53:59Z,2026-09-28T20:14:41Z,7.056042,False,True,https://api.fususone.com/api/public/organizations/seminolecountyso/stats/
shawneecosheriff,totalRegisteredCameras,previous,1203,1203,0,0.0,0.0,Connect Shawnee County and the City of Topeka,Shawnee County and the City of Topeka,KS,2026-09-21T18:54:00Z,2026-09-28T20:14:42Z,7.056042,False,True,https://api.fususone.com/api/public/organizations/shawneecosheriff/stats/
shawneecosheriff,totalIntegratedCameras,previous,2241,2242,1,0.0004462293618920125,0.9920576338244412,Connect Shawnee County and the City of Topeka,Shawnee County and the City of Topeka,KS,2026-09-21T18:54:00Z,2026-09-28T20:14:42Z,7.056042,False,True,https://api.fususone.com/api/public/organizations/shawneecosheriff/stats/
shawneecosheriff,totalOwnedCameras,previous,641,642,1,0.0015600624024961,0.9920576338244412,Connect Shawnee County and the City of Topeka,Shawnee County and the City of Topeka,KS,2026-09-21T18:54:00Z,2026-09-28T20:14:42Z,7.056042,False,True,https://api.fususone.com/api/public/organizations/shawneecosheriff/stats/
shawneecosheriff,totalSharedCameras,previous,1600,1600,0,0.0,0.0,Connect Shawnee County and the City of Topeka,Shawnee County and the City of Topeka,KS,2026-09-21T18:54:00Z,2026-09-28T20:14:42Z,7.056042,False,True,https://api.fususone.com/api/public/organizations/shawneecosheriff/stats/
shawneecosheriff,totalMaxCameras,previous,500,500,0,0.0,0.0,Connect Shawnee County and the City of Topeka,Shawnee County and the City of Topeka,KS,2026-09-21T18:54:00Z,2026-09-28T20:14:42Z,7.056042,False,True,https://api.fususone.com/api/public/organizations/shawneecosheriff/stats/
shawneecosheriff,subscribedCameras,previous,541,542,1,0.0018484288354898336,0.9920576338244412,Connect Shawnee County and the City of Topeka,Shawnee County and the City of Topeka,KS,2026-09-21T18:54:00Z,2026-09-28T20:14:42Z,7.056042,False,True,https://api.fususone.com/api/public/organizations/shawneecosheriff/stats/
shelbycoso,totalRegisteredCameras,previous,1307,1307,0,0.0,0.0,Connect Shelby County,Shelby County,TN,2026-09-21T18:54:01Z,2026-09-28T20:14:43Z,7.056042,False,True,https://api.fususone.com/api/public/organizations/shelbycoso/stats/
shelbycoso,totalIntegratedCameras,previous,2324,2324,0,0.0,0.0,Connect Shelby County,Shelby County,TN,2026-09-21T18:54:01Z,2026-09-28T20:14:43Z,7.056042,False,True,https://api.fususone.com/api/public/organizations/shelbycoso/stats/
shelbycoso,totalOwnedCameras,previous,181,181,0,0.0,0.0,Connect Shelby County,Shelby County,TN,2026-09-21T18:54:01Z,2026-09-28T20:14:43Z,7.056042,False,True,https://api.fususone.com/api/public/organizations/shelbycoso/stats/
shelbycoso,totalSharedCameras,previous,123,123,0,0.0,0.0,Connect Shelby County,Shelby County,TN,2026-09-21T18:54:01Z,2026-09-28T20:14:43Z,7.056042,False,True,https://api.fususone.com/api/public/organizations/shelbycoso/stats/
shelbycoso,totalMaxCameras,previous,1500,1500,0,0.0,0.0,Connect Shelby County,Shelby County,TN,2026-09-21T18:54:01Z,2026-09-28T20:14:43Z,7.056042,False,True,https://api.fususone.com/api/public/organizations/shelbycoso/stats/
shelbycoso,subscribedCameras,previous,152,152,0,0.0,0.0,Connect Shelby County,Shelby County,TN,2026-09-21T18:54:01Z,2026-09-28T20:14:43Z,7.056042,False,True,https://api.fususone.com/api/public/organizations/shelbycoso/stats/
smyrnaga,totalRegisteredCameras,previous,333,333,0,0.0,0.0,Connect Smyrna,Smyrna,GA,2026-09-21T18:54:02Z,2026-09-28T20:14:44Z,7.056042,False,True,https://api.fususone.com/api/public/organizations/smyrnaga/stats/
smyrnaga,totalIntegratedCameras,previous,13064,13065,1,7.654623392529088e-05,0.9920576338244412,Connect Smyrna,Smyrna,GA,2026-09-21T18:54:02Z,2026-09-28T20:14:44Z,7.056042,False,True,https://api.fususone.com/api/public/organizations/smyrnaga/stats/
smyrnaga,totalOwnedCameras,previous,262,262,0,0.0,0.0,Connect Smyrna,Smyrna,GA,2026-09-21T18:54:02Z,2026-09-28T20:14:44Z,7.056042,False,True,https://api.fususone.com/api/public/organizations/smyrnaga/stats/
smyrnaga,totalSharedCameras,previous,3416,3416,0,0.0,0.0,Connect Smyrna,Smyrna,GA,2026-09-21T18:54:02Z,2026-09-28T20:14:44Z,7.056042,False,True,https://api.fususone.com/api/public/organizations/smyrnaga/stats/
smyrnaga,totalMaxCameras,previous,3058,3058,0,0.0,0.0,Connect Smyrna,Smyrna,GA,2026-09-21T18:54:02Z,2026-09-28T20:14:44Z,7.056042,False,True,https://api.fususone.com/api/public/organizations/smyrnaga/stats/
smyrnaga,subscribedCameras,previous,257,257,0,0.0,0.0,Connect Smyrna,Smyrna,GA,2026-09-21T18:54:02Z,2026-09-28T20:14:44Z,7.056042,False,True,https://api.fususone.com/api/public/organizations/smyrnaga/stats/
southbendpd,totalRegisteredCameras,previous,2525,2529,4,0.0015841584158415843,3.968230535297765,Sync South Bend,South Bend,IN,2026-09-21T18:54:03Z,2026-09-28T20:14:45Z,7.056042,False,True,https://api.fususone.com/api/public/organizations/southbendpd/stats/
southbendpd,totalIntegratedCameras,previous,2035,2035,0,0.0,0.0,Sync South Bend,South Bend,IN,2026-09-21T18:54:03Z,2026-09-28T20:14:45Z,7.056042,False,True,https://api.fususone.com/api/public/organizations/southbendpd/stats/
southbendpd,totalOwnedCameras,previous,1291,1291,0,0.0,0.0,Sync South Bend,South Bend,IN,2026-09-21T18:54:03Z,2026-09-28T20:14:45Z,7.056042,False,True,https://api.fususone.com/api/public/organizations/southbendpd/stats/
southbendpd,totalSharedCameras,previous,744,744,0,0.0,0.0,Sync South Bend,South Bend,IN,2026-09-21T18:54:03Z,2026-09-28T20:14:45Z,7.056042,False,True,https://api.fususone.com/api/public/organizations/southbendpd/stats/
southbendpd,totalMaxCameras,previous,1500,1500,0,0.0,0.0,Sync South Bend,South Bend,IN,2026-09-21T18:54:03Z,2026-09-28T20:14:45Z,7.056042,False,True,https://api.fususone.com/api/public/organizations/southbendpd/stats/
southbendpd,subscribedCameras,previous,1278,1278,0,0.0,0.0,Sync South Bend,South Bend,IN,2026-09-21T18:54:03Z,2026-09-28T20:14:45Z,7.056042,False,True,https://api.fususone.com/api/public/organizations/southbendpd/stats/
southfultonga,totalRegisteredCameras,previous,460,460,0,0.0,0.0,Connect South Fulton,South Fulton,GA,2026-09-21T18:54:04Z,2026-09-28T20:14:46Z,7.056042,False,True,https://api.fususone.com/api/public/organizations/southfultonga/stats/
southfultonga,totalIntegratedCameras,previous,14804,14805,1,6.754931099702783e-05,0.9920576338244412,Connect South Fulton,South Fulton,GA,2026-09-21T18:54:04Z,2026-09-28T20:14:46Z,7.056042,False,True,https://api.fususone.com/api/public/organizations/southfultonga/stats/
southfultonga,totalOwnedCameras,previous,552,552,0,0.0,0.0,Connect South Fulton,South Fulton,GA,2026-09-21T18:54:04Z,2026-09-28T20:14:46Z,7.056042,False,True,https://api.fususone.com/api/public/organizations/southfultonga/stats/
southfultonga,totalSharedCameras,previous,4105,4105,0,0.0,0.0,Connect South Fulton,South Fulton,GA,2026-09-21T18:54:04Z,2026-09-28T20:14:46Z,7.056042,False,True,https://api.fususone.com/api/public/organizations/southfultonga/stats/
southfultonga,totalMaxCameras,previous,8000,8000,0,0.0,0.0,Connect South Fulton,South Fulton,GA,2026-09-21T18:54:04Z,2026-09-28T20:14:46Z,7.056042,False,True,https://api.fususone.com/api/public/organizations/southfultonga/stats/
southfultonga,subscribedCameras,previous,537,537,0,0.0,0.0,Connect South Fulton,South Fulton,GA,2026-09-21T18:54:04Z,2026-09-28T20:14:46Z,7.056042,False,True,https://api.fususone.com/api/public/organizations/southfultonga/stats/
sparkspdnv,totalRegisteredCameras,previous,244,244,0,0.0,0.0,Connect Sparks,Sparks,NV,2026-09-21T18:54:05Z,2026-09-28T20:14:47Z,7.056042,False,True,https://api.fususone.com/api/public/organizations/sparkspdnv/stats/
sparkspdnv,totalIntegratedCameras,previous,658,749,91,0.13829787234042554,90.27724467802416,Connect Sparks,Sparks,NV,2026-09-21T18:54:05Z,2026-09-28T20:14:47Z,7.056042,False,True,https://api.fususone.com/api/public/organizations/sparkspdnv/stats/
sparkspdnv,totalOwnedCameras,previous,215,216,1,0.004651162790697674,0.9920576338244412,Connect Sparks,Sparks,NV,2026-09-21T18:54:05Z,2026-09-28T20:14:47Z,7.056042,False,True,https://api.fususone.com/api/public/organizations/sparkspdnv/stats/
sparkspdnv,totalSharedCameras,previous,0,0,0,,0.0,Connect Sparks,Sparks,NV,2026-09-21T18:54:05Z,2026-09-28T20:14:47Z,7.056042,True,True,https://api.fususone.com/api/public/organizations/sparkspdnv/stats/
sparkspdnv,totalMaxCameras,previous,500,500,0,0.0,0.0,Connect Sparks,Sparks,NV,2026-09-21T18:54:05Z,2026-09-28T20:14:47Z,7.056042,False,True,https://api.fususone.com/api/public/organizations/sparkspdnv/stats/
sparkspdnv,subscribedCameras,previous,201,202,1,0.004975124378109453,0.9920576338244412,Connect Sparks,Sparks,NV,2026-09-21T18:54:05Z,2026-09-28T20:14:47Z,7.056042,False,True,https://api.fususone.com/api/public/organizations/sparkspdnv/stats/
spartanburgpd,totalRegisteredCameras,previous,187,187,0,0.0,0.0,Connect Spartanburg,Spartanburg,SC,2026-09-21T18:54:06Z,2026-09-28T20:14:48Z,7.056042,False,True,https://api.fususone.com/api/public/organizations/spartanburgpd/stats/
spartanburgpd,totalIntegratedCameras,previous,652,674,22,0.03374233128834356,21.825267944137707,Connect Spartanburg,Spartanburg,SC,2026-09-21T18:54:06Z,2026-09-28T20:14:48Z,7.056042,False,True,https://api.fususone.com/api/public/organizations/spartanburgpd/stats/
spartanburgpd,totalOwnedCameras,previous,648,670,22,0.033950617283950615,21.825267944137707,Connect Spartanburg,Spartanburg,SC,2026-09-21T18:54:06Z,2026-09-28T20:14:48Z,7.056042,False,True,https://api.fususone.com/api/public/organizations/spartanburgpd/stats/
spartanburgpd,totalSharedCameras,previous,4,4,0,0.0,0.0,Connect Spartanburg,Spartanburg,SC,2026-09-21T18:54:06Z,2026-09-28T20:14:48Z,7.056042,False,True,https://api.fususone.com/api/public/organizations/spartanburgpd/stats/
spartanburgpd,totalMaxCameras,previous,500,500,0,0.0,0.0,Connect Spartanburg,Spartanburg,SC,2026-09-21T18:54:06Z,2026-09-28T20:14:48Z,7.056042,False,True,https://api.fususone.com/api/public/organizations/spartanburgpd/stats/
spartanburgpd,subscribedCameras,previous,648,670,22,0.033950617283950615,21.825267944137707,Connect Spartanburg,Spartanburg,SC,2026-09-21T18:54:06Z,2026-09-28T20:14:48Z,7.056042,False,True,https://api.fususone.com/api/public/organizations/spartanburgpd/stats/
spokanecsowa,totalRegisteredCameras,previous,56,56,0,0.0,0.0,Connect Spokane County,Spokane County,WA,2026-09-21T18:54:07Z,2026-09-28T20:14:49Z,7.056042,False,True,https://api.fususone.com/api/public/organizations/spokanecsowa/stats/
spokanecsowa,totalIntegratedCameras,previous,959,959,0,0.0,0.0,Connect Spokane County,Spokane County,WA,2026-09-21T18:54:07Z,2026-09-28T20:14:49Z,7.056042,False,True,https://api.fususone.com/api/public/organizations/spokanecsowa/stats/
spokanecsowa,totalOwnedCameras,previous,827,827,0,0.0,0.0,Connect Spokane County,Spokane County,WA,2026-09-21T18:54:07Z,2026-09-28T20:14:49Z,7.056042,False,True,https://api.fususone.com/api/public/organizations/spokanecsowa/stats/
spokanecsowa,totalSharedCameras,previous,131,131,0,0.0,0.0,Connect Spokane County,Spokane County,WA,2026-09-21T18:54:07Z,2026-09-28T20:14:49Z,7.056042,False,True,https://api.fususone.com/api/public/organizations/spokanecsowa/stats/
spokanecsowa,totalMaxCameras,previous,150,150,0,0.0,0.0,Connect Spokane County,Spokane County,WA,2026-09-21T18:54:07Z,2026-09-28T20:14:49Z,7.056042,False,True,https://api.fususone.com/api/public/organizations/spokanecsowa/stats/
spokanecsowa,subscribedCameras,previous,720,720,0,0.0,0.0,Connect Spokane County,Spokane County,WA,2026-09-21T18:54:07Z,2026-09-28T20:14:49Z,7.056042,False,True,https://api.fususone.com/api/public/organizations/spokanecsowa/stats/
springfieldpd,totalRegisteredCameras,previous,1647,1647,0,0.0,0.0,Sync Springfield,Springfield,IL,2026-09-21T18:54:08Z,2026-09-28T20:14:50Z,7.056042,False,True,https://api.fususone.com/api/public/organizations/springfieldpd/stats/
springfieldpd,totalIntegratedCameras,previous,2546,2550,4,0.0015710919088766694,3.968230535297765,Sync Springfield,Springfield,IL,2026-09-21T18:54:08Z,2026-09-28T20:14:50Z,7.056042,False,True,https://api.fususone.com/api/public/organizations/springfieldpd/stats/
springfieldpd,totalOwnedCameras,previous,2473,2477,4,0.0016174686615446825,3.968230535297765,Sync Springfield,Springfield,IL,2026-09-21T18:54:08Z,2026-09-28T20:14:50Z,7.056042,False,True,https://api.fususone.com/api/public/organizations/springfieldpd/stats/
springfieldpd,totalSharedCameras,previous,0,0,0,,0.0,Sync Springfield,Springfield,IL,2026-09-21T18:54:08Z,2026-09-28T20:14:50Z,7.056042,True,True,https://api.fususone.com/api/public/organizations/springfieldpd/stats/
springfieldpd,totalMaxCameras,previous,1500,1500,0,0.0,0.0,Sync Springfield,Springfield,IL,2026-09-21T18:54:08Z,2026-09-28T20:14:50Z,7.056042,False,True,https://api.fususone.com/api/public/organizations/springfieldpd/stats/
springfieldpd,subscribedCameras,previous,2452,2452,0,0.0,0.0,Sync Springfield,Springfield,IL,2026-09-21T18:54:08Z,2026-09-28T20:14:50Z,7.056042,False,True,https://api.fususone.com/api/public/organizations/springfieldpd/stats/
springfieldpdmo,totalRegisteredCameras,previous,14,15,1,0.07142857142857142,0.9920576338244412,Springfield Safe,Springfield,MO,2026-09-21T18:54:09Z,2026-09-28T20:14:51Z,7.056042,False,True,https://api.fususone.com/api/public/organizations/springfieldpdmo/stats/
springfieldpdmo,totalIntegratedCameras,previous,313,313,0,0.0,0.0,Springfield Safe,Springfield,MO,2026-09-21T18:54:09Z,2026-09-28T20:14:51Z,7.056042,False,True,https://api.fususone.com/api/public/organizations/springfieldpdmo/stats/
springfieldpdmo,totalOwnedCameras,previous,162,162,0,0.0,0.0,Springfield Safe,Springfield,MO,2026-09-21T18:54:09Z,2026-09-28T20:14:51Z,7.056042,False,True,https://api.fususone.com/api/public/organizations/springfieldpdmo/stats/
springfieldpdmo,totalSharedCameras,previous,151,151,0,0.0,0.0,Springfield Safe,Springfield,MO,2026-09-21T18:54:09Z,2026-09-28T20:14:51Z,7.056042,False,True,https://api.fususone.com/api/public/organizations/springfieldpdmo/stats/
springfieldpdmo,totalMaxCameras,previous,0,0,0,,0.0,Springfield Safe,Springfield,MO,2026-09-21T18:54:09Z,2026-09-28T20:14:51Z,7.056042,True,True,https://api.fususone.com/api/public/organizations/springfieldpdmo/stats/
springfieldpdmo,subscribedCameras,previous,153,153,0,0.0,0.0,Springfield Safe,Springfield,MO,2026-09-21T18:54:09Z,2026-09-28T20:14:51Z,7.056042,False,True,https://api.fususone.com/api/public/organizations/springfieldpdmo/stats/
statesboropd,totalRegisteredCameras,previous,1,1,0,0.0,0.0,Connect Statesboro,Statesboro,GA,2026-09-21T18:54:10Z,2026-09-28T20:14:52Z,7.056042,False,True,https://api.fususone.com/api/public/organizations/statesboropd/stats/
statesboropd,totalIntegratedCameras,previous,14447,14449,2,0.0001384370457534436,1.9841152676488825,Connect Statesboro,Statesboro,GA,2026-09-21T18:54:10Z,2026-09-28T20:14:52Z,7.056042,False,True,https://api.fususone.com/api/public/organizations/statesboropd/stats/
statesboropd,totalOwnedCameras,previous,629,629,0,0.0,0.0,Connect Statesboro,Statesboro,GA,2026-09-21T18:54:10Z,2026-09-28T20:14:52Z,7.056042,False,True,https://api.fususone.com/api/public/organizations/statesboropd/stats/
statesboropd,totalSharedCameras,previous,4131,4132,1,0.0002420721374969741,0.9920576338244412,Connect Statesboro,Statesboro,GA,2026-09-21T18:54:10Z,2026-09-28T20:14:52Z,7.056042,False,True,https://api.fususone.com/api/public/organizations/statesboropd/stats/
statesboropd,totalMaxCameras,previous,3950,3950,0,0.0,0.0,Connect Statesboro,Statesboro,GA,2026-09-21T18:54:10Z,2026-09-28T20:14:52Z,7.056042,False,True,https://api.fususone.com/api/public/organizations/statesboropd/stats/
statesboropd,subscribedCameras,previous,622,622,0,0.0,0.0,Connect Statesboro,Statesboro,GA,2026-09-21T18:54:10Z,2026-09-28T20:14:52Z,7.056042,False,True,https://api.fususone.com/api/public/organizations/statesboropd/stats/
stbernardso,totalRegisteredCameras,previous,147,147,0,0.0,0.0,Protect St. Bernard,St. Bernard Parish,LA,2026-09-21T18:54:11Z,2026-09-28T20:14:53Z,7.056042,False,True,https://api.fususone.com/api/public/organizations/stbernardso/stats/
stbernardso,totalIntegratedCameras,previous,1796,1796,0,0.0,0.0,Protect St. Bernard,St. Bernard Parish,LA,2026-09-21T18:54:11Z,2026-09-28T20:14:53Z,7.056042,False,True,https://api.fususone.com/api/public/organizations/stbernardso/stats/
stbernardso,totalOwnedCameras,previous,84,84,0,0.0,0.0,Protect St. Bernard,St. Bernard Parish,LA,2026-09-21T18:54:11Z,2026-09-28T20:14:53Z,7.056042,False,True,https://api.fususone.com/api/public/organizations/stbernardso/stats/
stbernardso,totalSharedCameras,previous,1712,1712,0,0.0,0.0,Protect St. Bernard,St. Bernard Parish,LA,2026-09-21T18:54:11Z,2026-09-28T20:14:53Z,7.056042,False,True,https://api.fususone.com/api/public/organizations/stbernardso/stats/
stbernardso,totalMaxCameras,previous,781,781,0,0.0,0.0,Protect St. Bernard,St. Bernard Parish,LA,2026-09-21T18:54:11Z,2026-09-28T20:14:53Z,7.056042,False,True,https://api.fususone.com/api/public/organizations/stbernardso/stats/
stbernardso,subscribedCameras,previous,84,84,0,0.0,0.0,Protect St. Bernard,St. Bernard Parish,LA,2026-09-21T18:54:11Z,2026-09-28T20:14:53Z,7.056042,False,True,https://api.fususone.com/api/public/organizations/stbernardso/stats/
stcloud,totalRegisteredCameras,previous,356,356,0,0.0,0.0,Connect St. Cloud,St. Cloud,FL,2026-09-21T18:54:12Z,2026-09-28T20:14:54Z,7.056042,False,True,https://api.fususone.com/api/public/organizations/stcloud/stats/
stcloud,totalIntegratedCameras,previous,9164,9228,64,0.006983849847228284,63.49168856476424,Connect St. Cloud,St. Cloud,FL,2026-09-21T18:54:12Z,2026-09-28T20:14:54Z,7.056042,False,True,https://api.fususone.com/api/public/organizations/stcloud/stats/
stcloud,totalOwnedCameras,previous,1862,1926,64,0.034371643394199784,63.49168856476424,Connect St. Cloud,St. Cloud,FL,2026-09-21T18:54:12Z,2026-09-28T20:14:54Z,7.056042,False,True,https://api.fususone.com/api/public/organizations/stcloud/stats/
stcloud,totalSharedCameras,previous,5972,5972,0,0.0,0.0,Connect St. Cloud,St. Cloud,FL,2026-09-21T18:54:12Z,2026-09-28T20:14:54Z,7.056042,False,True,https://api.fususone.com/api/public/organizations/stcloud/stats/
stcloud,totalMaxCameras,previous,7000,7000,0,0.0,0.0,Connect St. Cloud,St. Cloud,FL,2026-09-21T18:54:12Z,2026-09-28T20:14:54Z,7.056042,False,True,https://api.fususone.com/api/public/organizations/stcloud/stats/
stcloud,subscribedCameras,previous,1839,1903,64,0.034801522566612286,63.49168856476424,Connect St. Cloud,St. Cloud,FL,2026-09-21T18:54:12Z,2026-09-28T20:14:54Z,7.056042,False,True,https://api.fususone.com/api/public/organizations/stcloud/stats/
stcloudpdmn,totalRegisteredCameras,previous,0,0,0,,0.0,Saint Cloud Connect and Protect,Saint Cloud,MN,2026-09-21T18:54:13Z,2026-09-28T20:14:55Z,7.056042,True,True,https://api.fususone.com/api/public/organizations/stcloudpdmn/stats/
stcloudpdmn,totalIntegratedCameras,previous,27,27,0,0.0,0.0,Saint Cloud Connect and Protect,Saint Cloud,MN,2026-09-21T18:54:13Z,2026-09-28T20:14:55Z,7.056042,False,True,https://api.fususone.com/api/public/organizations/stcloudpdmn/stats/
stcloudpdmn,totalOwnedCameras,previous,27,27,0,0.0,0.0,Saint Cloud Connect and Protect,Saint Cloud,MN,2026-09-21T18:54:13Z,2026-09-28T20:14:55Z,7.056042,False,True,https://api.fususone.com/api/public/organizations/stcloudpdmn/stats/
stcloudpdmn,totalSharedCameras,previous,0,0,0,,0.0,Saint Cloud Connect and Protect,Saint Cloud,MN,2026-09-21T18:54:13Z,2026-09-28T20:14:55Z,7.056042,True,True,https://api.fususone.com/api/public/organizations/stcloudpdmn/stats/
stcloudpdmn,totalMaxCameras,previous,350,350,0,0.0,0.0,Saint Cloud Connect and Protect,Saint Cloud,MN,2026-09-21T18:54:13Z,2026-09-28T20:14:55Z,7.056042,False,True,https://api.fususone.com/api/public/organizations/stcloudpdmn/stats/
stcloudpdmn,subscribedCameras,previous,19,19,0,0.0,0.0,Saint Cloud Connect and Protect,Saint Cloud,MN,2026-09-21T18:54:13Z,2026-09-28T20:14:55Z,7.056042,False,True,https://api.fususone.com/api/public/organizations/stcloudpdmn/stats/
stjohnscountyso,totalRegisteredCameras,previous,1710,1710,0,0.0,0.0,Connect St. Johns,St. Johns County,FL,2026-09-21T18:54:14Z,2026-09-28T20:14:56Z,7.056042,False,True,https://api.fususone.com/api/public/organizations/stjohnscountyso/stats/
stjohnscountyso,totalIntegratedCameras,previous,1309,1303,-6,-0.004583651642475172,-5.952345802946648,Connect St. Johns,St. Johns County,FL,2026-09-21T18:54:14Z,2026-09-28T20:14:56Z,7.056042,False,True,https://api.fususone.com/api/public/organizations/stjohnscountyso/stats/
stjohnscountyso,totalOwnedCameras,previous,1123,1117,-6,-0.005342831700801425,-5.952345802946648,Connect St. Johns,St. Johns County,FL,2026-09-21T18:54:14Z,2026-09-28T20:14:56Z,7.056042,False,True,https://api.fususone.com/api/public/organizations/stjohnscountyso/stats/
stjohnscountyso,totalSharedCameras,previous,186,186,0,0.0,0.0,Connect St. Johns,St. Johns County,FL,2026-09-21T18:54:14Z,2026-09-28T20:14:56Z,7.056042,False,True,https://api.fususone.com/api/public/organizations/stjohnscountyso/stats/
stjohnscountyso,totalMaxCameras,previous,1500,1500,0,0.0,0.0,Connect St. Johns,St. Johns County,FL,2026-09-21T18:54:14Z,2026-09-28T20:14:56Z,7.056042,False,True,https://api.fususone.com/api/public/organizations/stjohnscountyso/stats/
stjohnscountyso,subscribedCameras,previous,1077,1071,-6,-0.005571030640668524,-5.952345802946648,Connect St. Johns,St. Johns County,FL,2026-09-21T18:54:14Z,2026-09-28T20:14:56Z,7.056042,False,True,https://api.fususone.com/api/public/organizations/stjohnscountyso/stats/
stluciesheriff,totalRegisteredCameras,previous,831,831,0,0.0,0.0,Connect St Lucie County,St. Lucie County,FL,2026-09-21T18:54:15Z,2026-09-28T20:14:57Z,7.056042,False,True,https://api.fususone.com/api/public/organizations/stluciesheriff/stats/
stluciesheriff,totalIntegratedCameras,previous,124,124,0,0.0,0.0,Connect St Lucie County,St. Lucie County,FL,2026-09-21T18:54:15Z,2026-09-28T20:14:57Z,7.056042,False,True,https://api.fususone.com/api/public/organizations/stluciesheriff/stats/
stluciesheriff,totalOwnedCameras,previous,124,124,0,0.0,0.0,Connect St Lucie County,St. Lucie County,FL,2026-09-21T18:54:15Z,2026-09-28T20:14:57Z,7.056042,False,True,https://api.fususone.com/api/public/organizations/stluciesheriff/stats/
stluciesheriff,totalSharedCameras,previous,0,0,0,,0.0,Connect St Lucie County,St. Lucie County,FL,2026-09-21T18:54:15Z,2026-09-28T20:14:57Z,7.056042,True,True,https://api.fususone.com/api/public/organizations/stluciesheriff/stats/
stluciesheriff,totalMaxCameras,previous,1500,1500,0,0.0,0.0,Connect St Lucie County,St. Lucie County,FL,2026-09-21T18:54:15Z,2026-09-28T20:14:57Z,7.056042,False,True,https://api.fususone.com/api/public/organizations/stluciesheriff/stats/
stluciesheriff,subscribedCameras,previous,72,72,0,0.0,0.0,Connect St Lucie County,St. Lucie County,FL,2026-09-21T18:54:15Z,2026-09-28T20:14:57Z,7.056042,False,True,https://api.fususone.com/api/public/organizations/stluciesheriff/stats/
stocktonpdca,totalRegisteredCameras,previous,52,52,0,0.0,0.0,SaferStockton,Stockton,CA,2026-09-21T18:54:16Z,2026-09-28T20:14:58Z,7.056042,False,True,https://api.fususone.com/api/public/organizations/stocktonpdca/stats/
stocktonpdca,totalIntegratedCameras,previous,371,371,0,0.0,0.0,SaferStockton,Stockton,CA,2026-09-21T18:54:16Z,2026-09-28T20:14:58Z,7.056042,False,True,https://api.fususone.com/api/public/organizations/stocktonpdca/stats/
stocktonpdca,totalOwnedCameras,previous,370,370,0,0.0,0.0,SaferStockton,Stockton,CA,2026-09-21T18:54:16Z,2026-09-28T20:14:58Z,7.056042,False,True,https://api.fususone.com/api/public/organizations/stocktonpdca/stats/
stocktonpdca,totalSharedCameras,previous,1,1,0,0.0,0.0,SaferStockton,Stockton,CA,2026-09-21T18:54:16Z,2026-09-28T20:14:58Z,7.056042,False,True,https://api.fususone.com/api/public/organizations/stocktonpdca/stats/
stocktonpdca,totalMaxCameras,previous,1,1,0,0.0,0.0,SaferStockton,Stockton,CA,2026-09-21T18:54:16Z,2026-09-28T20:14:58Z,7.056042,False,True,https://api.fususone.com/api/public/organizations/stocktonpdca/stats/
stocktonpdca,subscribedCameras,previous,366,366,0,0.0,0.0,SaferStockton,Stockton,CA,2026-09-21T18:54:16Z,2026-09-28T20:14:58Z,7.056042,False,True,https://api.fususone.com/api/public/organizations/stocktonpdca/stats/
stpaulpdmn,totalRegisteredCameras,previous,65,66,1,0.015384615384615385,0.9920576338244412,Connect Saint Paul,Saint Paul,MN,2026-09-21T18:54:17Z,2026-09-28T20:14:59Z,7.056042,False,True,https://api.fususone.com/api/public/organizations/stpaulpdmn/stats/
stpaulpdmn,totalIntegratedCameras,previous,1247,1247,0,0.0,0.0,Connect Saint Paul,Saint Paul,MN,2026-09-21T18:54:17Z,2026-09-28T20:14:59Z,7.056042,False,True,https://api.fususone.com/api/public/organizations/stpaulpdmn/stats/
stpaulpdmn,totalOwnedCameras,previous,341,341,0,0.0,0.0,Connect Saint Paul,Saint Paul,MN,2026-09-21T18:54:17Z,2026-09-28T20:14:59Z,7.056042,False,True,https://api.fususone.com/api/public/organizations/stpaulpdmn/stats/
stpaulpdmn,totalSharedCameras,previous,445,445,0,0.0,0.0,Connect Saint Paul,Saint Paul,MN,2026-09-21T18:54:17Z,2026-09-28T20:14:59Z,7.056042,False,True,https://api.fususone.com/api/public/organizations/stpaulpdmn/stats/
stpaulpdmn,totalMaxCameras,previous,0,0,0,,0.0,Connect Saint Paul,Saint Paul,MN,2026-09-21T18:54:17Z,2026-09-28T20:14:59Z,7.056042,True,True,https://api.fususone.com/api/public/organizations/stpaulpdmn/stats/
stpaulpdmn,subscribedCameras,previous,332,332,0,0.0,0.0,Connect Saint Paul,Saint Paul,MN,2026-09-21T18:54:17Z,2026-09-28T20:14:59Z,7.056042,False,True,https://api.fususone.com/api/public/organizations/stpaulpdmn/stats/
sumnercounty,totalRegisteredCameras,previous,461,461,0,0.0,0.0,Connect Sumner,Sumner,TN,2026-09-21T18:54:18Z,2026-09-28T20:15:00Z,7.056042,False,True,https://api.fususone.com/api/public/organizations/sumnercounty/stats/
sumnercounty,totalIntegratedCameras,previous,92,92,0,0.0,0.0,Connect Sumner,Sumner,TN,2026-09-21T18:54:18Z,2026-09-28T20:15:00Z,7.056042,False,True,https://api.fususone.com/api/public/organizations/sumnercounty/stats/
sumnercounty,totalOwnedCameras,previous,33,33,0,0.0,0.0,Connect Sumner,Sumner,TN,2026-09-21T18:54:18Z,2026-09-28T20:15:00Z,7.056042,False,True,https://api.fususone.com/api/public/organizations/sumnercounty/stats/
sumnercounty,totalSharedCameras,previous,38,38,0,0.0,0.0,Connect Sumner,Sumner,TN,2026-09-21T18:54:18Z,2026-09-28T20:15:00Z,7.056042,False,True,https://api.fususone.com/api/public/organizations/sumnercounty/stats/
sumnercounty,totalMaxCameras,previous,4000,4000,0,0.0,0.0,Connect Sumner,Sumner,TN,2026-09-21T18:54:18Z,2026-09-28T20:15:00Z,7.056042,False,True,https://api.fususone.com/api/public/organizations/sumnercounty/stats/
sumnercounty,subscribedCameras,previous,31,31,0,0.0,0.0,Connect Sumner,Sumner,TN,2026-09-21T18:54:18Z,2026-09-28T20:15:00Z,7.056042,False,True,https://api.fususone.com/api/public/organizations/sumnercounty/stats/
tempepd,totalRegisteredCameras,previous,172,172,0,0.0,0.0,Connect Tempe,Tempe,AZ,2026-09-21T18:54:19Z,2026-09-28T20:15:01Z,7.056042,False,True,https://api.fususone.com/api/public/organizations/tempepd/stats/
tempepd,totalIntegratedCameras,previous,1506,1506,0,0.0,0.0,Connect Tempe,Tempe,AZ,2026-09-21T18:54:19Z,2026-09-28T20:15:01Z,7.056042,False,True,https://api.fususone.com/api/public/organizations/tempepd/stats/
tempepd,totalOwnedCameras,previous,907,907,0,0.0,0.0,Connect Tempe,Tempe,AZ,2026-09-21T18:54:19Z,2026-09-28T20:15:01Z,7.056042,False,True,https://api.fususone.com/api/public/organizations/tempepd/stats/
tempepd,totalSharedCameras,previous,0,0,0,,0.0,Connect Tempe,Tempe,AZ,2026-09-21T18:54:19Z,2026-09-28T20:15:01Z,7.056042,True,True,https://api.fususone.com/api/public/organizations/tempepd/stats/
tempepd,totalMaxCameras,previous,1500,1500,0,0.0,0.0,Connect Tempe,Tempe,AZ,2026-09-21T18:54:19Z,2026-09-28T20:15:01Z,7.056042,False,True,https://api.fususone.com/api/public/organizations/tempepd/stats/
tempepd,subscribedCameras,previous,907,907,0,0.0,0.0,Connect Tempe,Tempe,AZ,2026-09-21T18:54:19Z,2026-09-28T20:15:01Z,7.056042,False,True,https://api.fususone.com/api/public/organizations/tempepd/stats/
torrancepd,totalRegisteredCameras,previous,133,133,0,0.0,0.0,Secure Torrance,Torrance,CA,2026-09-21T18:54:20Z,2026-09-28T20:15:02Z,7.056042,False,True,https://api.fususone.com/api/public/organizations/torrancepd/stats/
torrancepd,totalIntegratedCameras,previous,389,389,0,0.0,0.0,Secure Torrance,Torrance,CA,2026-09-21T18:54:20Z,2026-09-28T20:15:02Z,7.056042,False,True,https://api.fususone.com/api/public/organizations/torrancepd/stats/
torrancepd,totalOwnedCameras,previous,143,143,0,0.0,0.0,Secure Torrance,Torrance,CA,2026-09-21T18:54:20Z,2026-09-28T20:15:02Z,7.056042,False,True,https://api.fususone.com/api/public/organizations/torrancepd/stats/
torrancepd,totalSharedCameras,previous,246,246,0,0.0,0.0,Secure Torrance,Torrance,CA,2026-09-21T18:54:20Z,2026-09-28T20:15:02Z,7.056042,False,True,https://api.fususone.com/api/public/organizations/torrancepd/stats/
torrancepd,totalMaxCameras,previous,200,200,0,0.0,0.0,Secure Torrance,Torrance,CA,2026-09-21T18:54:20Z,2026-09-28T20:15:02Z,7.056042,False,True,https://api.fususone.com/api/public/organizations/torrancepd/stats/
torrancepd,subscribedCameras,previous,93,93,0,0.0,0.0,Secure Torrance,Torrance,CA,2026-09-21T18:54:20Z,2026-09-28T20:15:02Z,7.056042,False,True,https://api.fususone.com/api/public/organizations/torrancepd/stats/
tucsonpd,totalRegisteredCameras,previous,1329,1329,0,0.0,0.0,Connect Tucson,Tucson,AZ,2026-09-21T18:54:22Z,2026-09-28T20:15:04Z,7.056042,False,True,https://api.fususone.com/api/public/organizations/tucsonpd/stats/
tucsonpd,totalIntegratedCameras,previous,632,637,5,0.007911392405063292,4.960288169122206,Connect Tucson,Tucson,AZ,2026-09-21T18:54:22Z,2026-09-28T20:15:04Z,7.056042,False,True,https://api.fususone.com/api/public/organizations/tucsonpd/stats/
tucsonpd,totalOwnedCameras,previous,461,466,5,0.010845986984815618,4.960288169122206,Connect Tucson,Tucson,AZ,2026-09-21T18:54:22Z,2026-09-28T20:15:04Z,7.056042,False,True,https://api.fususone.com/api/public/organizations/tucsonpd/stats/
tucsonpd,totalSharedCameras,previous,0,0,0,,0.0,Connect Tucson,Tucson,AZ,2026-09-21T18:54:22Z,2026-09-28T20:15:04Z,7.056042,True,True,https://api.fususone.com/api/public/organizations/tucsonpd/stats/
tucsonpd,totalMaxCameras,previous,1500,1500,0,0.0,0.0,Connect Tucson,Tucson,AZ,2026-09-21T18:54:22Z,2026-09-28T20:15:04Z,7.056042,False,True,https://api.fususone.com/api/public/organizations/tucsonpd/stats/
tucsonpd,subscribedCameras,previous,462,467,5,0.010822510822510822,4.960288169122206,Connect Tucson,Tucson,AZ,2026-09-21T18:54:22Z,2026-09-28T20:15:04Z,7.056042,False,True,https://api.fususone.com/api/public/organizations/tucsonpd/stats/
tupeloms,totalRegisteredCameras,previous,271,271,0,0.0,0.0,Connect Tupelo,Tupelo,MS,2026-09-21T18:54:23Z,2026-09-28T20:15:05Z,7.056042,False,True,https://api.fususone.com/api/public/organizations/tupeloms/stats/
tupeloms,totalIntegratedCameras,previous,349,349,0,0.0,0.0,Connect Tupelo,Tupelo,MS,2026-09-21T18:54:23Z,2026-09-28T20:15:05Z,7.056042,False,True,https://api.fususone.com/api/public/organizations/tupeloms/stats/
tupeloms,totalOwnedCameras,previous,349,349,0,0.0,0.0,Connect Tupelo,Tupelo,MS,2026-09-21T18:54:23Z,2026-09-28T20:15:05Z,7.056042,False,True,https://api.fususone.com/api/public/organizations/tupeloms/stats/
tupeloms,totalSharedCameras,previous,0,0,0,,0.0,Connect Tupelo,Tupelo,MS,2026-09-21T18:54:23Z,2026-09-28T20:15:05Z,7.056042,True,True,https://api.fususone.com/api/public/organizations/tupeloms/stats/
tupeloms,totalMaxCameras,previous,500,500,0,0.0,0.0,Connect Tupelo,Tupelo,MS,2026-09-21T18:54:23Z,2026-09-28T20:15:05Z,7.056042,False,True,https://api.fususone.com/api/public/organizations/tupeloms/stats/
tupeloms,subscribedCameras,previous,344,344,0,0.0,0.0,Connect Tupelo,Tupelo,MS,2026-09-21T18:54:23Z,2026-09-28T20:15:05Z,7.056042,False,True,https://api.fususone.com/api/public/organizations/tupeloms/stats/
turlockpd,totalRegisteredCameras,previous,199,199,0,0.0,0.0,Connect Turlock,Turlock,CA,2026-09-21T18:54:24Z,2026-09-28T20:15:06Z,7.056042,False,True,https://api.fususone.com/api/public/organizations/turlockpd/stats/
turlockpd,totalIntegratedCameras,previous,173,173,0,0.0,0.0,Connect Turlock,Turlock,CA,2026-09-21T18:54:24Z,2026-09-28T20:15:06Z,7.056042,False,True,https://api.fususone.com/api/public/organizations/turlockpd/stats/
turlockpd,totalOwnedCameras,previous,162,162,0,0.0,0.0,Connect Turlock,Turlock,CA,2026-09-21T18:54:24Z,2026-09-28T20:15:06Z,7.056042,False,True,https://api.fususone.com/api/public/organizations/turlockpd/stats/
turlockpd,totalSharedCameras,previous,11,11,0,0.0,0.0,Connect Turlock,Turlock,CA,2026-09-21T18:54:24Z,2026-09-28T20:15:06Z,7.056042,False,True,https://api.fususone.com/api/public/organizations/turlockpd/stats/
turlockpd,totalMaxCameras,previous,150,150,0,0.0,0.0,Connect Turlock,Turlock,CA,2026-09-21T18:54:24Z,2026-09-28T20:15:06Z,7.056042,False,True,https://api.fususone.com/api/public/organizations/turlockpd/stats/
turlockpd,subscribedCameras,previous,162,162,0,0.0,0.0,Connect Turlock,Turlock,CA,2026-09-21T18:54:24Z,2026-09-28T20:15:06Z,7.056042,False,True,https://api.fususone.com/api/public/organizations/turlockpd/stats/
tuscaloosapd,totalRegisteredCameras,previous,258,258,0,0.0,0.0,Safeguard Tuscaloosa,Tuscaloosa,AL,2026-09-21T18:54:25Z,2026-09-28T20:15:07Z,7.056042,False,True,https://api.fususone.com/api/public/organizations/tuscaloosapd/stats/
tuscaloosapd,totalIntegratedCameras,previous,1095,1095,0,0.0,0.0,Safeguard Tuscaloosa,Tuscaloosa,AL,2026-09-21T18:54:25Z,2026-09-28T20:15:07Z,7.056042,False,True,https://api.fususone.com/api/public/organizations/tuscaloosapd/stats/
tuscaloosapd,totalOwnedCameras,previous,401,401,0,0.0,0.0,Safeguard Tuscaloosa,Tuscaloosa,AL,2026-09-21T18:54:25Z,2026-09-28T20:15:07Z,7.056042,False,True,https://api.fususone.com/api/public/organizations/tuscaloosapd/stats/
tuscaloosapd,totalSharedCameras,previous,624,624,0,0.0,0.0,Safeguard Tuscaloosa,Tuscaloosa,AL,2026-09-21T18:54:25Z,2026-09-28T20:15:07Z,7.056042,False,True,https://api.fususone.com/api/public/organizations/tuscaloosapd/stats/
tuscaloosapd,totalMaxCameras,previous,1500,1500,0,0.0,0.0,Safeguard Tuscaloosa,Tuscaloosa,AL,2026-09-21T18:54:25Z,2026-09-28T20:15:07Z,7.056042,False,True,https://api.fususone.com/api/public/organizations/tuscaloosapd/stats/
tuscaloosapd,subscribedCameras,previous,381,381,0,0.0,0.0,Safeguard Tuscaloosa,Tuscaloosa,AL,2026-09-21T18:54:25Z,2026-09-28T20:15:07Z,7.056042,False,True,https://api.fususone.com/api/public/organizations/tuscaloosapd/stats/
uarizonapdaz,totalRegisteredCameras,previous,0,0,0,,0.0,Connect University of Arizona,University of Arizona,AZ,2026-09-21T18:54:26Z,2026-09-28T20:15:08Z,7.056042,True,True,https://api.fususone.com/api/public/organizations/uarizonapdaz/stats/
uarizonapdaz,totalIntegratedCameras,previous,16,16,0,0.0,0.0,Connect University of Arizona,University of Arizona,AZ,2026-09-21T18:54:26Z,2026-09-28T20:15:08Z,7.056042,False,True,https://api.fususone.com/api/public/organizations/uarizonapdaz/stats/
uarizonapdaz,totalOwnedCameras,previous,4,4,0,0.0,0.0,Connect University of Arizona,University of Arizona,AZ,2026-09-21T18:54:26Z,2026-09-28T20:15:08Z,7.056042,False,True,https://api.fususone.com/api/public/organizations/uarizonapdaz/stats/
uarizonapdaz,totalSharedCameras,previous,0,0,0,,0.0,Connect University of Arizona,University of Arizona,AZ,2026-09-21T18:54:26Z,2026-09-28T20:15:08Z,7.056042,True,True,https://api.fususone.com/api/public/organizations/uarizonapdaz/stats/
uarizonapdaz,totalMaxCameras,previous,0,0,0,,0.0,Connect University of Arizona,University of Arizona,AZ,2026-09-21T18:54:26Z,2026-09-28T20:15:08Z,7.056042,True,True,https://api.fususone.com/api/public/organizations/uarizonapdaz/stats/
uarizonapdaz,subscribedCameras,previous,0,0,0,,0.0,Connect University of Arizona,University of Arizona,AZ,2026-09-21T18:54:26Z,2026-09-28T20:15:08Z,7.056042,True,True,https://api.fususone.com/api/public/organizations/uarizonapdaz/stats/
uillinoispd,totalRegisteredCameras,previous,3,3,0,0.0,0.0,Connect University of Illinois Urbana-Champaign,University of Illinois Urbana-Champaign,IL,2026-09-21T18:54:27Z,2026-09-28T20:15:09Z,7.056042,False,True,https://api.fususone.com/api/public/organizations/uillinoispd/stats/
uillinoispd,totalIntegratedCameras,previous,4177,4177,0,0.0,0.0,Connect University of Illinois Urbana-Champaign,University of Illinois Urbana-Champaign,IL,2026-09-21T18:54:27Z,2026-09-28T20:15:09Z,7.056042,False,True,https://api.fususone.com/api/public/organizations/uillinoispd/stats/
uillinoispd,totalOwnedCameras,previous,4089,4089,0,0.0,0.0,Connect University of Illinois Urbana-Champaign,University of Illinois Urbana-Champaign,IL,2026-09-21T18:54:27Z,2026-09-28T20:15:09Z,7.056042,False,True,https://api.fususone.com/api/public/organizations/uillinoispd/stats/
uillinoispd,totalSharedCameras,previous,0,0,0,,0.0,Connect University of Illinois Urbana-Champaign,University of Illinois Urbana-Champaign,IL,2026-09-21T18:54:27Z,2026-09-28T20:15:09Z,7.056042,True,True,https://api.fususone.com/api/public/organizations/uillinoispd/stats/
uillinoispd,totalMaxCameras,previous,0,0,0,,0.0,Connect University of Illinois Urbana-Champaign,University of Illinois Urbana-Champaign,IL,2026-09-21T18:54:27Z,2026-09-28T20:15:09Z,7.056042,True,True,https://api.fususone.com/api/public/organizations/uillinoispd/stats/
uillinoispd,subscribedCameras,previous,4079,4079,0,0.0,0.0,Connect University of Illinois Urbana-Champaign,University of Illinois Urbana-Champaign,IL,2026-09-21T18:54:27Z,2026-09-28T20:15:09Z,7.056042,False,True,https://api.fususone.com/api/public/organizations/uillinoispd/stats/
universityofmissouripdmo,totalRegisteredCameras,previous,145,145,0,0.0,0.0,Mizzou SafeConnect,Mizzou,MO,2026-09-21T18:54:28Z,2026-09-28T20:15:10Z,7.056042,False,True,https://api.fususone.com/api/public/organizations/universityofmissouripdmo/stats/
universityofmissouripdmo,totalIntegratedCameras,previous,1012,1012,0,0.0,0.0,Mizzou SafeConnect,Mizzou,MO,2026-09-21T18:54:28Z,2026-09-28T20:15:10Z,7.056042,False,True,https://api.fususone.com/api/public/organizations/universityofmissouripdmo/stats/
universityofmissouripdmo,totalOwnedCameras,previous,1012,1012,0,0.0,0.0,Mizzou SafeConnect,Mizzou,MO,2026-09-21T18:54:28Z,2026-09-28T20:15:10Z,7.056042,False,True,https://api.fususone.com/api/public/organizations/universityofmissouripdmo/stats/
universityofmissouripdmo,totalSharedCameras,previous,0,0,0,,0.0,Mizzou SafeConnect,Mizzou,MO,2026-09-21T18:54:28Z,2026-09-28T20:15:10Z,7.056042,True,True,https://api.fususone.com/api/public/organizations/universityofmissouripdmo/stats/
universityofmissouripdmo,totalMaxCameras,previous,0,0,0,,0.0,Mizzou SafeConnect,Mizzou,MO,2026-09-21T18:54:28Z,2026-09-28T20:15:10Z,7.056042,True,True,https://api.fususone.com/api/public/organizations/universityofmissouripdmo/stats/
universityofmissouripdmo,subscribedCameras,previous,999,999,0,0.0,0.0,Mizzou SafeConnect,Mizzou,MO,2026-09-21T18:54:28Z,2026-09-28T20:15:10Z,7.056042,False,True,https://api.fususone.com/api/public/organizations/universityofmissouripdmo/stats/
virginiabeachpd,totalRegisteredCameras,previous,1447,1447,0,0.0,0.0,Connect Virginia Beach,Virginia Beach,VA,2026-09-21T18:54:29Z,2026-09-28T20:15:11Z,7.056042,False,True,https://api.fususone.com/api/public/organizations/virginiabeachpd/stats/
virginiabeachpd,totalIntegratedCameras,previous,3301,3308,7,0.0021205695243865495,6.944403436771089,Connect Virginia Beach,Virginia Beach,VA,2026-09-21T18:54:29Z,2026-09-28T20:15:11Z,7.056042,False,True,https://api.fususone.com/api/public/organizations/virginiabeachpd/stats/
virginiabeachpd,totalOwnedCameras,previous,647,647,0,0.0,0.0,Connect Virginia Beach,Virginia Beach,VA,2026-09-21T18:54:29Z,2026-09-28T20:15:11Z,7.056042,False,True,https://api.fususone.com/api/public/organizations/virginiabeachpd/stats/
virginiabeachpd,totalSharedCameras,previous,1409,1409,0,0.0,0.0,Connect Virginia Beach,Virginia Beach,VA,2026-09-21T18:54:29Z,2026-09-28T20:15:11Z,7.056042,False,True,https://api.fususone.com/api/public/organizations/virginiabeachpd/stats/
virginiabeachpd,totalMaxCameras,previous,2000,2000,0,0.0,0.0,Connect Virginia Beach,Virginia Beach,VA,2026-09-21T18:54:29Z,2026-09-28T20:15:11Z,7.056042,False,True,https://api.fususone.com/api/public/organizations/virginiabeachpd/stats/
virginiabeachpd,subscribedCameras,previous,636,636,0,0.0,0.0,Connect Virginia Beach,Virginia Beach,VA,2026-09-21T18:54:29Z,2026-09-28T20:15:11Z,7.056042,False,True,https://api.fususone.com/api/public/organizations/virginiabeachpd/stats/
volusiasheriff,totalRegisteredCameras,previous,670,670,0,0.0,0.0,Connect Volusia,Volusia,FL,2026-09-21T18:54:30Z,2026-09-28T20:15:12Z,7.056042,False,True,https://api.fususone.com/api/public/organizations/volusiasheriff/stats/
volusiasheriff,totalIntegratedCameras,previous,3953,3953,0,0.0,0.0,Connect Volusia,Volusia,FL,2026-09-21T18:54:30Z,2026-09-28T20:15:12Z,7.056042,False,True,https://api.fususone.com/api/public/organizations/volusiasheriff/stats/
volusiasheriff,totalOwnedCameras,previous,577,577,0,0.0,0.0,Connect Volusia,Volusia,FL,2026-09-21T18:54:30Z,2026-09-28T20:15:12Z,7.056042,False,True,https://api.fususone.com/api/public/organizations/volusiasheriff/stats/
volusiasheriff,totalSharedCameras,previous,3025,3025,0,0.0,0.0,Connect Volusia,Volusia,FL,2026-09-21T18:54:30Z,2026-09-28T20:15:12Z,7.056042,False,True,https://api.fususone.com/api/public/organizations/volusiasheriff/stats/
volusiasheriff,totalMaxCameras,previous,1500,1500,0,0.0,0.0,Connect Volusia,Volusia,FL,2026-09-21T18:54:30Z,2026-09-28T20:15:12Z,7.056042,False,True,https://api.fususone.com/api/public/organizations/volusiasheriff/stats/
volusiasheriff,subscribedCameras,previous,900,900,0,0.0,0.0,Connect Volusia,Volusia,FL,2026-09-21T18:54:30Z,2026-09-28T20:15:12Z,7.056042,False,True,https://api.fususone.com/api/public/organizations/volusiasheriff/stats/
wakecounty,totalRegisteredCameras,previous,171,171,0,0.0,0.0,Connect Wake County,Wake County,NC,2026-09-21T18:54:31Z,2026-09-28T20:15:13Z,7.056042,False,True,https://api.fususone.com/api/public/organizations/wakecounty/stats/
wakecounty,totalIntegratedCameras,previous,970,970,0,0.0,0.0,Connect Wake County,Wake County,NC,2026-09-21T18:54:31Z,2026-09-28T20:15:13Z,7.056042,False,True,https://api.fususone.com/api/public/organizations/wakecounty/stats/
wakecounty,totalOwnedCameras,previous,285,287,2,0.007017543859649123,1.9841152676488825,Connect Wake County,Wake County,NC,2026-09-21T18:54:31Z,2026-09-28T20:15:13Z,7.056042,False,True,https://api.fususone.com/api/public/organizations/wakecounty/stats/
wakecounty,totalSharedCameras,previous,57,58,1,0.017543859649122806,0.9920576338244412,Connect Wake County,Wake County,NC,2026-09-21T18:54:31Z,2026-09-28T20:15:13Z,7.056042,False,True,https://api.fususone.com/api/public/organizations/wakecounty/stats/
wakecounty,totalMaxCameras,previous,1500,1500,0,0.0,0.0,Connect Wake County,Wake County,NC,2026-09-21T18:54:31Z,2026-09-28T20:15:13Z,7.056042,False,True,https://api.fususone.com/api/public/organizations/wakecounty/stats/
wakecounty,subscribedCameras,previous,253,255,2,0.007905138339920948,1.9841152676488825,Connect Wake County,Wake County,NC,2026-09-21T18:54:31Z,2026-09-28T20:15:13Z,7.056042,False,True,https://api.fususone.com/api/public/organizations/wakecounty/stats/
warnerrobinspd,totalRegisteredCameras,previous,218,218,0,0.0,0.0,Connect Warner Robins,Warner Robins,GA,2026-09-21T18:54:32Z,2026-09-28T20:15:14Z,7.056042,False,True,https://api.fususone.com/api/public/organizations/warnerrobinspd/stats/
warnerrobinspd,totalIntegratedCameras,previous,9230,9231,1,0.00010834236186348862,0.9920576338244412,Connect Warner Robins,Warner Robins,GA,2026-09-21T18:54:32Z,2026-09-28T20:15:14Z,7.056042,False,True,https://api.fususone.com/api/public/organizations/warnerrobinspd/stats/
warnerrobinspd,totalOwnedCameras,previous,139,139,0,0.0,0.0,Connect Warner Robins,Warner Robins,GA,2026-09-21T18:54:32Z,2026-09-28T20:15:14Z,7.056042,False,True,https://api.fususone.com/api/public/organizations/warnerrobinspd/stats/
warnerrobinspd,totalSharedCameras,previous,0,0,0,,0.0,Connect Warner Robins,Warner Robins,GA,2026-09-21T18:54:32Z,2026-09-28T20:15:14Z,7.056042,True,True,https://api.fususone.com/api/public/organizations/warnerrobinspd/stats/
warnerrobinspd,totalMaxCameras,previous,500,500,0,0.0,0.0,Connect Warner Robins,Warner Robins,GA,2026-09-21T18:54:32Z,2026-09-28T20:15:14Z,7.056042,False,True,https://api.fususone.com/api/public/organizations/warnerrobinspd/stats/
warnerrobinspd,subscribedCameras,previous,139,139,0,0.0,0.0,Connect Warner Robins,Warner Robins,GA,2026-09-21T18:54:32Z,2026-09-28T20:15:14Z,7.056042,False,True,https://api.fususone.com/api/public/organizations/warnerrobinspd/stats/
warrenpdmi,totalRegisteredCameras,previous,64,64,0,0.0,0.0,Connect Warren,Warren,MI,2026-09-21T18:54:33Z,2026-09-28T20:15:15Z,7.056042,False,True,https://api.fususone.com/api/public/organizations/warrenpdmi/stats/
warrenpdmi,totalIntegratedCameras,previous,223,238,15,0.06726457399103139,14.880864507366619,Connect Warren,Warren,MI,2026-09-21T18:54:33Z,2026-09-28T20:15:15Z,7.056042,False,True,https://api.fususone.com/api/public/organizations/warrenpdmi/stats/
warrenpdmi,totalOwnedCameras,previous,144,144,0,0.0,0.0,Connect Warren,Warren,MI,2026-09-21T18:54:33Z,2026-09-28T20:15:15Z,7.056042,False,True,https://api.fususone.com/api/public/organizations/warrenpdmi/stats/
warrenpdmi,totalSharedCameras,previous,79,94,15,0.189873417721519,14.880864507366619,Connect Warren,Warren,MI,2026-09-21T18:54:33Z,2026-09-28T20:15:15Z,7.056042,False,True,https://api.fususone.com/api/public/organizations/warrenpdmi/stats/
warrenpdmi,totalMaxCameras,previous,1500,1500,0,0.0,0.0,Connect Warren,Warren,MI,2026-09-21T18:54:33Z,2026-09-28T20:15:15Z,7.056042,False,True,https://api.fususone.com/api/public/organizations/warrenpdmi/stats/
warrenpdmi,subscribedCameras,previous,117,117,0,0.0,0.0,Connect Warren,Warren,MI,2026-09-21T18:54:33Z,2026-09-28T20:15:15Z,7.056042,False,True,https://api.fususone.com/api/public/organizations/warrenpdmi/stats/
washoesheriff,totalRegisteredCameras,previous,9,9,0,0.0,0.0,Connect Washoe County,Washoe County,NV,2026-09-21T18:54:34Z,2026-09-28T20:15:16Z,7.056042,False,True,https://api.fususone.com/api/public/organizations/washoesheriff/stats/
washoesheriff,totalIntegratedCameras,previous,470,470,0,0.0,0.0,Connect Washoe County,Washoe County,NV,2026-09-21T18:54:34Z,2026-09-28T20:15:16Z,7.056042,False,True,https://api.fususone.com/api/public/organizations/washoesheriff/stats/
washoesheriff,totalOwnedCameras,previous,178,178,0,0.0,0.0,Connect Washoe County,Washoe County,NV,2026-09-21T18:54:34Z,2026-09-28T20:15:16Z,7.056042,False,True,https://api.fususone.com/api/public/organizations/washoesheriff/stats/
washoesheriff,totalSharedCameras,previous,4,4,0,0.0,0.0,Connect Washoe County,Washoe County,NV,2026-09-21T18:54:34Z,2026-09-28T20:15:16Z,7.056042,False,True,https://api.fususone.com/api/public/organizations/washoesheriff/stats/
washoesheriff,totalMaxCameras,previous,500,500,0,0.0,0.0,Connect Washoe County,Washoe County,NV,2026-09-21T18:54:34Z,2026-09-28T20:15:16Z,7.056042,False,True,https://api.fususone.com/api/public/organizations/washoesheriff/stats/
washoesheriff,subscribedCameras,previous,171,171,0,0.0,0.0,Connect Washoe County,Washoe County,NV,2026-09-21T18:54:34Z,2026-09-28T20:15:16Z,7.056042,False,True,https://api.fususone.com/api/public/organizations/washoesheriff/stats/
webbcountyso,totalRegisteredCameras,previous,0,0,0,,0.0,Connect Webb County,Webb County,TX,2026-09-21T18:54:35Z,2026-09-28T20:15:17Z,7.056042,True,True,https://api.fususone.com/api/public/organizations/webbcountyso/stats/
webbcountyso,totalIntegratedCameras,previous,279,279,0,0.0,0.0,Connect Webb County,Webb County,TX,2026-09-21T18:54:35Z,2026-09-28T20:15:17Z,7.056042,False,True,https://api.fususone.com/api/public/organizations/webbcountyso/stats/
webbcountyso,totalOwnedCameras,previous,279,279,0,0.0,0.0,Connect Webb County,Webb County,TX,2026-09-21T18:54:35Z,2026-09-28T20:15:17Z,7.056042,False,True,https://api.fususone.com/api/public/organizations/webbcountyso/stats/
webbcountyso,totalSharedCameras,previous,0,0,0,,0.0,Connect Webb County,Webb County,TX,2026-09-21T18:54:35Z,2026-09-28T20:15:17Z,7.056042,True,True,https://api.fususone.com/api/public/organizations/webbcountyso/stats/
webbcountyso,totalMaxCameras,previous,2000,2000,0,0.0,0.0,Connect Webb County,Webb County,TX,2026-09-21T18:54:35Z,2026-09-28T20:15:17Z,7.056042,False,True,https://api.fususone.com/api/public/organizations/webbcountyso/stats/
webbcountyso,subscribedCameras,previous,275,275,0,0.0,0.0,Connect Webb County,Webb County,TX,2026-09-21T18:54:35Z,2026-09-28T20:15:17Z,7.056042,False,True,https://api.fususone.com/api/public/organizations/webbcountyso/stats/
westsacramento,totalRegisteredCameras,previous,831,831,0,0.0,0.0,West Sacramento Safe and Secure,West Sacramento,CA,2026-09-21T18:54:36Z,2026-09-28T20:15:18Z,7.056042,False,True,https://api.fususone.com/api/public/organizations/westsacramento/stats/
westsacramento,totalIntegratedCameras,previous,512,513,1,0.001953125,0.9920576338244412,West Sacramento Safe and Secure,West Sacramento,CA,2026-09-21T18:54:36Z,2026-09-28T20:15:18Z,7.056042,False,True,https://api.fususone.com/api/public/organizations/westsacramento/stats/
westsacramento,totalOwnedCameras,previous,339,340,1,0.0029498525073746312,0.9920576338244412,West Sacramento Safe and Secure,West Sacramento,CA,2026-09-21T18:54:36Z,2026-09-28T20:15:18Z,7.056042,False,True,https://api.fususone.com/api/public/organizations/westsacramento/stats/
westsacramento,totalSharedCameras,previous,89,89,0,0.0,0.0,West Sacramento Safe and Secure,West Sacramento,CA,2026-09-21T18:54:36Z,2026-09-28T20:15:18Z,7.056042,False,True,https://api.fususone.com/api/public/organizations/westsacramento/stats/
westsacramento,totalMaxCameras,previous,500,500,0,0.0,0.0,West Sacramento Safe and Secure,West Sacramento,CA,2026-09-21T18:54:36Z,2026-09-28T20:15:18Z,7.056042,False,True,https://api.fususone.com/api/public/organizations/westsacramento/stats/
westsacramento,subscribedCameras,previous,328,329,1,0.003048780487804878,0.9920576338244412,West Sacramento Safe and Secure,West Sacramento,CA,2026-09-21T18:54:36Z,2026-09-28T20:15:18Z,7.056042,False,True,https://api.fususone.com/api/public/organizations/westsacramento/stats/
wheatonpd,totalRegisteredCameras,previous,427,428,1,0.00234192037470726,0.9920576338244412,Connect Wheaton,Wheaton,IL,2026-09-21T18:54:37Z,2026-09-28T20:15:19Z,7.056042,False,True,https://api.fususone.com/api/public/organizations/wheatonpd/stats/
wheatonpd,totalIntegratedCameras,previous,535,535,0,0.0,0.0,Connect Wheaton,Wheaton,IL,2026-09-21T18:54:37Z,2026-09-28T20:15:19Z,7.056042,False,True,https://api.fususone.com/api/public/organizations/wheatonpd/stats/
wheatonpd,totalOwnedCameras,previous,535,535,0,0.0,0.0,Connect Wheaton,Wheaton,IL,2026-09-21T18:54:37Z,2026-09-28T20:15:19Z,7.056042,False,True,https://api.fususone.com/api/public/organizations/wheatonpd/stats/
wheatonpd,totalSharedCameras,previous,0,0,0,,0.0,Connect Wheaton,Wheaton,IL,2026-09-21T18:54:37Z,2026-09-28T20:15:19Z,7.056042,True,True,https://api.fususone.com/api/public/organizations/wheatonpd/stats/
wheatonpd,totalMaxCameras,previous,1500,1500,0,0.0,0.0,Connect Wheaton,Wheaton,IL,2026-09-21T18:54:37Z,2026-09-28T20:15:19Z,7.056042,False,True,https://api.fususone.com/api/public/organizations/wheatonpd/stats/
wheatonpd,subscribedCameras,previous,531,531,0,0.0,0.0,Connect Wheaton,Wheaton,IL,2026-09-21T18:54:37Z,2026-09-28T20:15:19Z,7.056042,False,True,https://api.fususone.com/api/public/organizations/wheatonpd/stats/
whitehallpd,totalRegisteredCameras,previous,575,575,0,0.0,0.0,Connect Whitehall,Whitehall,OH,2026-09-21T18:54:38Z,2026-09-28T20:15:20Z,7.056042,False,True,https://api.fususone.com/api/public/organizations/whitehallpd/stats/
whitehallpd,totalIntegratedCameras,previous,615,615,0,0.0,0.0,Connect Whitehall,Whitehall,OH,2026-09-21T18:54:38Z,2026-09-28T20:15:20Z,7.056042,False,True,https://api.fususone.com/api/public/organizations/whitehallpd/stats/
whitehallpd,totalOwnedCameras,previous,153,153,0,0.0,0.0,Connect Whitehall,Whitehall,OH,2026-09-21T18:54:38Z,2026-09-28T20:15:20Z,7.056042,False,True,https://api.fususone.com/api/public/organizations/whitehallpd/stats/
whitehallpd,totalSharedCameras,previous,462,462,0,0.0,0.0,Connect Whitehall,Whitehall,OH,2026-09-21T18:54:38Z,2026-09-28T20:15:20Z,7.056042,False,True,https://api.fususone.com/api/public/organizations/whitehallpd/stats/
whitehallpd,totalMaxCameras,previous,1500,1500,0,0.0,0.0,Connect Whitehall,Whitehall,OH,2026-09-21T18:54:38Z,2026-09-28T20:15:20Z,7.056042,False,True,https://api.fususone.com/api/public/organizations/whitehallpd/stats/
whitehallpd,subscribedCameras,previous,151,151,0,0.0,0.0,Connect Whitehall,Whitehall,OH,2026-09-21T18:54:38Z,2026-09-28T20:15:20Z,7.056042,False,True,https://api.fususone.com/api/public/organizations/whitehallpd/stats/
wichitapdks,totalRegisteredCameras,previous,4,9,5,1.25,4.960288169122206,Connected Wichita,Wichita,KS,2026-09-21T18:54:39Z,2026-09-28T20:15:21Z,7.056042,False,True,https://api.fususone.com/api/public/organizations/wichitapdks/stats/
wichitapdks,totalIntegratedCameras,previous,365,370,5,0.0136986301369863,4.960288169122206,Connected Wichita,Wichita,KS,2026-09-21T18:54:39Z,2026-09-28T20:15:21Z,7.056042,False,True,https://api.fususone.com/api/public/organizations/wichitapdks/stats/
wichitapdks,totalOwnedCameras,previous,344,349,5,0.014534883720930232,4.960288169122206,Connected Wichita,Wichita,KS,2026-09-21T18:54:39Z,2026-09-28T20:15:21Z,7.056042,False,True,https://api.fususone.com/api/public/organizations/wichitapdks/stats/
wichitapdks,totalSharedCameras,previous,21,21,0,0.0,0.0,Connected Wichita,Wichita,KS,2026-09-21T18:54:39Z,2026-09-28T20:15:21Z,7.056042,False,True,https://api.fususone.com/api/public/organizations/wichitapdks/stats/
wichitapdks,totalMaxCameras,previous,1500,1500,0,0.0,0.0,Connected Wichita,Wichita,KS,2026-09-21T18:54:39Z,2026-09-28T20:15:21Z,7.056042,False,True,https://api.fususone.com/api/public/organizations/wichitapdks/stats/
wichitapdks,subscribedCameras,previous,311,316,5,0.01607717041800643,4.960288169122206,Connected Wichita,Wichita,KS,2026-09-21T18:54:39Z,2026-09-28T20:15:21Z,7.056042,False,True,https://api.fususone.com/api/public/organizations/wichitapdks/stats/
williamsoncsotn,totalRegisteredCameras,previous,103,103,0,0.0,0.0,Connect Williamson,Williamson County,TN,2026-09-21T18:54:40Z,2026-09-28T20:15:22Z,7.056042,False,True,https://api.fususone.com/api/public/organizations/williamsoncsotn/stats/
williamsoncsotn,totalIntegratedCameras,previous,9,9,0,0.0,0.0,Connect Williamson,Williamson County,TN,2026-09-21T18:54:40Z,2026-09-28T20:15:22Z,7.056042,False,True,https://api.fususone.com/api/public/organizations/williamsoncsotn/stats/
williamsoncsotn,totalOwnedCameras,previous,9,9,0,0.0,0.0,Connect Williamson,Williamson County,TN,2026-09-21T18:54:40Z,2026-09-28T20:15:22Z,7.056042,False,True,https://api.fususone.com/api/public/organizations/williamsoncsotn/stats/
williamsoncsotn,totalSharedCameras,previous,0,0,0,,0.0,Connect Williamson,Williamson County,TN,2026-09-21T18:54:40Z,2026-09-28T20:15:22Z,7.056042,True,True,https://api.fususone.com/api/public/organizations/williamsoncsotn/stats/
williamsoncsotn,totalMaxCameras,previous,0,0,0,,0.0,Connect Williamson,Williamson County,TN,2026-09-21T18:54:40Z,2026-09-28T20:15:22Z,7.056042,True,True,https://api.fususone.com/api/public/organizations/williamsoncsotn/stats/
williamsoncsotn,subscribedCameras,previous,0,0,0,,0.0,Connect Williamson,Williamson County,TN,2026-09-21T18:54:40Z,2026-09-28T20:15:22Z,7.056042,True,True,https://api.fususone.com/api/public/organizations/williamsoncsotn/stats/
wilmingtonnc,totalRegisteredCameras,previous,2,2,0,0.0,0.0,Connect Wilmington,Wilmington,NC,2026-09-21T18:54:41Z,2026-09-28T20:15:23Z,7.056042,False,True,https://api.fususone.com/api/public/organizations/wilmingtonnc/stats/
wilmingtonnc,totalIntegratedCameras,previous,712,712,0,0.0,0.0,Connect Wilmington,Wilmington,NC,2026-09-21T18:54:41Z,2026-09-28T20:15:23Z,7.056042,False,True,https://api.fususone.com/api/public/organizations/wilmingtonnc/stats/
wilmingtonnc,totalOwnedCameras,previous,696,696,0,0.0,0.0,Connect Wilmington,Wilmington,NC,2026-09-21T18:54:41Z,2026-09-28T20:15:23Z,7.056042,False,True,https://api.fususone.com/api/public/organizations/wilmingtonnc/stats/
wilmingtonnc,totalSharedCameras,previous,0,0,0,,0.0,Connect Wilmington,Wilmington,NC,2026-09-21T18:54:41Z,2026-09-28T20:15:23Z,7.056042,True,True,https://api.fususone.com/api/public/organizations/wilmingtonnc/stats/
wilmingtonnc,totalMaxCameras,previous,10000,10000,0,0.0,0.0,Connect Wilmington,Wilmington,NC,2026-09-21T18:54:41Z,2026-09-28T20:15:23Z,7.056042,False,True,https://api.fususone.com/api/public/organizations/wilmingtonnc/stats/
wilmingtonnc,subscribedCameras,previous,696,696,0,0.0,0.0,Connect Wilmington,Wilmington,NC,2026-09-21T18:54:41Z,2026-09-28T20:15:23Z,7.056042,False,True,https://api.fususone.com/api/public/organizations/wilmingtonnc/stats/
wintergarden,totalRegisteredCameras,previous,0,0,0,,0.0,Connect Winter Garden,Winter Garden,FL,2026-09-21T18:54:42Z,2026-09-28T20:15:24Z,7.056042,True,True,https://api.fususone.com/api/public/organizations/wintergarden/stats/
wintergarden,totalIntegratedCameras,previous,274,274,0,0.0,0.0,Connect Winter Garden,Winter Garden,FL,2026-09-21T18:54:42Z,2026-09-28T20:15:24Z,7.056042,False,True,https://api.fususone.com/api/public/organizations/wintergarden/stats/
wintergarden,totalOwnedCameras,previous,172,172,0,0.0,0.0,Connect Winter Garden,Winter Garden,FL,2026-09-21T18:54:42Z,2026-09-28T20:15:24Z,7.056042,False,True,https://api.fususone.com/api/public/organizations/wintergarden/stats/
wintergarden,totalSharedCameras,previous,0,0,0,,0.0,Connect Winter Garden,Winter Garden,FL,2026-09-21T18:54:42Z,2026-09-28T20:15:24Z,7.056042,True,True,https://api.fususone.com/api/public/organizations/wintergarden/stats/
wintergarden,totalMaxCameras,previous,500,500,0,0.0,0.0,Connect Winter Garden,Winter Garden,FL,2026-09-21T18:54:42Z,2026-09-28T20:15:24Z,7.056042,False,True,https://api.fususone.com/api/public/organizations/wintergarden/stats/
wintergarden,subscribedCameras,previous,172,172,0,0.0,0.0,Connect Winter Garden,Winter Garden,FL,2026-09-21T18:54:42Z,2026-09-28T20:15:24Z,7.056042,False,True,https://api.fususone.com/api/public/organizations/wintergarden/stats/
winterpark,totalRegisteredCameras,previous,294,294,0,0.0,0.0,Connect Winter Park,Winter Park,FL,2026-09-21T18:54:43Z,2026-09-28T20:15:25Z,7.056042,False,True,https://api.fususone.com/api/public/organizations/winterpark/stats/
winterpark,totalIntegratedCameras,previous,1544,1544,0,0.0,0.0,Connect Winter Park,Winter Park,FL,2026-09-21T18:54:43Z,2026-09-28T20:15:25Z,7.056042,False,True,https://api.fususone.com/api/public/organizations/winterpark/stats/
winterpark,totalOwnedCameras,previous,1081,1081,0,0.0,0.0,Connect Winter Park,Winter Park,FL,2026-09-21T18:54:43Z,2026-09-28T20:15:25Z,7.056042,False,True,https://api.fususone.com/api/public/organizations/winterpark/stats/
winterpark,totalSharedCameras,previous,0,0,0,,0.0,Connect Winter Park,Winter Park,FL,2026-09-21T18:54:43Z,2026-09-28T20:15:25Z,7.056042,True,True,https://api.fususone.com/api/public/organizations/winterpark/stats/
winterpark,totalMaxCameras,previous,1500,1500,0,0.0,0.0,Connect Winter Park,Winter Park,FL,2026-09-21T18:54:43Z,2026-09-28T20:15:25Z,7.056042,False,True,https://api.fususone.com/api/public/organizations/winterpark/stats/
winterpark,subscribedCameras,previous,1073,1073,0,0.0,0.0,Connect Winter Park,Winter Park,FL,2026-09-21T18:54:43Z,2026-09-28T20:15:25Z,7.056042,False,True,https://api.fususone.com/api/public/organizations/winterpark/stats/
wpb,totalRegisteredCameras,previous,1815,1815,0,0.0,0.0,CityWatch Connect,West Palm Beach,FL,2026-09-21T18:54:44Z,2026-09-28T20:15:26Z,7.056042,False,True,https://api.fususone.com/api/public/organizations/wpb/stats/
wpb,totalIntegratedCameras,previous,958,958,0,0.0,0.0,CityWatch Connect,West Palm Beach,FL,2026-09-21T18:54:44Z,2026-09-28T20:15:26Z,7.056042,False,True,https://api.fususone.com/api/public/organizations/wpb/stats/
wpb,totalOwnedCameras,previous,460,460,0,0.0,0.0,CityWatch Connect,West Palm Beach,FL,2026-09-21T18:54:44Z,2026-09-28T20:15:26Z,7.056042,False,True,https://api.fususone.com/api/public/organizations/wpb/stats/
wpb,totalSharedCameras,previous,245,245,0,0.0,0.0,CityWatch Connect,West Palm Beach,FL,2026-09-21T18:54:44Z,2026-09-28T20:15:26Z,7.056042,False,True,https://api.fususone.com/api/public/organizations/wpb/stats/
wpb,totalMaxCameras,previous,1000,1000,0,0.0,0.0,CityWatch Connect,West Palm Beach,FL,2026-09-21T18:54:44Z,2026-09-28T20:15:26Z,7.056042,False,True,https://api.fususone.com/api/public/organizations/wpb/stats/
wpb,subscribedCameras,previous,434,434,0,0.0,0.0,CityWatch Connect,West Palm Beach,FL,2026-09-21T18:54:44Z,2026-09-28T20:15:26Z,7.056042,False,True,https://api.fususone.com/api/public/organizations/wpb/stats/
zacharypdla,totalRegisteredCameras,previous,7,7,0,0.0,0.0,Connect Zachary,Zachary,LA,2026-09-21T18:54:45Z,2026-09-28T20:15:27Z,7.056042,False,True,https://api.fususone.com/api/public/organizations/zacharypdla/stats/
zacharypdla,totalIntegratedCameras,previous,8,8,0,0.0,0.0,Connect Zachary,Zachary,LA,2026-09-21T18:54:45Z,2026-09-28T20:15:27Z,7.056042,False,True,https://api.fususone.com/api/public/organizations/zacharypdla/stats/
zacharypdla,totalOwnedCameras,previous,8,8,0,0.0,0.0,Connect Zachary,Zachary,LA,2026-09-21T18:54:45Z,2026-09-28T20:15:27Z,7.056042,False,True,https://api.fususone.com/api/public/organizations/zacharypdla/stats/
zacharypdla,totalSharedCameras,previous,0,0,0,,0.0,Connect Zachary,Zachary,LA,2026-09-21T18:54:45Z,2026-09-28T20:15:27Z,7.056042,True,True,https://api.fususone.com/api/public/organizations/zacharypdla/stats/
zacharypdla,totalMaxCameras,previous,0,0,0,,0.0,Connect Zachary,Zachary,LA,2026-09-21T18:54:45Z,2026-09-28T20:15:27Z,7.056042,True,True,https://api.fususone.com/api/public/organizations/zacharypdla/stats/
zacharypdla,subscribedCameras,previous,8,8,0,0.0,0.0,Connect Zachary,Zachary,LA,2026-09-21T18:54:45Z,2026-09-28T20:15:27Z,7.056042,False,True,https://api.fususone.com/api/public/organizations/zacharypdla/stats/
