ranking,rank,org,metric,period,change,programs,city,state,previous_at,current_at,elapsed_days,previous_count,current_count,change_pct,change_per_week,from_zero,ranking_eligible,source_url
fastest_absolute,1,pbso,totalRegisteredCameras,previous,151,Keep Palm Beach County Safe,Palm Beach County,FL,2026-09-21T18:53:11Z,2026-09-28T20:13:53Z,7.056042,1734,1885,0.08708189158016148,149.80070270749064,False,True,https://api.fususone.com/api/public/organizations/pbso/stats/
fastest_absolute,2,escambiafl,totalRegisteredCameras,previous,80,Star Network,Escambia County,FL,2026-09-21T18:51:07Z,2026-09-28T20:11:49Z,7.056042,1493,1573,0.0535833891493637,79.3646107059553,False,True,https://api.fususone.com/api/public/organizations/escambiafl/stats/
fastest_absolute,3,memphispd,totalRegisteredCameras,previous,59,Connect Memphis,Memphis,TN,2026-09-21T18:52:25Z,2026-09-28T20:13:07Z,7.056042,14156,14215,0.004167844023735518,58.53140039564204,False,True,https://api.fususone.com/api/public/organizations/memphispd/stats/
fastest_absolute,4,dcmetro,totalRegisteredCameras,previous,39,CameraConnectDC,Washington DC,DC,2026-09-21T18:50:51Z,2026-09-28T20:11:33Z,7.056042,44140,44179,0.000883552333484368,38.69024771915321,False,True,https://api.fususone.com/api/public/organizations/dcmetro/stats/
fastest_absolute,5,fairfaxcopd,totalRegisteredCameras,previous,35,Connect Fairfax County,Fairfax County,VA,2026-09-21T18:51:10Z,2026-09-28T20:11:52Z,7.056042,3530,3565,0.009915014164305949,34.72201718385544,False,True,https://api.fususone.com/api/public/organizations/fairfaxcopd/stats/
fastest_absolute,6,scrantonpd,totalRegisteredCameras,previous,35,Connect Scranton,Scranton,PA,2026-09-21T18:53:55Z,2026-09-28T20:14:37Z,7.056042,460,495,0.07608695652173914,34.72201718385544,False,True,https://api.fususone.com/api/public/organizations/scrantonpd/stats/
fastest_absolute,7,birminghampd,totalRegisteredCameras,previous,20,Connect Birmingham,Birmingham,AL,2026-09-21T18:49:50Z,2026-09-28T20:10:32Z,7.056042,773,793,0.0258732212160414,19.841152676488825,False,True,https://api.fususone.com/api/public/organizations/birminghampd/stats/
fastest_absolute,8,charlottemecklenburg,totalRegisteredCameras,previous,19,Connect Charlotte,Charlotte,NC,2026-09-21T18:50:09Z,2026-09-28T20:10:51Z,7.056042,3109,3128,0.006111289803795433,18.849095042664384,False,True,https://api.fususone.com/api/public/organizations/charlottemecklenburg/stats/
fastest_absolute,9,sacramentopd,totalRegisteredCameras,previous,14,Sacramento PD Connect,Sacramento,CA,2026-09-21T18:53:43Z,2026-09-28T20:14:25Z,7.056042,887,901,0.015783540022547914,13.888806873542178,False,True,https://api.fususone.com/api/public/organizations/sacramentopd/stats/
fastest_absolute,10,covinapdca,totalRegisteredCameras,previous,12,SaferCovina,Covina,CA,2026-09-21T18:50:43Z,2026-09-28T20:11:25Z,7.056042,15,27,0.8,11.904691605893296,False,True,https://api.fususone.com/api/public/organizations/covinapdca/stats/
fastest_absolute,11,dekalbcountyga,totalRegisteredCameras,previous,10,Connect DeKalb County,DeKalb County,GA,2026-09-21T18:50:54Z,2026-09-28T20:11:36Z,7.056042,3523,3533,0.002838489923360772,9.920576338244413,False,True,https://api.fususone.com/api/public/organizations/dekalbcountyga/stats/
fastest_absolute,12,dentonpdtx,totalRegisteredCameras,previous,10,Denton Connects,Denton,TX,2026-09-21T18:50:56Z,2026-09-28T20:11:38Z,7.056042,2,12,5.0,9.920576338244413,False,True,https://api.fususone.com/api/public/organizations/dentonpdtx/stats/
fastest_absolute,13,mcpdmd,totalRegisteredCameras,previous,10,MoCoConnect,Montgomery County,MD,2026-09-21T18:52:22Z,2026-09-28T20:13:04Z,7.056042,2260,2270,0.004424778761061947,9.920576338244413,False,True,https://api.fususone.com/api/public/organizations/mcpdmd/stats/
fastest_absolute,14,henrycountypd,totalRegisteredCameras,previous,9,Henry Safer Together,Henry County,GA,2026-09-21T18:51:38Z,2026-09-28T20:12:20Z,7.056042,4973,4982,0.0018097727729740598,8.928518704419972,False,True,https://api.fususone.com/api/public/organizations/henrycountypd/stats/
fastest_absolute,15,altoonapd,totalRegisteredCameras,previous,8,Connect Altoona,Altoona,IA,2026-09-21T18:49:27Z,2026-09-28T20:10:10Z,7.056053,347,355,0.023054755043227664,7.9364480523847565,False,True,https://api.fususone.com/api/public/organizations/altoonapd/stats/
fastest_absolute,16,cherokeega,totalRegisteredCameras,previous,8,Connect Cherokee,Cherokee County,GA,2026-09-21T18:50:11Z,2026-09-28T20:10:53Z,7.056042,625,633,0.0128,7.93646107059553,False,True,https://api.fususone.com/api/public/organizations/cherokeega/stats/
fastest_absolute,17,newportbeachpdca,totalRegisteredCameras,previous,8,Connect Newport Beach,Newport Beach,CA,2026-09-21T18:52:47Z,2026-09-28T20:13:29Z,7.056042,397,405,0.020151133501259445,7.93646107059553,False,True,https://api.fususone.com/api/public/organizations/newportbeachpdca/stats/
fastest_absolute,18,placerca,totalRegisteredCameras,previous,8,Connect Placer County,Placer County,CA,2026-09-21T18:53:19Z,2026-09-28T20:14:01Z,7.056042,550,558,0.014545454545454545,7.93646107059553,False,True,https://api.fususone.com/api/public/organizations/placerca/stats/
fastest_absolute,19,beaumonttx,totalRegisteredCameras,previous,6,Connect Southeast Texas,Southeast Texas,TX,2026-09-21T18:49:43Z,2026-09-28T20:10:25Z,7.056042,4043,4049,0.0014840465001236705,5.952345802946648,False,True,https://api.fususone.com/api/public/organizations/beaumonttx/stats/
fastest_absolute,20,charlottecounty,totalRegisteredCameras,previous,6,Connect Charlotte County,Charlotte County,FL,2026-09-21T18:50:08Z,2026-09-28T20:10:50Z,7.056042,2327,2333,0.002578427159432746,5.952345802946648,False,True,https://api.fususone.com/api/public/organizations/charlottecounty/stats/
fastest_absolute,21,raleighncpd,totalRegisteredCameras,previous,6,CONNECTRALEIGH,Raleigh,NC,2026-09-21T18:53:27Z,2026-09-28T20:14:09Z,7.056042,1862,1868,0.00322234156820623,5.952345802946648,False,True,https://api.fususone.com/api/public/organizations/raleighncpd/stats/
fastest_absolute,22,albanypolice,totalRegisteredCameras,previous,5,Connect Albany,Albany,GA,2026-09-21T18:49:24Z,2026-09-28T20:10:07Z,7.056053,726,731,0.006887052341597796,4.960280032740473,False,True,https://api.fususone.com/api/public/organizations/albanypolice/stats/
fastest_absolute,23,cityofatlanta,totalRegisteredCameras,previous,5,Connect Atlanta,Atlanta,GA,2026-09-21T18:50:17Z,2026-09-28T20:10:59Z,7.056042,17517,17522,0.00028543700405320546,4.960288169122206,False,True,https://api.fususone.com/api/public/organizations/cityofatlanta/stats/
fastest_absolute,24,highpointncpd,totalRegisteredCameras,previous,5,Link High Point,High Point,NC,2026-09-21T18:51:40Z,2026-09-28T20:12:22Z,7.056042,1243,1248,0.004022526146419952,4.960288169122206,False,True,https://api.fususone.com/api/public/organizations/highpointncpd/stats/
fastest_absolute,25,kentcountysd,totalRegisteredCameras,previous,5,The Kent Safety Network,Kent County,MI,2026-09-21T18:51:54Z,2026-09-28T20:12:36Z,7.056042,575,580,0.008695652173913044,4.960288169122206,False,True,https://api.fususone.com/api/public/organizations/kentcountysd/stats/
fastest_absolute,26,planotx,totalRegisteredCameras,previous,5,Keep Plano Safe,Plano,TX,2026-09-21T18:53:20Z,2026-09-28T20:14:02Z,7.056042,18,23,0.2777777777777778,4.960288169122206,False,True,https://api.fususone.com/api/public/organizations/planotx/stats/
fastest_absolute,27,prairievillagepdks,totalRegisteredCameras,previous,5,Connect Prairie Village,Prairie Village,KS,2026-09-21T18:53:25Z,2026-09-28T20:14:07Z,7.056042,116,121,0.04310344827586207,4.960288169122206,False,True,https://api.fususone.com/api/public/organizations/prairievillagepdks/stats/
fastest_absolute,28,wichitapdks,totalRegisteredCameras,previous,5,Connected Wichita,Wichita,KS,2026-09-21T18:54:39Z,2026-09-28T20:15:21Z,7.056042,4,9,1.25,4.960288169122206,False,True,https://api.fususone.com/api/public/organizations/wichitapdks/stats/
fastest_absolute,29,ashevillepdnc,totalRegisteredCameras,previous,4,Connect Asheville,Asheville,NC,2026-09-21T18:49:37Z,2026-09-28T20:10:19Z,7.056042,12,16,0.3333333333333333,3.968230535297765,False,True,https://api.fususone.com/api/public/organizations/ashevillepdnc/stats/
fastest_absolute,30,baycounty,totalRegisteredCameras,previous,4,Connect Bay County,Bay County,FL,2026-09-21T18:49:42Z,2026-09-28T20:10:24Z,7.056042,1709,1713,0.0023405500292568754,3.968230535297765,False,True,https://api.fususone.com/api/public/organizations/baycounty/stats/
fastest_absolute,31,columbuspdga,totalRegisteredCameras,previous,4,Connect Columbus,"Columbus, Georgia",GA,2026-09-21T18:50:40Z,2026-09-28T20:11:22Z,7.056042,2439,2443,0.0016400164001640015,3.968230535297765,False,True,https://api.fususone.com/api/public/organizations/columbuspdga/stats/
fastest_absolute,32,elyriapdoh,totalRegisteredCameras,previous,4,Connect Elyria,Elyria,OH,2026-09-21T18:51:06Z,2026-09-28T20:11:48Z,7.056042,174,178,0.022988505747126436,3.968230535297765,False,True,https://api.fususone.com/api/public/organizations/elyriapdoh/stats/
fastest_absolute,33,hcso,totalRegisteredCameras,previous,4,Connect Hillsborough,Hillsborough County,FL,2026-09-21T18:51:35Z,2026-09-28T20:12:17Z,7.056042,289,293,0.01384083044982699,3.968230535297765,False,True,https://api.fususone.com/api/public/organizations/hcso/stats/
fastest_absolute,34,lasd,totalRegisteredCameras,previous,4,Connect Los Angeles County,Los Angeles County,CA,2026-09-21T18:52:05Z,2026-09-28T20:12:47Z,7.056042,2177,2181,0.0018373909049150207,3.968230535297765,False,True,https://api.fususone.com/api/public/organizations/lasd/stats/
fastest_absolute,35,littlerockpd,totalRegisteredCameras,previous,4,Connect Little Rock,Little Rock,AR,2026-09-21T18:52:13Z,2026-09-28T20:12:55Z,7.056042,2859,2863,0.0013990905911157748,3.968230535297765,False,True,https://api.fususone.com/api/public/organizations/littlerockpd/stats/
fastest_absolute,36,northcharlestonpd,totalRegisteredCameras,previous,4,Connect North Charleston,North Charleston,SC,2026-09-21T18:52:51Z,2026-09-28T20:13:33Z,7.056042,1365,1369,0.0029304029304029304,3.968230535297765,False,True,https://api.fususone.com/api/public/organizations/northcharlestonpd/stats/
fastest_absolute,37,sanbernardinopdca,totalRegisteredCameras,previous,4,Connect San Bernardino,San Bernardino,CA,2026-09-21T18:53:45Z,2026-09-28T20:14:27Z,7.056042,152,156,0.02631578947368421,3.968230535297765,False,True,https://api.fususone.com/api/public/organizations/sanbernardinopdca/stats/
fastest_absolute,38,southbendpd,totalRegisteredCameras,previous,4,Sync South Bend,South Bend,IN,2026-09-21T18:54:03Z,2026-09-28T20:14:45Z,7.056042,2525,2529,0.0015841584158415843,3.968230535297765,False,True,https://api.fususone.com/api/public/organizations/southbendpd/stats/
fastest_absolute,39,coltonpdca,totalRegisteredCameras,previous,3,Connect Colton,Colton,CA,2026-09-21T18:50:39Z,2026-09-28T20:11:21Z,7.056042,345,348,0.008695652173913044,2.976172901473324,False,True,https://api.fususone.com/api/public/organizations/coltonpdca/stats/
fastest_absolute,40,patersonpdnj,totalRegisteredCameras,previous,3,Connect Paterson,Paterson,NJ,2026-09-21T18:53:10Z,2026-09-28T20:13:52Z,7.056042,182,185,0.016483516483516484,2.976172901473324,False,True,https://api.fususone.com/api/public/organizations/patersonpdnj/stats/
fastest_absolute,41,richmondva,totalRegisteredCameras,previous,3,Connect Richmond,Richmond,VA,2026-09-21T18:53:35Z,2026-09-28T20:14:17Z,7.056042,235,238,0.01276595744680851,2.976172901473324,False,True,https://api.fususone.com/api/public/organizations/richmondva/stats/
fastest_absolute,42,aacounty,totalRegisteredCameras,previous,2,Connect Anne Arundel,Anne Arundel County,MD,2026-09-21T18:49:19Z,2026-09-28T20:10:02Z,7.056053,1026,1028,0.001949317738791423,1.9841120130961891,False,True,https://api.fususone.com/api/public/organizations/aacounty/stats/
fastest_absolute,43,anchoragepdak,totalRegisteredCameras,previous,2,Safe Anchorage,Anchorage,AK,2026-09-21T18:49:31Z,2026-09-28T20:10:13Z,7.056042,269,271,0.007434944237918215,1.9841152676488825,False,True,https://api.fususone.com/api/public/organizations/anchoragepdak/stats/
fastest_absolute,44,cityofomaha,totalRegisteredCameras,previous,2,Connect Omaha,Omaha,NE,2026-09-21T18:50:24Z,2026-09-28T20:11:06Z,7.056042,1258,1260,0.001589825119236884,1.9841152676488825,False,True,https://api.fususone.com/api/public/organizations/cityofomaha/stats/
fastest_absolute,45,clevelanddps,totalRegisteredCameras,previous,2,Safe Smart CLE,Cleveland,OH,2026-09-21T18:50:34Z,2026-09-28T20:11:16Z,7.056042,1763,1765,0.0011344299489506524,1.9841152676488825,False,True,https://api.fususone.com/api/public/organizations/clevelanddps/stats/
fastest_absolute,46,cobbcountypd,totalRegisteredCameras,previous,2,Connect Cobb ,Cobb County,GA,2026-09-21T18:50:36Z,2026-09-28T20:11:18Z,7.056042,3545,3547,0.0005641748942172073,1.9841152676488825,False,True,https://api.fususone.com/api/public/organizations/cobbcountypd/stats/
fastest_absolute,47,greensboropd,totalRegisteredCameras,previous,2,Connect Greensboro,Greensboro,NC,2026-09-21T18:51:24Z,2026-09-28T20:12:06Z,7.056042,752,754,0.0026595744680851063,1.9841152676488825,False,True,https://api.fususone.com/api/public/organizations/greensboropd/stats/
fastest_absolute,48,guilfordsheriff,totalRegisteredCameras,previous,2,Connect Guilford County,Guilford County ,NC,2026-09-21T18:51:26Z,2026-09-28T20:12:08Z,7.056042,870,872,0.0022988505747126436,1.9841152676488825,False,True,https://api.fususone.com/api/public/organizations/guilfordsheriff/stats/
fastest_absolute,49,hamiltoncoso,totalRegisteredCameras,previous,2,Connect Hamilton County,Hamilton County,OH,2026-09-21T18:51:28Z,2026-09-28T20:12:10Z,7.056042,1692,1694,0.001182033096926714,1.9841152676488825,False,True,https://api.fususone.com/api/public/organizations/hamiltoncoso/stats/
fastest_absolute,50,jeffersoncountysheriff,totalRegisteredCameras,previous,2,Connect Jefferson County,Jefferson County,AL,2026-09-21T18:51:50Z,2026-09-28T20:12:32Z,7.056042,1471,1473,0.0013596193065941536,1.9841152676488825,False,True,https://api.fususone.com/api/public/organizations/jeffersoncountysheriff/stats/
fastest_absolute,51,oaklawn,totalRegisteredCameras,previous,2,Connect Oak Lawn,Oak Lawn,IL,2026-09-21T18:52:58Z,2026-09-28T20:13:40Z,7.056042,1424,1426,0.0014044943820224719,1.9841152676488825,False,True,https://api.fususone.com/api/public/organizations/oaklawn/stats/
fastest_absolute,52,okaloosacounty,totalRegisteredCameras,previous,2,Connect Okaloosa County,Okaloosa County,FL,2026-09-21T18:53:02Z,2026-09-28T20:13:44Z,7.056042,781,783,0.002560819462227913,1.9841152676488825,False,True,https://api.fususone.com/api/public/organizations/okaloosacounty/stats/
fastest_absolute,53,sandyspringspd,totalRegisteredCameras,previous,2,Connect Sandy Springs,Sandy Springs,GA,2026-09-21T18:53:46Z,2026-09-28T20:14:28Z,7.056042,877,879,0.002280501710376283,1.9841152676488825,False,True,https://api.fususone.com/api/public/organizations/sandyspringspd/stats/
fastest_absolute,54,alsipil,totalRegisteredCameras,previous,1,Connect Alsip,Alsip,IL,2026-09-21T18:49:26Z,2026-09-28T20:10:09Z,7.056053,737,738,0.0013568521031207597,0.9920560065480946,False,True,https://api.fususone.com/api/public/organizations/alsipil/stats/
fastest_absolute,55,bendpd,totalRegisteredCameras,previous,1,Connect Bend,Bend,OR,2026-09-21T18:49:45Z,2026-09-28T20:10:27Z,7.056042,774,775,0.0012919896640826874,0.9920576338244412,False,True,https://api.fususone.com/api/public/organizations/bendpd/stats/
fastest_absolute,56,chesterfieldcounty,totalRegisteredCameras,previous,1,Chesterfield Community Connect Program,Chesterfield County,VA,2026-09-21T18:50:12Z,2026-09-28T20:10:54Z,7.056042,768,769,0.0013020833333333333,0.9920576338244412,False,True,https://api.fususone.com/api/public/organizations/chesterfieldcounty/stats/
fastest_absolute,57,flaglercountysheriff,totalRegisteredCameras,previous,1,Connect Flagler County,Flagler County,FL,2026-09-21T18:51:14Z,2026-09-28T20:11:56Z,7.056042,933,934,0.0010718113612004287,0.9920576338244412,False,True,https://api.fususone.com/api/public/organizations/flaglercountysheriff/stats/
fastest_absolute,58,norfolkpd,totalRegisteredCameras,previous,1,Connect Norfolk,Norfolk,VA,2026-09-21T18:52:50Z,2026-09-28T20:13:32Z,7.056042,440,441,0.0022727272727272726,0.9920576338244412,False,True,https://api.fususone.com/api/public/organizations/norfolkpd/stats/
fastest_absolute,59,okcpd,totalRegisteredCameras,previous,1,Connect Oklahoma City,Oklahoma City,OK,2026-09-21T18:53:03Z,2026-09-28T20:13:45Z,7.056042,1730,1731,0.0005780346820809249,0.9920576338244412,False,True,https://api.fususone.com/api/public/organizations/okcpd/stats/
fastest_absolute,60,overlandparkpdks,totalRegisteredCameras,previous,1,Secure OP,Overland Park,KS,2026-09-21T18:53:08Z,2026-09-28T20:13:50Z,7.056042,6,7,0.16666666666666666,0.9920576338244412,False,True,https://api.fususone.com/api/public/organizations/overlandparkpdks/stats/
fastest_absolute,61,pgcountypd,totalRegisteredCameras,previous,1,Connect Prince George's County,Prince George's County,MD,2026-09-21T18:53:18Z,2026-09-28T20:14:00Z,7.056042,465,466,0.002150537634408602,0.9920576338244412,False,True,https://api.fususone.com/api/public/organizations/pgcountypd/stats/
fastest_absolute,62,sanmarcospdtx,totalRegisteredCameras,previous,1,Connect San Marcos,San Marcos,TX,2026-09-21T18:53:49Z,2026-09-28T20:14:31Z,7.056042,62,63,0.016129032258064516,0.9920576338244412,False,True,https://api.fususone.com/api/public/organizations/sanmarcospdtx/stats/
fastest_absolute,63,savannahpd,totalRegisteredCameras,previous,1,Connect Savannah,Savannah,GA,2026-09-21T18:53:53Z,2026-09-28T20:14:35Z,7.056042,1167,1168,0.000856898029134533,0.9920576338244412,False,True,https://api.fususone.com/api/public/organizations/savannahpd/stats/
fastest_absolute,64,seattlepd,totalRegisteredCameras,previous,1,Connect Seattle,Seattle,WA,2026-09-21T18:53:58Z,2026-09-28T20:14:40Z,7.056042,882,883,0.0011337868480725624,0.9920576338244412,False,True,https://api.fususone.com/api/public/organizations/seattlepd/stats/
fastest_absolute,65,springfieldpdmo,totalRegisteredCameras,previous,1,Springfield Safe,Springfield,MO,2026-09-21T18:54:09Z,2026-09-28T20:14:51Z,7.056042,14,15,0.07142857142857142,0.9920576338244412,False,True,https://api.fususone.com/api/public/organizations/springfieldpdmo/stats/
fastest_absolute,66,stpaulpdmn,totalRegisteredCameras,previous,1,Connect Saint Paul,Saint Paul,MN,2026-09-21T18:54:17Z,2026-09-28T20:14:59Z,7.056042,65,66,0.015384615384615385,0.9920576338244412,False,True,https://api.fususone.com/api/public/organizations/stpaulpdmn/stats/
fastest_absolute,67,wheatonpd,totalRegisteredCameras,previous,1,Connect Wheaton,Wheaton,IL,2026-09-21T18:54:37Z,2026-09-28T20:15:19Z,7.056042,427,428,0.00234192037470726,0.9920576338244412,False,True,https://api.fususone.com/api/public/organizations/wheatonpd/stats/
fastest_weekly_rate,1,pbso,totalRegisteredCameras,previous,151,Keep Palm Beach County Safe,Palm Beach County,FL,2026-09-21T18:53:11Z,2026-09-28T20:13:53Z,7.056042,1734,1885,0.08708189158016148,149.80070270749064,False,True,https://api.fususone.com/api/public/organizations/pbso/stats/
fastest_weekly_rate,2,escambiafl,totalRegisteredCameras,previous,80,Star Network,Escambia County,FL,2026-09-21T18:51:07Z,2026-09-28T20:11:49Z,7.056042,1493,1573,0.0535833891493637,79.3646107059553,False,True,https://api.fususone.com/api/public/organizations/escambiafl/stats/
fastest_weekly_rate,3,memphispd,totalRegisteredCameras,previous,59,Connect Memphis,Memphis,TN,2026-09-21T18:52:25Z,2026-09-28T20:13:07Z,7.056042,14156,14215,0.004167844023735518,58.53140039564204,False,True,https://api.fususone.com/api/public/organizations/memphispd/stats/
fastest_weekly_rate,4,dcmetro,totalRegisteredCameras,previous,39,CameraConnectDC,Washington DC,DC,2026-09-21T18:50:51Z,2026-09-28T20:11:33Z,7.056042,44140,44179,0.000883552333484368,38.69024771915321,False,True,https://api.fususone.com/api/public/organizations/dcmetro/stats/
fastest_weekly_rate,5,fairfaxcopd,totalRegisteredCameras,previous,35,Connect Fairfax County,Fairfax County,VA,2026-09-21T18:51:10Z,2026-09-28T20:11:52Z,7.056042,3530,3565,0.009915014164305949,34.72201718385544,False,True,https://api.fususone.com/api/public/organizations/fairfaxcopd/stats/
fastest_weekly_rate,6,scrantonpd,totalRegisteredCameras,previous,35,Connect Scranton,Scranton,PA,2026-09-21T18:53:55Z,2026-09-28T20:14:37Z,7.056042,460,495,0.07608695652173914,34.72201718385544,False,True,https://api.fususone.com/api/public/organizations/scrantonpd/stats/
fastest_weekly_rate,7,birminghampd,totalRegisteredCameras,previous,20,Connect Birmingham,Birmingham,AL,2026-09-21T18:49:50Z,2026-09-28T20:10:32Z,7.056042,773,793,0.0258732212160414,19.841152676488825,False,True,https://api.fususone.com/api/public/organizations/birminghampd/stats/
fastest_weekly_rate,8,charlottemecklenburg,totalRegisteredCameras,previous,19,Connect Charlotte,Charlotte,NC,2026-09-21T18:50:09Z,2026-09-28T20:10:51Z,7.056042,3109,3128,0.006111289803795433,18.849095042664384,False,True,https://api.fususone.com/api/public/organizations/charlottemecklenburg/stats/
fastest_weekly_rate,9,sacramentopd,totalRegisteredCameras,previous,14,Sacramento PD Connect,Sacramento,CA,2026-09-21T18:53:43Z,2026-09-28T20:14:25Z,7.056042,887,901,0.015783540022547914,13.888806873542178,False,True,https://api.fususone.com/api/public/organizations/sacramentopd/stats/
fastest_weekly_rate,10,covinapdca,totalRegisteredCameras,previous,12,SaferCovina,Covina,CA,2026-09-21T18:50:43Z,2026-09-28T20:11:25Z,7.056042,15,27,0.8,11.904691605893296,False,True,https://api.fususone.com/api/public/organizations/covinapdca/stats/
fastest_weekly_rate,11,dekalbcountyga,totalRegisteredCameras,previous,10,Connect DeKalb County,DeKalb County,GA,2026-09-21T18:50:54Z,2026-09-28T20:11:36Z,7.056042,3523,3533,0.002838489923360772,9.920576338244413,False,True,https://api.fususone.com/api/public/organizations/dekalbcountyga/stats/
fastest_weekly_rate,12,dentonpdtx,totalRegisteredCameras,previous,10,Denton Connects,Denton,TX,2026-09-21T18:50:56Z,2026-09-28T20:11:38Z,7.056042,2,12,5.0,9.920576338244413,False,True,https://api.fususone.com/api/public/organizations/dentonpdtx/stats/
fastest_weekly_rate,13,mcpdmd,totalRegisteredCameras,previous,10,MoCoConnect,Montgomery County,MD,2026-09-21T18:52:22Z,2026-09-28T20:13:04Z,7.056042,2260,2270,0.004424778761061947,9.920576338244413,False,True,https://api.fususone.com/api/public/organizations/mcpdmd/stats/
fastest_weekly_rate,14,henrycountypd,totalRegisteredCameras,previous,9,Henry Safer Together,Henry County,GA,2026-09-21T18:51:38Z,2026-09-28T20:12:20Z,7.056042,4973,4982,0.0018097727729740598,8.928518704419972,False,True,https://api.fususone.com/api/public/organizations/henrycountypd/stats/
fastest_weekly_rate,15,cherokeega,totalRegisteredCameras,previous,8,Connect Cherokee,Cherokee County,GA,2026-09-21T18:50:11Z,2026-09-28T20:10:53Z,7.056042,625,633,0.0128,7.93646107059553,False,True,https://api.fususone.com/api/public/organizations/cherokeega/stats/
fastest_weekly_rate,16,newportbeachpdca,totalRegisteredCameras,previous,8,Connect Newport Beach,Newport Beach,CA,2026-09-21T18:52:47Z,2026-09-28T20:13:29Z,7.056042,397,405,0.020151133501259445,7.93646107059553,False,True,https://api.fususone.com/api/public/organizations/newportbeachpdca/stats/
fastest_weekly_rate,17,placerca,totalRegisteredCameras,previous,8,Connect Placer County,Placer County,CA,2026-09-21T18:53:19Z,2026-09-28T20:14:01Z,7.056042,550,558,0.014545454545454545,7.93646107059553,False,True,https://api.fususone.com/api/public/organizations/placerca/stats/
fastest_weekly_rate,18,altoonapd,totalRegisteredCameras,previous,8,Connect Altoona,Altoona,IA,2026-09-21T18:49:27Z,2026-09-28T20:10:10Z,7.056053,347,355,0.023054755043227664,7.9364480523847565,False,True,https://api.fususone.com/api/public/organizations/altoonapd/stats/
fastest_weekly_rate,19,beaumonttx,totalRegisteredCameras,previous,6,Connect Southeast Texas,Southeast Texas,TX,2026-09-21T18:49:43Z,2026-09-28T20:10:25Z,7.056042,4043,4049,0.0014840465001236705,5.952345802946648,False,True,https://api.fususone.com/api/public/organizations/beaumonttx/stats/
fastest_weekly_rate,20,charlottecounty,totalRegisteredCameras,previous,6,Connect Charlotte County,Charlotte County,FL,2026-09-21T18:50:08Z,2026-09-28T20:10:50Z,7.056042,2327,2333,0.002578427159432746,5.952345802946648,False,True,https://api.fususone.com/api/public/organizations/charlottecounty/stats/
fastest_weekly_rate,21,raleighncpd,totalRegisteredCameras,previous,6,CONNECTRALEIGH,Raleigh,NC,2026-09-21T18:53:27Z,2026-09-28T20:14:09Z,7.056042,1862,1868,0.00322234156820623,5.952345802946648,False,True,https://api.fususone.com/api/public/organizations/raleighncpd/stats/
fastest_weekly_rate,22,cityofatlanta,totalRegisteredCameras,previous,5,Connect Atlanta,Atlanta,GA,2026-09-21T18:50:17Z,2026-09-28T20:10:59Z,7.056042,17517,17522,0.00028543700405320546,4.960288169122206,False,True,https://api.fususone.com/api/public/organizations/cityofatlanta/stats/
fastest_weekly_rate,23,highpointncpd,totalRegisteredCameras,previous,5,Link High Point,High Point,NC,2026-09-21T18:51:40Z,2026-09-28T20:12:22Z,7.056042,1243,1248,0.004022526146419952,4.960288169122206,False,True,https://api.fususone.com/api/public/organizations/highpointncpd/stats/
fastest_weekly_rate,24,kentcountysd,totalRegisteredCameras,previous,5,The Kent Safety Network,Kent County,MI,2026-09-21T18:51:54Z,2026-09-28T20:12:36Z,7.056042,575,580,0.008695652173913044,4.960288169122206,False,True,https://api.fususone.com/api/public/organizations/kentcountysd/stats/
fastest_weekly_rate,25,planotx,totalRegisteredCameras,previous,5,Keep Plano Safe,Plano,TX,2026-09-21T18:53:20Z,2026-09-28T20:14:02Z,7.056042,18,23,0.2777777777777778,4.960288169122206,False,True,https://api.fususone.com/api/public/organizations/planotx/stats/
fastest_weekly_rate,26,prairievillagepdks,totalRegisteredCameras,previous,5,Connect Prairie Village,Prairie Village,KS,2026-09-21T18:53:25Z,2026-09-28T20:14:07Z,7.056042,116,121,0.04310344827586207,4.960288169122206,False,True,https://api.fususone.com/api/public/organizations/prairievillagepdks/stats/
fastest_weekly_rate,27,wichitapdks,totalRegisteredCameras,previous,5,Connected Wichita,Wichita,KS,2026-09-21T18:54:39Z,2026-09-28T20:15:21Z,7.056042,4,9,1.25,4.960288169122206,False,True,https://api.fususone.com/api/public/organizations/wichitapdks/stats/
fastest_weekly_rate,28,albanypolice,totalRegisteredCameras,previous,5,Connect Albany,Albany,GA,2026-09-21T18:49:24Z,2026-09-28T20:10:07Z,7.056053,726,731,0.006887052341597796,4.960280032740473,False,True,https://api.fususone.com/api/public/organizations/albanypolice/stats/
fastest_weekly_rate,29,ashevillepdnc,totalRegisteredCameras,previous,4,Connect Asheville,Asheville,NC,2026-09-21T18:49:37Z,2026-09-28T20:10:19Z,7.056042,12,16,0.3333333333333333,3.968230535297765,False,True,https://api.fususone.com/api/public/organizations/ashevillepdnc/stats/
fastest_weekly_rate,30,baycounty,totalRegisteredCameras,previous,4,Connect Bay County,Bay County,FL,2026-09-21T18:49:42Z,2026-09-28T20:10:24Z,7.056042,1709,1713,0.0023405500292568754,3.968230535297765,False,True,https://api.fususone.com/api/public/organizations/baycounty/stats/
fastest_weekly_rate,31,columbuspdga,totalRegisteredCameras,previous,4,Connect Columbus,"Columbus, Georgia",GA,2026-09-21T18:50:40Z,2026-09-28T20:11:22Z,7.056042,2439,2443,0.0016400164001640015,3.968230535297765,False,True,https://api.fususone.com/api/public/organizations/columbuspdga/stats/
fastest_weekly_rate,32,elyriapdoh,totalRegisteredCameras,previous,4,Connect Elyria,Elyria,OH,2026-09-21T18:51:06Z,2026-09-28T20:11:48Z,7.056042,174,178,0.022988505747126436,3.968230535297765,False,True,https://api.fususone.com/api/public/organizations/elyriapdoh/stats/
fastest_weekly_rate,33,hcso,totalRegisteredCameras,previous,4,Connect Hillsborough,Hillsborough County,FL,2026-09-21T18:51:35Z,2026-09-28T20:12:17Z,7.056042,289,293,0.01384083044982699,3.968230535297765,False,True,https://api.fususone.com/api/public/organizations/hcso/stats/
fastest_weekly_rate,34,lasd,totalRegisteredCameras,previous,4,Connect Los Angeles County,Los Angeles County,CA,2026-09-21T18:52:05Z,2026-09-28T20:12:47Z,7.056042,2177,2181,0.0018373909049150207,3.968230535297765,False,True,https://api.fususone.com/api/public/organizations/lasd/stats/
fastest_weekly_rate,35,littlerockpd,totalRegisteredCameras,previous,4,Connect Little Rock,Little Rock,AR,2026-09-21T18:52:13Z,2026-09-28T20:12:55Z,7.056042,2859,2863,0.0013990905911157748,3.968230535297765,False,True,https://api.fususone.com/api/public/organizations/littlerockpd/stats/
fastest_weekly_rate,36,northcharlestonpd,totalRegisteredCameras,previous,4,Connect North Charleston,North Charleston,SC,2026-09-21T18:52:51Z,2026-09-28T20:13:33Z,7.056042,1365,1369,0.0029304029304029304,3.968230535297765,False,True,https://api.fususone.com/api/public/organizations/northcharlestonpd/stats/
fastest_weekly_rate,37,sanbernardinopdca,totalRegisteredCameras,previous,4,Connect San Bernardino,San Bernardino,CA,2026-09-21T18:53:45Z,2026-09-28T20:14:27Z,7.056042,152,156,0.02631578947368421,3.968230535297765,False,True,https://api.fususone.com/api/public/organizations/sanbernardinopdca/stats/
fastest_weekly_rate,38,southbendpd,totalRegisteredCameras,previous,4,Sync South Bend,South Bend,IN,2026-09-21T18:54:03Z,2026-09-28T20:14:45Z,7.056042,2525,2529,0.0015841584158415843,3.968230535297765,False,True,https://api.fususone.com/api/public/organizations/southbendpd/stats/
fastest_weekly_rate,39,coltonpdca,totalRegisteredCameras,previous,3,Connect Colton,Colton,CA,2026-09-21T18:50:39Z,2026-09-28T20:11:21Z,7.056042,345,348,0.008695652173913044,2.976172901473324,False,True,https://api.fususone.com/api/public/organizations/coltonpdca/stats/
fastest_weekly_rate,40,patersonpdnj,totalRegisteredCameras,previous,3,Connect Paterson,Paterson,NJ,2026-09-21T18:53:10Z,2026-09-28T20:13:52Z,7.056042,182,185,0.016483516483516484,2.976172901473324,False,True,https://api.fususone.com/api/public/organizations/patersonpdnj/stats/
fastest_weekly_rate,41,richmondva,totalRegisteredCameras,previous,3,Connect Richmond,Richmond,VA,2026-09-21T18:53:35Z,2026-09-28T20:14:17Z,7.056042,235,238,0.01276595744680851,2.976172901473324,False,True,https://api.fususone.com/api/public/organizations/richmondva/stats/
fastest_weekly_rate,42,anchoragepdak,totalRegisteredCameras,previous,2,Safe Anchorage,Anchorage,AK,2026-09-21T18:49:31Z,2026-09-28T20:10:13Z,7.056042,269,271,0.007434944237918215,1.9841152676488825,False,True,https://api.fususone.com/api/public/organizations/anchoragepdak/stats/
fastest_weekly_rate,43,cityofomaha,totalRegisteredCameras,previous,2,Connect Omaha,Omaha,NE,2026-09-21T18:50:24Z,2026-09-28T20:11:06Z,7.056042,1258,1260,0.001589825119236884,1.9841152676488825,False,True,https://api.fususone.com/api/public/organizations/cityofomaha/stats/
fastest_weekly_rate,44,clevelanddps,totalRegisteredCameras,previous,2,Safe Smart CLE,Cleveland,OH,2026-09-21T18:50:34Z,2026-09-28T20:11:16Z,7.056042,1763,1765,0.0011344299489506524,1.9841152676488825,False,True,https://api.fususone.com/api/public/organizations/clevelanddps/stats/
fastest_weekly_rate,45,cobbcountypd,totalRegisteredCameras,previous,2,Connect Cobb ,Cobb County,GA,2026-09-21T18:50:36Z,2026-09-28T20:11:18Z,7.056042,3545,3547,0.0005641748942172073,1.9841152676488825,False,True,https://api.fususone.com/api/public/organizations/cobbcountypd/stats/
fastest_weekly_rate,46,greensboropd,totalRegisteredCameras,previous,2,Connect Greensboro,Greensboro,NC,2026-09-21T18:51:24Z,2026-09-28T20:12:06Z,7.056042,752,754,0.0026595744680851063,1.9841152676488825,False,True,https://api.fususone.com/api/public/organizations/greensboropd/stats/
fastest_weekly_rate,47,guilfordsheriff,totalRegisteredCameras,previous,2,Connect Guilford County,Guilford County ,NC,2026-09-21T18:51:26Z,2026-09-28T20:12:08Z,7.056042,870,872,0.0022988505747126436,1.9841152676488825,False,True,https://api.fususone.com/api/public/organizations/guilfordsheriff/stats/
fastest_weekly_rate,48,hamiltoncoso,totalRegisteredCameras,previous,2,Connect Hamilton County,Hamilton County,OH,2026-09-21T18:51:28Z,2026-09-28T20:12:10Z,7.056042,1692,1694,0.001182033096926714,1.9841152676488825,False,True,https://api.fususone.com/api/public/organizations/hamiltoncoso/stats/
fastest_weekly_rate,49,jeffersoncountysheriff,totalRegisteredCameras,previous,2,Connect Jefferson County,Jefferson County,AL,2026-09-21T18:51:50Z,2026-09-28T20:12:32Z,7.056042,1471,1473,0.0013596193065941536,1.9841152676488825,False,True,https://api.fususone.com/api/public/organizations/jeffersoncountysheriff/stats/
fastest_weekly_rate,50,oaklawn,totalRegisteredCameras,previous,2,Connect Oak Lawn,Oak Lawn,IL,2026-09-21T18:52:58Z,2026-09-28T20:13:40Z,7.056042,1424,1426,0.0014044943820224719,1.9841152676488825,False,True,https://api.fususone.com/api/public/organizations/oaklawn/stats/
fastest_weekly_rate,51,okaloosacounty,totalRegisteredCameras,previous,2,Connect Okaloosa County,Okaloosa County,FL,2026-09-21T18:53:02Z,2026-09-28T20:13:44Z,7.056042,781,783,0.002560819462227913,1.9841152676488825,False,True,https://api.fususone.com/api/public/organizations/okaloosacounty/stats/
fastest_weekly_rate,52,sandyspringspd,totalRegisteredCameras,previous,2,Connect Sandy Springs,Sandy Springs,GA,2026-09-21T18:53:46Z,2026-09-28T20:14:28Z,7.056042,877,879,0.002280501710376283,1.9841152676488825,False,True,https://api.fususone.com/api/public/organizations/sandyspringspd/stats/
fastest_weekly_rate,53,aacounty,totalRegisteredCameras,previous,2,Connect Anne Arundel,Anne Arundel County,MD,2026-09-21T18:49:19Z,2026-09-28T20:10:02Z,7.056053,1026,1028,0.001949317738791423,1.9841120130961891,False,True,https://api.fususone.com/api/public/organizations/aacounty/stats/
fastest_weekly_rate,54,bendpd,totalRegisteredCameras,previous,1,Connect Bend,Bend,OR,2026-09-21T18:49:45Z,2026-09-28T20:10:27Z,7.056042,774,775,0.0012919896640826874,0.9920576338244412,False,True,https://api.fususone.com/api/public/organizations/bendpd/stats/
fastest_weekly_rate,55,chesterfieldcounty,totalRegisteredCameras,previous,1,Chesterfield Community Connect Program,Chesterfield County,VA,2026-09-21T18:50:12Z,2026-09-28T20:10:54Z,7.056042,768,769,0.0013020833333333333,0.9920576338244412,False,True,https://api.fususone.com/api/public/organizations/chesterfieldcounty/stats/
fastest_weekly_rate,56,flaglercountysheriff,totalRegisteredCameras,previous,1,Connect Flagler County,Flagler County,FL,2026-09-21T18:51:14Z,2026-09-28T20:11:56Z,7.056042,933,934,0.0010718113612004287,0.9920576338244412,False,True,https://api.fususone.com/api/public/organizations/flaglercountysheriff/stats/
fastest_weekly_rate,57,norfolkpd,totalRegisteredCameras,previous,1,Connect Norfolk,Norfolk,VA,2026-09-21T18:52:50Z,2026-09-28T20:13:32Z,7.056042,440,441,0.0022727272727272726,0.9920576338244412,False,True,https://api.fususone.com/api/public/organizations/norfolkpd/stats/
fastest_weekly_rate,58,okcpd,totalRegisteredCameras,previous,1,Connect Oklahoma City,Oklahoma City,OK,2026-09-21T18:53:03Z,2026-09-28T20:13:45Z,7.056042,1730,1731,0.0005780346820809249,0.9920576338244412,False,True,https://api.fususone.com/api/public/organizations/okcpd/stats/
fastest_weekly_rate,59,overlandparkpdks,totalRegisteredCameras,previous,1,Secure OP,Overland Park,KS,2026-09-21T18:53:08Z,2026-09-28T20:13:50Z,7.056042,6,7,0.16666666666666666,0.9920576338244412,False,True,https://api.fususone.com/api/public/organizations/overlandparkpdks/stats/
fastest_weekly_rate,60,pgcountypd,totalRegisteredCameras,previous,1,Connect Prince George's County,Prince George's County,MD,2026-09-21T18:53:18Z,2026-09-28T20:14:00Z,7.056042,465,466,0.002150537634408602,0.9920576338244412,False,True,https://api.fususone.com/api/public/organizations/pgcountypd/stats/
fastest_weekly_rate,61,sanmarcospdtx,totalRegisteredCameras,previous,1,Connect San Marcos,San Marcos,TX,2026-09-21T18:53:49Z,2026-09-28T20:14:31Z,7.056042,62,63,0.016129032258064516,0.9920576338244412,False,True,https://api.fususone.com/api/public/organizations/sanmarcospdtx/stats/
fastest_weekly_rate,62,savannahpd,totalRegisteredCameras,previous,1,Connect Savannah,Savannah,GA,2026-09-21T18:53:53Z,2026-09-28T20:14:35Z,7.056042,1167,1168,0.000856898029134533,0.9920576338244412,False,True,https://api.fususone.com/api/public/organizations/savannahpd/stats/
fastest_weekly_rate,63,seattlepd,totalRegisteredCameras,previous,1,Connect Seattle,Seattle,WA,2026-09-21T18:53:58Z,2026-09-28T20:14:40Z,7.056042,882,883,0.0011337868480725624,0.9920576338244412,False,True,https://api.fususone.com/api/public/organizations/seattlepd/stats/
fastest_weekly_rate,64,springfieldpdmo,totalRegisteredCameras,previous,1,Springfield Safe,Springfield,MO,2026-09-21T18:54:09Z,2026-09-28T20:14:51Z,7.056042,14,15,0.07142857142857142,0.9920576338244412,False,True,https://api.fususone.com/api/public/organizations/springfieldpdmo/stats/
fastest_weekly_rate,65,stpaulpdmn,totalRegisteredCameras,previous,1,Connect Saint Paul,Saint Paul,MN,2026-09-21T18:54:17Z,2026-09-28T20:14:59Z,7.056042,65,66,0.015384615384615385,0.9920576338244412,False,True,https://api.fususone.com/api/public/organizations/stpaulpdmn/stats/
fastest_weekly_rate,66,wheatonpd,totalRegisteredCameras,previous,1,Connect Wheaton,Wheaton,IL,2026-09-21T18:54:37Z,2026-09-28T20:15:19Z,7.056042,427,428,0.00234192037470726,0.9920576338244412,False,True,https://api.fususone.com/api/public/organizations/wheatonpd/stats/
fastest_weekly_rate,67,alsipil,totalRegisteredCameras,previous,1,Connect Alsip,Alsip,IL,2026-09-21T18:49:26Z,2026-09-28T20:10:09Z,7.056053,737,738,0.0013568521031207597,0.9920560065480946,False,True,https://api.fususone.com/api/public/organizations/alsipil/stats/
fastest_percentage,1,pbso,totalRegisteredCameras,previous,151,Keep Palm Beach County Safe,Palm Beach County,FL,2026-09-21T18:53:11Z,2026-09-28T20:13:53Z,7.056042,1734,1885,0.08708189158016148,149.80070270749064,False,True,https://api.fususone.com/api/public/organizations/pbso/stats/
fastest_percentage,2,scrantonpd,totalRegisteredCameras,previous,35,Connect Scranton,Scranton,PA,2026-09-21T18:53:55Z,2026-09-28T20:14:37Z,7.056042,460,495,0.07608695652173914,34.72201718385544,False,True,https://api.fususone.com/api/public/organizations/scrantonpd/stats/
fastest_percentage,3,escambiafl,totalRegisteredCameras,previous,80,Star Network,Escambia County,FL,2026-09-21T18:51:07Z,2026-09-28T20:11:49Z,7.056042,1493,1573,0.0535833891493637,79.3646107059553,False,True,https://api.fususone.com/api/public/organizations/escambiafl/stats/
fastest_percentage,4,prairievillagepdks,totalRegisteredCameras,previous,5,Connect Prairie Village,Prairie Village,KS,2026-09-21T18:53:25Z,2026-09-28T20:14:07Z,7.056042,116,121,0.04310344827586207,4.960288169122206,False,True,https://api.fususone.com/api/public/organizations/prairievillagepdks/stats/
fastest_percentage,5,sanbernardinopdca,totalRegisteredCameras,previous,4,Connect San Bernardino,San Bernardino,CA,2026-09-21T18:53:45Z,2026-09-28T20:14:27Z,7.056042,152,156,0.02631578947368421,3.968230535297765,False,True,https://api.fususone.com/api/public/organizations/sanbernardinopdca/stats/
fastest_percentage,6,birminghampd,totalRegisteredCameras,previous,20,Connect Birmingham,Birmingham,AL,2026-09-21T18:49:50Z,2026-09-28T20:10:32Z,7.056042,773,793,0.0258732212160414,19.841152676488825,False,True,https://api.fususone.com/api/public/organizations/birminghampd/stats/
fastest_percentage,7,altoonapd,totalRegisteredCameras,previous,8,Connect Altoona,Altoona,IA,2026-09-21T18:49:27Z,2026-09-28T20:10:10Z,7.056053,347,355,0.023054755043227664,7.9364480523847565,False,True,https://api.fususone.com/api/public/organizations/altoonapd/stats/
fastest_percentage,8,elyriapdoh,totalRegisteredCameras,previous,4,Connect Elyria,Elyria,OH,2026-09-21T18:51:06Z,2026-09-28T20:11:48Z,7.056042,174,178,0.022988505747126436,3.968230535297765,False,True,https://api.fususone.com/api/public/organizations/elyriapdoh/stats/
fastest_percentage,9,newportbeachpdca,totalRegisteredCameras,previous,8,Connect Newport Beach,Newport Beach,CA,2026-09-21T18:52:47Z,2026-09-28T20:13:29Z,7.056042,397,405,0.020151133501259445,7.93646107059553,False,True,https://api.fususone.com/api/public/organizations/newportbeachpdca/stats/
fastest_percentage,10,patersonpdnj,totalRegisteredCameras,previous,3,Connect Paterson,Paterson,NJ,2026-09-21T18:53:10Z,2026-09-28T20:13:52Z,7.056042,182,185,0.016483516483516484,2.976172901473324,False,True,https://api.fususone.com/api/public/organizations/patersonpdnj/stats/
fastest_percentage,11,sanmarcospdtx,totalRegisteredCameras,previous,1,Connect San Marcos,San Marcos,TX,2026-09-21T18:53:49Z,2026-09-28T20:14:31Z,7.056042,62,63,0.016129032258064516,0.9920576338244412,False,True,https://api.fususone.com/api/public/organizations/sanmarcospdtx/stats/
fastest_percentage,12,sacramentopd,totalRegisteredCameras,previous,14,Sacramento PD Connect,Sacramento,CA,2026-09-21T18:53:43Z,2026-09-28T20:14:25Z,7.056042,887,901,0.015783540022547914,13.888806873542178,False,True,https://api.fususone.com/api/public/organizations/sacramentopd/stats/
fastest_percentage,13,stpaulpdmn,totalRegisteredCameras,previous,1,Connect Saint Paul,Saint Paul,MN,2026-09-21T18:54:17Z,2026-09-28T20:14:59Z,7.056042,65,66,0.015384615384615385,0.9920576338244412,False,True,https://api.fususone.com/api/public/organizations/stpaulpdmn/stats/
fastest_percentage,14,placerca,totalRegisteredCameras,previous,8,Connect Placer County,Placer County,CA,2026-09-21T18:53:19Z,2026-09-28T20:14:01Z,7.056042,550,558,0.014545454545454545,7.93646107059553,False,True,https://api.fususone.com/api/public/organizations/placerca/stats/
fastest_percentage,15,hcso,totalRegisteredCameras,previous,4,Connect Hillsborough,Hillsborough County,FL,2026-09-21T18:51:35Z,2026-09-28T20:12:17Z,7.056042,289,293,0.01384083044982699,3.968230535297765,False,True,https://api.fususone.com/api/public/organizations/hcso/stats/
fastest_percentage,16,cherokeega,totalRegisteredCameras,previous,8,Connect Cherokee,Cherokee County,GA,2026-09-21T18:50:11Z,2026-09-28T20:10:53Z,7.056042,625,633,0.0128,7.93646107059553,False,True,https://api.fususone.com/api/public/organizations/cherokeega/stats/
fastest_percentage,17,richmondva,totalRegisteredCameras,previous,3,Connect Richmond,Richmond,VA,2026-09-21T18:53:35Z,2026-09-28T20:14:17Z,7.056042,235,238,0.01276595744680851,2.976172901473324,False,True,https://api.fususone.com/api/public/organizations/richmondva/stats/
fastest_percentage,18,fairfaxcopd,totalRegisteredCameras,previous,35,Connect Fairfax County,Fairfax County,VA,2026-09-21T18:51:10Z,2026-09-28T20:11:52Z,7.056042,3530,3565,0.009915014164305949,34.72201718385544,False,True,https://api.fususone.com/api/public/organizations/fairfaxcopd/stats/
fastest_percentage,19,coltonpdca,totalRegisteredCameras,previous,3,Connect Colton,Colton,CA,2026-09-21T18:50:39Z,2026-09-28T20:11:21Z,7.056042,345,348,0.008695652173913044,2.976172901473324,False,True,https://api.fususone.com/api/public/organizations/coltonpdca/stats/
fastest_percentage,20,kentcountysd,totalRegisteredCameras,previous,5,The Kent Safety Network,Kent County,MI,2026-09-21T18:51:54Z,2026-09-28T20:12:36Z,7.056042,575,580,0.008695652173913044,4.960288169122206,False,True,https://api.fususone.com/api/public/organizations/kentcountysd/stats/
fastest_percentage,21,anchoragepdak,totalRegisteredCameras,previous,2,Safe Anchorage,Anchorage,AK,2026-09-21T18:49:31Z,2026-09-28T20:10:13Z,7.056042,269,271,0.007434944237918215,1.9841152676488825,False,True,https://api.fususone.com/api/public/organizations/anchoragepdak/stats/
fastest_percentage,22,albanypolice,totalRegisteredCameras,previous,5,Connect Albany,Albany,GA,2026-09-21T18:49:24Z,2026-09-28T20:10:07Z,7.056053,726,731,0.006887052341597796,4.960280032740473,False,True,https://api.fususone.com/api/public/organizations/albanypolice/stats/
fastest_percentage,23,charlottemecklenburg,totalRegisteredCameras,previous,19,Connect Charlotte,Charlotte,NC,2026-09-21T18:50:09Z,2026-09-28T20:10:51Z,7.056042,3109,3128,0.006111289803795433,18.849095042664384,False,True,https://api.fususone.com/api/public/organizations/charlottemecklenburg/stats/
fastest_percentage,24,mcpdmd,totalRegisteredCameras,previous,10,MoCoConnect,Montgomery County,MD,2026-09-21T18:52:22Z,2026-09-28T20:13:04Z,7.056042,2260,2270,0.004424778761061947,9.920576338244413,False,True,https://api.fususone.com/api/public/organizations/mcpdmd/stats/
fastest_percentage,25,memphispd,totalRegisteredCameras,previous,59,Connect Memphis,Memphis,TN,2026-09-21T18:52:25Z,2026-09-28T20:13:07Z,7.056042,14156,14215,0.004167844023735518,58.53140039564204,False,True,https://api.fususone.com/api/public/organizations/memphispd/stats/
fastest_percentage,26,highpointncpd,totalRegisteredCameras,previous,5,Link High Point,High Point,NC,2026-09-21T18:51:40Z,2026-09-28T20:12:22Z,7.056042,1243,1248,0.004022526146419952,4.960288169122206,False,True,https://api.fususone.com/api/public/organizations/highpointncpd/stats/
fastest_percentage,27,raleighncpd,totalRegisteredCameras,previous,6,CONNECTRALEIGH,Raleigh,NC,2026-09-21T18:53:27Z,2026-09-28T20:14:09Z,7.056042,1862,1868,0.00322234156820623,5.952345802946648,False,True,https://api.fususone.com/api/public/organizations/raleighncpd/stats/
fastest_percentage,28,northcharlestonpd,totalRegisteredCameras,previous,4,Connect North Charleston,North Charleston,SC,2026-09-21T18:52:51Z,2026-09-28T20:13:33Z,7.056042,1365,1369,0.0029304029304029304,3.968230535297765,False,True,https://api.fususone.com/api/public/organizations/northcharlestonpd/stats/
fastest_percentage,29,dekalbcountyga,totalRegisteredCameras,previous,10,Connect DeKalb County,DeKalb County,GA,2026-09-21T18:50:54Z,2026-09-28T20:11:36Z,7.056042,3523,3533,0.002838489923360772,9.920576338244413,False,True,https://api.fususone.com/api/public/organizations/dekalbcountyga/stats/
fastest_percentage,30,greensboropd,totalRegisteredCameras,previous,2,Connect Greensboro,Greensboro,NC,2026-09-21T18:51:24Z,2026-09-28T20:12:06Z,7.056042,752,754,0.0026595744680851063,1.9841152676488825,False,True,https://api.fususone.com/api/public/organizations/greensboropd/stats/
fastest_percentage,31,charlottecounty,totalRegisteredCameras,previous,6,Connect Charlotte County,Charlotte County,FL,2026-09-21T18:50:08Z,2026-09-28T20:10:50Z,7.056042,2327,2333,0.002578427159432746,5.952345802946648,False,True,https://api.fususone.com/api/public/organizations/charlottecounty/stats/
fastest_percentage,32,okaloosacounty,totalRegisteredCameras,previous,2,Connect Okaloosa County,Okaloosa County,FL,2026-09-21T18:53:02Z,2026-09-28T20:13:44Z,7.056042,781,783,0.002560819462227913,1.9841152676488825,False,True,https://api.fususone.com/api/public/organizations/okaloosacounty/stats/
fastest_percentage,33,wheatonpd,totalRegisteredCameras,previous,1,Connect Wheaton,Wheaton,IL,2026-09-21T18:54:37Z,2026-09-28T20:15:19Z,7.056042,427,428,0.00234192037470726,0.9920576338244412,False,True,https://api.fususone.com/api/public/organizations/wheatonpd/stats/
fastest_percentage,34,baycounty,totalRegisteredCameras,previous,4,Connect Bay County,Bay County,FL,2026-09-21T18:49:42Z,2026-09-28T20:10:24Z,7.056042,1709,1713,0.0023405500292568754,3.968230535297765,False,True,https://api.fususone.com/api/public/organizations/baycounty/stats/
fastest_percentage,35,guilfordsheriff,totalRegisteredCameras,previous,2,Connect Guilford County,Guilford County ,NC,2026-09-21T18:51:26Z,2026-09-28T20:12:08Z,7.056042,870,872,0.0022988505747126436,1.9841152676488825,False,True,https://api.fususone.com/api/public/organizations/guilfordsheriff/stats/
fastest_percentage,36,sandyspringspd,totalRegisteredCameras,previous,2,Connect Sandy Springs,Sandy Springs,GA,2026-09-21T18:53:46Z,2026-09-28T20:14:28Z,7.056042,877,879,0.002280501710376283,1.9841152676488825,False,True,https://api.fususone.com/api/public/organizations/sandyspringspd/stats/
fastest_percentage,37,norfolkpd,totalRegisteredCameras,previous,1,Connect Norfolk,Norfolk,VA,2026-09-21T18:52:50Z,2026-09-28T20:13:32Z,7.056042,440,441,0.0022727272727272726,0.9920576338244412,False,True,https://api.fususone.com/api/public/organizations/norfolkpd/stats/
fastest_percentage,38,pgcountypd,totalRegisteredCameras,previous,1,Connect Prince George's County,Prince George's County,MD,2026-09-21T18:53:18Z,2026-09-28T20:14:00Z,7.056042,465,466,0.002150537634408602,0.9920576338244412,False,True,https://api.fususone.com/api/public/organizations/pgcountypd/stats/
fastest_percentage,39,aacounty,totalRegisteredCameras,previous,2,Connect Anne Arundel,Anne Arundel County,MD,2026-09-21T18:49:19Z,2026-09-28T20:10:02Z,7.056053,1026,1028,0.001949317738791423,1.9841120130961891,False,True,https://api.fususone.com/api/public/organizations/aacounty/stats/
fastest_percentage,40,lasd,totalRegisteredCameras,previous,4,Connect Los Angeles County,Los Angeles County,CA,2026-09-21T18:52:05Z,2026-09-28T20:12:47Z,7.056042,2177,2181,0.0018373909049150207,3.968230535297765,False,True,https://api.fususone.com/api/public/organizations/lasd/stats/
fastest_percentage,41,henrycountypd,totalRegisteredCameras,previous,9,Henry Safer Together,Henry County,GA,2026-09-21T18:51:38Z,2026-09-28T20:12:20Z,7.056042,4973,4982,0.0018097727729740598,8.928518704419972,False,True,https://api.fususone.com/api/public/organizations/henrycountypd/stats/
fastest_percentage,42,columbuspdga,totalRegisteredCameras,previous,4,Connect Columbus,"Columbus, Georgia",GA,2026-09-21T18:50:40Z,2026-09-28T20:11:22Z,7.056042,2439,2443,0.0016400164001640015,3.968230535297765,False,True,https://api.fususone.com/api/public/organizations/columbuspdga/stats/
fastest_percentage,43,cityofomaha,totalRegisteredCameras,previous,2,Connect Omaha,Omaha,NE,2026-09-21T18:50:24Z,2026-09-28T20:11:06Z,7.056042,1258,1260,0.001589825119236884,1.9841152676488825,False,True,https://api.fususone.com/api/public/organizations/cityofomaha/stats/
fastest_percentage,44,southbendpd,totalRegisteredCameras,previous,4,Sync South Bend,South Bend,IN,2026-09-21T18:54:03Z,2026-09-28T20:14:45Z,7.056042,2525,2529,0.0015841584158415843,3.968230535297765,False,True,https://api.fususone.com/api/public/organizations/southbendpd/stats/
fastest_percentage,45,beaumonttx,totalRegisteredCameras,previous,6,Connect Southeast Texas,Southeast Texas,TX,2026-09-21T18:49:43Z,2026-09-28T20:10:25Z,7.056042,4043,4049,0.0014840465001236705,5.952345802946648,False,True,https://api.fususone.com/api/public/organizations/beaumonttx/stats/
fastest_percentage,46,oaklawn,totalRegisteredCameras,previous,2,Connect Oak Lawn,Oak Lawn,IL,2026-09-21T18:52:58Z,2026-09-28T20:13:40Z,7.056042,1424,1426,0.0014044943820224719,1.9841152676488825,False,True,https://api.fususone.com/api/public/organizations/oaklawn/stats/
fastest_percentage,47,littlerockpd,totalRegisteredCameras,previous,4,Connect Little Rock,Little Rock,AR,2026-09-21T18:52:13Z,2026-09-28T20:12:55Z,7.056042,2859,2863,0.0013990905911157748,3.968230535297765,False,True,https://api.fususone.com/api/public/organizations/littlerockpd/stats/
fastest_percentage,48,jeffersoncountysheriff,totalRegisteredCameras,previous,2,Connect Jefferson County,Jefferson County,AL,2026-09-21T18:51:50Z,2026-09-28T20:12:32Z,7.056042,1471,1473,0.0013596193065941536,1.9841152676488825,False,True,https://api.fususone.com/api/public/organizations/jeffersoncountysheriff/stats/
fastest_percentage,49,alsipil,totalRegisteredCameras,previous,1,Connect Alsip,Alsip,IL,2026-09-21T18:49:26Z,2026-09-28T20:10:09Z,7.056053,737,738,0.0013568521031207597,0.9920560065480946,False,True,https://api.fususone.com/api/public/organizations/alsipil/stats/
fastest_percentage,50,chesterfieldcounty,totalRegisteredCameras,previous,1,Chesterfield Community Connect Program,Chesterfield County,VA,2026-09-21T18:50:12Z,2026-09-28T20:10:54Z,7.056042,768,769,0.0013020833333333333,0.9920576338244412,False,True,https://api.fususone.com/api/public/organizations/chesterfieldcounty/stats/
fastest_percentage,51,bendpd,totalRegisteredCameras,previous,1,Connect Bend,Bend,OR,2026-09-21T18:49:45Z,2026-09-28T20:10:27Z,7.056042,774,775,0.0012919896640826874,0.9920576338244412,False,True,https://api.fususone.com/api/public/organizations/bendpd/stats/
fastest_percentage,52,hamiltoncoso,totalRegisteredCameras,previous,2,Connect Hamilton County,Hamilton County,OH,2026-09-21T18:51:28Z,2026-09-28T20:12:10Z,7.056042,1692,1694,0.001182033096926714,1.9841152676488825,False,True,https://api.fususone.com/api/public/organizations/hamiltoncoso/stats/
fastest_percentage,53,clevelanddps,totalRegisteredCameras,previous,2,Safe Smart CLE,Cleveland,OH,2026-09-21T18:50:34Z,2026-09-28T20:11:16Z,7.056042,1763,1765,0.0011344299489506524,1.9841152676488825,False,True,https://api.fususone.com/api/public/organizations/clevelanddps/stats/
fastest_percentage,54,seattlepd,totalRegisteredCameras,previous,1,Connect Seattle,Seattle,WA,2026-09-21T18:53:58Z,2026-09-28T20:14:40Z,7.056042,882,883,0.0011337868480725624,0.9920576338244412,False,True,https://api.fususone.com/api/public/organizations/seattlepd/stats/
fastest_percentage,55,flaglercountysheriff,totalRegisteredCameras,previous,1,Connect Flagler County,Flagler County,FL,2026-09-21T18:51:14Z,2026-09-28T20:11:56Z,7.056042,933,934,0.0010718113612004287,0.9920576338244412,False,True,https://api.fususone.com/api/public/organizations/flaglercountysheriff/stats/
fastest_percentage,56,dcmetro,totalRegisteredCameras,previous,39,CameraConnectDC,Washington DC,DC,2026-09-21T18:50:51Z,2026-09-28T20:11:33Z,7.056042,44140,44179,0.000883552333484368,38.69024771915321,False,True,https://api.fususone.com/api/public/organizations/dcmetro/stats/
fastest_percentage,57,savannahpd,totalRegisteredCameras,previous,1,Connect Savannah,Savannah,GA,2026-09-21T18:53:53Z,2026-09-28T20:14:35Z,7.056042,1167,1168,0.000856898029134533,0.9920576338244412,False,True,https://api.fususone.com/api/public/organizations/savannahpd/stats/
fastest_percentage,58,okcpd,totalRegisteredCameras,previous,1,Connect Oklahoma City,Oklahoma City,OK,2026-09-21T18:53:03Z,2026-09-28T20:13:45Z,7.056042,1730,1731,0.0005780346820809249,0.9920576338244412,False,True,https://api.fususone.com/api/public/organizations/okcpd/stats/
fastest_percentage,59,cobbcountypd,totalRegisteredCameras,previous,2,Connect Cobb ,Cobb County,GA,2026-09-21T18:50:36Z,2026-09-28T20:11:18Z,7.056042,3545,3547,0.0005641748942172073,1.9841152676488825,False,True,https://api.fususone.com/api/public/organizations/cobbcountypd/stats/
fastest_percentage,60,cityofatlanta,totalRegisteredCameras,previous,5,Connect Atlanta,Atlanta,GA,2026-09-21T18:50:17Z,2026-09-28T20:10:59Z,7.056042,17517,17522,0.00028543700405320546,4.960288169122206,False,True,https://api.fususone.com/api/public/organizations/cityofatlanta/stats/
largest_declines,1,sanmateopd,totalRegisteredCameras,previous,-7,Connect San Mateo,San Mateo,CA,2026-09-21T18:53:50Z,2026-09-28T20:14:32Z,7.056042,3101,3094,-0.002257336343115124,-6.944403436771089,False,True,https://api.fususone.com/api/public/organizations/sanmateopd/stats/
fastest_absolute,1,brooklynparkpdmn,totalIntegratedCameras,previous,1874,Brooklyn Park Community Cameras,Brooklyn Park,MN,2026-09-21T18:49:57Z,2026-09-28T20:10:39Z,7.056042,240,2114,7.808333333333334,1859.116005787003,False,True,https://api.fususone.com/api/public/organizations/brooklynparkpdmn/stats/
fastest_absolute,2,okcpd,totalIntegratedCameras,previous,411,Connect Oklahoma City,Oklahoma City,OK,2026-09-21T18:53:03Z,2026-09-28T20:13:45Z,7.056042,6736,7147,0.06101543942992874,407.73568750184535,False,True,https://api.fususone.com/api/public/organizations/okcpd/stats/
fastest_absolute,3,ashevillepdnc,totalIntegratedCameras,previous,325,Connect Asheville,Asheville,NC,2026-09-21T18:49:37Z,2026-09-28T20:10:19Z,7.056042,19,344,17.105263157894736,322.41873099294344,False,True,https://api.fususone.com/api/public/organizations/ashevillepdnc/stats/
fastest_absolute,4,sanjose,totalIntegratedCameras,previous,113,Connect San Jose,San Jose,CA,2026-09-21T18:53:48Z,2026-09-28T20:14:30Z,7.056042,1483,1596,0.07619689817936615,112.10251262216187,False,True,https://api.fususone.com/api/public/organizations/sanjose/stats/
fastest_absolute,5,cobbcountypd,totalIntegratedCameras,previous,98,Connect Cobb ,Cobb County,GA,2026-09-21T18:50:36Z,2026-09-28T20:11:18Z,7.056042,12808,12906,0.007651467832604622,97.22164811479524,False,True,https://api.fususone.com/api/public/organizations/cobbcountypd/stats/
fastest_absolute,6,sparkspdnv,totalIntegratedCameras,previous,91,Connect Sparks,Sparks,NV,2026-09-21T18:54:05Z,2026-09-28T20:14:47Z,7.056042,658,749,0.13829787234042554,90.27724467802416,False,True,https://api.fususone.com/api/public/organizations/sparkspdnv/stats/
fastest_absolute,7,monroecoso,totalIntegratedCameras,previous,85,Connect Monroe County,Monroe County,NY,2026-09-21T18:52:36Z,2026-09-28T20:13:18Z,7.056042,783,868,0.10855683269476372,84.32489887507751,False,True,https://api.fususone.com/api/public/organizations/monroecoso/stats/
fastest_absolute,8,renopd,totalIntegratedCameras,previous,64,Connect Reno,Reno,NV,2026-09-21T18:53:30Z,2026-09-28T20:14:12Z,7.056042,881,945,0.07264472190692395,63.49168856476424,False,True,https://api.fususone.com/api/public/organizations/renopd/stats/
fastest_absolute,9,stcloud,totalIntegratedCameras,previous,64,Connect St. Cloud,St. Cloud,FL,2026-09-21T18:54:12Z,2026-09-28T20:14:54Z,7.056042,9164,9228,0.006983849847228284,63.49168856476424,False,True,https://api.fususone.com/api/public/organizations/stcloud/stats/
fastest_absolute,10,orangecofl,totalIntegratedCameras,previous,61,Connect Orange County,Orange County,FL,2026-09-21T18:53:05Z,2026-09-28T20:13:47Z,7.056042,10416,10477,0.005856374807987712,60.51551566329092,False,True,https://api.fususone.com/api/public/organizations/orangecofl/stats/
fastest_absolute,11,queencreekaz,totalIntegratedCameras,previous,48,Connect Queen Creek,Queen Creek,AZ,2026-09-21T18:53:26Z,2026-09-28T20:14:08Z,7.056042,946,994,0.0507399577167019,47.618766423573184,False,True,https://api.fususone.com/api/public/organizations/queencreekaz/stats/
fastest_absolute,12,greensboropd,totalIntegratedCameras,previous,25,Connect Greensboro,Greensboro,NC,2026-09-21T18:51:24Z,2026-09-28T20:12:06Z,7.056042,1183,1208,0.021132713440405747,24.801440845611033,False,True,https://api.fususone.com/api/public/organizations/greensboropd/stats/
fastest_absolute,13,baltimorecountypd,totalIntegratedCameras,previous,24,Connect Baltimore County,Baltimore County,MD,2026-09-21T18:49:40Z,2026-09-28T20:10:22Z,7.056042,592,616,0.04054054054054054,23.809383211786592,False,True,https://api.fususone.com/api/public/organizations/baltimorecountypd/stats/
fastest_absolute,14,lynchburgpd,totalIntegratedCameras,previous,24,Hill City Connect,Lynchburg,VA,2026-09-21T18:52:16Z,2026-09-28T20:12:58Z,7.056042,716,740,0.0335195530726257,23.809383211786592,False,True,https://api.fususone.com/api/public/organizations/lynchburgpd/stats/
fastest_absolute,15,spartanburgpd,totalIntegratedCameras,previous,22,Connect Spartanburg,Spartanburg,SC,2026-09-21T18:54:06Z,2026-09-28T20:14:48Z,7.056042,652,674,0.03374233128834356,21.825267944137707,False,True,https://api.fususone.com/api/public/organizations/spartanburgpd/stats/
fastest_absolute,16,ontariopolice,totalIntegratedCameras,previous,20,Connect Ontario,Ontario,CA,2026-09-21T18:53:04Z,2026-09-28T20:13:46Z,7.056042,2075,2095,0.00963855421686747,19.841152676488825,False,True,https://api.fususone.com/api/public/organizations/ontariopolice/stats/
fastest_absolute,17,anaheim,totalIntegratedCameras,previous,19,Connect Anaheim,Anaheim,CA,2026-09-21T18:49:30Z,2026-09-28T20:10:12Z,7.056042,714,733,0.02661064425770308,18.849095042664384,False,True,https://api.fususone.com/api/public/organizations/anaheim/stats/
fastest_absolute,18,mpls,totalIntegratedCameras,previous,17,Connect Minneapolis,Minneapolis,MN,2026-09-21T18:52:41Z,2026-09-28T20:13:23Z,7.056042,2716,2733,0.0062592047128129605,16.864979775015502,False,True,https://api.fususone.com/api/public/organizations/mpls/stats/
fastest_absolute,19,coloradospringspd,totalIntegratedCameras,previous,15,Together COS,Colorado Springs,CO,2026-09-21T18:50:38Z,2026-09-28T20:11:20Z,7.056042,1085,1100,0.013824884792626729,14.880864507366619,False,True,https://api.fususone.com/api/public/organizations/coloradospringspd/stats/
fastest_absolute,20,warrenpdmi,totalIntegratedCameras,previous,15,Connect Warren,Warren,MI,2026-09-21T18:54:33Z,2026-09-28T20:15:15Z,7.056042,223,238,0.06726457399103139,14.880864507366619,False,True,https://api.fususone.com/api/public/organizations/warrenpdmi/stats/
fastest_absolute,21,kentcountysd,totalIntegratedCameras,previous,13,The Kent Safety Network,Kent County,MI,2026-09-21T18:51:54Z,2026-09-28T20:12:36Z,7.056042,2710,2723,0.004797047970479705,12.896749239717737,False,True,https://api.fususone.com/api/public/organizations/kentcountysd/stats/
fastest_absolute,22,norfolkpd,totalIntegratedCameras,previous,12,Connect Norfolk,Norfolk,VA,2026-09-21T18:52:50Z,2026-09-28T20:13:32Z,7.056042,3644,3656,0.003293084522502744,11.904691605893296,False,True,https://api.fususone.com/api/public/organizations/norfolkpd/stats/
fastest_absolute,23,sacramentopd,totalIntegratedCameras,previous,12,Sacramento PD Connect,Sacramento,CA,2026-09-21T18:53:43Z,2026-09-28T20:14:25Z,7.056042,1762,1774,0.00681044267877412,11.904691605893296,False,True,https://api.fususone.com/api/public/organizations/sacramentopd/stats/
fastest_absolute,24,cummingpdga,totalIntegratedCameras,previous,11,Connect Cumming,Cumming,GA,2026-09-21T18:50:46Z,2026-09-28T20:11:28Z,7.056042,3094,3105,0.003555268261150614,10.912633972068853,False,True,https://api.fususone.com/api/public/organizations/cummingpdga/stats/
fastest_absolute,25,elizabethnj,totalIntegratedCameras,previous,10,Connect Elizabeth,Elizabeth,NJ,2026-09-21T18:51:05Z,2026-09-28T20:11:47Z,7.056042,3442,3452,0.002905287623474724,9.920576338244413,False,True,https://api.fususone.com/api/public/organizations/elizabethnj/stats/
fastest_absolute,26,greeleypd,totalIntegratedCameras,previous,10,Connect Greeley,Greeley,CO,2026-09-21T18:51:23Z,2026-09-28T20:12:05Z,7.056042,2415,2425,0.004140786749482402,9.920576338244413,False,True,https://api.fususone.com/api/public/organizations/greeleypd/stats/
fastest_absolute,27,accpd,totalIntegratedCameras,previous,9,Connect Athens-Clarke County,Athens-Clarke County,GA,2026-09-21T18:49:20Z,2026-09-28T20:10:03Z,7.056053,4316,4325,0.0020852641334569047,8.928504058932852,False,True,https://api.fususone.com/api/public/organizations/accpd/stats/
fastest_absolute,28,cityofshreveport,totalIntegratedCameras,previous,9,Connect Shreveport,Shreveport,LA,2026-09-21T18:50:27Z,2026-09-28T20:11:09Z,7.056042,2829,2838,0.003181336161187699,8.928518704419972,False,True,https://api.fususone.com/api/public/organizations/cityofshreveport/stats/
fastest_absolute,29,newtonsheriff,totalIntegratedCameras,previous,9,Connect Newton County,Newton County,GA,2026-09-21T18:52:49Z,2026-09-28T20:13:31Z,7.056042,3518,3527,0.002558271745309835,8.928518704419972,False,True,https://api.fususone.com/api/public/organizations/newtonsheriff/stats/
fastest_absolute,30,cityofatlanta,totalIntegratedCameras,previous,8,Connect Atlanta,Atlanta,GA,2026-09-21T18:50:17Z,2026-09-28T20:10:59Z,7.056042,28373,28381,0.00028195819969689494,7.93646107059553,False,True,https://api.fususone.com/api/public/organizations/cityofatlanta/stats/
fastest_absolute,31,fayettevillepd,totalIntegratedCameras,previous,7,Connect Fayetteville,Fayetteville,NC,2026-09-21T18:51:12Z,2026-09-28T20:11:54Z,7.056042,536,543,0.013059701492537313,6.944403436771089,False,True,https://api.fususone.com/api/public/organizations/fayettevillepd/stats/
fastest_absolute,32,hopemillspd,totalIntegratedCameras,previous,7,Connect Hope Mills,Hope Mills,NC,2026-09-21T18:51:43Z,2026-09-28T20:12:25Z,7.056042,338,345,0.020710059171597635,6.944403436771089,False,True,https://api.fususone.com/api/public/organizations/hopemillspd/stats/
fastest_absolute,33,virginiabeachpd,totalIntegratedCameras,previous,7,Connect Virginia Beach,Virginia Beach,VA,2026-09-21T18:54:29Z,2026-09-28T20:15:11Z,7.056042,3301,3308,0.0021205695243865495,6.944403436771089,False,True,https://api.fususone.com/api/public/organizations/virginiabeachpd/stats/
fastest_absolute,34,dearbornpdmi,totalIntegratedCameras,previous,6,Connect Dearborn,Dearborn,MI,2026-09-21T18:50:53Z,2026-09-28T20:11:35Z,7.056042,679,685,0.008836524300441826,5.952345802946648,False,True,https://api.fususone.com/api/public/organizations/dearbornpdmi/stats/
fastest_absolute,35,newportbeachpdca,totalIntegratedCameras,previous,6,Connect Newport Beach,Newport Beach,CA,2026-09-21T18:52:47Z,2026-09-28T20:13:29Z,7.056042,229,235,0.026200873362445413,5.952345802946648,False,True,https://api.fususone.com/api/public/organizations/newportbeachpdca/stats/
fastest_absolute,36,anchoragepdak,totalIntegratedCameras,previous,5,Safe Anchorage,Anchorage,AK,2026-09-21T18:49:31Z,2026-09-28T20:10:13Z,7.056042,41,46,0.12195121951219512,4.960288169122206,False,True,https://api.fususone.com/api/public/organizations/anchoragepdak/stats/
fastest_absolute,37,baycounty,totalIntegratedCameras,previous,5,Connect Bay County,Bay County,FL,2026-09-21T18:49:42Z,2026-09-28T20:10:24Z,7.056042,1510,1515,0.0033112582781456954,4.960288169122206,False,True,https://api.fususone.com/api/public/organizations/baycounty/stats/
fastest_absolute,38,charlottemecklenburg,totalIntegratedCameras,previous,5,Connect Charlotte,Charlotte,NC,2026-09-21T18:50:09Z,2026-09-28T20:10:51Z,7.056042,1784,1789,0.002802690582959641,4.960288169122206,False,True,https://api.fususone.com/api/public/organizations/charlottemecklenburg/stats/
fastest_absolute,39,modestopd,totalIntegratedCameras,previous,5,Connect Modesto,Modesto,CA,2026-09-21T18:52:34Z,2026-09-28T20:13:16Z,7.056042,424,429,0.01179245283018868,4.960288169122206,False,True,https://api.fususone.com/api/public/organizations/modestopd/stats/
fastest_absolute,40,tucsonpd,totalIntegratedCameras,previous,5,Connect Tucson,Tucson,AZ,2026-09-21T18:54:22Z,2026-09-28T20:15:04Z,7.056042,632,637,0.007911392405063292,4.960288169122206,False,True,https://api.fususone.com/api/public/organizations/tucsonpd/stats/
fastest_absolute,41,wichitapdks,totalIntegratedCameras,previous,5,Connected Wichita,Wichita,KS,2026-09-21T18:54:39Z,2026-09-28T20:15:21Z,7.056042,365,370,0.0136986301369863,4.960288169122206,False,True,https://api.fususone.com/api/public/organizations/wichitapdks/stats/
fastest_absolute,42,chicagoheights,totalIntegratedCameras,previous,4,Connect Chicago Heights,Chicago Heights,IL,2026-09-21T18:50:13Z,2026-09-28T20:10:55Z,7.056042,1221,1225,0.003276003276003276,3.968230535297765,False,True,https://api.fususone.com/api/public/organizations/chicagoheights/stats/
fastest_absolute,43,dentonpdtx,totalIntegratedCameras,previous,4,Denton Connects,Denton,TX,2026-09-21T18:50:56Z,2026-09-28T20:11:38Z,7.056042,186,190,0.021505376344086023,3.968230535297765,False,True,https://api.fususone.com/api/public/organizations/dentonpdtx/stats/
fastest_absolute,44,garypd,totalIntegratedCameras,previous,4,Connect Gary,Gary,IN,2026-09-21T18:51:20Z,2026-09-28T20:12:02Z,7.056042,1321,1325,0.003028009084027252,3.968230535297765,False,True,https://api.fususone.com/api/public/organizations/garypd/stats/
fastest_absolute,45,lafayettepd,totalIntegratedCameras,previous,4,Connect Lafayette,Lafayette,LA,2026-09-21T18:51:58Z,2026-09-28T20:12:40Z,7.056042,2210,2214,0.0018099547511312218,3.968230535297765,False,True,https://api.fususone.com/api/public/organizations/lafayettepd/stats/
fastest_absolute,46,rialtopd,totalIntegratedCameras,previous,4,Connect Rialto,Rialto,CA,2026-09-21T18:53:32Z,2026-09-28T20:14:14Z,7.056042,3610,3614,0.00110803324099723,3.968230535297765,False,True,https://api.fususone.com/api/public/organizations/rialtopd/stats/
fastest_absolute,47,springfieldpd,totalIntegratedCameras,previous,4,Sync Springfield,Springfield,IL,2026-09-21T18:54:08Z,2026-09-28T20:14:50Z,7.056042,2546,2550,0.0015710919088766694,3.968230535297765,False,True,https://api.fususone.com/api/public/organizations/springfieldpd/stats/
fastest_absolute,48,birminghampd,totalIntegratedCameras,previous,3,Connect Birmingham,Birmingham,AL,2026-09-21T18:49:50Z,2026-09-28T20:10:32Z,7.056042,948,951,0.0031645569620253164,2.976172901473324,False,True,https://api.fususone.com/api/public/organizations/birminghampd/stats/
fastest_absolute,49,hooverpd,totalIntegratedCameras,previous,3,Connect Hoover,Hoover,AL,2026-09-21T18:51:42Z,2026-09-28T20:12:24Z,7.056042,917,920,0.003271537622682661,2.976172901473324,False,True,https://api.fususone.com/api/public/organizations/hooverpd/stats/
fastest_absolute,50,beaumonttx,totalIntegratedCameras,previous,2,Connect Southeast Texas,Southeast Texas,TX,2026-09-21T18:49:43Z,2026-09-28T20:10:25Z,7.056042,3793,3795,0.0005272871078302136,1.9841152676488825,False,True,https://api.fususone.com/api/public/organizations/beaumonttx/stats/
fastest_absolute,51,cherokeega,totalIntegratedCameras,previous,2,Connect Cherokee,Cherokee County,GA,2026-09-21T18:50:11Z,2026-09-28T20:10:53Z,7.056042,13420,13422,0.00014903129657228018,1.9841152676488825,False,True,https://api.fususone.com/api/public/organizations/cherokeega/stats/
fastest_absolute,52,cincinnatipd,totalIntegratedCameras,previous,2,Connect Cincinnati,Cincinnati,OH,2026-09-21T18:50:16Z,2026-09-28T20:10:58Z,7.056042,844,846,0.002369668246445498,1.9841152676488825,False,True,https://api.fususone.com/api/public/organizations/cincinnatipd/stats/
fastest_absolute,53,cityofroswell,totalIntegratedCameras,previous,2,Connect Roswell,Roswell,GA,2026-09-21T18:50:26Z,2026-09-28T20:11:08Z,7.056042,10641,10643,0.000187952260125928,1.9841152676488825,False,True,https://api.fususone.com/api/public/organizations/cityofroswell/stats/
fastest_absolute,54,dallaspd,totalIntegratedCameras,previous,2,Connect Dallas,Dallas,TX,2026-09-21T18:50:47Z,2026-09-28T20:11:29Z,7.056042,1493,1495,0.0013395847287340924,1.9841152676488825,False,True,https://api.fususone.com/api/public/organizations/dallaspd/stats/
fastest_absolute,55,escambiafl,totalIntegratedCameras,previous,2,Star Network,Escambia County,FL,2026-09-21T18:51:07Z,2026-09-28T20:11:49Z,7.056042,1271,1273,0.0015735641227380016,1.9841152676488825,False,True,https://api.fususone.com/api/public/organizations/escambiafl/stats/
fastest_absolute,56,forestparkpd,totalIntegratedCameras,previous,2,Connect Forest Park,Forest Park,GA,2026-09-21T18:51:15Z,2026-09-28T20:11:57Z,7.056042,10503,10505,0.00019042178425211843,1.9841152676488825,False,True,https://api.fususone.com/api/public/organizations/forestparkpd/stats/
fastest_absolute,57,henrycountypd,totalIntegratedCameras,previous,2,Henry Safer Together,Henry County,GA,2026-09-21T18:51:38Z,2026-09-28T20:12:20Z,7.056042,13830,13832,0.00014461315979754158,1.9841152676488825,False,True,https://api.fususone.com/api/public/organizations/henrycountypd/stats/
fastest_absolute,58,lapd,totalIntegratedCameras,previous,2,Connect Los Angeles,Los Angeles,CA,2026-09-21T18:52:04Z,2026-09-28T20:12:46Z,7.056042,271,273,0.007380073800738007,1.9841152676488825,False,True,https://api.fususone.com/api/public/organizations/lapd/stats/
fastest_absolute,59,martincountyso,totalIntegratedCameras,previous,2,Connect Martin County,Martin County,FL,2026-09-21T18:52:21Z,2026-09-28T20:13:03Z,7.056042,6030,6032,0.0003316749585406302,1.9841152676488825,False,True,https://api.fususone.com/api/public/organizations/martincountyso/stats/
fastest_absolute,60,miamibeachpdfl,totalIntegratedCameras,previous,2,Connect Miami Beach,Miami Beach,FL,2026-09-21T18:52:28Z,2026-09-28T20:13:10Z,7.056042,525,527,0.0038095238095238095,1.9841152676488825,False,True,https://api.fususone.com/api/public/organizations/miamibeachpdfl/stats/
fastest_absolute,61,northport,totalIntegratedCameras,previous,2,Connect North Port,North Port,FL,2026-09-21T18:52:53Z,2026-09-28T20:13:35Z,7.056042,891,893,0.002244668911335578,1.9841152676488825,False,True,https://api.fususone.com/api/public/organizations/northport/stats/
fastest_absolute,62,sandyspringspd,totalIntegratedCameras,previous,2,Connect Sandy Springs,Sandy Springs,GA,2026-09-21T18:53:46Z,2026-09-28T20:14:28Z,7.056042,15223,15225,0.00013138014845956775,1.9841152676488825,False,True,https://api.fususone.com/api/public/organizations/sandyspringspd/stats/
fastest_absolute,63,statesboropd,totalIntegratedCameras,previous,2,Connect Statesboro,Statesboro,GA,2026-09-21T18:54:10Z,2026-09-28T20:14:52Z,7.056042,14447,14449,0.0001384370457534436,1.9841152676488825,False,True,https://api.fususone.com/api/public/organizations/statesboropd/stats/
fastest_absolute,64,albanypolice,totalIntegratedCameras,previous,1,Connect Albany,Albany,GA,2026-09-21T18:49:24Z,2026-09-28T20:10:07Z,7.056053,13935,13936,7.176175098672408e-05,0.9920560065480946,False,True,https://api.fususone.com/api/public/organizations/albanypolice/stats/
fastest_absolute,65,auroragov,totalIntegratedCameras,previous,1,Connect Aurora,Aurora,CO,2026-09-21T18:49:39Z,2026-09-28T20:10:21Z,7.056042,934,935,0.0010706638115631692,0.9920576338244412,False,True,https://api.fususone.com/api/public/organizations/auroragov/stats/
fastest_absolute,66,cityofomaha,totalIntegratedCameras,previous,1,Connect Omaha,Omaha,NE,2026-09-21T18:50:24Z,2026-09-28T20:11:06Z,7.056042,1625,1626,0.0006153846153846154,0.9920576338244412,False,True,https://api.fususone.com/api/public/organizations/cityofomaha/stats/
fastest_absolute,67,collegeparkga,totalIntegratedCameras,previous,1,Connect College Park,College Park,GA,2026-09-21T18:50:37Z,2026-09-28T20:11:19Z,7.056042,10505,10506,9.519276534983341e-05,0.9920576338244412,False,True,https://api.fususone.com/api/public/organizations/collegeparkga/stats/
fastest_absolute,68,douglasvillepolice,totalIntegratedCameras,previous,1,Connect Douglasville,Douglasville ,GA,2026-09-21T18:50:59Z,2026-09-28T20:11:41Z,7.056042,12889,12890,7.758553805570642e-05,0.9920576338244412,False,True,https://api.fususone.com/api/public/organizations/douglasvillepolice/stats/
fastest_absolute,69,eastpointpdga,totalIntegratedCameras,previous,1,Connect East Point,East Point,GA,2026-09-21T18:51:03Z,2026-09-28T20:11:45Z,7.056042,5112,5113,0.00019561815336463224,0.9920576338244412,False,True,https://api.fususone.com/api/public/organizations/eastpointpdga/stats/
fastest_absolute,70,forsythcosoga,totalIntegratedCameras,previous,1,Connect Forsyth County,Forsyth County,GA,2026-09-21T18:51:17Z,2026-09-28T20:11:59Z,7.056042,6923,6924,0.0001444460494005489,0.9920576338244412,False,True,https://api.fususone.com/api/public/organizations/forsythcosoga/stats/
fastest_absolute,71,harrisoncso,totalIntegratedCameras,previous,1,Connect Harrison County,Harrison County,MS,2026-09-21T18:51:32Z,2026-09-28T20:12:14Z,7.056042,504,505,0.001984126984126984,0.9920576338244412,False,True,https://api.fususone.com/api/public/organizations/harrisoncso/stats/
fastest_absolute,72,kennesawpd,totalIntegratedCameras,previous,1,Connect Kennesaw,Kennesaw,GA,2026-09-21T18:51:53Z,2026-09-28T20:12:35Z,7.056042,9229,9230,0.00010835410120273052,0.9920576338244412,False,True,https://api.fususone.com/api/public/organizations/kennesawpd/stats/
fastest_absolute,73,newlondonpdct,totalIntegratedCameras,previous,1,Connect New London,New London,CT,2026-09-21T18:52:46Z,2026-09-28T20:13:28Z,7.056042,5,6,0.2,0.9920576338244412,False,True,https://api.fususone.com/api/public/organizations/newlondonpdct/stats/
fastest_absolute,74,oaklawn,totalIntegratedCameras,previous,1,Connect Oak Lawn,Oak Lawn,IL,2026-09-21T18:52:58Z,2026-09-28T20:13:40Z,7.056042,2204,2205,0.00045372050816696913,0.9920576338244412,False,True,https://api.fususone.com/api/public/organizations/oaklawn/stats/
fastest_absolute,75,pbso,totalIntegratedCameras,previous,1,Keep Palm Beach County Safe,Palm Beach County,FL,2026-09-21T18:53:11Z,2026-09-28T20:13:53Z,7.056042,1501,1502,0.0006662225183211193,0.9920576338244412,False,True,https://api.fususone.com/api/public/organizations/pbso/stats/
fastest_absolute,76,powderspringspd,totalIntegratedCameras,previous,1,Connect Powder Springs,Powder Springs,GA,2026-09-21T18:53:24Z,2026-09-28T20:14:06Z,7.056042,2954,2955,0.00033852403520649965,0.9920576338244412,False,True,https://api.fususone.com/api/public/organizations/powderspringspd/stats/
fastest_absolute,77,savannahpd,totalIntegratedCameras,previous,1,Connect Savannah,Savannah,GA,2026-09-21T18:53:53Z,2026-09-28T20:14:35Z,7.056042,9258,9259,0.00010801468999783971,0.9920576338244412,False,True,https://api.fususone.com/api/public/organizations/savannahpd/stats/
fastest_absolute,78,seagovillepdtx,totalIntegratedCameras,previous,1,Seagoville Connect and Protect,Seagoville,TX,2026-09-21T18:53:56Z,2026-09-28T20:14:38Z,7.056042,49,50,0.02040816326530612,0.9920576338244412,False,True,https://api.fususone.com/api/public/organizations/seagovillepdtx/stats/
fastest_absolute,79,shawneecosheriff,totalIntegratedCameras,previous,1,Connect Shawnee County and the City of Topeka,Shawnee County and the City of Topeka,KS,2026-09-21T18:54:00Z,2026-09-28T20:14:42Z,7.056042,2241,2242,0.0004462293618920125,0.9920576338244412,False,True,https://api.fususone.com/api/public/organizations/shawneecosheriff/stats/
fastest_absolute,80,smyrnaga,totalIntegratedCameras,previous,1,Connect Smyrna,Smyrna,GA,2026-09-21T18:54:02Z,2026-09-28T20:14:44Z,7.056042,13064,13065,7.654623392529088e-05,0.9920576338244412,False,True,https://api.fususone.com/api/public/organizations/smyrnaga/stats/
fastest_absolute,81,southfultonga,totalIntegratedCameras,previous,1,Connect South Fulton,South Fulton,GA,2026-09-21T18:54:04Z,2026-09-28T20:14:46Z,7.056042,14804,14805,6.754931099702783e-05,0.9920576338244412,False,True,https://api.fususone.com/api/public/organizations/southfultonga/stats/
fastest_absolute,82,warnerrobinspd,totalIntegratedCameras,previous,1,Connect Warner Robins,Warner Robins,GA,2026-09-21T18:54:32Z,2026-09-28T20:15:14Z,7.056042,9230,9231,0.00010834236186348862,0.9920576338244412,False,True,https://api.fususone.com/api/public/organizations/warnerrobinspd/stats/
fastest_absolute,83,westsacramento,totalIntegratedCameras,previous,1,West Sacramento Safe and Secure,West Sacramento,CA,2026-09-21T18:54:36Z,2026-09-28T20:15:18Z,7.056042,512,513,0.001953125,0.9920576338244412,False,True,https://api.fususone.com/api/public/organizations/westsacramento/stats/
fastest_weekly_rate,1,brooklynparkpdmn,totalIntegratedCameras,previous,1874,Brooklyn Park Community Cameras,Brooklyn Park,MN,2026-09-21T18:49:57Z,2026-09-28T20:10:39Z,7.056042,240,2114,7.808333333333334,1859.116005787003,False,True,https://api.fususone.com/api/public/organizations/brooklynparkpdmn/stats/
fastest_weekly_rate,2,okcpd,totalIntegratedCameras,previous,411,Connect Oklahoma City,Oklahoma City,OK,2026-09-21T18:53:03Z,2026-09-28T20:13:45Z,7.056042,6736,7147,0.06101543942992874,407.73568750184535,False,True,https://api.fususone.com/api/public/organizations/okcpd/stats/
fastest_weekly_rate,3,ashevillepdnc,totalIntegratedCameras,previous,325,Connect Asheville,Asheville,NC,2026-09-21T18:49:37Z,2026-09-28T20:10:19Z,7.056042,19,344,17.105263157894736,322.41873099294344,False,True,https://api.fususone.com/api/public/organizations/ashevillepdnc/stats/
fastest_weekly_rate,4,sanjose,totalIntegratedCameras,previous,113,Connect San Jose,San Jose,CA,2026-09-21T18:53:48Z,2026-09-28T20:14:30Z,7.056042,1483,1596,0.07619689817936615,112.10251262216187,False,True,https://api.fususone.com/api/public/organizations/sanjose/stats/
fastest_weekly_rate,5,cobbcountypd,totalIntegratedCameras,previous,98,Connect Cobb ,Cobb County,GA,2026-09-21T18:50:36Z,2026-09-28T20:11:18Z,7.056042,12808,12906,0.007651467832604622,97.22164811479524,False,True,https://api.fususone.com/api/public/organizations/cobbcountypd/stats/
fastest_weekly_rate,6,sparkspdnv,totalIntegratedCameras,previous,91,Connect Sparks,Sparks,NV,2026-09-21T18:54:05Z,2026-09-28T20:14:47Z,7.056042,658,749,0.13829787234042554,90.27724467802416,False,True,https://api.fususone.com/api/public/organizations/sparkspdnv/stats/
fastest_weekly_rate,7,monroecoso,totalIntegratedCameras,previous,85,Connect Monroe County,Monroe County,NY,2026-09-21T18:52:36Z,2026-09-28T20:13:18Z,7.056042,783,868,0.10855683269476372,84.32489887507751,False,True,https://api.fususone.com/api/public/organizations/monroecoso/stats/
fastest_weekly_rate,8,renopd,totalIntegratedCameras,previous,64,Connect Reno,Reno,NV,2026-09-21T18:53:30Z,2026-09-28T20:14:12Z,7.056042,881,945,0.07264472190692395,63.49168856476424,False,True,https://api.fususone.com/api/public/organizations/renopd/stats/
fastest_weekly_rate,9,stcloud,totalIntegratedCameras,previous,64,Connect St. Cloud,St. Cloud,FL,2026-09-21T18:54:12Z,2026-09-28T20:14:54Z,7.056042,9164,9228,0.006983849847228284,63.49168856476424,False,True,https://api.fususone.com/api/public/organizations/stcloud/stats/
fastest_weekly_rate,10,orangecofl,totalIntegratedCameras,previous,61,Connect Orange County,Orange County,FL,2026-09-21T18:53:05Z,2026-09-28T20:13:47Z,7.056042,10416,10477,0.005856374807987712,60.51551566329092,False,True,https://api.fususone.com/api/public/organizations/orangecofl/stats/
fastest_weekly_rate,11,queencreekaz,totalIntegratedCameras,previous,48,Connect Queen Creek,Queen Creek,AZ,2026-09-21T18:53:26Z,2026-09-28T20:14:08Z,7.056042,946,994,0.0507399577167019,47.618766423573184,False,True,https://api.fususone.com/api/public/organizations/queencreekaz/stats/
fastest_weekly_rate,12,greensboropd,totalIntegratedCameras,previous,25,Connect Greensboro,Greensboro,NC,2026-09-21T18:51:24Z,2026-09-28T20:12:06Z,7.056042,1183,1208,0.021132713440405747,24.801440845611033,False,True,https://api.fususone.com/api/public/organizations/greensboropd/stats/
fastest_weekly_rate,13,baltimorecountypd,totalIntegratedCameras,previous,24,Connect Baltimore County,Baltimore County,MD,2026-09-21T18:49:40Z,2026-09-28T20:10:22Z,7.056042,592,616,0.04054054054054054,23.809383211786592,False,True,https://api.fususone.com/api/public/organizations/baltimorecountypd/stats/
fastest_weekly_rate,14,lynchburgpd,totalIntegratedCameras,previous,24,Hill City Connect,Lynchburg,VA,2026-09-21T18:52:16Z,2026-09-28T20:12:58Z,7.056042,716,740,0.0335195530726257,23.809383211786592,False,True,https://api.fususone.com/api/public/organizations/lynchburgpd/stats/
fastest_weekly_rate,15,spartanburgpd,totalIntegratedCameras,previous,22,Connect Spartanburg,Spartanburg,SC,2026-09-21T18:54:06Z,2026-09-28T20:14:48Z,7.056042,652,674,0.03374233128834356,21.825267944137707,False,True,https://api.fususone.com/api/public/organizations/spartanburgpd/stats/
fastest_weekly_rate,16,ontariopolice,totalIntegratedCameras,previous,20,Connect Ontario,Ontario,CA,2026-09-21T18:53:04Z,2026-09-28T20:13:46Z,7.056042,2075,2095,0.00963855421686747,19.841152676488825,False,True,https://api.fususone.com/api/public/organizations/ontariopolice/stats/
fastest_weekly_rate,17,anaheim,totalIntegratedCameras,previous,19,Connect Anaheim,Anaheim,CA,2026-09-21T18:49:30Z,2026-09-28T20:10:12Z,7.056042,714,733,0.02661064425770308,18.849095042664384,False,True,https://api.fususone.com/api/public/organizations/anaheim/stats/
fastest_weekly_rate,18,mpls,totalIntegratedCameras,previous,17,Connect Minneapolis,Minneapolis,MN,2026-09-21T18:52:41Z,2026-09-28T20:13:23Z,7.056042,2716,2733,0.0062592047128129605,16.864979775015502,False,True,https://api.fususone.com/api/public/organizations/mpls/stats/
fastest_weekly_rate,19,coloradospringspd,totalIntegratedCameras,previous,15,Together COS,Colorado Springs,CO,2026-09-21T18:50:38Z,2026-09-28T20:11:20Z,7.056042,1085,1100,0.013824884792626729,14.880864507366619,False,True,https://api.fususone.com/api/public/organizations/coloradospringspd/stats/
fastest_weekly_rate,20,warrenpdmi,totalIntegratedCameras,previous,15,Connect Warren,Warren,MI,2026-09-21T18:54:33Z,2026-09-28T20:15:15Z,7.056042,223,238,0.06726457399103139,14.880864507366619,False,True,https://api.fususone.com/api/public/organizations/warrenpdmi/stats/
fastest_weekly_rate,21,kentcountysd,totalIntegratedCameras,previous,13,The Kent Safety Network,Kent County,MI,2026-09-21T18:51:54Z,2026-09-28T20:12:36Z,7.056042,2710,2723,0.004797047970479705,12.896749239717737,False,True,https://api.fususone.com/api/public/organizations/kentcountysd/stats/
fastest_weekly_rate,22,norfolkpd,totalIntegratedCameras,previous,12,Connect Norfolk,Norfolk,VA,2026-09-21T18:52:50Z,2026-09-28T20:13:32Z,7.056042,3644,3656,0.003293084522502744,11.904691605893296,False,True,https://api.fususone.com/api/public/organizations/norfolkpd/stats/
fastest_weekly_rate,23,sacramentopd,totalIntegratedCameras,previous,12,Sacramento PD Connect,Sacramento,CA,2026-09-21T18:53:43Z,2026-09-28T20:14:25Z,7.056042,1762,1774,0.00681044267877412,11.904691605893296,False,True,https://api.fususone.com/api/public/organizations/sacramentopd/stats/
fastest_weekly_rate,24,cummingpdga,totalIntegratedCameras,previous,11,Connect Cumming,Cumming,GA,2026-09-21T18:50:46Z,2026-09-28T20:11:28Z,7.056042,3094,3105,0.003555268261150614,10.912633972068853,False,True,https://api.fususone.com/api/public/organizations/cummingpdga/stats/
fastest_weekly_rate,25,elizabethnj,totalIntegratedCameras,previous,10,Connect Elizabeth,Elizabeth,NJ,2026-09-21T18:51:05Z,2026-09-28T20:11:47Z,7.056042,3442,3452,0.002905287623474724,9.920576338244413,False,True,https://api.fususone.com/api/public/organizations/elizabethnj/stats/
fastest_weekly_rate,26,greeleypd,totalIntegratedCameras,previous,10,Connect Greeley,Greeley,CO,2026-09-21T18:51:23Z,2026-09-28T20:12:05Z,7.056042,2415,2425,0.004140786749482402,9.920576338244413,False,True,https://api.fususone.com/api/public/organizations/greeleypd/stats/
fastest_weekly_rate,27,cityofshreveport,totalIntegratedCameras,previous,9,Connect Shreveport,Shreveport,LA,2026-09-21T18:50:27Z,2026-09-28T20:11:09Z,7.056042,2829,2838,0.003181336161187699,8.928518704419972,False,True,https://api.fususone.com/api/public/organizations/cityofshreveport/stats/
fastest_weekly_rate,28,newtonsheriff,totalIntegratedCameras,previous,9,Connect Newton County,Newton County,GA,2026-09-21T18:52:49Z,2026-09-28T20:13:31Z,7.056042,3518,3527,0.002558271745309835,8.928518704419972,False,True,https://api.fususone.com/api/public/organizations/newtonsheriff/stats/
fastest_weekly_rate,29,accpd,totalIntegratedCameras,previous,9,Connect Athens-Clarke County,Athens-Clarke County,GA,2026-09-21T18:49:20Z,2026-09-28T20:10:03Z,7.056053,4316,4325,0.0020852641334569047,8.928504058932852,False,True,https://api.fususone.com/api/public/organizations/accpd/stats/
fastest_weekly_rate,30,cityofatlanta,totalIntegratedCameras,previous,8,Connect Atlanta,Atlanta,GA,2026-09-21T18:50:17Z,2026-09-28T20:10:59Z,7.056042,28373,28381,0.00028195819969689494,7.93646107059553,False,True,https://api.fususone.com/api/public/organizations/cityofatlanta/stats/
fastest_weekly_rate,31,fayettevillepd,totalIntegratedCameras,previous,7,Connect Fayetteville,Fayetteville,NC,2026-09-21T18:51:12Z,2026-09-28T20:11:54Z,7.056042,536,543,0.013059701492537313,6.944403436771089,False,True,https://api.fususone.com/api/public/organizations/fayettevillepd/stats/
fastest_weekly_rate,32,hopemillspd,totalIntegratedCameras,previous,7,Connect Hope Mills,Hope Mills,NC,2026-09-21T18:51:43Z,2026-09-28T20:12:25Z,7.056042,338,345,0.020710059171597635,6.944403436771089,False,True,https://api.fususone.com/api/public/organizations/hopemillspd/stats/
fastest_weekly_rate,33,virginiabeachpd,totalIntegratedCameras,previous,7,Connect Virginia Beach,Virginia Beach,VA,2026-09-21T18:54:29Z,2026-09-28T20:15:11Z,7.056042,3301,3308,0.0021205695243865495,6.944403436771089,False,True,https://api.fususone.com/api/public/organizations/virginiabeachpd/stats/
fastest_weekly_rate,34,dearbornpdmi,totalIntegratedCameras,previous,6,Connect Dearborn,Dearborn,MI,2026-09-21T18:50:53Z,2026-09-28T20:11:35Z,7.056042,679,685,0.008836524300441826,5.952345802946648,False,True,https://api.fususone.com/api/public/organizations/dearbornpdmi/stats/
fastest_weekly_rate,35,newportbeachpdca,totalIntegratedCameras,previous,6,Connect Newport Beach,Newport Beach,CA,2026-09-21T18:52:47Z,2026-09-28T20:13:29Z,7.056042,229,235,0.026200873362445413,5.952345802946648,False,True,https://api.fususone.com/api/public/organizations/newportbeachpdca/stats/
fastest_weekly_rate,36,anchoragepdak,totalIntegratedCameras,previous,5,Safe Anchorage,Anchorage,AK,2026-09-21T18:49:31Z,2026-09-28T20:10:13Z,7.056042,41,46,0.12195121951219512,4.960288169122206,False,True,https://api.fususone.com/api/public/organizations/anchoragepdak/stats/
fastest_weekly_rate,37,baycounty,totalIntegratedCameras,previous,5,Connect Bay County,Bay County,FL,2026-09-21T18:49:42Z,2026-09-28T20:10:24Z,7.056042,1510,1515,0.0033112582781456954,4.960288169122206,False,True,https://api.fususone.com/api/public/organizations/baycounty/stats/
fastest_weekly_rate,38,charlottemecklenburg,totalIntegratedCameras,previous,5,Connect Charlotte,Charlotte,NC,2026-09-21T18:50:09Z,2026-09-28T20:10:51Z,7.056042,1784,1789,0.002802690582959641,4.960288169122206,False,True,https://api.fususone.com/api/public/organizations/charlottemecklenburg/stats/
fastest_weekly_rate,39,modestopd,totalIntegratedCameras,previous,5,Connect Modesto,Modesto,CA,2026-09-21T18:52:34Z,2026-09-28T20:13:16Z,7.056042,424,429,0.01179245283018868,4.960288169122206,False,True,https://api.fususone.com/api/public/organizations/modestopd/stats/
fastest_weekly_rate,40,tucsonpd,totalIntegratedCameras,previous,5,Connect Tucson,Tucson,AZ,2026-09-21T18:54:22Z,2026-09-28T20:15:04Z,7.056042,632,637,0.007911392405063292,4.960288169122206,False,True,https://api.fususone.com/api/public/organizations/tucsonpd/stats/
fastest_weekly_rate,41,wichitapdks,totalIntegratedCameras,previous,5,Connected Wichita,Wichita,KS,2026-09-21T18:54:39Z,2026-09-28T20:15:21Z,7.056042,365,370,0.0136986301369863,4.960288169122206,False,True,https://api.fususone.com/api/public/organizations/wichitapdks/stats/
fastest_weekly_rate,42,chicagoheights,totalIntegratedCameras,previous,4,Connect Chicago Heights,Chicago Heights,IL,2026-09-21T18:50:13Z,2026-09-28T20:10:55Z,7.056042,1221,1225,0.003276003276003276,3.968230535297765,False,True,https://api.fususone.com/api/public/organizations/chicagoheights/stats/
fastest_weekly_rate,43,dentonpdtx,totalIntegratedCameras,previous,4,Denton Connects,Denton,TX,2026-09-21T18:50:56Z,2026-09-28T20:11:38Z,7.056042,186,190,0.021505376344086023,3.968230535297765,False,True,https://api.fususone.com/api/public/organizations/dentonpdtx/stats/
fastest_weekly_rate,44,garypd,totalIntegratedCameras,previous,4,Connect Gary,Gary,IN,2026-09-21T18:51:20Z,2026-09-28T20:12:02Z,7.056042,1321,1325,0.003028009084027252,3.968230535297765,False,True,https://api.fususone.com/api/public/organizations/garypd/stats/
fastest_weekly_rate,45,lafayettepd,totalIntegratedCameras,previous,4,Connect Lafayette,Lafayette,LA,2026-09-21T18:51:58Z,2026-09-28T20:12:40Z,7.056042,2210,2214,0.0018099547511312218,3.968230535297765,False,True,https://api.fususone.com/api/public/organizations/lafayettepd/stats/
fastest_weekly_rate,46,rialtopd,totalIntegratedCameras,previous,4,Connect Rialto,Rialto,CA,2026-09-21T18:53:32Z,2026-09-28T20:14:14Z,7.056042,3610,3614,0.00110803324099723,3.968230535297765,False,True,https://api.fususone.com/api/public/organizations/rialtopd/stats/
fastest_weekly_rate,47,springfieldpd,totalIntegratedCameras,previous,4,Sync Springfield,Springfield,IL,2026-09-21T18:54:08Z,2026-09-28T20:14:50Z,7.056042,2546,2550,0.0015710919088766694,3.968230535297765,False,True,https://api.fususone.com/api/public/organizations/springfieldpd/stats/
fastest_weekly_rate,48,birminghampd,totalIntegratedCameras,previous,3,Connect Birmingham,Birmingham,AL,2026-09-21T18:49:50Z,2026-09-28T20:10:32Z,7.056042,948,951,0.0031645569620253164,2.976172901473324,False,True,https://api.fususone.com/api/public/organizations/birminghampd/stats/
fastest_weekly_rate,49,hooverpd,totalIntegratedCameras,previous,3,Connect Hoover,Hoover,AL,2026-09-21T18:51:42Z,2026-09-28T20:12:24Z,7.056042,917,920,0.003271537622682661,2.976172901473324,False,True,https://api.fususone.com/api/public/organizations/hooverpd/stats/
fastest_weekly_rate,50,beaumonttx,totalIntegratedCameras,previous,2,Connect Southeast Texas,Southeast Texas,TX,2026-09-21T18:49:43Z,2026-09-28T20:10:25Z,7.056042,3793,3795,0.0005272871078302136,1.9841152676488825,False,True,https://api.fususone.com/api/public/organizations/beaumonttx/stats/
fastest_weekly_rate,51,cherokeega,totalIntegratedCameras,previous,2,Connect Cherokee,Cherokee County,GA,2026-09-21T18:50:11Z,2026-09-28T20:10:53Z,7.056042,13420,13422,0.00014903129657228018,1.9841152676488825,False,True,https://api.fususone.com/api/public/organizations/cherokeega/stats/
fastest_weekly_rate,52,cincinnatipd,totalIntegratedCameras,previous,2,Connect Cincinnati,Cincinnati,OH,2026-09-21T18:50:16Z,2026-09-28T20:10:58Z,7.056042,844,846,0.002369668246445498,1.9841152676488825,False,True,https://api.fususone.com/api/public/organizations/cincinnatipd/stats/
fastest_weekly_rate,53,cityofroswell,totalIntegratedCameras,previous,2,Connect Roswell,Roswell,GA,2026-09-21T18:50:26Z,2026-09-28T20:11:08Z,7.056042,10641,10643,0.000187952260125928,1.9841152676488825,False,True,https://api.fususone.com/api/public/organizations/cityofroswell/stats/
fastest_weekly_rate,54,dallaspd,totalIntegratedCameras,previous,2,Connect Dallas,Dallas,TX,2026-09-21T18:50:47Z,2026-09-28T20:11:29Z,7.056042,1493,1495,0.0013395847287340924,1.9841152676488825,False,True,https://api.fususone.com/api/public/organizations/dallaspd/stats/
fastest_weekly_rate,55,escambiafl,totalIntegratedCameras,previous,2,Star Network,Escambia County,FL,2026-09-21T18:51:07Z,2026-09-28T20:11:49Z,7.056042,1271,1273,0.0015735641227380016,1.9841152676488825,False,True,https://api.fususone.com/api/public/organizations/escambiafl/stats/
fastest_weekly_rate,56,forestparkpd,totalIntegratedCameras,previous,2,Connect Forest Park,Forest Park,GA,2026-09-21T18:51:15Z,2026-09-28T20:11:57Z,7.056042,10503,10505,0.00019042178425211843,1.9841152676488825,False,True,https://api.fususone.com/api/public/organizations/forestparkpd/stats/
fastest_weekly_rate,57,henrycountypd,totalIntegratedCameras,previous,2,Henry Safer Together,Henry County,GA,2026-09-21T18:51:38Z,2026-09-28T20:12:20Z,7.056042,13830,13832,0.00014461315979754158,1.9841152676488825,False,True,https://api.fususone.com/api/public/organizations/henrycountypd/stats/
fastest_weekly_rate,58,lapd,totalIntegratedCameras,previous,2,Connect Los Angeles,Los Angeles,CA,2026-09-21T18:52:04Z,2026-09-28T20:12:46Z,7.056042,271,273,0.007380073800738007,1.9841152676488825,False,True,https://api.fususone.com/api/public/organizations/lapd/stats/
fastest_weekly_rate,59,martincountyso,totalIntegratedCameras,previous,2,Connect Martin County,Martin County,FL,2026-09-21T18:52:21Z,2026-09-28T20:13:03Z,7.056042,6030,6032,0.0003316749585406302,1.9841152676488825,False,True,https://api.fususone.com/api/public/organizations/martincountyso/stats/
fastest_weekly_rate,60,miamibeachpdfl,totalIntegratedCameras,previous,2,Connect Miami Beach,Miami Beach,FL,2026-09-21T18:52:28Z,2026-09-28T20:13:10Z,7.056042,525,527,0.0038095238095238095,1.9841152676488825,False,True,https://api.fususone.com/api/public/organizations/miamibeachpdfl/stats/
fastest_weekly_rate,61,northport,totalIntegratedCameras,previous,2,Connect North Port,North Port,FL,2026-09-21T18:52:53Z,2026-09-28T20:13:35Z,7.056042,891,893,0.002244668911335578,1.9841152676488825,False,True,https://api.fususone.com/api/public/organizations/northport/stats/
fastest_weekly_rate,62,sandyspringspd,totalIntegratedCameras,previous,2,Connect Sandy Springs,Sandy Springs,GA,2026-09-21T18:53:46Z,2026-09-28T20:14:28Z,7.056042,15223,15225,0.00013138014845956775,1.9841152676488825,False,True,https://api.fususone.com/api/public/organizations/sandyspringspd/stats/
fastest_weekly_rate,63,statesboropd,totalIntegratedCameras,previous,2,Connect Statesboro,Statesboro,GA,2026-09-21T18:54:10Z,2026-09-28T20:14:52Z,7.056042,14447,14449,0.0001384370457534436,1.9841152676488825,False,True,https://api.fususone.com/api/public/organizations/statesboropd/stats/
fastest_weekly_rate,64,auroragov,totalIntegratedCameras,previous,1,Connect Aurora,Aurora,CO,2026-09-21T18:49:39Z,2026-09-28T20:10:21Z,7.056042,934,935,0.0010706638115631692,0.9920576338244412,False,True,https://api.fususone.com/api/public/organizations/auroragov/stats/
fastest_weekly_rate,65,cityofomaha,totalIntegratedCameras,previous,1,Connect Omaha,Omaha,NE,2026-09-21T18:50:24Z,2026-09-28T20:11:06Z,7.056042,1625,1626,0.0006153846153846154,0.9920576338244412,False,True,https://api.fususone.com/api/public/organizations/cityofomaha/stats/
fastest_weekly_rate,66,collegeparkga,totalIntegratedCameras,previous,1,Connect College Park,College Park,GA,2026-09-21T18:50:37Z,2026-09-28T20:11:19Z,7.056042,10505,10506,9.519276534983341e-05,0.9920576338244412,False,True,https://api.fususone.com/api/public/organizations/collegeparkga/stats/
fastest_weekly_rate,67,douglasvillepolice,totalIntegratedCameras,previous,1,Connect Douglasville,Douglasville ,GA,2026-09-21T18:50:59Z,2026-09-28T20:11:41Z,7.056042,12889,12890,7.758553805570642e-05,0.9920576338244412,False,True,https://api.fususone.com/api/public/organizations/douglasvillepolice/stats/
fastest_weekly_rate,68,eastpointpdga,totalIntegratedCameras,previous,1,Connect East Point,East Point,GA,2026-09-21T18:51:03Z,2026-09-28T20:11:45Z,7.056042,5112,5113,0.00019561815336463224,0.9920576338244412,False,True,https://api.fususone.com/api/public/organizations/eastpointpdga/stats/
fastest_weekly_rate,69,forsythcosoga,totalIntegratedCameras,previous,1,Connect Forsyth County,Forsyth County,GA,2026-09-21T18:51:17Z,2026-09-28T20:11:59Z,7.056042,6923,6924,0.0001444460494005489,0.9920576338244412,False,True,https://api.fususone.com/api/public/organizations/forsythcosoga/stats/
fastest_weekly_rate,70,harrisoncso,totalIntegratedCameras,previous,1,Connect Harrison County,Harrison County,MS,2026-09-21T18:51:32Z,2026-09-28T20:12:14Z,7.056042,504,505,0.001984126984126984,0.9920576338244412,False,True,https://api.fususone.com/api/public/organizations/harrisoncso/stats/
fastest_weekly_rate,71,kennesawpd,totalIntegratedCameras,previous,1,Connect Kennesaw,Kennesaw,GA,2026-09-21T18:51:53Z,2026-09-28T20:12:35Z,7.056042,9229,9230,0.00010835410120273052,0.9920576338244412,False,True,https://api.fususone.com/api/public/organizations/kennesawpd/stats/
fastest_weekly_rate,72,newlondonpdct,totalIntegratedCameras,previous,1,Connect New London,New London,CT,2026-09-21T18:52:46Z,2026-09-28T20:13:28Z,7.056042,5,6,0.2,0.9920576338244412,False,True,https://api.fususone.com/api/public/organizations/newlondonpdct/stats/
fastest_weekly_rate,73,oaklawn,totalIntegratedCameras,previous,1,Connect Oak Lawn,Oak Lawn,IL,2026-09-21T18:52:58Z,2026-09-28T20:13:40Z,7.056042,2204,2205,0.00045372050816696913,0.9920576338244412,False,True,https://api.fususone.com/api/public/organizations/oaklawn/stats/
fastest_weekly_rate,74,pbso,totalIntegratedCameras,previous,1,Keep Palm Beach County Safe,Palm Beach County,FL,2026-09-21T18:53:11Z,2026-09-28T20:13:53Z,7.056042,1501,1502,0.0006662225183211193,0.9920576338244412,False,True,https://api.fususone.com/api/public/organizations/pbso/stats/
fastest_weekly_rate,75,powderspringspd,totalIntegratedCameras,previous,1,Connect Powder Springs,Powder Springs,GA,2026-09-21T18:53:24Z,2026-09-28T20:14:06Z,7.056042,2954,2955,0.00033852403520649965,0.9920576338244412,False,True,https://api.fususone.com/api/public/organizations/powderspringspd/stats/
fastest_weekly_rate,76,savannahpd,totalIntegratedCameras,previous,1,Connect Savannah,Savannah,GA,2026-09-21T18:53:53Z,2026-09-28T20:14:35Z,7.056042,9258,9259,0.00010801468999783971,0.9920576338244412,False,True,https://api.fususone.com/api/public/organizations/savannahpd/stats/
fastest_weekly_rate,77,seagovillepdtx,totalIntegratedCameras,previous,1,Seagoville Connect and Protect,Seagoville,TX,2026-09-21T18:53:56Z,2026-09-28T20:14:38Z,7.056042,49,50,0.02040816326530612,0.9920576338244412,False,True,https://api.fususone.com/api/public/organizations/seagovillepdtx/stats/
fastest_weekly_rate,78,shawneecosheriff,totalIntegratedCameras,previous,1,Connect Shawnee County and the City of Topeka,Shawnee County and the City of Topeka,KS,2026-09-21T18:54:00Z,2026-09-28T20:14:42Z,7.056042,2241,2242,0.0004462293618920125,0.9920576338244412,False,True,https://api.fususone.com/api/public/organizations/shawneecosheriff/stats/
fastest_weekly_rate,79,smyrnaga,totalIntegratedCameras,previous,1,Connect Smyrna,Smyrna,GA,2026-09-21T18:54:02Z,2026-09-28T20:14:44Z,7.056042,13064,13065,7.654623392529088e-05,0.9920576338244412,False,True,https://api.fususone.com/api/public/organizations/smyrnaga/stats/
fastest_weekly_rate,80,southfultonga,totalIntegratedCameras,previous,1,Connect South Fulton,South Fulton,GA,2026-09-21T18:54:04Z,2026-09-28T20:14:46Z,7.056042,14804,14805,6.754931099702783e-05,0.9920576338244412,False,True,https://api.fususone.com/api/public/organizations/southfultonga/stats/
fastest_weekly_rate,81,warnerrobinspd,totalIntegratedCameras,previous,1,Connect Warner Robins,Warner Robins,GA,2026-09-21T18:54:32Z,2026-09-28T20:15:14Z,7.056042,9230,9231,0.00010834236186348862,0.9920576338244412,False,True,https://api.fususone.com/api/public/organizations/warnerrobinspd/stats/
fastest_weekly_rate,82,westsacramento,totalIntegratedCameras,previous,1,West Sacramento Safe and Secure,West Sacramento,CA,2026-09-21T18:54:36Z,2026-09-28T20:15:18Z,7.056042,512,513,0.001953125,0.9920576338244412,False,True,https://api.fususone.com/api/public/organizations/westsacramento/stats/
fastest_weekly_rate,83,albanypolice,totalIntegratedCameras,previous,1,Connect Albany,Albany,GA,2026-09-21T18:49:24Z,2026-09-28T20:10:07Z,7.056053,13935,13936,7.176175098672408e-05,0.9920560065480946,False,True,https://api.fususone.com/api/public/organizations/albanypolice/stats/
fastest_percentage,1,brooklynparkpdmn,totalIntegratedCameras,previous,1874,Brooklyn Park Community Cameras,Brooklyn Park,MN,2026-09-21T18:49:57Z,2026-09-28T20:10:39Z,7.056042,240,2114,7.808333333333334,1859.116005787003,False,True,https://api.fususone.com/api/public/organizations/brooklynparkpdmn/stats/
fastest_percentage,2,sparkspdnv,totalIntegratedCameras,previous,91,Connect Sparks,Sparks,NV,2026-09-21T18:54:05Z,2026-09-28T20:14:47Z,7.056042,658,749,0.13829787234042554,90.27724467802416,False,True,https://api.fususone.com/api/public/organizations/sparkspdnv/stats/
fastest_percentage,3,anchoragepdak,totalIntegratedCameras,previous,5,Safe Anchorage,Anchorage,AK,2026-09-21T18:49:31Z,2026-09-28T20:10:13Z,7.056042,41,46,0.12195121951219512,4.960288169122206,False,True,https://api.fususone.com/api/public/organizations/anchoragepdak/stats/
fastest_percentage,4,monroecoso,totalIntegratedCameras,previous,85,Connect Monroe County,Monroe County,NY,2026-09-21T18:52:36Z,2026-09-28T20:13:18Z,7.056042,783,868,0.10855683269476372,84.32489887507751,False,True,https://api.fususone.com/api/public/organizations/monroecoso/stats/
fastest_percentage,5,sanjose,totalIntegratedCameras,previous,113,Connect San Jose,San Jose,CA,2026-09-21T18:53:48Z,2026-09-28T20:14:30Z,7.056042,1483,1596,0.07619689817936615,112.10251262216187,False,True,https://api.fususone.com/api/public/organizations/sanjose/stats/
fastest_percentage,6,renopd,totalIntegratedCameras,previous,64,Connect Reno,Reno,NV,2026-09-21T18:53:30Z,2026-09-28T20:14:12Z,7.056042,881,945,0.07264472190692395,63.49168856476424,False,True,https://api.fususone.com/api/public/organizations/renopd/stats/
fastest_percentage,7,warrenpdmi,totalIntegratedCameras,previous,15,Connect Warren,Warren,MI,2026-09-21T18:54:33Z,2026-09-28T20:15:15Z,7.056042,223,238,0.06726457399103139,14.880864507366619,False,True,https://api.fususone.com/api/public/organizations/warrenpdmi/stats/
fastest_percentage,8,okcpd,totalIntegratedCameras,previous,411,Connect Oklahoma City,Oklahoma City,OK,2026-09-21T18:53:03Z,2026-09-28T20:13:45Z,7.056042,6736,7147,0.06101543942992874,407.73568750184535,False,True,https://api.fususone.com/api/public/organizations/okcpd/stats/
fastest_percentage,9,queencreekaz,totalIntegratedCameras,previous,48,Connect Queen Creek,Queen Creek,AZ,2026-09-21T18:53:26Z,2026-09-28T20:14:08Z,7.056042,946,994,0.0507399577167019,47.618766423573184,False,True,https://api.fususone.com/api/public/organizations/queencreekaz/stats/
fastest_percentage,10,baltimorecountypd,totalIntegratedCameras,previous,24,Connect Baltimore County,Baltimore County,MD,2026-09-21T18:49:40Z,2026-09-28T20:10:22Z,7.056042,592,616,0.04054054054054054,23.809383211786592,False,True,https://api.fususone.com/api/public/organizations/baltimorecountypd/stats/
fastest_percentage,11,spartanburgpd,totalIntegratedCameras,previous,22,Connect Spartanburg,Spartanburg,SC,2026-09-21T18:54:06Z,2026-09-28T20:14:48Z,7.056042,652,674,0.03374233128834356,21.825267944137707,False,True,https://api.fususone.com/api/public/organizations/spartanburgpd/stats/
fastest_percentage,12,lynchburgpd,totalIntegratedCameras,previous,24,Hill City Connect,Lynchburg,VA,2026-09-21T18:52:16Z,2026-09-28T20:12:58Z,7.056042,716,740,0.0335195530726257,23.809383211786592,False,True,https://api.fususone.com/api/public/organizations/lynchburgpd/stats/
fastest_percentage,13,anaheim,totalIntegratedCameras,previous,19,Connect Anaheim,Anaheim,CA,2026-09-21T18:49:30Z,2026-09-28T20:10:12Z,7.056042,714,733,0.02661064425770308,18.849095042664384,False,True,https://api.fususone.com/api/public/organizations/anaheim/stats/
fastest_percentage,14,newportbeachpdca,totalIntegratedCameras,previous,6,Connect Newport Beach,Newport Beach,CA,2026-09-21T18:52:47Z,2026-09-28T20:13:29Z,7.056042,229,235,0.026200873362445413,5.952345802946648,False,True,https://api.fususone.com/api/public/organizations/newportbeachpdca/stats/
fastest_percentage,15,dentonpdtx,totalIntegratedCameras,previous,4,Denton Connects,Denton,TX,2026-09-21T18:50:56Z,2026-09-28T20:11:38Z,7.056042,186,190,0.021505376344086023,3.968230535297765,False,True,https://api.fususone.com/api/public/organizations/dentonpdtx/stats/
fastest_percentage,16,greensboropd,totalIntegratedCameras,previous,25,Connect Greensboro,Greensboro,NC,2026-09-21T18:51:24Z,2026-09-28T20:12:06Z,7.056042,1183,1208,0.021132713440405747,24.801440845611033,False,True,https://api.fususone.com/api/public/organizations/greensboropd/stats/
fastest_percentage,17,hopemillspd,totalIntegratedCameras,previous,7,Connect Hope Mills,Hope Mills,NC,2026-09-21T18:51:43Z,2026-09-28T20:12:25Z,7.056042,338,345,0.020710059171597635,6.944403436771089,False,True,https://api.fususone.com/api/public/organizations/hopemillspd/stats/
fastest_percentage,18,seagovillepdtx,totalIntegratedCameras,previous,1,Seagoville Connect and Protect,Seagoville,TX,2026-09-21T18:53:56Z,2026-09-28T20:14:38Z,7.056042,49,50,0.02040816326530612,0.9920576338244412,False,True,https://api.fususone.com/api/public/organizations/seagovillepdtx/stats/
fastest_percentage,19,coloradospringspd,totalIntegratedCameras,previous,15,Together COS,Colorado Springs,CO,2026-09-21T18:50:38Z,2026-09-28T20:11:20Z,7.056042,1085,1100,0.013824884792626729,14.880864507366619,False,True,https://api.fususone.com/api/public/organizations/coloradospringspd/stats/
fastest_percentage,20,wichitapdks,totalIntegratedCameras,previous,5,Connected Wichita,Wichita,KS,2026-09-21T18:54:39Z,2026-09-28T20:15:21Z,7.056042,365,370,0.0136986301369863,4.960288169122206,False,True,https://api.fususone.com/api/public/organizations/wichitapdks/stats/
fastest_percentage,21,fayettevillepd,totalIntegratedCameras,previous,7,Connect Fayetteville,Fayetteville,NC,2026-09-21T18:51:12Z,2026-09-28T20:11:54Z,7.056042,536,543,0.013059701492537313,6.944403436771089,False,True,https://api.fususone.com/api/public/organizations/fayettevillepd/stats/
fastest_percentage,22,modestopd,totalIntegratedCameras,previous,5,Connect Modesto,Modesto,CA,2026-09-21T18:52:34Z,2026-09-28T20:13:16Z,7.056042,424,429,0.01179245283018868,4.960288169122206,False,True,https://api.fususone.com/api/public/organizations/modestopd/stats/
fastest_percentage,23,ontariopolice,totalIntegratedCameras,previous,20,Connect Ontario,Ontario,CA,2026-09-21T18:53:04Z,2026-09-28T20:13:46Z,7.056042,2075,2095,0.00963855421686747,19.841152676488825,False,True,https://api.fususone.com/api/public/organizations/ontariopolice/stats/
fastest_percentage,24,dearbornpdmi,totalIntegratedCameras,previous,6,Connect Dearborn,Dearborn,MI,2026-09-21T18:50:53Z,2026-09-28T20:11:35Z,7.056042,679,685,0.008836524300441826,5.952345802946648,False,True,https://api.fususone.com/api/public/organizations/dearbornpdmi/stats/
fastest_percentage,25,tucsonpd,totalIntegratedCameras,previous,5,Connect Tucson,Tucson,AZ,2026-09-21T18:54:22Z,2026-09-28T20:15:04Z,7.056042,632,637,0.007911392405063292,4.960288169122206,False,True,https://api.fususone.com/api/public/organizations/tucsonpd/stats/
fastest_percentage,26,cobbcountypd,totalIntegratedCameras,previous,98,Connect Cobb ,Cobb County,GA,2026-09-21T18:50:36Z,2026-09-28T20:11:18Z,7.056042,12808,12906,0.007651467832604622,97.22164811479524,False,True,https://api.fususone.com/api/public/organizations/cobbcountypd/stats/
fastest_percentage,27,lapd,totalIntegratedCameras,previous,2,Connect Los Angeles,Los Angeles,CA,2026-09-21T18:52:04Z,2026-09-28T20:12:46Z,7.056042,271,273,0.007380073800738007,1.9841152676488825,False,True,https://api.fususone.com/api/public/organizations/lapd/stats/
fastest_percentage,28,stcloud,totalIntegratedCameras,previous,64,Connect St. Cloud,St. Cloud,FL,2026-09-21T18:54:12Z,2026-09-28T20:14:54Z,7.056042,9164,9228,0.006983849847228284,63.49168856476424,False,True,https://api.fususone.com/api/public/organizations/stcloud/stats/
fastest_percentage,29,sacramentopd,totalIntegratedCameras,previous,12,Sacramento PD Connect,Sacramento,CA,2026-09-21T18:53:43Z,2026-09-28T20:14:25Z,7.056042,1762,1774,0.00681044267877412,11.904691605893296,False,True,https://api.fususone.com/api/public/organizations/sacramentopd/stats/
fastest_percentage,30,mpls,totalIntegratedCameras,previous,17,Connect Minneapolis,Minneapolis,MN,2026-09-21T18:52:41Z,2026-09-28T20:13:23Z,7.056042,2716,2733,0.0062592047128129605,16.864979775015502,False,True,https://api.fususone.com/api/public/organizations/mpls/stats/
fastest_percentage,31,orangecofl,totalIntegratedCameras,previous,61,Connect Orange County,Orange County,FL,2026-09-21T18:53:05Z,2026-09-28T20:13:47Z,7.056042,10416,10477,0.005856374807987712,60.51551566329092,False,True,https://api.fususone.com/api/public/organizations/orangecofl/stats/
fastest_percentage,32,kentcountysd,totalIntegratedCameras,previous,13,The Kent Safety Network,Kent County,MI,2026-09-21T18:51:54Z,2026-09-28T20:12:36Z,7.056042,2710,2723,0.004797047970479705,12.896749239717737,False,True,https://api.fususone.com/api/public/organizations/kentcountysd/stats/
fastest_percentage,33,greeleypd,totalIntegratedCameras,previous,10,Connect Greeley,Greeley,CO,2026-09-21T18:51:23Z,2026-09-28T20:12:05Z,7.056042,2415,2425,0.004140786749482402,9.920576338244413,False,True,https://api.fususone.com/api/public/organizations/greeleypd/stats/
fastest_percentage,34,miamibeachpdfl,totalIntegratedCameras,previous,2,Connect Miami Beach,Miami Beach,FL,2026-09-21T18:52:28Z,2026-09-28T20:13:10Z,7.056042,525,527,0.0038095238095238095,1.9841152676488825,False,True,https://api.fususone.com/api/public/organizations/miamibeachpdfl/stats/
fastest_percentage,35,cummingpdga,totalIntegratedCameras,previous,11,Connect Cumming,Cumming,GA,2026-09-21T18:50:46Z,2026-09-28T20:11:28Z,7.056042,3094,3105,0.003555268261150614,10.912633972068853,False,True,https://api.fususone.com/api/public/organizations/cummingpdga/stats/
fastest_percentage,36,baycounty,totalIntegratedCameras,previous,5,Connect Bay County,Bay County,FL,2026-09-21T18:49:42Z,2026-09-28T20:10:24Z,7.056042,1510,1515,0.0033112582781456954,4.960288169122206,False,True,https://api.fususone.com/api/public/organizations/baycounty/stats/
fastest_percentage,37,norfolkpd,totalIntegratedCameras,previous,12,Connect Norfolk,Norfolk,VA,2026-09-21T18:52:50Z,2026-09-28T20:13:32Z,7.056042,3644,3656,0.003293084522502744,11.904691605893296,False,True,https://api.fususone.com/api/public/organizations/norfolkpd/stats/
fastest_percentage,38,chicagoheights,totalIntegratedCameras,previous,4,Connect Chicago Heights,Chicago Heights,IL,2026-09-21T18:50:13Z,2026-09-28T20:10:55Z,7.056042,1221,1225,0.003276003276003276,3.968230535297765,False,True,https://api.fususone.com/api/public/organizations/chicagoheights/stats/
fastest_percentage,39,hooverpd,totalIntegratedCameras,previous,3,Connect Hoover,Hoover,AL,2026-09-21T18:51:42Z,2026-09-28T20:12:24Z,7.056042,917,920,0.003271537622682661,2.976172901473324,False,True,https://api.fususone.com/api/public/organizations/hooverpd/stats/
fastest_percentage,40,cityofshreveport,totalIntegratedCameras,previous,9,Connect Shreveport,Shreveport,LA,2026-09-21T18:50:27Z,2026-09-28T20:11:09Z,7.056042,2829,2838,0.003181336161187699,8.928518704419972,False,True,https://api.fususone.com/api/public/organizations/cityofshreveport/stats/
fastest_percentage,41,birminghampd,totalIntegratedCameras,previous,3,Connect Birmingham,Birmingham,AL,2026-09-21T18:49:50Z,2026-09-28T20:10:32Z,7.056042,948,951,0.0031645569620253164,2.976172901473324,False,True,https://api.fususone.com/api/public/organizations/birminghampd/stats/
fastest_percentage,42,garypd,totalIntegratedCameras,previous,4,Connect Gary,Gary,IN,2026-09-21T18:51:20Z,2026-09-28T20:12:02Z,7.056042,1321,1325,0.003028009084027252,3.968230535297765,False,True,https://api.fususone.com/api/public/organizations/garypd/stats/
fastest_percentage,43,elizabethnj,totalIntegratedCameras,previous,10,Connect Elizabeth,Elizabeth,NJ,2026-09-21T18:51:05Z,2026-09-28T20:11:47Z,7.056042,3442,3452,0.002905287623474724,9.920576338244413,False,True,https://api.fususone.com/api/public/organizations/elizabethnj/stats/
fastest_percentage,44,charlottemecklenburg,totalIntegratedCameras,previous,5,Connect Charlotte,Charlotte,NC,2026-09-21T18:50:09Z,2026-09-28T20:10:51Z,7.056042,1784,1789,0.002802690582959641,4.960288169122206,False,True,https://api.fususone.com/api/public/organizations/charlottemecklenburg/stats/
fastest_percentage,45,newtonsheriff,totalIntegratedCameras,previous,9,Connect Newton County,Newton County,GA,2026-09-21T18:52:49Z,2026-09-28T20:13:31Z,7.056042,3518,3527,0.002558271745309835,8.928518704419972,False,True,https://api.fususone.com/api/public/organizations/newtonsheriff/stats/
fastest_percentage,46,cincinnatipd,totalIntegratedCameras,previous,2,Connect Cincinnati,Cincinnati,OH,2026-09-21T18:50:16Z,2026-09-28T20:10:58Z,7.056042,844,846,0.002369668246445498,1.9841152676488825,False,True,https://api.fususone.com/api/public/organizations/cincinnatipd/stats/
fastest_percentage,47,northport,totalIntegratedCameras,previous,2,Connect North Port,North Port,FL,2026-09-21T18:52:53Z,2026-09-28T20:13:35Z,7.056042,891,893,0.002244668911335578,1.9841152676488825,False,True,https://api.fususone.com/api/public/organizations/northport/stats/
fastest_percentage,48,virginiabeachpd,totalIntegratedCameras,previous,7,Connect Virginia Beach,Virginia Beach,VA,2026-09-21T18:54:29Z,2026-09-28T20:15:11Z,7.056042,3301,3308,0.0021205695243865495,6.944403436771089,False,True,https://api.fususone.com/api/public/organizations/virginiabeachpd/stats/
fastest_percentage,49,accpd,totalIntegratedCameras,previous,9,Connect Athens-Clarke County,Athens-Clarke County,GA,2026-09-21T18:49:20Z,2026-09-28T20:10:03Z,7.056053,4316,4325,0.0020852641334569047,8.928504058932852,False,True,https://api.fususone.com/api/public/organizations/accpd/stats/
fastest_percentage,50,harrisoncso,totalIntegratedCameras,previous,1,Connect Harrison County,Harrison County,MS,2026-09-21T18:51:32Z,2026-09-28T20:12:14Z,7.056042,504,505,0.001984126984126984,0.9920576338244412,False,True,https://api.fususone.com/api/public/organizations/harrisoncso/stats/
fastest_percentage,51,westsacramento,totalIntegratedCameras,previous,1,West Sacramento Safe and Secure,West Sacramento,CA,2026-09-21T18:54:36Z,2026-09-28T20:15:18Z,7.056042,512,513,0.001953125,0.9920576338244412,False,True,https://api.fususone.com/api/public/organizations/westsacramento/stats/
fastest_percentage,52,lafayettepd,totalIntegratedCameras,previous,4,Connect Lafayette,Lafayette,LA,2026-09-21T18:51:58Z,2026-09-28T20:12:40Z,7.056042,2210,2214,0.0018099547511312218,3.968230535297765,False,True,https://api.fususone.com/api/public/organizations/lafayettepd/stats/
fastest_percentage,53,escambiafl,totalIntegratedCameras,previous,2,Star Network,Escambia County,FL,2026-09-21T18:51:07Z,2026-09-28T20:11:49Z,7.056042,1271,1273,0.0015735641227380016,1.9841152676488825,False,True,https://api.fususone.com/api/public/organizations/escambiafl/stats/
fastest_percentage,54,springfieldpd,totalIntegratedCameras,previous,4,Sync Springfield,Springfield,IL,2026-09-21T18:54:08Z,2026-09-28T20:14:50Z,7.056042,2546,2550,0.0015710919088766694,3.968230535297765,False,True,https://api.fususone.com/api/public/organizations/springfieldpd/stats/
fastest_percentage,55,dallaspd,totalIntegratedCameras,previous,2,Connect Dallas,Dallas,TX,2026-09-21T18:50:47Z,2026-09-28T20:11:29Z,7.056042,1493,1495,0.0013395847287340924,1.9841152676488825,False,True,https://api.fususone.com/api/public/organizations/dallaspd/stats/
fastest_percentage,56,rialtopd,totalIntegratedCameras,previous,4,Connect Rialto,Rialto,CA,2026-09-21T18:53:32Z,2026-09-28T20:14:14Z,7.056042,3610,3614,0.00110803324099723,3.968230535297765,False,True,https://api.fususone.com/api/public/organizations/rialtopd/stats/
fastest_percentage,57,auroragov,totalIntegratedCameras,previous,1,Connect Aurora,Aurora,CO,2026-09-21T18:49:39Z,2026-09-28T20:10:21Z,7.056042,934,935,0.0010706638115631692,0.9920576338244412,False,True,https://api.fususone.com/api/public/organizations/auroragov/stats/
fastest_percentage,58,pbso,totalIntegratedCameras,previous,1,Keep Palm Beach County Safe,Palm Beach County,FL,2026-09-21T18:53:11Z,2026-09-28T20:13:53Z,7.056042,1501,1502,0.0006662225183211193,0.9920576338244412,False,True,https://api.fususone.com/api/public/organizations/pbso/stats/
fastest_percentage,59,cityofomaha,totalIntegratedCameras,previous,1,Connect Omaha,Omaha,NE,2026-09-21T18:50:24Z,2026-09-28T20:11:06Z,7.056042,1625,1626,0.0006153846153846154,0.9920576338244412,False,True,https://api.fususone.com/api/public/organizations/cityofomaha/stats/
fastest_percentage,60,beaumonttx,totalIntegratedCameras,previous,2,Connect Southeast Texas,Southeast Texas,TX,2026-09-21T18:49:43Z,2026-09-28T20:10:25Z,7.056042,3793,3795,0.0005272871078302136,1.9841152676488825,False,True,https://api.fususone.com/api/public/organizations/beaumonttx/stats/
fastest_percentage,61,oaklawn,totalIntegratedCameras,previous,1,Connect Oak Lawn,Oak Lawn,IL,2026-09-21T18:52:58Z,2026-09-28T20:13:40Z,7.056042,2204,2205,0.00045372050816696913,0.9920576338244412,False,True,https://api.fususone.com/api/public/organizations/oaklawn/stats/
fastest_percentage,62,shawneecosheriff,totalIntegratedCameras,previous,1,Connect Shawnee County and the City of Topeka,Shawnee County and the City of Topeka,KS,2026-09-21T18:54:00Z,2026-09-28T20:14:42Z,7.056042,2241,2242,0.0004462293618920125,0.9920576338244412,False,True,https://api.fususone.com/api/public/organizations/shawneecosheriff/stats/
fastest_percentage,63,powderspringspd,totalIntegratedCameras,previous,1,Connect Powder Springs,Powder Springs,GA,2026-09-21T18:53:24Z,2026-09-28T20:14:06Z,7.056042,2954,2955,0.00033852403520649965,0.9920576338244412,False,True,https://api.fususone.com/api/public/organizations/powderspringspd/stats/
fastest_percentage,64,martincountyso,totalIntegratedCameras,previous,2,Connect Martin County,Martin County,FL,2026-09-21T18:52:21Z,2026-09-28T20:13:03Z,7.056042,6030,6032,0.0003316749585406302,1.9841152676488825,False,True,https://api.fususone.com/api/public/organizations/martincountyso/stats/
fastest_percentage,65,cityofatlanta,totalIntegratedCameras,previous,8,Connect Atlanta,Atlanta,GA,2026-09-21T18:50:17Z,2026-09-28T20:10:59Z,7.056042,28373,28381,0.00028195819969689494,7.93646107059553,False,True,https://api.fususone.com/api/public/organizations/cityofatlanta/stats/
fastest_percentage,66,eastpointpdga,totalIntegratedCameras,previous,1,Connect East Point,East Point,GA,2026-09-21T18:51:03Z,2026-09-28T20:11:45Z,7.056042,5112,5113,0.00019561815336463224,0.9920576338244412,False,True,https://api.fususone.com/api/public/organizations/eastpointpdga/stats/
fastest_percentage,67,forestparkpd,totalIntegratedCameras,previous,2,Connect Forest Park,Forest Park,GA,2026-09-21T18:51:15Z,2026-09-28T20:11:57Z,7.056042,10503,10505,0.00019042178425211843,1.9841152676488825,False,True,https://api.fususone.com/api/public/organizations/forestparkpd/stats/
fastest_percentage,68,cityofroswell,totalIntegratedCameras,previous,2,Connect Roswell,Roswell,GA,2026-09-21T18:50:26Z,2026-09-28T20:11:08Z,7.056042,10641,10643,0.000187952260125928,1.9841152676488825,False,True,https://api.fususone.com/api/public/organizations/cityofroswell/stats/
fastest_percentage,69,cherokeega,totalIntegratedCameras,previous,2,Connect Cherokee,Cherokee County,GA,2026-09-21T18:50:11Z,2026-09-28T20:10:53Z,7.056042,13420,13422,0.00014903129657228018,1.9841152676488825,False,True,https://api.fususone.com/api/public/organizations/cherokeega/stats/
fastest_percentage,70,henrycountypd,totalIntegratedCameras,previous,2,Henry Safer Together,Henry County,GA,2026-09-21T18:51:38Z,2026-09-28T20:12:20Z,7.056042,13830,13832,0.00014461315979754158,1.9841152676488825,False,True,https://api.fususone.com/api/public/organizations/henrycountypd/stats/
fastest_percentage,71,forsythcosoga,totalIntegratedCameras,previous,1,Connect Forsyth County,Forsyth County,GA,2026-09-21T18:51:17Z,2026-09-28T20:11:59Z,7.056042,6923,6924,0.0001444460494005489,0.9920576338244412,False,True,https://api.fususone.com/api/public/organizations/forsythcosoga/stats/
fastest_percentage,72,statesboropd,totalIntegratedCameras,previous,2,Connect Statesboro,Statesboro,GA,2026-09-21T18:54:10Z,2026-09-28T20:14:52Z,7.056042,14447,14449,0.0001384370457534436,1.9841152676488825,False,True,https://api.fususone.com/api/public/organizations/statesboropd/stats/
fastest_percentage,73,sandyspringspd,totalIntegratedCameras,previous,2,Connect Sandy Springs,Sandy Springs,GA,2026-09-21T18:53:46Z,2026-09-28T20:14:28Z,7.056042,15223,15225,0.00013138014845956775,1.9841152676488825,False,True,https://api.fususone.com/api/public/organizations/sandyspringspd/stats/
fastest_percentage,74,kennesawpd,totalIntegratedCameras,previous,1,Connect Kennesaw,Kennesaw,GA,2026-09-21T18:51:53Z,2026-09-28T20:12:35Z,7.056042,9229,9230,0.00010835410120273052,0.9920576338244412,False,True,https://api.fususone.com/api/public/organizations/kennesawpd/stats/
fastest_percentage,75,warnerrobinspd,totalIntegratedCameras,previous,1,Connect Warner Robins,Warner Robins,GA,2026-09-21T18:54:32Z,2026-09-28T20:15:14Z,7.056042,9230,9231,0.00010834236186348862,0.9920576338244412,False,True,https://api.fususone.com/api/public/organizations/warnerrobinspd/stats/
fastest_percentage,76,savannahpd,totalIntegratedCameras,previous,1,Connect Savannah,Savannah,GA,2026-09-21T18:53:53Z,2026-09-28T20:14:35Z,7.056042,9258,9259,0.00010801468999783971,0.9920576338244412,False,True,https://api.fususone.com/api/public/organizations/savannahpd/stats/
fastest_percentage,77,collegeparkga,totalIntegratedCameras,previous,1,Connect College Park,College Park,GA,2026-09-21T18:50:37Z,2026-09-28T20:11:19Z,7.056042,10505,10506,9.519276534983341e-05,0.9920576338244412,False,True,https://api.fususone.com/api/public/organizations/collegeparkga/stats/
fastest_percentage,78,douglasvillepolice,totalIntegratedCameras,previous,1,Connect Douglasville,Douglasville ,GA,2026-09-21T18:50:59Z,2026-09-28T20:11:41Z,7.056042,12889,12890,7.758553805570642e-05,0.9920576338244412,False,True,https://api.fususone.com/api/public/organizations/douglasvillepolice/stats/
fastest_percentage,79,smyrnaga,totalIntegratedCameras,previous,1,Connect Smyrna,Smyrna,GA,2026-09-21T18:54:02Z,2026-09-28T20:14:44Z,7.056042,13064,13065,7.654623392529088e-05,0.9920576338244412,False,True,https://api.fususone.com/api/public/organizations/smyrnaga/stats/
fastest_percentage,80,albanypolice,totalIntegratedCameras,previous,1,Connect Albany,Albany,GA,2026-09-21T18:49:24Z,2026-09-28T20:10:07Z,7.056053,13935,13936,7.176175098672408e-05,0.9920560065480946,False,True,https://api.fususone.com/api/public/organizations/albanypolice/stats/
fastest_percentage,81,southfultonga,totalIntegratedCameras,previous,1,Connect South Fulton,South Fulton,GA,2026-09-21T18:54:04Z,2026-09-28T20:14:46Z,7.056042,14804,14805,6.754931099702783e-05,0.9920576338244412,False,True,https://api.fususone.com/api/public/organizations/southfultonga/stats/
largest_declines,1,pgcountypd,totalIntegratedCameras,previous,-488,Connect Prince George's County,Prince George's County,MD,2026-09-21T18:53:18Z,2026-09-28T20:14:00Z,7.056042,3223,2735,-0.15141172820353707,-484.12412530632736,False,True,https://api.fususone.com/api/public/organizations/pgcountypd/stats/
largest_declines,2,aacounty,totalIntegratedCameras,previous,-487,Connect Anne Arundel,Anne Arundel County,MD,2026-09-21T18:49:19Z,2026-09-28T20:10:02Z,7.056053,3664,3177,-0.13291484716157206,-483.1312751889221,False,True,https://api.fususone.com/api/public/organizations/aacounty/stats/
largest_declines,3,seatpleasantmd,totalIntegratedCameras,previous,-487,Connect Seat Pleasant,Seat Pleasant,MD,2026-09-21T18:53:57Z,2026-09-28T20:14:39Z,7.056042,1527,1040,-0.3189259986902423,-483.1320676725029,False,True,https://api.fususone.com/api/public/organizations/seatpleasantmd/stats/
largest_declines,4,chesterfieldcounty,totalIntegratedCameras,previous,-104,Chesterfield Community Connect Program,Chesterfield County,VA,2026-09-21T18:50:12Z,2026-09-28T20:10:54Z,7.056042,11288,11184,-0.009213323883770375,-103.1739939177419,False,True,https://api.fususone.com/api/public/organizations/chesterfieldcounty/stats/
largest_declines,5,claytoncountypd,totalIntegratedCameras,previous,-52,Connect Clayton County,Clayton County,GA,2026-09-21T18:50:31Z,2026-09-28T20:11:13Z,7.056042,10827,10775,-0.004802807795326498,-51.58699695887095,False,True,https://api.fususone.com/api/public/organizations/claytoncountypd/stats/
largest_declines,6,acworthga,totalIntegratedCameras,previous,-23,Connect Acworth,Acworth,GA,2026-09-21T18:49:21Z,2026-09-28T20:10:04Z,7.056053,10580,10557,-0.002173913043478261,-22.817288150606174,False,True,https://api.fususone.com/api/public/organizations/acworthga/stats/
largest_declines,7,cityofmiamipd,totalIntegratedCameras,previous,-12,Connect Miami,Miami,FL,2026-09-21T18:50:22Z,2026-09-28T20:11:04Z,7.056042,4373,4361,-0.002744111593871484,-11.904691605893296,False,True,https://api.fususone.com/api/public/organizations/cityofmiamipd/stats/
largest_declines,8,ocsdca,totalIntegratedCameras,previous,-9,Connect Orange County,Orange County,CA,2026-09-21T18:53:01Z,2026-09-28T20:13:43Z,7.056042,2884,2875,-0.0031206657420249652,-8.928518704419972,False,True,https://api.fususone.com/api/public/organizations/ocsdca/stats/
largest_declines,9,newcastlede,totalIntegratedCameras,previous,-7,Connect New Castle County,New Castle County,DE,2026-09-21T18:52:44Z,2026-09-28T20:13:26Z,7.056042,168,161,-0.041666666666666664,-6.944403436771089,False,True,https://api.fususone.com/api/public/organizations/newcastlede/stats/
largest_declines,10,stjohnscountyso,totalIntegratedCameras,previous,-6,Connect St. Johns,St. Johns County,FL,2026-09-21T18:54:14Z,2026-09-28T20:14:56Z,7.056042,1309,1303,-0.004583651642475172,-5.952345802946648,False,True,https://api.fususone.com/api/public/organizations/stjohnscountyso/stats/
largest_declines,11,carypd,totalIntegratedCameras,previous,-3,Connect Cary,Cary,NC,2026-09-21T18:50:06Z,2026-09-28T20:10:48Z,7.056042,1268,1265,-0.002365930599369085,-2.976172901473324,False,True,https://api.fususone.com/api/public/organizations/carypd/stats/
largest_declines,12,chattanoogapd,totalIntegratedCameras,previous,-3,Dragonfly Community Connect,Chattanooga,TN,2026-09-21T18:50:10Z,2026-09-28T20:10:52Z,7.056042,778,775,-0.0038560411311053984,-2.976172901473324,False,True,https://api.fususone.com/api/public/organizations/chattanoogapd/stats/
largest_declines,13,jacksonvillesheriff,totalIntegratedCameras,previous,-3,ConnectDuval,Duval County,FL,2026-09-21T18:51:49Z,2026-09-28T20:12:31Z,7.056042,9770,9767,-0.0003070624360286592,-2.976172901473324,False,True,https://api.fususone.com/api/public/organizations/jacksonvillesheriff/stats/
largest_declines,14,littlerockpd,totalIntegratedCameras,previous,-3,Connect Little Rock,Little Rock,AR,2026-09-21T18:52:13Z,2026-09-28T20:12:55Z,7.056042,2567,2564,-0.001168679392286716,-2.976172901473324,False,True,https://api.fususone.com/api/public/organizations/littlerockpd/stats/
largest_declines,15,orlando,totalIntegratedCameras,previous,-3,Orlando Connect,Orlando,FL,2026-09-21T18:53:06Z,2026-09-28T20:13:48Z,7.056042,4102,4099,-0.0007313505607020966,-2.976172901473324,False,True,https://api.fususone.com/api/public/organizations/orlando/stats/
largest_declines,16,dothanpd,totalIntegratedCameras,previous,-2,Connect Dothan,Dothan,AL,2026-09-21T18:50:57Z,2026-09-28T20:11:39Z,7.056042,182,180,-0.01098901098901099,-1.9841152676488825,False,True,https://api.fususone.com/api/public/organizations/dothanpd/stats/
largest_declines,17,forsyth,totalIntegratedCameras,previous,-2,Connect Forsyth County,"Forsyth County, NC",SC,2026-09-21T18:51:16Z,2026-09-28T20:11:58Z,7.056042,1052,1050,-0.0019011406844106464,-1.9841152676488825,False,True,https://api.fususone.com/api/public/organizations/forsyth/stats/
largest_declines,18,grapevinepdtx,totalIntegratedCameras,previous,-2,Connect Grapevine,Grapevine,TX,2026-09-21T18:51:22Z,2026-09-28T20:12:04Z,7.056042,261,259,-0.007662835249042145,-1.9841152676488825,False,True,https://api.fususone.com/api/public/organizations/grapevinepdtx/stats/
largest_declines,19,raleighncpd,totalIntegratedCameras,previous,-2,CONNECTRALEIGH,Raleigh,NC,2026-09-21T18:53:27Z,2026-09-28T20:14:09Z,7.056042,1621,1619,-0.0012338062924120913,-1.9841152676488825,False,True,https://api.fususone.com/api/public/organizations/raleighncpd/stats/
largest_declines,20,memphispd,totalIntegratedCameras,previous,-1,Connect Memphis,Memphis,TN,2026-09-21T18:52:25Z,2026-09-28T20:13:07Z,7.056042,3096,3095,-0.00032299741602067185,-0.9920576338244412,False,True,https://api.fususone.com/api/public/organizations/memphispd/stats/
fastest_absolute,1,okcpd,totalOwnedCameras,previous,635,Connect Oklahoma City,Oklahoma City,OK,2026-09-21T18:53:03Z,2026-09-28T20:13:45Z,7.056042,5897,6532,0.10768187213837545,629.9565974785202,False,True,https://api.fususone.com/api/public/organizations/okcpd/stats/
fastest_absolute,2,ashevillepdnc,totalOwnedCameras,previous,325,Connect Asheville,Asheville,NC,2026-09-21T18:49:37Z,2026-09-28T20:10:19Z,7.056042,19,344,17.105263157894736,322.41873099294344,False,True,https://api.fususone.com/api/public/organizations/ashevillepdnc/stats/
fastest_absolute,3,cobbcountypd,totalOwnedCameras,previous,121,Connect Cobb ,Cobb County,GA,2026-09-21T18:50:36Z,2026-09-28T20:11:18Z,7.056042,1275,1396,0.09490196078431372,120.0389736927574,False,True,https://api.fususone.com/api/public/organizations/cobbcountypd/stats/
fastest_absolute,4,sanjose,totalOwnedCameras,previous,113,Connect San Jose,San Jose,CA,2026-09-21T18:53:48Z,2026-09-28T20:14:30Z,7.056042,1206,1319,0.09369817578772803,112.10251262216187,False,True,https://api.fususone.com/api/public/organizations/sanjose/stats/
fastest_absolute,5,monroecoso,totalOwnedCameras,previous,85,Connect Monroe County,Monroe County,NY,2026-09-21T18:52:36Z,2026-09-28T20:13:18Z,7.056042,783,868,0.10855683269476372,84.32489887507751,False,True,https://api.fususone.com/api/public/organizations/monroecoso/stats/
fastest_absolute,6,stcloud,totalOwnedCameras,previous,64,Connect St. Cloud,St. Cloud,FL,2026-09-21T18:54:12Z,2026-09-28T20:14:54Z,7.056042,1862,1926,0.034371643394199784,63.49168856476424,False,True,https://api.fususone.com/api/public/organizations/stcloud/stats/
fastest_absolute,7,queencreekaz,totalOwnedCameras,previous,48,Connect Queen Creek,Queen Creek,AZ,2026-09-21T18:53:26Z,2026-09-28T20:14:08Z,7.056042,442,490,0.1085972850678733,47.618766423573184,False,True,https://api.fususone.com/api/public/organizations/queencreekaz/stats/
fastest_absolute,8,baltimorecountypd,totalOwnedCameras,previous,25,Connect Baltimore County,Baltimore County,MD,2026-09-21T18:49:40Z,2026-09-28T20:10:22Z,7.056042,531,556,0.047080979284369114,24.801440845611033,False,True,https://api.fususone.com/api/public/organizations/baltimorecountypd/stats/
fastest_absolute,9,greensboropd,totalOwnedCameras,previous,25,Connect Greensboro,Greensboro,NC,2026-09-21T18:51:24Z,2026-09-28T20:12:06Z,7.056042,716,741,0.034916201117318434,24.801440845611033,False,True,https://api.fususone.com/api/public/organizations/greensboropd/stats/
fastest_absolute,10,lynchburgpd,totalOwnedCameras,previous,24,Hill City Connect,Lynchburg,VA,2026-09-21T18:52:16Z,2026-09-28T20:12:58Z,7.056042,716,740,0.0335195530726257,23.809383211786592,False,True,https://api.fususone.com/api/public/organizations/lynchburgpd/stats/
fastest_absolute,11,spartanburgpd,totalOwnedCameras,previous,22,Connect Spartanburg,Spartanburg,SC,2026-09-21T18:54:06Z,2026-09-28T20:14:48Z,7.056042,648,670,0.033950617283950615,21.825267944137707,False,True,https://api.fususone.com/api/public/organizations/spartanburgpd/stats/
fastest_absolute,12,anaheim,totalOwnedCameras,previous,19,Connect Anaheim,Anaheim,CA,2026-09-21T18:49:30Z,2026-09-28T20:10:12Z,7.056042,667,686,0.02848575712143928,18.849095042664384,False,True,https://api.fususone.com/api/public/organizations/anaheim/stats/
fastest_absolute,13,coloradospringspd,totalOwnedCameras,previous,15,Together COS,Colorado Springs,CO,2026-09-21T18:50:38Z,2026-09-28T20:11:20Z,7.056042,946,961,0.015856236786469344,14.880864507366619,False,True,https://api.fususone.com/api/public/organizations/coloradospringspd/stats/
fastest_absolute,14,kentcountysd,totalOwnedCameras,previous,13,The Kent Safety Network,Kent County,MI,2026-09-21T18:51:54Z,2026-09-28T20:12:36Z,7.056042,740,753,0.01756756756756757,12.896749239717737,False,True,https://api.fususone.com/api/public/organizations/kentcountysd/stats/
fastest_absolute,15,norfolkpd,totalOwnedCameras,previous,12,Connect Norfolk,Norfolk,VA,2026-09-21T18:52:50Z,2026-09-28T20:13:32Z,7.056042,2023,2035,0.005931784478497282,11.904691605893296,False,True,https://api.fususone.com/api/public/organizations/norfolkpd/stats/
fastest_absolute,16,chesterfieldcounty,totalOwnedCameras,previous,11,Chesterfield Community Connect Program,Chesterfield County,VA,2026-09-21T18:50:12Z,2026-09-28T20:10:54Z,7.056042,1006,1017,0.010934393638170975,10.912633972068853,False,True,https://api.fususone.com/api/public/organizations/chesterfieldcounty/stats/
fastest_absolute,17,cummingpdga,totalOwnedCameras,previous,10,Connect Cumming,Cumming,GA,2026-09-21T18:50:46Z,2026-09-28T20:11:28Z,7.056042,167,177,0.059880239520958084,9.920576338244413,False,True,https://api.fususone.com/api/public/organizations/cummingpdga/stats/
fastest_absolute,18,elizabethnj,totalOwnedCameras,previous,10,Connect Elizabeth,Elizabeth,NJ,2026-09-21T18:51:05Z,2026-09-28T20:11:47Z,7.056042,625,635,0.016,9.920576338244413,False,True,https://api.fususone.com/api/public/organizations/elizabethnj/stats/
fastest_absolute,19,greeleypd,totalOwnedCameras,previous,10,Connect Greeley,Greeley,CO,2026-09-21T18:51:23Z,2026-09-28T20:12:05Z,7.056042,245,255,0.04081632653061224,9.920576338244413,False,True,https://api.fususone.com/api/public/organizations/greeleypd/stats/
fastest_absolute,20,cityofshreveport,totalOwnedCameras,previous,9,Connect Shreveport,Shreveport,LA,2026-09-21T18:50:27Z,2026-09-28T20:11:09Z,7.056042,2320,2329,0.003879310344827586,8.928518704419972,False,True,https://api.fususone.com/api/public/organizations/cityofshreveport/stats/
fastest_absolute,21,accpd,totalOwnedCameras,previous,8,Connect Athens-Clarke County,Athens-Clarke County,GA,2026-09-21T18:49:20Z,2026-09-28T20:10:03Z,7.056053,1835,1843,0.004359673024523161,7.9364480523847565,False,True,https://api.fususone.com/api/public/organizations/accpd/stats/
fastest_absolute,22,fayettevillepd,totalOwnedCameras,previous,7,Connect Fayetteville,Fayetteville,NC,2026-09-21T18:51:12Z,2026-09-28T20:11:54Z,7.056042,445,452,0.015730337078651686,6.944403436771089,False,True,https://api.fususone.com/api/public/organizations/fayettevillepd/stats/
fastest_absolute,23,dearbornpdmi,totalOwnedCameras,previous,6,Connect Dearborn,Dearborn,MI,2026-09-21T18:50:53Z,2026-09-28T20:11:35Z,7.056042,518,524,0.011583011583011582,5.952345802946648,False,True,https://api.fususone.com/api/public/organizations/dearbornpdmi/stats/
fastest_absolute,24,newportbeachpdca,totalOwnedCameras,previous,6,Connect Newport Beach,Newport Beach,CA,2026-09-21T18:52:47Z,2026-09-28T20:13:29Z,7.056042,170,176,0.03529411764705882,5.952345802946648,False,True,https://api.fususone.com/api/public/organizations/newportbeachpdca/stats/
fastest_absolute,25,anchoragepdak,totalOwnedCameras,previous,5,Safe Anchorage,Anchorage,AK,2026-09-21T18:49:31Z,2026-09-28T20:10:13Z,7.056042,19,24,0.2631578947368421,4.960288169122206,False,True,https://api.fususone.com/api/public/organizations/anchoragepdak/stats/
fastest_absolute,26,baycounty,totalOwnedCameras,previous,5,Connect Bay County,Bay County,FL,2026-09-21T18:49:42Z,2026-09-28T20:10:24Z,7.056042,1156,1161,0.004325259515570935,4.960288169122206,False,True,https://api.fususone.com/api/public/organizations/baycounty/stats/
fastest_absolute,27,charlottemecklenburg,totalOwnedCameras,previous,5,Connect Charlotte,Charlotte,NC,2026-09-21T18:50:09Z,2026-09-28T20:10:51Z,7.056042,1579,1584,0.0031665611146295125,4.960288169122206,False,True,https://api.fususone.com/api/public/organizations/charlottemecklenburg/stats/
fastest_absolute,28,modestopd,totalOwnedCameras,previous,5,Connect Modesto,Modesto,CA,2026-09-21T18:52:34Z,2026-09-28T20:13:16Z,7.056042,408,413,0.012254901960784314,4.960288169122206,False,True,https://api.fususone.com/api/public/organizations/modestopd/stats/
fastest_absolute,29,tucsonpd,totalOwnedCameras,previous,5,Connect Tucson,Tucson,AZ,2026-09-21T18:54:22Z,2026-09-28T20:15:04Z,7.056042,461,466,0.010845986984815618,4.960288169122206,False,True,https://api.fususone.com/api/public/organizations/tucsonpd/stats/
fastest_absolute,30,wichitapdks,totalOwnedCameras,previous,5,Connected Wichita,Wichita,KS,2026-09-21T18:54:39Z,2026-09-28T20:15:21Z,7.056042,344,349,0.014534883720930232,4.960288169122206,False,True,https://api.fususone.com/api/public/organizations/wichitapdks/stats/
fastest_absolute,31,chicagoheights,totalOwnedCameras,previous,4,Connect Chicago Heights,Chicago Heights,IL,2026-09-21T18:50:13Z,2026-09-28T20:10:55Z,7.056042,1168,1172,0.003424657534246575,3.968230535297765,False,True,https://api.fususone.com/api/public/organizations/chicagoheights/stats/
fastest_absolute,32,dentonpdtx,totalOwnedCameras,previous,4,Denton Connects,Denton,TX,2026-09-21T18:50:56Z,2026-09-28T20:11:38Z,7.056042,186,190,0.021505376344086023,3.968230535297765,False,True,https://api.fususone.com/api/public/organizations/dentonpdtx/stats/
fastest_absolute,33,garypd,totalOwnedCameras,previous,4,Connect Gary,Gary,IN,2026-09-21T18:51:20Z,2026-09-28T20:12:02Z,7.056042,795,799,0.005031446540880503,3.968230535297765,False,True,https://api.fususone.com/api/public/organizations/garypd/stats/
fastest_absolute,34,lafayettepd,totalOwnedCameras,previous,4,Connect Lafayette,Lafayette,LA,2026-09-21T18:51:58Z,2026-09-28T20:12:40Z,7.056042,1576,1580,0.0025380710659898475,3.968230535297765,False,True,https://api.fususone.com/api/public/organizations/lafayettepd/stats/
fastest_absolute,35,rialtopd,totalOwnedCameras,previous,4,Connect Rialto,Rialto,CA,2026-09-21T18:53:32Z,2026-09-28T20:14:14Z,7.056042,699,703,0.005722460658082976,3.968230535297765,False,True,https://api.fususone.com/api/public/organizations/rialtopd/stats/
fastest_absolute,36,springfieldpd,totalOwnedCameras,previous,4,Sync Springfield,Springfield,IL,2026-09-21T18:54:08Z,2026-09-28T20:14:50Z,7.056042,2473,2477,0.0016174686615446825,3.968230535297765,False,True,https://api.fususone.com/api/public/organizations/springfieldpd/stats/
fastest_absolute,37,beaumonttx,totalOwnedCameras,previous,2,Connect Southeast Texas,Southeast Texas,TX,2026-09-21T18:49:43Z,2026-09-28T20:10:25Z,7.056042,1529,1531,0.0013080444735120995,1.9841152676488825,False,True,https://api.fususone.com/api/public/organizations/beaumonttx/stats/
fastest_absolute,38,cincinnatipd,totalOwnedCameras,previous,2,Connect Cincinnati,Cincinnati,OH,2026-09-21T18:50:16Z,2026-09-28T20:10:58Z,7.056042,801,803,0.0024968789013732834,1.9841152676488825,False,True,https://api.fususone.com/api/public/organizations/cincinnatipd/stats/
fastest_absolute,39,dallaspd,totalOwnedCameras,previous,2,Connect Dallas,Dallas,TX,2026-09-21T18:50:47Z,2026-09-28T20:11:29Z,7.056042,1134,1136,0.001763668430335097,1.9841152676488825,False,True,https://api.fususone.com/api/public/organizations/dallaspd/stats/
fastest_absolute,40,escambiafl,totalOwnedCameras,previous,2,Star Network,Escambia County,FL,2026-09-21T18:51:07Z,2026-09-28T20:11:49Z,7.056042,917,919,0.0021810250817884407,1.9841152676488825,False,True,https://api.fususone.com/api/public/organizations/escambiafl/stats/
fastest_absolute,41,lapd,totalOwnedCameras,previous,2,Connect Los Angeles,Los Angeles,CA,2026-09-21T18:52:04Z,2026-09-28T20:12:46Z,7.056042,271,273,0.007380073800738007,1.9841152676488825,False,True,https://api.fususone.com/api/public/organizations/lapd/stats/
fastest_absolute,42,martincountyso,totalOwnedCameras,previous,2,Connect Martin County,Martin County,FL,2026-09-21T18:52:21Z,2026-09-28T20:13:03Z,7.056042,585,587,0.003418803418803419,1.9841152676488825,False,True,https://api.fususone.com/api/public/organizations/martincountyso/stats/
fastest_absolute,43,miamibeachpdfl,totalOwnedCameras,previous,2,Connect Miami Beach,Miami Beach,FL,2026-09-21T18:52:28Z,2026-09-28T20:13:10Z,7.056042,525,527,0.0038095238095238095,1.9841152676488825,False,True,https://api.fususone.com/api/public/organizations/miamibeachpdfl/stats/
fastest_absolute,44,northport,totalOwnedCameras,previous,2,Connect North Port,North Port,FL,2026-09-21T18:52:53Z,2026-09-28T20:13:35Z,7.056042,244,246,0.00819672131147541,1.9841152676488825,False,True,https://api.fususone.com/api/public/organizations/northport/stats/
fastest_absolute,45,wakecounty,totalOwnedCameras,previous,2,Connect Wake County,Wake County,NC,2026-09-21T18:54:31Z,2026-09-28T20:15:13Z,7.056042,285,287,0.007017543859649123,1.9841152676488825,False,True,https://api.fususone.com/api/public/organizations/wakecounty/stats/
fastest_absolute,46,auroragov,totalOwnedCameras,previous,1,Connect Aurora,Aurora,CO,2026-09-21T18:49:39Z,2026-09-28T20:10:21Z,7.056042,934,935,0.0010706638115631692,0.9920576338244412,False,True,https://api.fususone.com/api/public/organizations/auroragov/stats/
fastest_absolute,47,cityofatlanta,totalOwnedCameras,previous,1,Connect Atlanta,Atlanta,GA,2026-09-21T18:50:17Z,2026-09-28T20:10:59Z,7.056042,2583,2584,0.00038714672861014324,0.9920576338244412,False,True,https://api.fususone.com/api/public/organizations/cityofatlanta/stats/
fastest_absolute,48,cityofomaha,totalOwnedCameras,previous,1,Connect Omaha,Omaha,NE,2026-09-21T18:50:24Z,2026-09-28T20:11:06Z,7.056042,760,761,0.0013157894736842105,0.9920576338244412,False,True,https://api.fususone.com/api/public/organizations/cityofomaha/stats/
fastest_absolute,49,forestparkpd,totalOwnedCameras,previous,1,Connect Forest Park,Forest Park,GA,2026-09-21T18:51:15Z,2026-09-28T20:11:57Z,7.056042,239,240,0.0041841004184100415,0.9920576338244412,False,True,https://api.fususone.com/api/public/organizations/forestparkpd/stats/
fastest_absolute,50,harrisoncso,totalOwnedCameras,previous,1,Connect Harrison County,Harrison County,MS,2026-09-21T18:51:32Z,2026-09-28T20:12:14Z,7.056042,76,77,0.013157894736842105,0.9920576338244412,False,True,https://api.fususone.com/api/public/organizations/harrisoncso/stats/
fastest_absolute,51,newlondonpdct,totalOwnedCameras,previous,1,Connect New London,New London,CT,2026-09-21T18:52:46Z,2026-09-28T20:13:28Z,7.056042,5,6,0.2,0.9920576338244412,False,True,https://api.fususone.com/api/public/organizations/newlondonpdct/stats/
fastest_absolute,52,oaklawn,totalOwnedCameras,previous,1,Connect Oak Lawn,Oak Lawn,IL,2026-09-21T18:52:58Z,2026-09-28T20:13:40Z,7.056042,954,955,0.0010482180293501049,0.9920576338244412,False,True,https://api.fususone.com/api/public/organizations/oaklawn/stats/
fastest_absolute,53,pbso,totalOwnedCameras,previous,1,Keep Palm Beach County Safe,Palm Beach County,FL,2026-09-21T18:53:11Z,2026-09-28T20:13:53Z,7.056042,1015,1016,0.0009852216748768472,0.9920576338244412,False,True,https://api.fususone.com/api/public/organizations/pbso/stats/
fastest_absolute,54,seagovillepdtx,totalOwnedCameras,previous,1,Seagoville Connect and Protect,Seagoville,TX,2026-09-21T18:53:56Z,2026-09-28T20:14:38Z,7.056042,49,50,0.02040816326530612,0.9920576338244412,False,True,https://api.fususone.com/api/public/organizations/seagovillepdtx/stats/
fastest_absolute,55,shawneecosheriff,totalOwnedCameras,previous,1,Connect Shawnee County and the City of Topeka,Shawnee County and the City of Topeka,KS,2026-09-21T18:54:00Z,2026-09-28T20:14:42Z,7.056042,641,642,0.0015600624024961,0.9920576338244412,False,True,https://api.fususone.com/api/public/organizations/shawneecosheriff/stats/
fastest_absolute,56,sparkspdnv,totalOwnedCameras,previous,1,Connect Sparks,Sparks,NV,2026-09-21T18:54:05Z,2026-09-28T20:14:47Z,7.056042,215,216,0.004651162790697674,0.9920576338244412,False,True,https://api.fususone.com/api/public/organizations/sparkspdnv/stats/
fastest_absolute,57,westsacramento,totalOwnedCameras,previous,1,West Sacramento Safe and Secure,West Sacramento,CA,2026-09-21T18:54:36Z,2026-09-28T20:15:18Z,7.056042,339,340,0.0029498525073746312,0.9920576338244412,False,True,https://api.fususone.com/api/public/organizations/westsacramento/stats/
fastest_weekly_rate,1,okcpd,totalOwnedCameras,previous,635,Connect Oklahoma City,Oklahoma City,OK,2026-09-21T18:53:03Z,2026-09-28T20:13:45Z,7.056042,5897,6532,0.10768187213837545,629.9565974785202,False,True,https://api.fususone.com/api/public/organizations/okcpd/stats/
fastest_weekly_rate,2,ashevillepdnc,totalOwnedCameras,previous,325,Connect Asheville,Asheville,NC,2026-09-21T18:49:37Z,2026-09-28T20:10:19Z,7.056042,19,344,17.105263157894736,322.41873099294344,False,True,https://api.fususone.com/api/public/organizations/ashevillepdnc/stats/
fastest_weekly_rate,3,cobbcountypd,totalOwnedCameras,previous,121,Connect Cobb ,Cobb County,GA,2026-09-21T18:50:36Z,2026-09-28T20:11:18Z,7.056042,1275,1396,0.09490196078431372,120.0389736927574,False,True,https://api.fususone.com/api/public/organizations/cobbcountypd/stats/
fastest_weekly_rate,4,sanjose,totalOwnedCameras,previous,113,Connect San Jose,San Jose,CA,2026-09-21T18:53:48Z,2026-09-28T20:14:30Z,7.056042,1206,1319,0.09369817578772803,112.10251262216187,False,True,https://api.fususone.com/api/public/organizations/sanjose/stats/
fastest_weekly_rate,5,monroecoso,totalOwnedCameras,previous,85,Connect Monroe County,Monroe County,NY,2026-09-21T18:52:36Z,2026-09-28T20:13:18Z,7.056042,783,868,0.10855683269476372,84.32489887507751,False,True,https://api.fususone.com/api/public/organizations/monroecoso/stats/
fastest_weekly_rate,6,stcloud,totalOwnedCameras,previous,64,Connect St. Cloud,St. Cloud,FL,2026-09-21T18:54:12Z,2026-09-28T20:14:54Z,7.056042,1862,1926,0.034371643394199784,63.49168856476424,False,True,https://api.fususone.com/api/public/organizations/stcloud/stats/
fastest_weekly_rate,7,queencreekaz,totalOwnedCameras,previous,48,Connect Queen Creek,Queen Creek,AZ,2026-09-21T18:53:26Z,2026-09-28T20:14:08Z,7.056042,442,490,0.1085972850678733,47.618766423573184,False,True,https://api.fususone.com/api/public/organizations/queencreekaz/stats/
fastest_weekly_rate,8,baltimorecountypd,totalOwnedCameras,previous,25,Connect Baltimore County,Baltimore County,MD,2026-09-21T18:49:40Z,2026-09-28T20:10:22Z,7.056042,531,556,0.047080979284369114,24.801440845611033,False,True,https://api.fususone.com/api/public/organizations/baltimorecountypd/stats/
fastest_weekly_rate,9,greensboropd,totalOwnedCameras,previous,25,Connect Greensboro,Greensboro,NC,2026-09-21T18:51:24Z,2026-09-28T20:12:06Z,7.056042,716,741,0.034916201117318434,24.801440845611033,False,True,https://api.fususone.com/api/public/organizations/greensboropd/stats/
fastest_weekly_rate,10,lynchburgpd,totalOwnedCameras,previous,24,Hill City Connect,Lynchburg,VA,2026-09-21T18:52:16Z,2026-09-28T20:12:58Z,7.056042,716,740,0.0335195530726257,23.809383211786592,False,True,https://api.fususone.com/api/public/organizations/lynchburgpd/stats/
fastest_weekly_rate,11,spartanburgpd,totalOwnedCameras,previous,22,Connect Spartanburg,Spartanburg,SC,2026-09-21T18:54:06Z,2026-09-28T20:14:48Z,7.056042,648,670,0.033950617283950615,21.825267944137707,False,True,https://api.fususone.com/api/public/organizations/spartanburgpd/stats/
fastest_weekly_rate,12,anaheim,totalOwnedCameras,previous,19,Connect Anaheim,Anaheim,CA,2026-09-21T18:49:30Z,2026-09-28T20:10:12Z,7.056042,667,686,0.02848575712143928,18.849095042664384,False,True,https://api.fususone.com/api/public/organizations/anaheim/stats/
fastest_weekly_rate,13,coloradospringspd,totalOwnedCameras,previous,15,Together COS,Colorado Springs,CO,2026-09-21T18:50:38Z,2026-09-28T20:11:20Z,7.056042,946,961,0.015856236786469344,14.880864507366619,False,True,https://api.fususone.com/api/public/organizations/coloradospringspd/stats/
fastest_weekly_rate,14,kentcountysd,totalOwnedCameras,previous,13,The Kent Safety Network,Kent County,MI,2026-09-21T18:51:54Z,2026-09-28T20:12:36Z,7.056042,740,753,0.01756756756756757,12.896749239717737,False,True,https://api.fususone.com/api/public/organizations/kentcountysd/stats/
fastest_weekly_rate,15,norfolkpd,totalOwnedCameras,previous,12,Connect Norfolk,Norfolk,VA,2026-09-21T18:52:50Z,2026-09-28T20:13:32Z,7.056042,2023,2035,0.005931784478497282,11.904691605893296,False,True,https://api.fususone.com/api/public/organizations/norfolkpd/stats/
fastest_weekly_rate,16,chesterfieldcounty,totalOwnedCameras,previous,11,Chesterfield Community Connect Program,Chesterfield County,VA,2026-09-21T18:50:12Z,2026-09-28T20:10:54Z,7.056042,1006,1017,0.010934393638170975,10.912633972068853,False,True,https://api.fususone.com/api/public/organizations/chesterfieldcounty/stats/
fastest_weekly_rate,17,cummingpdga,totalOwnedCameras,previous,10,Connect Cumming,Cumming,GA,2026-09-21T18:50:46Z,2026-09-28T20:11:28Z,7.056042,167,177,0.059880239520958084,9.920576338244413,False,True,https://api.fususone.com/api/public/organizations/cummingpdga/stats/
fastest_weekly_rate,18,elizabethnj,totalOwnedCameras,previous,10,Connect Elizabeth,Elizabeth,NJ,2026-09-21T18:51:05Z,2026-09-28T20:11:47Z,7.056042,625,635,0.016,9.920576338244413,False,True,https://api.fususone.com/api/public/organizations/elizabethnj/stats/
fastest_weekly_rate,19,greeleypd,totalOwnedCameras,previous,10,Connect Greeley,Greeley,CO,2026-09-21T18:51:23Z,2026-09-28T20:12:05Z,7.056042,245,255,0.04081632653061224,9.920576338244413,False,True,https://api.fususone.com/api/public/organizations/greeleypd/stats/
fastest_weekly_rate,20,cityofshreveport,totalOwnedCameras,previous,9,Connect Shreveport,Shreveport,LA,2026-09-21T18:50:27Z,2026-09-28T20:11:09Z,7.056042,2320,2329,0.003879310344827586,8.928518704419972,False,True,https://api.fususone.com/api/public/organizations/cityofshreveport/stats/
fastest_weekly_rate,21,accpd,totalOwnedCameras,previous,8,Connect Athens-Clarke County,Athens-Clarke County,GA,2026-09-21T18:49:20Z,2026-09-28T20:10:03Z,7.056053,1835,1843,0.004359673024523161,7.9364480523847565,False,True,https://api.fususone.com/api/public/organizations/accpd/stats/
fastest_weekly_rate,22,fayettevillepd,totalOwnedCameras,previous,7,Connect Fayetteville,Fayetteville,NC,2026-09-21T18:51:12Z,2026-09-28T20:11:54Z,7.056042,445,452,0.015730337078651686,6.944403436771089,False,True,https://api.fususone.com/api/public/organizations/fayettevillepd/stats/
fastest_weekly_rate,23,dearbornpdmi,totalOwnedCameras,previous,6,Connect Dearborn,Dearborn,MI,2026-09-21T18:50:53Z,2026-09-28T20:11:35Z,7.056042,518,524,0.011583011583011582,5.952345802946648,False,True,https://api.fususone.com/api/public/organizations/dearbornpdmi/stats/
fastest_weekly_rate,24,newportbeachpdca,totalOwnedCameras,previous,6,Connect Newport Beach,Newport Beach,CA,2026-09-21T18:52:47Z,2026-09-28T20:13:29Z,7.056042,170,176,0.03529411764705882,5.952345802946648,False,True,https://api.fususone.com/api/public/organizations/newportbeachpdca/stats/
fastest_weekly_rate,25,anchoragepdak,totalOwnedCameras,previous,5,Safe Anchorage,Anchorage,AK,2026-09-21T18:49:31Z,2026-09-28T20:10:13Z,7.056042,19,24,0.2631578947368421,4.960288169122206,False,True,https://api.fususone.com/api/public/organizations/anchoragepdak/stats/
fastest_weekly_rate,26,baycounty,totalOwnedCameras,previous,5,Connect Bay County,Bay County,FL,2026-09-21T18:49:42Z,2026-09-28T20:10:24Z,7.056042,1156,1161,0.004325259515570935,4.960288169122206,False,True,https://api.fususone.com/api/public/organizations/baycounty/stats/
fastest_weekly_rate,27,charlottemecklenburg,totalOwnedCameras,previous,5,Connect Charlotte,Charlotte,NC,2026-09-21T18:50:09Z,2026-09-28T20:10:51Z,7.056042,1579,1584,0.0031665611146295125,4.960288169122206,False,True,https://api.fususone.com/api/public/organizations/charlottemecklenburg/stats/
fastest_weekly_rate,28,modestopd,totalOwnedCameras,previous,5,Connect Modesto,Modesto,CA,2026-09-21T18:52:34Z,2026-09-28T20:13:16Z,7.056042,408,413,0.012254901960784314,4.960288169122206,False,True,https://api.fususone.com/api/public/organizations/modestopd/stats/
fastest_weekly_rate,29,tucsonpd,totalOwnedCameras,previous,5,Connect Tucson,Tucson,AZ,2026-09-21T18:54:22Z,2026-09-28T20:15:04Z,7.056042,461,466,0.010845986984815618,4.960288169122206,False,True,https://api.fususone.com/api/public/organizations/tucsonpd/stats/
fastest_weekly_rate,30,wichitapdks,totalOwnedCameras,previous,5,Connected Wichita,Wichita,KS,2026-09-21T18:54:39Z,2026-09-28T20:15:21Z,7.056042,344,349,0.014534883720930232,4.960288169122206,False,True,https://api.fususone.com/api/public/organizations/wichitapdks/stats/
fastest_weekly_rate,31,chicagoheights,totalOwnedCameras,previous,4,Connect Chicago Heights,Chicago Heights,IL,2026-09-21T18:50:13Z,2026-09-28T20:10:55Z,7.056042,1168,1172,0.003424657534246575,3.968230535297765,False,True,https://api.fususone.com/api/public/organizations/chicagoheights/stats/
fastest_weekly_rate,32,dentonpdtx,totalOwnedCameras,previous,4,Denton Connects,Denton,TX,2026-09-21T18:50:56Z,2026-09-28T20:11:38Z,7.056042,186,190,0.021505376344086023,3.968230535297765,False,True,https://api.fususone.com/api/public/organizations/dentonpdtx/stats/
fastest_weekly_rate,33,garypd,totalOwnedCameras,previous,4,Connect Gary,Gary,IN,2026-09-21T18:51:20Z,2026-09-28T20:12:02Z,7.056042,795,799,0.005031446540880503,3.968230535297765,False,True,https://api.fususone.com/api/public/organizations/garypd/stats/
fastest_weekly_rate,34,lafayettepd,totalOwnedCameras,previous,4,Connect Lafayette,Lafayette,LA,2026-09-21T18:51:58Z,2026-09-28T20:12:40Z,7.056042,1576,1580,0.0025380710659898475,3.968230535297765,False,True,https://api.fususone.com/api/public/organizations/lafayettepd/stats/
fastest_weekly_rate,35,rialtopd,totalOwnedCameras,previous,4,Connect Rialto,Rialto,CA,2026-09-21T18:53:32Z,2026-09-28T20:14:14Z,7.056042,699,703,0.005722460658082976,3.968230535297765,False,True,https://api.fususone.com/api/public/organizations/rialtopd/stats/
fastest_weekly_rate,36,springfieldpd,totalOwnedCameras,previous,4,Sync Springfield,Springfield,IL,2026-09-21T18:54:08Z,2026-09-28T20:14:50Z,7.056042,2473,2477,0.0016174686615446825,3.968230535297765,False,True,https://api.fususone.com/api/public/organizations/springfieldpd/stats/
fastest_weekly_rate,37,beaumonttx,totalOwnedCameras,previous,2,Connect Southeast Texas,Southeast Texas,TX,2026-09-21T18:49:43Z,2026-09-28T20:10:25Z,7.056042,1529,1531,0.0013080444735120995,1.9841152676488825,False,True,https://api.fususone.com/api/public/organizations/beaumonttx/stats/
fastest_weekly_rate,38,cincinnatipd,totalOwnedCameras,previous,2,Connect Cincinnati,Cincinnati,OH,2026-09-21T18:50:16Z,2026-09-28T20:10:58Z,7.056042,801,803,0.0024968789013732834,1.9841152676488825,False,True,https://api.fususone.com/api/public/organizations/cincinnatipd/stats/
fastest_weekly_rate,39,dallaspd,totalOwnedCameras,previous,2,Connect Dallas,Dallas,TX,2026-09-21T18:50:47Z,2026-09-28T20:11:29Z,7.056042,1134,1136,0.001763668430335097,1.9841152676488825,False,True,https://api.fususone.com/api/public/organizations/dallaspd/stats/
fastest_weekly_rate,40,escambiafl,totalOwnedCameras,previous,2,Star Network,Escambia County,FL,2026-09-21T18:51:07Z,2026-09-28T20:11:49Z,7.056042,917,919,0.0021810250817884407,1.9841152676488825,False,True,https://api.fususone.com/api/public/organizations/escambiafl/stats/
fastest_weekly_rate,41,lapd,totalOwnedCameras,previous,2,Connect Los Angeles,Los Angeles,CA,2026-09-21T18:52:04Z,2026-09-28T20:12:46Z,7.056042,271,273,0.007380073800738007,1.9841152676488825,False,True,https://api.fususone.com/api/public/organizations/lapd/stats/
fastest_weekly_rate,42,martincountyso,totalOwnedCameras,previous,2,Connect Martin County,Martin County,FL,2026-09-21T18:52:21Z,2026-09-28T20:13:03Z,7.056042,585,587,0.003418803418803419,1.9841152676488825,False,True,https://api.fususone.com/api/public/organizations/martincountyso/stats/
fastest_weekly_rate,43,miamibeachpdfl,totalOwnedCameras,previous,2,Connect Miami Beach,Miami Beach,FL,2026-09-21T18:52:28Z,2026-09-28T20:13:10Z,7.056042,525,527,0.0038095238095238095,1.9841152676488825,False,True,https://api.fususone.com/api/public/organizations/miamibeachpdfl/stats/
fastest_weekly_rate,44,northport,totalOwnedCameras,previous,2,Connect North Port,North Port,FL,2026-09-21T18:52:53Z,2026-09-28T20:13:35Z,7.056042,244,246,0.00819672131147541,1.9841152676488825,False,True,https://api.fususone.com/api/public/organizations/northport/stats/
fastest_weekly_rate,45,wakecounty,totalOwnedCameras,previous,2,Connect Wake County,Wake County,NC,2026-09-21T18:54:31Z,2026-09-28T20:15:13Z,7.056042,285,287,0.007017543859649123,1.9841152676488825,False,True,https://api.fususone.com/api/public/organizations/wakecounty/stats/
fastest_weekly_rate,46,auroragov,totalOwnedCameras,previous,1,Connect Aurora,Aurora,CO,2026-09-21T18:49:39Z,2026-09-28T20:10:21Z,7.056042,934,935,0.0010706638115631692,0.9920576338244412,False,True,https://api.fususone.com/api/public/organizations/auroragov/stats/
fastest_weekly_rate,47,cityofatlanta,totalOwnedCameras,previous,1,Connect Atlanta,Atlanta,GA,2026-09-21T18:50:17Z,2026-09-28T20:10:59Z,7.056042,2583,2584,0.00038714672861014324,0.9920576338244412,False,True,https://api.fususone.com/api/public/organizations/cityofatlanta/stats/
fastest_weekly_rate,48,cityofomaha,totalOwnedCameras,previous,1,Connect Omaha,Omaha,NE,2026-09-21T18:50:24Z,2026-09-28T20:11:06Z,7.056042,760,761,0.0013157894736842105,0.9920576338244412,False,True,https://api.fususone.com/api/public/organizations/cityofomaha/stats/
fastest_weekly_rate,49,forestparkpd,totalOwnedCameras,previous,1,Connect Forest Park,Forest Park,GA,2026-09-21T18:51:15Z,2026-09-28T20:11:57Z,7.056042,239,240,0.0041841004184100415,0.9920576338244412,False,True,https://api.fususone.com/api/public/organizations/forestparkpd/stats/
fastest_weekly_rate,50,harrisoncso,totalOwnedCameras,previous,1,Connect Harrison County,Harrison County,MS,2026-09-21T18:51:32Z,2026-09-28T20:12:14Z,7.056042,76,77,0.013157894736842105,0.9920576338244412,False,True,https://api.fususone.com/api/public/organizations/harrisoncso/stats/
fastest_weekly_rate,51,newlondonpdct,totalOwnedCameras,previous,1,Connect New London,New London,CT,2026-09-21T18:52:46Z,2026-09-28T20:13:28Z,7.056042,5,6,0.2,0.9920576338244412,False,True,https://api.fususone.com/api/public/organizations/newlondonpdct/stats/
fastest_weekly_rate,52,oaklawn,totalOwnedCameras,previous,1,Connect Oak Lawn,Oak Lawn,IL,2026-09-21T18:52:58Z,2026-09-28T20:13:40Z,7.056042,954,955,0.0010482180293501049,0.9920576338244412,False,True,https://api.fususone.com/api/public/organizations/oaklawn/stats/
fastest_weekly_rate,53,pbso,totalOwnedCameras,previous,1,Keep Palm Beach County Safe,Palm Beach County,FL,2026-09-21T18:53:11Z,2026-09-28T20:13:53Z,7.056042,1015,1016,0.0009852216748768472,0.9920576338244412,False,True,https://api.fususone.com/api/public/organizations/pbso/stats/
fastest_weekly_rate,54,seagovillepdtx,totalOwnedCameras,previous,1,Seagoville Connect and Protect,Seagoville,TX,2026-09-21T18:53:56Z,2026-09-28T20:14:38Z,7.056042,49,50,0.02040816326530612,0.9920576338244412,False,True,https://api.fususone.com/api/public/organizations/seagovillepdtx/stats/
fastest_weekly_rate,55,shawneecosheriff,totalOwnedCameras,previous,1,Connect Shawnee County and the City of Topeka,Shawnee County and the City of Topeka,KS,2026-09-21T18:54:00Z,2026-09-28T20:14:42Z,7.056042,641,642,0.0015600624024961,0.9920576338244412,False,True,https://api.fususone.com/api/public/organizations/shawneecosheriff/stats/
fastest_weekly_rate,56,sparkspdnv,totalOwnedCameras,previous,1,Connect Sparks,Sparks,NV,2026-09-21T18:54:05Z,2026-09-28T20:14:47Z,7.056042,215,216,0.004651162790697674,0.9920576338244412,False,True,https://api.fususone.com/api/public/organizations/sparkspdnv/stats/
fastest_weekly_rate,57,westsacramento,totalOwnedCameras,previous,1,West Sacramento Safe and Secure,West Sacramento,CA,2026-09-21T18:54:36Z,2026-09-28T20:15:18Z,7.056042,339,340,0.0029498525073746312,0.9920576338244412,False,True,https://api.fususone.com/api/public/organizations/westsacramento/stats/
fastest_percentage,1,queencreekaz,totalOwnedCameras,previous,48,Connect Queen Creek,Queen Creek,AZ,2026-09-21T18:53:26Z,2026-09-28T20:14:08Z,7.056042,442,490,0.1085972850678733,47.618766423573184,False,True,https://api.fususone.com/api/public/organizations/queencreekaz/stats/
fastest_percentage,2,monroecoso,totalOwnedCameras,previous,85,Connect Monroe County,Monroe County,NY,2026-09-21T18:52:36Z,2026-09-28T20:13:18Z,7.056042,783,868,0.10855683269476372,84.32489887507751,False,True,https://api.fususone.com/api/public/organizations/monroecoso/stats/
fastest_percentage,3,okcpd,totalOwnedCameras,previous,635,Connect Oklahoma City,Oklahoma City,OK,2026-09-21T18:53:03Z,2026-09-28T20:13:45Z,7.056042,5897,6532,0.10768187213837545,629.9565974785202,False,True,https://api.fususone.com/api/public/organizations/okcpd/stats/
fastest_percentage,4,cobbcountypd,totalOwnedCameras,previous,121,Connect Cobb ,Cobb County,GA,2026-09-21T18:50:36Z,2026-09-28T20:11:18Z,7.056042,1275,1396,0.09490196078431372,120.0389736927574,False,True,https://api.fususone.com/api/public/organizations/cobbcountypd/stats/
fastest_percentage,5,sanjose,totalOwnedCameras,previous,113,Connect San Jose,San Jose,CA,2026-09-21T18:53:48Z,2026-09-28T20:14:30Z,7.056042,1206,1319,0.09369817578772803,112.10251262216187,False,True,https://api.fususone.com/api/public/organizations/sanjose/stats/
fastest_percentage,6,cummingpdga,totalOwnedCameras,previous,10,Connect Cumming,Cumming,GA,2026-09-21T18:50:46Z,2026-09-28T20:11:28Z,7.056042,167,177,0.059880239520958084,9.920576338244413,False,True,https://api.fususone.com/api/public/organizations/cummingpdga/stats/
fastest_percentage,7,baltimorecountypd,totalOwnedCameras,previous,25,Connect Baltimore County,Baltimore County,MD,2026-09-21T18:49:40Z,2026-09-28T20:10:22Z,7.056042,531,556,0.047080979284369114,24.801440845611033,False,True,https://api.fususone.com/api/public/organizations/baltimorecountypd/stats/
fastest_percentage,8,greeleypd,totalOwnedCameras,previous,10,Connect Greeley,Greeley,CO,2026-09-21T18:51:23Z,2026-09-28T20:12:05Z,7.056042,245,255,0.04081632653061224,9.920576338244413,False,True,https://api.fususone.com/api/public/organizations/greeleypd/stats/
fastest_percentage,9,newportbeachpdca,totalOwnedCameras,previous,6,Connect Newport Beach,Newport Beach,CA,2026-09-21T18:52:47Z,2026-09-28T20:13:29Z,7.056042,170,176,0.03529411764705882,5.952345802946648,False,True,https://api.fususone.com/api/public/organizations/newportbeachpdca/stats/
fastest_percentage,10,greensboropd,totalOwnedCameras,previous,25,Connect Greensboro,Greensboro,NC,2026-09-21T18:51:24Z,2026-09-28T20:12:06Z,7.056042,716,741,0.034916201117318434,24.801440845611033,False,True,https://api.fususone.com/api/public/organizations/greensboropd/stats/
fastest_percentage,11,stcloud,totalOwnedCameras,previous,64,Connect St. Cloud,St. Cloud,FL,2026-09-21T18:54:12Z,2026-09-28T20:14:54Z,7.056042,1862,1926,0.034371643394199784,63.49168856476424,False,True,https://api.fususone.com/api/public/organizations/stcloud/stats/
fastest_percentage,12,spartanburgpd,totalOwnedCameras,previous,22,Connect Spartanburg,Spartanburg,SC,2026-09-21T18:54:06Z,2026-09-28T20:14:48Z,7.056042,648,670,0.033950617283950615,21.825267944137707,False,True,https://api.fususone.com/api/public/organizations/spartanburgpd/stats/
fastest_percentage,13,lynchburgpd,totalOwnedCameras,previous,24,Hill City Connect,Lynchburg,VA,2026-09-21T18:52:16Z,2026-09-28T20:12:58Z,7.056042,716,740,0.0335195530726257,23.809383211786592,False,True,https://api.fususone.com/api/public/organizations/lynchburgpd/stats/
fastest_percentage,14,anaheim,totalOwnedCameras,previous,19,Connect Anaheim,Anaheim,CA,2026-09-21T18:49:30Z,2026-09-28T20:10:12Z,7.056042,667,686,0.02848575712143928,18.849095042664384,False,True,https://api.fususone.com/api/public/organizations/anaheim/stats/
fastest_percentage,15,dentonpdtx,totalOwnedCameras,previous,4,Denton Connects,Denton,TX,2026-09-21T18:50:56Z,2026-09-28T20:11:38Z,7.056042,186,190,0.021505376344086023,3.968230535297765,False,True,https://api.fususone.com/api/public/organizations/dentonpdtx/stats/
fastest_percentage,16,seagovillepdtx,totalOwnedCameras,previous,1,Seagoville Connect and Protect,Seagoville,TX,2026-09-21T18:53:56Z,2026-09-28T20:14:38Z,7.056042,49,50,0.02040816326530612,0.9920576338244412,False,True,https://api.fususone.com/api/public/organizations/seagovillepdtx/stats/
fastest_percentage,17,kentcountysd,totalOwnedCameras,previous,13,The Kent Safety Network,Kent County,MI,2026-09-21T18:51:54Z,2026-09-28T20:12:36Z,7.056042,740,753,0.01756756756756757,12.896749239717737,False,True,https://api.fususone.com/api/public/organizations/kentcountysd/stats/
fastest_percentage,18,elizabethnj,totalOwnedCameras,previous,10,Connect Elizabeth,Elizabeth,NJ,2026-09-21T18:51:05Z,2026-09-28T20:11:47Z,7.056042,625,635,0.016,9.920576338244413,False,True,https://api.fususone.com/api/public/organizations/elizabethnj/stats/
fastest_percentage,19,coloradospringspd,totalOwnedCameras,previous,15,Together COS,Colorado Springs,CO,2026-09-21T18:50:38Z,2026-09-28T20:11:20Z,7.056042,946,961,0.015856236786469344,14.880864507366619,False,True,https://api.fususone.com/api/public/organizations/coloradospringspd/stats/
fastest_percentage,20,fayettevillepd,totalOwnedCameras,previous,7,Connect Fayetteville,Fayetteville,NC,2026-09-21T18:51:12Z,2026-09-28T20:11:54Z,7.056042,445,452,0.015730337078651686,6.944403436771089,False,True,https://api.fususone.com/api/public/organizations/fayettevillepd/stats/
fastest_percentage,21,wichitapdks,totalOwnedCameras,previous,5,Connected Wichita,Wichita,KS,2026-09-21T18:54:39Z,2026-09-28T20:15:21Z,7.056042,344,349,0.014534883720930232,4.960288169122206,False,True,https://api.fususone.com/api/public/organizations/wichitapdks/stats/
fastest_percentage,22,harrisoncso,totalOwnedCameras,previous,1,Connect Harrison County,Harrison County,MS,2026-09-21T18:51:32Z,2026-09-28T20:12:14Z,7.056042,76,77,0.013157894736842105,0.9920576338244412,False,True,https://api.fususone.com/api/public/organizations/harrisoncso/stats/
fastest_percentage,23,modestopd,totalOwnedCameras,previous,5,Connect Modesto,Modesto,CA,2026-09-21T18:52:34Z,2026-09-28T20:13:16Z,7.056042,408,413,0.012254901960784314,4.960288169122206,False,True,https://api.fususone.com/api/public/organizations/modestopd/stats/
fastest_percentage,24,dearbornpdmi,totalOwnedCameras,previous,6,Connect Dearborn,Dearborn,MI,2026-09-21T18:50:53Z,2026-09-28T20:11:35Z,7.056042,518,524,0.011583011583011582,5.952345802946648,False,True,https://api.fususone.com/api/public/organizations/dearbornpdmi/stats/
fastest_percentage,25,chesterfieldcounty,totalOwnedCameras,previous,11,Chesterfield Community Connect Program,Chesterfield County,VA,2026-09-21T18:50:12Z,2026-09-28T20:10:54Z,7.056042,1006,1017,0.010934393638170975,10.912633972068853,False,True,https://api.fususone.com/api/public/organizations/chesterfieldcounty/stats/
fastest_percentage,26,tucsonpd,totalOwnedCameras,previous,5,Connect Tucson,Tucson,AZ,2026-09-21T18:54:22Z,2026-09-28T20:15:04Z,7.056042,461,466,0.010845986984815618,4.960288169122206,False,True,https://api.fususone.com/api/public/organizations/tucsonpd/stats/
fastest_percentage,27,northport,totalOwnedCameras,previous,2,Connect North Port,North Port,FL,2026-09-21T18:52:53Z,2026-09-28T20:13:35Z,7.056042,244,246,0.00819672131147541,1.9841152676488825,False,True,https://api.fususone.com/api/public/organizations/northport/stats/
fastest_percentage,28,lapd,totalOwnedCameras,previous,2,Connect Los Angeles,Los Angeles,CA,2026-09-21T18:52:04Z,2026-09-28T20:12:46Z,7.056042,271,273,0.007380073800738007,1.9841152676488825,False,True,https://api.fususone.com/api/public/organizations/lapd/stats/
fastest_percentage,29,wakecounty,totalOwnedCameras,previous,2,Connect Wake County,Wake County,NC,2026-09-21T18:54:31Z,2026-09-28T20:15:13Z,7.056042,285,287,0.007017543859649123,1.9841152676488825,False,True,https://api.fususone.com/api/public/organizations/wakecounty/stats/
fastest_percentage,30,norfolkpd,totalOwnedCameras,previous,12,Connect Norfolk,Norfolk,VA,2026-09-21T18:52:50Z,2026-09-28T20:13:32Z,7.056042,2023,2035,0.005931784478497282,11.904691605893296,False,True,https://api.fususone.com/api/public/organizations/norfolkpd/stats/
fastest_percentage,31,rialtopd,totalOwnedCameras,previous,4,Connect Rialto,Rialto,CA,2026-09-21T18:53:32Z,2026-09-28T20:14:14Z,7.056042,699,703,0.005722460658082976,3.968230535297765,False,True,https://api.fususone.com/api/public/organizations/rialtopd/stats/
fastest_percentage,32,garypd,totalOwnedCameras,previous,4,Connect Gary,Gary,IN,2026-09-21T18:51:20Z,2026-09-28T20:12:02Z,7.056042,795,799,0.005031446540880503,3.968230535297765,False,True,https://api.fususone.com/api/public/organizations/garypd/stats/
fastest_percentage,33,sparkspdnv,totalOwnedCameras,previous,1,Connect Sparks,Sparks,NV,2026-09-21T18:54:05Z,2026-09-28T20:14:47Z,7.056042,215,216,0.004651162790697674,0.9920576338244412,False,True,https://api.fususone.com/api/public/organizations/sparkspdnv/stats/
fastest_percentage,34,accpd,totalOwnedCameras,previous,8,Connect Athens-Clarke County,Athens-Clarke County,GA,2026-09-21T18:49:20Z,2026-09-28T20:10:03Z,7.056053,1835,1843,0.004359673024523161,7.9364480523847565,False,True,https://api.fususone.com/api/public/organizations/accpd/stats/
fastest_percentage,35,baycounty,totalOwnedCameras,previous,5,Connect Bay County,Bay County,FL,2026-09-21T18:49:42Z,2026-09-28T20:10:24Z,7.056042,1156,1161,0.004325259515570935,4.960288169122206,False,True,https://api.fususone.com/api/public/organizations/baycounty/stats/
fastest_percentage,36,forestparkpd,totalOwnedCameras,previous,1,Connect Forest Park,Forest Park,GA,2026-09-21T18:51:15Z,2026-09-28T20:11:57Z,7.056042,239,240,0.0041841004184100415,0.9920576338244412,False,True,https://api.fususone.com/api/public/organizations/forestparkpd/stats/
fastest_percentage,37,cityofshreveport,totalOwnedCameras,previous,9,Connect Shreveport,Shreveport,LA,2026-09-21T18:50:27Z,2026-09-28T20:11:09Z,7.056042,2320,2329,0.003879310344827586,8.928518704419972,False,True,https://api.fususone.com/api/public/organizations/cityofshreveport/stats/
fastest_percentage,38,miamibeachpdfl,totalOwnedCameras,previous,2,Connect Miami Beach,Miami Beach,FL,2026-09-21T18:52:28Z,2026-09-28T20:13:10Z,7.056042,525,527,0.0038095238095238095,1.9841152676488825,False,True,https://api.fususone.com/api/public/organizations/miamibeachpdfl/stats/
fastest_percentage,39,chicagoheights,totalOwnedCameras,previous,4,Connect Chicago Heights,Chicago Heights,IL,2026-09-21T18:50:13Z,2026-09-28T20:10:55Z,7.056042,1168,1172,0.003424657534246575,3.968230535297765,False,True,https://api.fususone.com/api/public/organizations/chicagoheights/stats/
fastest_percentage,40,martincountyso,totalOwnedCameras,previous,2,Connect Martin County,Martin County,FL,2026-09-21T18:52:21Z,2026-09-28T20:13:03Z,7.056042,585,587,0.003418803418803419,1.9841152676488825,False,True,https://api.fususone.com/api/public/organizations/martincountyso/stats/
fastest_percentage,41,charlottemecklenburg,totalOwnedCameras,previous,5,Connect Charlotte,Charlotte,NC,2026-09-21T18:50:09Z,2026-09-28T20:10:51Z,7.056042,1579,1584,0.0031665611146295125,4.960288169122206,False,True,https://api.fususone.com/api/public/organizations/charlottemecklenburg/stats/
fastest_percentage,42,westsacramento,totalOwnedCameras,previous,1,West Sacramento Safe and Secure,West Sacramento,CA,2026-09-21T18:54:36Z,2026-09-28T20:15:18Z,7.056042,339,340,0.0029498525073746312,0.9920576338244412,False,True,https://api.fususone.com/api/public/organizations/westsacramento/stats/
fastest_percentage,43,lafayettepd,totalOwnedCameras,previous,4,Connect Lafayette,Lafayette,LA,2026-09-21T18:51:58Z,2026-09-28T20:12:40Z,7.056042,1576,1580,0.0025380710659898475,3.968230535297765,False,True,https://api.fususone.com/api/public/organizations/lafayettepd/stats/
fastest_percentage,44,cincinnatipd,totalOwnedCameras,previous,2,Connect Cincinnati,Cincinnati,OH,2026-09-21T18:50:16Z,2026-09-28T20:10:58Z,7.056042,801,803,0.0024968789013732834,1.9841152676488825,False,True,https://api.fususone.com/api/public/organizations/cincinnatipd/stats/
fastest_percentage,45,escambiafl,totalOwnedCameras,previous,2,Star Network,Escambia County,FL,2026-09-21T18:51:07Z,2026-09-28T20:11:49Z,7.056042,917,919,0.0021810250817884407,1.9841152676488825,False,True,https://api.fususone.com/api/public/organizations/escambiafl/stats/
fastest_percentage,46,dallaspd,totalOwnedCameras,previous,2,Connect Dallas,Dallas,TX,2026-09-21T18:50:47Z,2026-09-28T20:11:29Z,7.056042,1134,1136,0.001763668430335097,1.9841152676488825,False,True,https://api.fususone.com/api/public/organizations/dallaspd/stats/
fastest_percentage,47,springfieldpd,totalOwnedCameras,previous,4,Sync Springfield,Springfield,IL,2026-09-21T18:54:08Z,2026-09-28T20:14:50Z,7.056042,2473,2477,0.0016174686615446825,3.968230535297765,False,True,https://api.fususone.com/api/public/organizations/springfieldpd/stats/
fastest_percentage,48,shawneecosheriff,totalOwnedCameras,previous,1,Connect Shawnee County and the City of Topeka,Shawnee County and the City of Topeka,KS,2026-09-21T18:54:00Z,2026-09-28T20:14:42Z,7.056042,641,642,0.0015600624024961,0.9920576338244412,False,True,https://api.fususone.com/api/public/organizations/shawneecosheriff/stats/
fastest_percentage,49,cityofomaha,totalOwnedCameras,previous,1,Connect Omaha,Omaha,NE,2026-09-21T18:50:24Z,2026-09-28T20:11:06Z,7.056042,760,761,0.0013157894736842105,0.9920576338244412,False,True,https://api.fususone.com/api/public/organizations/cityofomaha/stats/
fastest_percentage,50,beaumonttx,totalOwnedCameras,previous,2,Connect Southeast Texas,Southeast Texas,TX,2026-09-21T18:49:43Z,2026-09-28T20:10:25Z,7.056042,1529,1531,0.0013080444735120995,1.9841152676488825,False,True,https://api.fususone.com/api/public/organizations/beaumonttx/stats/
fastest_percentage,51,auroragov,totalOwnedCameras,previous,1,Connect Aurora,Aurora,CO,2026-09-21T18:49:39Z,2026-09-28T20:10:21Z,7.056042,934,935,0.0010706638115631692,0.9920576338244412,False,True,https://api.fususone.com/api/public/organizations/auroragov/stats/
fastest_percentage,52,oaklawn,totalOwnedCameras,previous,1,Connect Oak Lawn,Oak Lawn,IL,2026-09-21T18:52:58Z,2026-09-28T20:13:40Z,7.056042,954,955,0.0010482180293501049,0.9920576338244412,False,True,https://api.fususone.com/api/public/organizations/oaklawn/stats/
fastest_percentage,53,pbso,totalOwnedCameras,previous,1,Keep Palm Beach County Safe,Palm Beach County,FL,2026-09-21T18:53:11Z,2026-09-28T20:13:53Z,7.056042,1015,1016,0.0009852216748768472,0.9920576338244412,False,True,https://api.fususone.com/api/public/organizations/pbso/stats/
fastest_percentage,54,cityofatlanta,totalOwnedCameras,previous,1,Connect Atlanta,Atlanta,GA,2026-09-21T18:50:17Z,2026-09-28T20:10:59Z,7.056042,2583,2584,0.00038714672861014324,0.9920576338244412,False,True,https://api.fususone.com/api/public/organizations/cityofatlanta/stats/
largest_declines,1,claytoncountypd,totalOwnedCameras,previous,-53,Connect Clayton County,Clayton County,GA,2026-09-21T18:50:31Z,2026-09-28T20:11:13Z,7.056042,1025,972,-0.05170731707317073,-52.579054592695385,False,True,https://api.fususone.com/api/public/organizations/claytoncountypd/stats/
largest_declines,2,cityofmiamipd,totalOwnedCameras,previous,-12,Connect Miami,Miami,FL,2026-09-21T18:50:22Z,2026-09-28T20:11:04Z,7.056042,1239,1227,-0.009685230024213076,-11.904691605893296,False,True,https://api.fususone.com/api/public/organizations/cityofmiamipd/stats/
largest_declines,3,ocsdca,totalOwnedCameras,previous,-9,Connect Orange County,Orange County,CA,2026-09-21T18:53:01Z,2026-09-28T20:13:43Z,7.056042,1352,1343,-0.006656804733727811,-8.928518704419972,False,True,https://api.fususone.com/api/public/organizations/ocsdca/stats/
largest_declines,4,newcastlede,totalOwnedCameras,previous,-7,Connect New Castle County,New Castle County,DE,2026-09-21T18:52:44Z,2026-09-28T20:13:26Z,7.056042,160,153,-0.04375,-6.944403436771089,False,True,https://api.fususone.com/api/public/organizations/newcastlede/stats/
largest_declines,5,stjohnscountyso,totalOwnedCameras,previous,-6,Connect St. Johns,St. Johns County,FL,2026-09-21T18:54:14Z,2026-09-28T20:14:56Z,7.056042,1123,1117,-0.005342831700801425,-5.952345802946648,False,True,https://api.fususone.com/api/public/organizations/stjohnscountyso/stats/
largest_declines,6,chattanoogapd,totalOwnedCameras,previous,-3,Dragonfly Community Connect,Chattanooga,TN,2026-09-21T18:50:10Z,2026-09-28T20:10:52Z,7.056042,777,774,-0.003861003861003861,-2.976172901473324,False,True,https://api.fususone.com/api/public/organizations/chattanoogapd/stats/
largest_declines,7,littlerockpd,totalOwnedCameras,previous,-3,Connect Little Rock,Little Rock,AR,2026-09-21T18:52:13Z,2026-09-28T20:12:55Z,7.056042,1797,1794,-0.001669449081803005,-2.976172901473324,False,True,https://api.fususone.com/api/public/organizations/littlerockpd/stats/
largest_declines,8,orlando,totalOwnedCameras,previous,-3,Orlando Connect,Orlando,FL,2026-09-21T18:53:06Z,2026-09-28T20:13:48Z,7.056042,1056,1053,-0.002840909090909091,-2.976172901473324,False,True,https://api.fususone.com/api/public/organizations/orlando/stats/
largest_declines,9,raleighncpd,totalOwnedCameras,previous,-3,CONNECTRALEIGH,Raleigh,NC,2026-09-21T18:53:27Z,2026-09-28T20:14:09Z,7.056042,1134,1131,-0.0026455026455026454,-2.976172901473324,False,True,https://api.fususone.com/api/public/organizations/raleighncpd/stats/
largest_declines,10,dothanpd,totalOwnedCameras,previous,-2,Connect Dothan,Dothan,AL,2026-09-21T18:50:57Z,2026-09-28T20:11:39Z,7.056042,182,180,-0.01098901098901099,-1.9841152676488825,False,True,https://api.fususone.com/api/public/organizations/dothanpd/stats/
largest_declines,11,forsyth,totalOwnedCameras,previous,-2,Connect Forsyth County,"Forsyth County, NC",SC,2026-09-21T18:51:16Z,2026-09-28T20:11:58Z,7.056042,495,493,-0.00404040404040404,-1.9841152676488825,False,True,https://api.fususone.com/api/public/organizations/forsyth/stats/
largest_declines,12,grapevinepdtx,totalOwnedCameras,previous,-2,Connect Grapevine,Grapevine,TX,2026-09-21T18:51:22Z,2026-09-28T20:12:04Z,7.056042,230,228,-0.008695652173913044,-1.9841152676488825,False,True,https://api.fususone.com/api/public/organizations/grapevinepdtx/stats/
largest_declines,13,jacksonvillesheriff,totalOwnedCameras,previous,-2,ConnectDuval,Duval County,FL,2026-09-21T18:51:49Z,2026-09-28T20:12:31Z,7.056042,2649,2647,-0.0007550018875047187,-1.9841152676488825,False,True,https://api.fususone.com/api/public/organizations/jacksonvillesheriff/stats/
largest_declines,14,memphispd,totalOwnedCameras,previous,-1,Connect Memphis,Memphis,TN,2026-09-21T18:52:25Z,2026-09-28T20:13:07Z,7.056042,2273,2272,-0.0004399472063352398,-0.9920576338244412,False,True,https://api.fususone.com/api/public/organizations/memphispd/stats/
fastest_absolute,1,brooklynparkpdmn,totalSharedCameras,previous,1874,Brooklyn Park Community Cameras,Brooklyn Park,MN,2026-09-21T18:49:57Z,2026-09-28T20:10:39Z,7.056042,0,1874,,1859.116005787003,True,True,https://api.fususone.com/api/public/organizations/brooklynparkpdmn/stats/
fastest_absolute,2,ontariopolice,totalSharedCameras,previous,20,Connect Ontario,Ontario,CA,2026-09-21T18:53:04Z,2026-09-28T20:13:46Z,7.056042,746,766,0.02680965147453083,19.841152676488825,False,True,https://api.fususone.com/api/public/organizations/ontariopolice/stats/
fastest_absolute,3,warrenpdmi,totalSharedCameras,previous,15,Connect Warren,Warren,MI,2026-09-21T18:54:33Z,2026-09-28T20:15:15Z,7.056042,79,94,0.189873417721519,14.880864507366619,False,True,https://api.fususone.com/api/public/organizations/warrenpdmi/stats/
fastest_absolute,4,sacramentopd,totalSharedCameras,previous,12,Sacramento PD Connect,Sacramento,CA,2026-09-21T18:53:43Z,2026-09-28T20:14:25Z,7.056042,406,418,0.029556650246305417,11.904691605893296,False,True,https://api.fususone.com/api/public/organizations/sacramentopd/stats/
fastest_absolute,5,cherokeega,totalSharedCameras,previous,1,Connect Cherokee,Cherokee County,GA,2026-09-21T18:50:11Z,2026-09-28T20:10:53Z,7.056042,548,549,0.0018248175182481751,0.9920576338244412,False,True,https://api.fususone.com/api/public/organizations/cherokeega/stats/
fastest_absolute,6,cityofroswell,totalSharedCameras,previous,1,Connect Roswell,Roswell,GA,2026-09-21T18:50:26Z,2026-09-28T20:11:08Z,7.056042,373,374,0.002680965147453083,0.9920576338244412,False,True,https://api.fususone.com/api/public/organizations/cityofroswell/stats/
fastest_absolute,7,henrycountypd,totalSharedCameras,previous,1,Henry Safer Together,Henry County,GA,2026-09-21T18:51:38Z,2026-09-28T20:12:20Z,7.056042,3626,3627,0.0002757859900717044,0.9920576338244412,False,True,https://api.fususone.com/api/public/organizations/henrycountypd/stats/
fastest_absolute,8,raleighncpd,totalSharedCameras,previous,1,CONNECTRALEIGH,Raleigh,NC,2026-09-21T18:53:27Z,2026-09-28T20:14:09Z,7.056042,56,57,0.017857142857142856,0.9920576338244412,False,True,https://api.fususone.com/api/public/organizations/raleighncpd/stats/
fastest_absolute,9,sandyspringspd,totalSharedCameras,previous,1,Connect Sandy Springs,Sandy Springs,GA,2026-09-21T18:53:46Z,2026-09-28T20:14:28Z,7.056042,4381,4382,0.00022825838849577722,0.9920576338244412,False,True,https://api.fususone.com/api/public/organizations/sandyspringspd/stats/
fastest_absolute,10,statesboropd,totalSharedCameras,previous,1,Connect Statesboro,Statesboro,GA,2026-09-21T18:54:10Z,2026-09-28T20:14:52Z,7.056042,4131,4132,0.0002420721374969741,0.9920576338244412,False,True,https://api.fususone.com/api/public/organizations/statesboropd/stats/
fastest_absolute,11,wakecounty,totalSharedCameras,previous,1,Connect Wake County,Wake County,NC,2026-09-21T18:54:31Z,2026-09-28T20:15:13Z,7.056042,57,58,0.017543859649122806,0.9920576338244412,False,True,https://api.fususone.com/api/public/organizations/wakecounty/stats/
fastest_weekly_rate,1,brooklynparkpdmn,totalSharedCameras,previous,1874,Brooklyn Park Community Cameras,Brooklyn Park,MN,2026-09-21T18:49:57Z,2026-09-28T20:10:39Z,7.056042,0,1874,,1859.116005787003,True,True,https://api.fususone.com/api/public/organizations/brooklynparkpdmn/stats/
fastest_weekly_rate,2,ontariopolice,totalSharedCameras,previous,20,Connect Ontario,Ontario,CA,2026-09-21T18:53:04Z,2026-09-28T20:13:46Z,7.056042,746,766,0.02680965147453083,19.841152676488825,False,True,https://api.fususone.com/api/public/organizations/ontariopolice/stats/
fastest_weekly_rate,3,warrenpdmi,totalSharedCameras,previous,15,Connect Warren,Warren,MI,2026-09-21T18:54:33Z,2026-09-28T20:15:15Z,7.056042,79,94,0.189873417721519,14.880864507366619,False,True,https://api.fususone.com/api/public/organizations/warrenpdmi/stats/
fastest_weekly_rate,4,sacramentopd,totalSharedCameras,previous,12,Sacramento PD Connect,Sacramento,CA,2026-09-21T18:53:43Z,2026-09-28T20:14:25Z,7.056042,406,418,0.029556650246305417,11.904691605893296,False,True,https://api.fususone.com/api/public/organizations/sacramentopd/stats/
fastest_weekly_rate,5,cherokeega,totalSharedCameras,previous,1,Connect Cherokee,Cherokee County,GA,2026-09-21T18:50:11Z,2026-09-28T20:10:53Z,7.056042,548,549,0.0018248175182481751,0.9920576338244412,False,True,https://api.fususone.com/api/public/organizations/cherokeega/stats/
fastest_weekly_rate,6,cityofroswell,totalSharedCameras,previous,1,Connect Roswell,Roswell,GA,2026-09-21T18:50:26Z,2026-09-28T20:11:08Z,7.056042,373,374,0.002680965147453083,0.9920576338244412,False,True,https://api.fususone.com/api/public/organizations/cityofroswell/stats/
fastest_weekly_rate,7,henrycountypd,totalSharedCameras,previous,1,Henry Safer Together,Henry County,GA,2026-09-21T18:51:38Z,2026-09-28T20:12:20Z,7.056042,3626,3627,0.0002757859900717044,0.9920576338244412,False,True,https://api.fususone.com/api/public/organizations/henrycountypd/stats/
fastest_weekly_rate,8,raleighncpd,totalSharedCameras,previous,1,CONNECTRALEIGH,Raleigh,NC,2026-09-21T18:53:27Z,2026-09-28T20:14:09Z,7.056042,56,57,0.017857142857142856,0.9920576338244412,False,True,https://api.fususone.com/api/public/organizations/raleighncpd/stats/
fastest_weekly_rate,9,sandyspringspd,totalSharedCameras,previous,1,Connect Sandy Springs,Sandy Springs,GA,2026-09-21T18:53:46Z,2026-09-28T20:14:28Z,7.056042,4381,4382,0.00022825838849577722,0.9920576338244412,False,True,https://api.fususone.com/api/public/organizations/sandyspringspd/stats/
fastest_weekly_rate,10,statesboropd,totalSharedCameras,previous,1,Connect Statesboro,Statesboro,GA,2026-09-21T18:54:10Z,2026-09-28T20:14:52Z,7.056042,4131,4132,0.0002420721374969741,0.9920576338244412,False,True,https://api.fususone.com/api/public/organizations/statesboropd/stats/
fastest_weekly_rate,11,wakecounty,totalSharedCameras,previous,1,Connect Wake County,Wake County,NC,2026-09-21T18:54:31Z,2026-09-28T20:15:13Z,7.056042,57,58,0.017543859649122806,0.9920576338244412,False,True,https://api.fususone.com/api/public/organizations/wakecounty/stats/
fastest_percentage,1,warrenpdmi,totalSharedCameras,previous,15,Connect Warren,Warren,MI,2026-09-21T18:54:33Z,2026-09-28T20:15:15Z,7.056042,79,94,0.189873417721519,14.880864507366619,False,True,https://api.fususone.com/api/public/organizations/warrenpdmi/stats/
fastest_percentage,2,sacramentopd,totalSharedCameras,previous,12,Sacramento PD Connect,Sacramento,CA,2026-09-21T18:53:43Z,2026-09-28T20:14:25Z,7.056042,406,418,0.029556650246305417,11.904691605893296,False,True,https://api.fususone.com/api/public/organizations/sacramentopd/stats/
fastest_percentage,3,ontariopolice,totalSharedCameras,previous,20,Connect Ontario,Ontario,CA,2026-09-21T18:53:04Z,2026-09-28T20:13:46Z,7.056042,746,766,0.02680965147453083,19.841152676488825,False,True,https://api.fususone.com/api/public/organizations/ontariopolice/stats/
fastest_percentage,4,raleighncpd,totalSharedCameras,previous,1,CONNECTRALEIGH,Raleigh,NC,2026-09-21T18:53:27Z,2026-09-28T20:14:09Z,7.056042,56,57,0.017857142857142856,0.9920576338244412,False,True,https://api.fususone.com/api/public/organizations/raleighncpd/stats/
fastest_percentage,5,wakecounty,totalSharedCameras,previous,1,Connect Wake County,Wake County,NC,2026-09-21T18:54:31Z,2026-09-28T20:15:13Z,7.056042,57,58,0.017543859649122806,0.9920576338244412,False,True,https://api.fususone.com/api/public/organizations/wakecounty/stats/
fastest_percentage,6,cityofroswell,totalSharedCameras,previous,1,Connect Roswell,Roswell,GA,2026-09-21T18:50:26Z,2026-09-28T20:11:08Z,7.056042,373,374,0.002680965147453083,0.9920576338244412,False,True,https://api.fususone.com/api/public/organizations/cityofroswell/stats/
fastest_percentage,7,cherokeega,totalSharedCameras,previous,1,Connect Cherokee,Cherokee County,GA,2026-09-21T18:50:11Z,2026-09-28T20:10:53Z,7.056042,548,549,0.0018248175182481751,0.9920576338244412,False,True,https://api.fususone.com/api/public/organizations/cherokeega/stats/
fastest_percentage,8,henrycountypd,totalSharedCameras,previous,1,Henry Safer Together,Henry County,GA,2026-09-21T18:51:38Z,2026-09-28T20:12:20Z,7.056042,3626,3627,0.0002757859900717044,0.9920576338244412,False,True,https://api.fususone.com/api/public/organizations/henrycountypd/stats/
fastest_percentage,9,statesboropd,totalSharedCameras,previous,1,Connect Statesboro,Statesboro,GA,2026-09-21T18:54:10Z,2026-09-28T20:14:52Z,7.056042,4131,4132,0.0002420721374969741,0.9920576338244412,False,True,https://api.fususone.com/api/public/organizations/statesboropd/stats/
fastest_percentage,10,sandyspringspd,totalSharedCameras,previous,1,Connect Sandy Springs,Sandy Springs,GA,2026-09-21T18:53:46Z,2026-09-28T20:14:28Z,7.056042,4381,4382,0.00022825838849577722,0.9920576338244412,False,True,https://api.fususone.com/api/public/organizations/sandyspringspd/stats/
largest_declines,1,okcpd,totalSharedCameras,previous,-224,Connect Oklahoma City,Oklahoma City,OK,2026-09-21T18:53:03Z,2026-09-28T20:13:45Z,7.056042,839,615,-0.266984505363528,-222.22090997667485,False,True,https://api.fususone.com/api/public/organizations/okcpd/stats/
largest_declines,2,chesterfieldcounty,totalSharedCameras,previous,-115,Chesterfield Community Connect Program,Chesterfield County,VA,2026-09-21T18:50:12Z,2026-09-28T20:10:54Z,7.056042,10220,10105,-0.011252446183953033,-114.08662788981074,False,True,https://api.fususone.com/api/public/organizations/chesterfieldcounty/stats/
largest_declines,3,acworthga,totalSharedCameras,previous,-24,Connect Acworth,Acworth,GA,2026-09-21T18:49:21Z,2026-09-28T20:10:04Z,7.056053,451,427,-0.05321507760532151,-23.80934415715427,False,True,https://api.fususone.com/api/public/organizations/acworthga/stats/
largest_declines,4,cobbcountypd,totalSharedCameras,previous,-24,Connect Cobb ,Cobb County,GA,2026-09-21T18:50:36Z,2026-09-28T20:11:18Z,7.056042,4093,4069,-0.005863669679941363,-23.809383211786592,False,True,https://api.fususone.com/api/public/organizations/cobbcountypd/stats/
largest_declines,5,baltimorecountypd,totalSharedCameras,previous,-1,Connect Baltimore County,Baltimore County,MD,2026-09-21T18:49:40Z,2026-09-28T20:10:22Z,7.056042,61,60,-0.01639344262295082,-0.9920576338244412,False,True,https://api.fususone.com/api/public/organizations/baltimorecountypd/stats/
largest_declines,6,cityofatlanta,totalSharedCameras,previous,-1,Connect Atlanta,Atlanta,GA,2026-09-21T18:50:17Z,2026-09-28T20:10:59Z,7.056042,11643,11642,-8.58885167053165e-05,-0.9920576338244412,False,True,https://api.fususone.com/api/public/organizations/cityofatlanta/stats/
largest_declines,7,jacksonvillesheriff,totalSharedCameras,previous,-1,ConnectDuval,Duval County,FL,2026-09-21T18:51:49Z,2026-09-28T20:12:31Z,7.056042,6975,6974,-0.00014336917562724014,-0.9920576338244412,False,True,https://api.fususone.com/api/public/organizations/jacksonvillesheriff/stats/
fastest_absolute,1,ashevillepdnc,subscribedCameras,previous,325,Connect Asheville,Asheville,NC,2026-09-21T18:49:37Z,2026-09-28T20:10:19Z,7.056042,7,332,46.42857142857143,322.41873099294344,False,True,https://api.fususone.com/api/public/organizations/ashevillepdnc/stats/
fastest_absolute,2,okcpd,subscribedCameras,previous,129,Connect Oklahoma City,Oklahoma City,OK,2026-09-21T18:53:03Z,2026-09-28T20:13:45Z,7.056042,1905,2034,0.06771653543307087,127.97543476335292,False,True,https://api.fususone.com/api/public/organizations/okcpd/stats/
fastest_absolute,3,monroecoso,subscribedCameras,previous,85,Connect Monroe County,Monroe County,NY,2026-09-21T18:52:36Z,2026-09-28T20:13:18Z,7.056042,716,801,0.11871508379888268,84.32489887507751,False,True,https://api.fususone.com/api/public/organizations/monroecoso/stats/
fastest_absolute,4,stcloud,subscribedCameras,previous,64,Connect St. Cloud,St. Cloud,FL,2026-09-21T18:54:12Z,2026-09-28T20:14:54Z,7.056042,1839,1903,0.034801522566612286,63.49168856476424,False,True,https://api.fususone.com/api/public/organizations/stcloud/stats/
fastest_absolute,5,queencreekaz,subscribedCameras,previous,48,Connect Queen Creek,Queen Creek,AZ,2026-09-21T18:53:26Z,2026-09-28T20:14:08Z,7.056042,434,482,0.11059907834101383,47.618766423573184,False,True,https://api.fususone.com/api/public/organizations/queencreekaz/stats/
fastest_absolute,6,baltimorecountypd,subscribedCameras,previous,25,Connect Baltimore County,Baltimore County,MD,2026-09-21T18:49:40Z,2026-09-28T20:10:22Z,7.056042,500,525,0.05,24.801440845611033,False,True,https://api.fususone.com/api/public/organizations/baltimorecountypd/stats/
fastest_absolute,7,greensboropd,subscribedCameras,previous,25,Connect Greensboro,Greensboro,NC,2026-09-21T18:51:24Z,2026-09-28T20:12:06Z,7.056042,676,701,0.03698224852071006,24.801440845611033,False,True,https://api.fususone.com/api/public/organizations/greensboropd/stats/
fastest_absolute,8,cobbcountypd,subscribedCameras,previous,24,Connect Cobb ,Cobb County,GA,2026-09-21T18:50:36Z,2026-09-28T20:11:18Z,7.056042,997,1021,0.024072216649949848,23.809383211786592,False,True,https://api.fususone.com/api/public/organizations/cobbcountypd/stats/
fastest_absolute,9,lynchburgpd,subscribedCameras,previous,24,Hill City Connect,Lynchburg,VA,2026-09-21T18:52:16Z,2026-09-28T20:12:58Z,7.056042,708,732,0.03389830508474576,23.809383211786592,False,True,https://api.fususone.com/api/public/organizations/lynchburgpd/stats/
fastest_absolute,10,spartanburgpd,subscribedCameras,previous,22,Connect Spartanburg,Spartanburg,SC,2026-09-21T18:54:06Z,2026-09-28T20:14:48Z,7.056042,648,670,0.033950617283950615,21.825267944137707,False,True,https://api.fususone.com/api/public/organizations/spartanburgpd/stats/
fastest_absolute,11,anaheim,subscribedCameras,previous,19,Connect Anaheim,Anaheim,CA,2026-09-21T18:49:30Z,2026-09-28T20:10:12Z,7.056042,636,655,0.029874213836477988,18.849095042664384,False,True,https://api.fususone.com/api/public/organizations/anaheim/stats/
fastest_absolute,12,coloradospringspd,subscribedCameras,previous,15,Together COS,Colorado Springs,CO,2026-09-21T18:50:38Z,2026-09-28T20:11:20Z,7.056042,845,860,0.01775147928994083,14.880864507366619,False,True,https://api.fususone.com/api/public/organizations/coloradospringspd/stats/
fastest_absolute,13,kentcountysd,subscribedCameras,previous,13,The Kent Safety Network,Kent County,MI,2026-09-21T18:51:54Z,2026-09-28T20:12:36Z,7.056042,490,503,0.026530612244897958,12.896749239717737,False,True,https://api.fususone.com/api/public/organizations/kentcountysd/stats/
fastest_absolute,14,norfolkpd,subscribedCameras,previous,12,Connect Norfolk,Norfolk,VA,2026-09-21T18:52:50Z,2026-09-28T20:13:32Z,7.056042,1921,1933,0.006246746486205101,11.904691605893296,False,True,https://api.fususone.com/api/public/organizations/norfolkpd/stats/
fastest_absolute,15,chesterfieldcounty,subscribedCameras,previous,11,Chesterfield Community Connect Program,Chesterfield County,VA,2026-09-21T18:50:12Z,2026-09-28T20:10:54Z,7.056042,947,958,0.011615628299894404,10.912633972068853,False,True,https://api.fususone.com/api/public/organizations/chesterfieldcounty/stats/
fastest_absolute,16,cummingpdga,subscribedCameras,previous,10,Connect Cumming,Cumming,GA,2026-09-21T18:50:46Z,2026-09-28T20:11:28Z,7.056042,149,159,0.06711409395973154,9.920576338244413,False,True,https://api.fususone.com/api/public/organizations/cummingpdga/stats/
fastest_absolute,17,elizabethnj,subscribedCameras,previous,10,Connect Elizabeth,Elizabeth,NJ,2026-09-21T18:51:05Z,2026-09-28T20:11:47Z,7.056042,594,604,0.016835016835016835,9.920576338244413,False,True,https://api.fususone.com/api/public/organizations/elizabethnj/stats/
fastest_absolute,18,greeleypd,subscribedCameras,previous,10,Connect Greeley,Greeley,CO,2026-09-21T18:51:23Z,2026-09-28T20:12:05Z,7.056042,229,239,0.043668122270742356,9.920576338244413,False,True,https://api.fususone.com/api/public/organizations/greeleypd/stats/
fastest_absolute,19,cityofshreveport,subscribedCameras,previous,9,Connect Shreveport,Shreveport,LA,2026-09-21T18:50:27Z,2026-09-28T20:11:09Z,7.056042,2332,2341,0.0038593481989708405,8.928518704419972,False,True,https://api.fususone.com/api/public/organizations/cityofshreveport/stats/
fastest_absolute,20,accpd,subscribedCameras,previous,8,Connect Athens-Clarke County,Athens-Clarke County,GA,2026-09-21T18:49:20Z,2026-09-28T20:10:03Z,7.056053,526,534,0.015209125475285171,7.9364480523847565,False,True,https://api.fususone.com/api/public/organizations/accpd/stats/
fastest_absolute,21,fayettevillepd,subscribedCameras,previous,7,Connect Fayetteville,Fayetteville,NC,2026-09-21T18:51:12Z,2026-09-28T20:11:54Z,7.056042,442,449,0.01583710407239819,6.944403436771089,False,True,https://api.fususone.com/api/public/organizations/fayettevillepd/stats/
fastest_absolute,22,dearbornpdmi,subscribedCameras,previous,6,Connect Dearborn,Dearborn,MI,2026-09-21T18:50:53Z,2026-09-28T20:11:35Z,7.056042,504,510,0.011904761904761904,5.952345802946648,False,True,https://api.fususone.com/api/public/organizations/dearbornpdmi/stats/
fastest_absolute,23,newportbeachpdca,subscribedCameras,previous,6,Connect Newport Beach,Newport Beach,CA,2026-09-21T18:52:47Z,2026-09-28T20:13:29Z,7.056042,129,135,0.046511627906976744,5.952345802946648,False,True,https://api.fususone.com/api/public/organizations/newportbeachpdca/stats/
fastest_absolute,24,anchoragepdak,subscribedCameras,previous,5,Safe Anchorage,Anchorage,AK,2026-09-21T18:49:31Z,2026-09-28T20:10:13Z,7.056042,19,24,0.2631578947368421,4.960288169122206,False,True,https://api.fususone.com/api/public/organizations/anchoragepdak/stats/
fastest_absolute,25,charlottemecklenburg,subscribedCameras,previous,5,Connect Charlotte,Charlotte,NC,2026-09-21T18:50:09Z,2026-09-28T20:10:51Z,7.056042,1433,1438,0.0034891835310537334,4.960288169122206,False,True,https://api.fususone.com/api/public/organizations/charlottemecklenburg/stats/
fastest_absolute,26,tucsonpd,subscribedCameras,previous,5,Connect Tucson,Tucson,AZ,2026-09-21T18:54:22Z,2026-09-28T20:15:04Z,7.056042,462,467,0.010822510822510822,4.960288169122206,False,True,https://api.fususone.com/api/public/organizations/tucsonpd/stats/
fastest_absolute,27,wichitapdks,subscribedCameras,previous,5,Connected Wichita,Wichita,KS,2026-09-21T18:54:39Z,2026-09-28T20:15:21Z,7.056042,311,316,0.01607717041800643,4.960288169122206,False,True,https://api.fususone.com/api/public/organizations/wichitapdks/stats/
fastest_absolute,28,chicagoheights,subscribedCameras,previous,4,Connect Chicago Heights,Chicago Heights,IL,2026-09-21T18:50:13Z,2026-09-28T20:10:55Z,7.056042,725,729,0.005517241379310344,3.968230535297765,False,True,https://api.fususone.com/api/public/organizations/chicagoheights/stats/
fastest_absolute,29,garypd,subscribedCameras,previous,4,Connect Gary,Gary,IN,2026-09-21T18:51:20Z,2026-09-28T20:12:02Z,7.056042,750,754,0.005333333333333333,3.968230535297765,False,True,https://api.fususone.com/api/public/organizations/garypd/stats/
fastest_absolute,30,lafayettepd,subscribedCameras,previous,4,Connect Lafayette,Lafayette,LA,2026-09-21T18:51:58Z,2026-09-28T20:12:40Z,7.056042,1545,1549,0.0025889967637540453,3.968230535297765,False,True,https://api.fususone.com/api/public/organizations/lafayettepd/stats/
fastest_absolute,31,rialtopd,subscribedCameras,previous,4,Connect Rialto,Rialto,CA,2026-09-21T18:53:32Z,2026-09-28T20:14:14Z,7.056042,685,689,0.00583941605839416,3.968230535297765,False,True,https://api.fususone.com/api/public/organizations/rialtopd/stats/
fastest_absolute,32,beaumonttx,subscribedCameras,previous,2,Connect Southeast Texas,Southeast Texas,TX,2026-09-21T18:49:43Z,2026-09-28T20:10:25Z,7.056042,755,757,0.0026490066225165563,1.9841152676488825,False,True,https://api.fususone.com/api/public/organizations/beaumonttx/stats/
fastest_absolute,33,escambiafl,subscribedCameras,previous,2,Star Network,Escambia County,FL,2026-09-21T18:51:07Z,2026-09-28T20:11:49Z,7.056042,367,369,0.005449591280653951,1.9841152676488825,False,True,https://api.fususone.com/api/public/organizations/escambiafl/stats/
fastest_absolute,34,northport,subscribedCameras,previous,2,Connect North Port,North Port,FL,2026-09-21T18:52:53Z,2026-09-28T20:13:35Z,7.056042,200,202,0.01,1.9841152676488825,False,True,https://api.fususone.com/api/public/organizations/northport/stats/
fastest_absolute,35,wakecounty,subscribedCameras,previous,2,Connect Wake County,Wake County,NC,2026-09-21T18:54:31Z,2026-09-28T20:15:13Z,7.056042,253,255,0.007905138339920948,1.9841152676488825,False,True,https://api.fususone.com/api/public/organizations/wakecounty/stats/
fastest_absolute,36,auroragov,subscribedCameras,previous,1,Connect Aurora,Aurora,CO,2026-09-21T18:49:39Z,2026-09-28T20:10:21Z,7.056042,934,935,0.0010706638115631692,0.9920576338244412,False,True,https://api.fususone.com/api/public/organizations/auroragov/stats/
fastest_absolute,37,cityofatlanta,subscribedCameras,previous,1,Connect Atlanta,Atlanta,GA,2026-09-21T18:50:17Z,2026-09-28T20:10:59Z,7.056042,2549,2550,0.00039231071008238524,0.9920576338244412,False,True,https://api.fususone.com/api/public/organizations/cityofatlanta/stats/
fastest_absolute,38,cityofomaha,subscribedCameras,previous,1,Connect Omaha,Omaha,NE,2026-09-21T18:50:24Z,2026-09-28T20:11:06Z,7.056042,685,686,0.00145985401459854,0.9920576338244412,False,True,https://api.fususone.com/api/public/organizations/cityofomaha/stats/
fastest_absolute,39,elcajonpdca,subscribedCameras,previous,1,Connect El Cajon,El Cajon,CA,2026-09-21T18:51:04Z,2026-09-28T20:11:46Z,7.056042,166,167,0.006024096385542169,0.9920576338244412,False,True,https://api.fususone.com/api/public/organizations/elcajonpdca/stats/
fastest_absolute,40,forestparkpd,subscribedCameras,previous,1,Connect Forest Park,Forest Park,GA,2026-09-21T18:51:15Z,2026-09-28T20:11:57Z,7.056042,221,222,0.004524886877828055,0.9920576338244412,False,True,https://api.fususone.com/api/public/organizations/forestparkpd/stats/
fastest_absolute,41,pbso,subscribedCameras,previous,1,Keep Palm Beach County Safe,Palm Beach County,FL,2026-09-21T18:53:11Z,2026-09-28T20:13:53Z,7.056042,925,926,0.001081081081081081,0.9920576338244412,False,True,https://api.fususone.com/api/public/organizations/pbso/stats/
fastest_absolute,42,seagovillepdtx,subscribedCameras,previous,1,Seagoville Connect and Protect,Seagoville,TX,2026-09-21T18:53:56Z,2026-09-28T20:14:38Z,7.056042,49,50,0.02040816326530612,0.9920576338244412,False,True,https://api.fususone.com/api/public/organizations/seagovillepdtx/stats/
fastest_absolute,43,shawneecosheriff,subscribedCameras,previous,1,Connect Shawnee County and the City of Topeka,Shawnee County and the City of Topeka,KS,2026-09-21T18:54:00Z,2026-09-28T20:14:42Z,7.056042,541,542,0.0018484288354898336,0.9920576338244412,False,True,https://api.fususone.com/api/public/organizations/shawneecosheriff/stats/
fastest_absolute,44,sparkspdnv,subscribedCameras,previous,1,Connect Sparks,Sparks,NV,2026-09-21T18:54:05Z,2026-09-28T20:14:47Z,7.056042,201,202,0.004975124378109453,0.9920576338244412,False,True,https://api.fususone.com/api/public/organizations/sparkspdnv/stats/
fastest_absolute,45,westsacramento,subscribedCameras,previous,1,West Sacramento Safe and Secure,West Sacramento,CA,2026-09-21T18:54:36Z,2026-09-28T20:15:18Z,7.056042,328,329,0.003048780487804878,0.9920576338244412,False,True,https://api.fususone.com/api/public/organizations/westsacramento/stats/
fastest_weekly_rate,1,ashevillepdnc,subscribedCameras,previous,325,Connect Asheville,Asheville,NC,2026-09-21T18:49:37Z,2026-09-28T20:10:19Z,7.056042,7,332,46.42857142857143,322.41873099294344,False,True,https://api.fususone.com/api/public/organizations/ashevillepdnc/stats/
fastest_weekly_rate,2,okcpd,subscribedCameras,previous,129,Connect Oklahoma City,Oklahoma City,OK,2026-09-21T18:53:03Z,2026-09-28T20:13:45Z,7.056042,1905,2034,0.06771653543307087,127.97543476335292,False,True,https://api.fususone.com/api/public/organizations/okcpd/stats/
fastest_weekly_rate,3,monroecoso,subscribedCameras,previous,85,Connect Monroe County,Monroe County,NY,2026-09-21T18:52:36Z,2026-09-28T20:13:18Z,7.056042,716,801,0.11871508379888268,84.32489887507751,False,True,https://api.fususone.com/api/public/organizations/monroecoso/stats/
fastest_weekly_rate,4,stcloud,subscribedCameras,previous,64,Connect St. Cloud,St. Cloud,FL,2026-09-21T18:54:12Z,2026-09-28T20:14:54Z,7.056042,1839,1903,0.034801522566612286,63.49168856476424,False,True,https://api.fususone.com/api/public/organizations/stcloud/stats/
fastest_weekly_rate,5,queencreekaz,subscribedCameras,previous,48,Connect Queen Creek,Queen Creek,AZ,2026-09-21T18:53:26Z,2026-09-28T20:14:08Z,7.056042,434,482,0.11059907834101383,47.618766423573184,False,True,https://api.fususone.com/api/public/organizations/queencreekaz/stats/
fastest_weekly_rate,6,baltimorecountypd,subscribedCameras,previous,25,Connect Baltimore County,Baltimore County,MD,2026-09-21T18:49:40Z,2026-09-28T20:10:22Z,7.056042,500,525,0.05,24.801440845611033,False,True,https://api.fususone.com/api/public/organizations/baltimorecountypd/stats/
fastest_weekly_rate,7,greensboropd,subscribedCameras,previous,25,Connect Greensboro,Greensboro,NC,2026-09-21T18:51:24Z,2026-09-28T20:12:06Z,7.056042,676,701,0.03698224852071006,24.801440845611033,False,True,https://api.fususone.com/api/public/organizations/greensboropd/stats/
fastest_weekly_rate,8,cobbcountypd,subscribedCameras,previous,24,Connect Cobb ,Cobb County,GA,2026-09-21T18:50:36Z,2026-09-28T20:11:18Z,7.056042,997,1021,0.024072216649949848,23.809383211786592,False,True,https://api.fususone.com/api/public/organizations/cobbcountypd/stats/
fastest_weekly_rate,9,lynchburgpd,subscribedCameras,previous,24,Hill City Connect,Lynchburg,VA,2026-09-21T18:52:16Z,2026-09-28T20:12:58Z,7.056042,708,732,0.03389830508474576,23.809383211786592,False,True,https://api.fususone.com/api/public/organizations/lynchburgpd/stats/
fastest_weekly_rate,10,spartanburgpd,subscribedCameras,previous,22,Connect Spartanburg,Spartanburg,SC,2026-09-21T18:54:06Z,2026-09-28T20:14:48Z,7.056042,648,670,0.033950617283950615,21.825267944137707,False,True,https://api.fususone.com/api/public/organizations/spartanburgpd/stats/
fastest_weekly_rate,11,anaheim,subscribedCameras,previous,19,Connect Anaheim,Anaheim,CA,2026-09-21T18:49:30Z,2026-09-28T20:10:12Z,7.056042,636,655,0.029874213836477988,18.849095042664384,False,True,https://api.fususone.com/api/public/organizations/anaheim/stats/
fastest_weekly_rate,12,coloradospringspd,subscribedCameras,previous,15,Together COS,Colorado Springs,CO,2026-09-21T18:50:38Z,2026-09-28T20:11:20Z,7.056042,845,860,0.01775147928994083,14.880864507366619,False,True,https://api.fususone.com/api/public/organizations/coloradospringspd/stats/
fastest_weekly_rate,13,kentcountysd,subscribedCameras,previous,13,The Kent Safety Network,Kent County,MI,2026-09-21T18:51:54Z,2026-09-28T20:12:36Z,7.056042,490,503,0.026530612244897958,12.896749239717737,False,True,https://api.fususone.com/api/public/organizations/kentcountysd/stats/
fastest_weekly_rate,14,norfolkpd,subscribedCameras,previous,12,Connect Norfolk,Norfolk,VA,2026-09-21T18:52:50Z,2026-09-28T20:13:32Z,7.056042,1921,1933,0.006246746486205101,11.904691605893296,False,True,https://api.fususone.com/api/public/organizations/norfolkpd/stats/
fastest_weekly_rate,15,chesterfieldcounty,subscribedCameras,previous,11,Chesterfield Community Connect Program,Chesterfield County,VA,2026-09-21T18:50:12Z,2026-09-28T20:10:54Z,7.056042,947,958,0.011615628299894404,10.912633972068853,False,True,https://api.fususone.com/api/public/organizations/chesterfieldcounty/stats/
fastest_weekly_rate,16,cummingpdga,subscribedCameras,previous,10,Connect Cumming,Cumming,GA,2026-09-21T18:50:46Z,2026-09-28T20:11:28Z,7.056042,149,159,0.06711409395973154,9.920576338244413,False,True,https://api.fususone.com/api/public/organizations/cummingpdga/stats/
fastest_weekly_rate,17,elizabethnj,subscribedCameras,previous,10,Connect Elizabeth,Elizabeth,NJ,2026-09-21T18:51:05Z,2026-09-28T20:11:47Z,7.056042,594,604,0.016835016835016835,9.920576338244413,False,True,https://api.fususone.com/api/public/organizations/elizabethnj/stats/
fastest_weekly_rate,18,greeleypd,subscribedCameras,previous,10,Connect Greeley,Greeley,CO,2026-09-21T18:51:23Z,2026-09-28T20:12:05Z,7.056042,229,239,0.043668122270742356,9.920576338244413,False,True,https://api.fususone.com/api/public/organizations/greeleypd/stats/
fastest_weekly_rate,19,cityofshreveport,subscribedCameras,previous,9,Connect Shreveport,Shreveport,LA,2026-09-21T18:50:27Z,2026-09-28T20:11:09Z,7.056042,2332,2341,0.0038593481989708405,8.928518704419972,False,True,https://api.fususone.com/api/public/organizations/cityofshreveport/stats/
fastest_weekly_rate,20,accpd,subscribedCameras,previous,8,Connect Athens-Clarke County,Athens-Clarke County,GA,2026-09-21T18:49:20Z,2026-09-28T20:10:03Z,7.056053,526,534,0.015209125475285171,7.9364480523847565,False,True,https://api.fususone.com/api/public/organizations/accpd/stats/
fastest_weekly_rate,21,fayettevillepd,subscribedCameras,previous,7,Connect Fayetteville,Fayetteville,NC,2026-09-21T18:51:12Z,2026-09-28T20:11:54Z,7.056042,442,449,0.01583710407239819,6.944403436771089,False,True,https://api.fususone.com/api/public/organizations/fayettevillepd/stats/
fastest_weekly_rate,22,dearbornpdmi,subscribedCameras,previous,6,Connect Dearborn,Dearborn,MI,2026-09-21T18:50:53Z,2026-09-28T20:11:35Z,7.056042,504,510,0.011904761904761904,5.952345802946648,False,True,https://api.fususone.com/api/public/organizations/dearbornpdmi/stats/
fastest_weekly_rate,23,newportbeachpdca,subscribedCameras,previous,6,Connect Newport Beach,Newport Beach,CA,2026-09-21T18:52:47Z,2026-09-28T20:13:29Z,7.056042,129,135,0.046511627906976744,5.952345802946648,False,True,https://api.fususone.com/api/public/organizations/newportbeachpdca/stats/
fastest_weekly_rate,24,anchoragepdak,subscribedCameras,previous,5,Safe Anchorage,Anchorage,AK,2026-09-21T18:49:31Z,2026-09-28T20:10:13Z,7.056042,19,24,0.2631578947368421,4.960288169122206,False,True,https://api.fususone.com/api/public/organizations/anchoragepdak/stats/
fastest_weekly_rate,25,charlottemecklenburg,subscribedCameras,previous,5,Connect Charlotte,Charlotte,NC,2026-09-21T18:50:09Z,2026-09-28T20:10:51Z,7.056042,1433,1438,0.0034891835310537334,4.960288169122206,False,True,https://api.fususone.com/api/public/organizations/charlottemecklenburg/stats/
fastest_weekly_rate,26,tucsonpd,subscribedCameras,previous,5,Connect Tucson,Tucson,AZ,2026-09-21T18:54:22Z,2026-09-28T20:15:04Z,7.056042,462,467,0.010822510822510822,4.960288169122206,False,True,https://api.fususone.com/api/public/organizations/tucsonpd/stats/
fastest_weekly_rate,27,wichitapdks,subscribedCameras,previous,5,Connected Wichita,Wichita,KS,2026-09-21T18:54:39Z,2026-09-28T20:15:21Z,7.056042,311,316,0.01607717041800643,4.960288169122206,False,True,https://api.fususone.com/api/public/organizations/wichitapdks/stats/
fastest_weekly_rate,28,chicagoheights,subscribedCameras,previous,4,Connect Chicago Heights,Chicago Heights,IL,2026-09-21T18:50:13Z,2026-09-28T20:10:55Z,7.056042,725,729,0.005517241379310344,3.968230535297765,False,True,https://api.fususone.com/api/public/organizations/chicagoheights/stats/
fastest_weekly_rate,29,garypd,subscribedCameras,previous,4,Connect Gary,Gary,IN,2026-09-21T18:51:20Z,2026-09-28T20:12:02Z,7.056042,750,754,0.005333333333333333,3.968230535297765,False,True,https://api.fususone.com/api/public/organizations/garypd/stats/
fastest_weekly_rate,30,lafayettepd,subscribedCameras,previous,4,Connect Lafayette,Lafayette,LA,2026-09-21T18:51:58Z,2026-09-28T20:12:40Z,7.056042,1545,1549,0.0025889967637540453,3.968230535297765,False,True,https://api.fususone.com/api/public/organizations/lafayettepd/stats/
fastest_weekly_rate,31,rialtopd,subscribedCameras,previous,4,Connect Rialto,Rialto,CA,2026-09-21T18:53:32Z,2026-09-28T20:14:14Z,7.056042,685,689,0.00583941605839416,3.968230535297765,False,True,https://api.fususone.com/api/public/organizations/rialtopd/stats/
fastest_weekly_rate,32,beaumonttx,subscribedCameras,previous,2,Connect Southeast Texas,Southeast Texas,TX,2026-09-21T18:49:43Z,2026-09-28T20:10:25Z,7.056042,755,757,0.0026490066225165563,1.9841152676488825,False,True,https://api.fususone.com/api/public/organizations/beaumonttx/stats/
fastest_weekly_rate,33,escambiafl,subscribedCameras,previous,2,Star Network,Escambia County,FL,2026-09-21T18:51:07Z,2026-09-28T20:11:49Z,7.056042,367,369,0.005449591280653951,1.9841152676488825,False,True,https://api.fususone.com/api/public/organizations/escambiafl/stats/
fastest_weekly_rate,34,northport,subscribedCameras,previous,2,Connect North Port,North Port,FL,2026-09-21T18:52:53Z,2026-09-28T20:13:35Z,7.056042,200,202,0.01,1.9841152676488825,False,True,https://api.fususone.com/api/public/organizations/northport/stats/
fastest_weekly_rate,35,wakecounty,subscribedCameras,previous,2,Connect Wake County,Wake County,NC,2026-09-21T18:54:31Z,2026-09-28T20:15:13Z,7.056042,253,255,0.007905138339920948,1.9841152676488825,False,True,https://api.fususone.com/api/public/organizations/wakecounty/stats/
fastest_weekly_rate,36,auroragov,subscribedCameras,previous,1,Connect Aurora,Aurora,CO,2026-09-21T18:49:39Z,2026-09-28T20:10:21Z,7.056042,934,935,0.0010706638115631692,0.9920576338244412,False,True,https://api.fususone.com/api/public/organizations/auroragov/stats/
fastest_weekly_rate,37,cityofatlanta,subscribedCameras,previous,1,Connect Atlanta,Atlanta,GA,2026-09-21T18:50:17Z,2026-09-28T20:10:59Z,7.056042,2549,2550,0.00039231071008238524,0.9920576338244412,False,True,https://api.fususone.com/api/public/organizations/cityofatlanta/stats/
fastest_weekly_rate,38,cityofomaha,subscribedCameras,previous,1,Connect Omaha,Omaha,NE,2026-09-21T18:50:24Z,2026-09-28T20:11:06Z,7.056042,685,686,0.00145985401459854,0.9920576338244412,False,True,https://api.fususone.com/api/public/organizations/cityofomaha/stats/
fastest_weekly_rate,39,elcajonpdca,subscribedCameras,previous,1,Connect El Cajon,El Cajon,CA,2026-09-21T18:51:04Z,2026-09-28T20:11:46Z,7.056042,166,167,0.006024096385542169,0.9920576338244412,False,True,https://api.fususone.com/api/public/organizations/elcajonpdca/stats/
fastest_weekly_rate,40,forestparkpd,subscribedCameras,previous,1,Connect Forest Park,Forest Park,GA,2026-09-21T18:51:15Z,2026-09-28T20:11:57Z,7.056042,221,222,0.004524886877828055,0.9920576338244412,False,True,https://api.fususone.com/api/public/organizations/forestparkpd/stats/
fastest_weekly_rate,41,pbso,subscribedCameras,previous,1,Keep Palm Beach County Safe,Palm Beach County,FL,2026-09-21T18:53:11Z,2026-09-28T20:13:53Z,7.056042,925,926,0.001081081081081081,0.9920576338244412,False,True,https://api.fususone.com/api/public/organizations/pbso/stats/
fastest_weekly_rate,42,seagovillepdtx,subscribedCameras,previous,1,Seagoville Connect and Protect,Seagoville,TX,2026-09-21T18:53:56Z,2026-09-28T20:14:38Z,7.056042,49,50,0.02040816326530612,0.9920576338244412,False,True,https://api.fususone.com/api/public/organizations/seagovillepdtx/stats/
fastest_weekly_rate,43,shawneecosheriff,subscribedCameras,previous,1,Connect Shawnee County and the City of Topeka,Shawnee County and the City of Topeka,KS,2026-09-21T18:54:00Z,2026-09-28T20:14:42Z,7.056042,541,542,0.0018484288354898336,0.9920576338244412,False,True,https://api.fususone.com/api/public/organizations/shawneecosheriff/stats/
fastest_weekly_rate,44,sparkspdnv,subscribedCameras,previous,1,Connect Sparks,Sparks,NV,2026-09-21T18:54:05Z,2026-09-28T20:14:47Z,7.056042,201,202,0.004975124378109453,0.9920576338244412,False,True,https://api.fususone.com/api/public/organizations/sparkspdnv/stats/
fastest_weekly_rate,45,westsacramento,subscribedCameras,previous,1,West Sacramento Safe and Secure,West Sacramento,CA,2026-09-21T18:54:36Z,2026-09-28T20:15:18Z,7.056042,328,329,0.003048780487804878,0.9920576338244412,False,True,https://api.fususone.com/api/public/organizations/westsacramento/stats/
fastest_percentage,1,monroecoso,subscribedCameras,previous,85,Connect Monroe County,Monroe County,NY,2026-09-21T18:52:36Z,2026-09-28T20:13:18Z,7.056042,716,801,0.11871508379888268,84.32489887507751,False,True,https://api.fususone.com/api/public/organizations/monroecoso/stats/
fastest_percentage,2,queencreekaz,subscribedCameras,previous,48,Connect Queen Creek,Queen Creek,AZ,2026-09-21T18:53:26Z,2026-09-28T20:14:08Z,7.056042,434,482,0.11059907834101383,47.618766423573184,False,True,https://api.fususone.com/api/public/organizations/queencreekaz/stats/
fastest_percentage,3,okcpd,subscribedCameras,previous,129,Connect Oklahoma City,Oklahoma City,OK,2026-09-21T18:53:03Z,2026-09-28T20:13:45Z,7.056042,1905,2034,0.06771653543307087,127.97543476335292,False,True,https://api.fususone.com/api/public/organizations/okcpd/stats/
fastest_percentage,4,cummingpdga,subscribedCameras,previous,10,Connect Cumming,Cumming,GA,2026-09-21T18:50:46Z,2026-09-28T20:11:28Z,7.056042,149,159,0.06711409395973154,9.920576338244413,False,True,https://api.fususone.com/api/public/organizations/cummingpdga/stats/
fastest_percentage,5,baltimorecountypd,subscribedCameras,previous,25,Connect Baltimore County,Baltimore County,MD,2026-09-21T18:49:40Z,2026-09-28T20:10:22Z,7.056042,500,525,0.05,24.801440845611033,False,True,https://api.fususone.com/api/public/organizations/baltimorecountypd/stats/
fastest_percentage,6,newportbeachpdca,subscribedCameras,previous,6,Connect Newport Beach,Newport Beach,CA,2026-09-21T18:52:47Z,2026-09-28T20:13:29Z,7.056042,129,135,0.046511627906976744,5.952345802946648,False,True,https://api.fususone.com/api/public/organizations/newportbeachpdca/stats/
fastest_percentage,7,greeleypd,subscribedCameras,previous,10,Connect Greeley,Greeley,CO,2026-09-21T18:51:23Z,2026-09-28T20:12:05Z,7.056042,229,239,0.043668122270742356,9.920576338244413,False,True,https://api.fususone.com/api/public/organizations/greeleypd/stats/
fastest_percentage,8,greensboropd,subscribedCameras,previous,25,Connect Greensboro,Greensboro,NC,2026-09-21T18:51:24Z,2026-09-28T20:12:06Z,7.056042,676,701,0.03698224852071006,24.801440845611033,False,True,https://api.fususone.com/api/public/organizations/greensboropd/stats/
fastest_percentage,9,stcloud,subscribedCameras,previous,64,Connect St. Cloud,St. Cloud,FL,2026-09-21T18:54:12Z,2026-09-28T20:14:54Z,7.056042,1839,1903,0.034801522566612286,63.49168856476424,False,True,https://api.fususone.com/api/public/organizations/stcloud/stats/
fastest_percentage,10,spartanburgpd,subscribedCameras,previous,22,Connect Spartanburg,Spartanburg,SC,2026-09-21T18:54:06Z,2026-09-28T20:14:48Z,7.056042,648,670,0.033950617283950615,21.825267944137707,False,True,https://api.fususone.com/api/public/organizations/spartanburgpd/stats/
fastest_percentage,11,lynchburgpd,subscribedCameras,previous,24,Hill City Connect,Lynchburg,VA,2026-09-21T18:52:16Z,2026-09-28T20:12:58Z,7.056042,708,732,0.03389830508474576,23.809383211786592,False,True,https://api.fususone.com/api/public/organizations/lynchburgpd/stats/
fastest_percentage,12,anaheim,subscribedCameras,previous,19,Connect Anaheim,Anaheim,CA,2026-09-21T18:49:30Z,2026-09-28T20:10:12Z,7.056042,636,655,0.029874213836477988,18.849095042664384,False,True,https://api.fususone.com/api/public/organizations/anaheim/stats/
fastest_percentage,13,kentcountysd,subscribedCameras,previous,13,The Kent Safety Network,Kent County,MI,2026-09-21T18:51:54Z,2026-09-28T20:12:36Z,7.056042,490,503,0.026530612244897958,12.896749239717737,False,True,https://api.fususone.com/api/public/organizations/kentcountysd/stats/
fastest_percentage,14,cobbcountypd,subscribedCameras,previous,24,Connect Cobb ,Cobb County,GA,2026-09-21T18:50:36Z,2026-09-28T20:11:18Z,7.056042,997,1021,0.024072216649949848,23.809383211786592,False,True,https://api.fususone.com/api/public/organizations/cobbcountypd/stats/
fastest_percentage,15,seagovillepdtx,subscribedCameras,previous,1,Seagoville Connect and Protect,Seagoville,TX,2026-09-21T18:53:56Z,2026-09-28T20:14:38Z,7.056042,49,50,0.02040816326530612,0.9920576338244412,False,True,https://api.fususone.com/api/public/organizations/seagovillepdtx/stats/
fastest_percentage,16,coloradospringspd,subscribedCameras,previous,15,Together COS,Colorado Springs,CO,2026-09-21T18:50:38Z,2026-09-28T20:11:20Z,7.056042,845,860,0.01775147928994083,14.880864507366619,False,True,https://api.fususone.com/api/public/organizations/coloradospringspd/stats/
fastest_percentage,17,elizabethnj,subscribedCameras,previous,10,Connect Elizabeth,Elizabeth,NJ,2026-09-21T18:51:05Z,2026-09-28T20:11:47Z,7.056042,594,604,0.016835016835016835,9.920576338244413,False,True,https://api.fususone.com/api/public/organizations/elizabethnj/stats/
fastest_percentage,18,wichitapdks,subscribedCameras,previous,5,Connected Wichita,Wichita,KS,2026-09-21T18:54:39Z,2026-09-28T20:15:21Z,7.056042,311,316,0.01607717041800643,4.960288169122206,False,True,https://api.fususone.com/api/public/organizations/wichitapdks/stats/
fastest_percentage,19,fayettevillepd,subscribedCameras,previous,7,Connect Fayetteville,Fayetteville,NC,2026-09-21T18:51:12Z,2026-09-28T20:11:54Z,7.056042,442,449,0.01583710407239819,6.944403436771089,False,True,https://api.fususone.com/api/public/organizations/fayettevillepd/stats/
fastest_percentage,20,accpd,subscribedCameras,previous,8,Connect Athens-Clarke County,Athens-Clarke County,GA,2026-09-21T18:49:20Z,2026-09-28T20:10:03Z,7.056053,526,534,0.015209125475285171,7.9364480523847565,False,True,https://api.fususone.com/api/public/organizations/accpd/stats/
fastest_percentage,21,dearbornpdmi,subscribedCameras,previous,6,Connect Dearborn,Dearborn,MI,2026-09-21T18:50:53Z,2026-09-28T20:11:35Z,7.056042,504,510,0.011904761904761904,5.952345802946648,False,True,https://api.fususone.com/api/public/organizations/dearbornpdmi/stats/
fastest_percentage,22,chesterfieldcounty,subscribedCameras,previous,11,Chesterfield Community Connect Program,Chesterfield County,VA,2026-09-21T18:50:12Z,2026-09-28T20:10:54Z,7.056042,947,958,0.011615628299894404,10.912633972068853,False,True,https://api.fususone.com/api/public/organizations/chesterfieldcounty/stats/
fastest_percentage,23,tucsonpd,subscribedCameras,previous,5,Connect Tucson,Tucson,AZ,2026-09-21T18:54:22Z,2026-09-28T20:15:04Z,7.056042,462,467,0.010822510822510822,4.960288169122206,False,True,https://api.fususone.com/api/public/organizations/tucsonpd/stats/
fastest_percentage,24,northport,subscribedCameras,previous,2,Connect North Port,North Port,FL,2026-09-21T18:52:53Z,2026-09-28T20:13:35Z,7.056042,200,202,0.01,1.9841152676488825,False,True,https://api.fususone.com/api/public/organizations/northport/stats/
fastest_percentage,25,wakecounty,subscribedCameras,previous,2,Connect Wake County,Wake County,NC,2026-09-21T18:54:31Z,2026-09-28T20:15:13Z,7.056042,253,255,0.007905138339920948,1.9841152676488825,False,True,https://api.fususone.com/api/public/organizations/wakecounty/stats/
fastest_percentage,26,norfolkpd,subscribedCameras,previous,12,Connect Norfolk,Norfolk,VA,2026-09-21T18:52:50Z,2026-09-28T20:13:32Z,7.056042,1921,1933,0.006246746486205101,11.904691605893296,False,True,https://api.fususone.com/api/public/organizations/norfolkpd/stats/
fastest_percentage,27,elcajonpdca,subscribedCameras,previous,1,Connect El Cajon,El Cajon,CA,2026-09-21T18:51:04Z,2026-09-28T20:11:46Z,7.056042,166,167,0.006024096385542169,0.9920576338244412,False,True,https://api.fususone.com/api/public/organizations/elcajonpdca/stats/
fastest_percentage,28,rialtopd,subscribedCameras,previous,4,Connect Rialto,Rialto,CA,2026-09-21T18:53:32Z,2026-09-28T20:14:14Z,7.056042,685,689,0.00583941605839416,3.968230535297765,False,True,https://api.fususone.com/api/public/organizations/rialtopd/stats/
fastest_percentage,29,chicagoheights,subscribedCameras,previous,4,Connect Chicago Heights,Chicago Heights,IL,2026-09-21T18:50:13Z,2026-09-28T20:10:55Z,7.056042,725,729,0.005517241379310344,3.968230535297765,False,True,https://api.fususone.com/api/public/organizations/chicagoheights/stats/
fastest_percentage,30,escambiafl,subscribedCameras,previous,2,Star Network,Escambia County,FL,2026-09-21T18:51:07Z,2026-09-28T20:11:49Z,7.056042,367,369,0.005449591280653951,1.9841152676488825,False,True,https://api.fususone.com/api/public/organizations/escambiafl/stats/
fastest_percentage,31,garypd,subscribedCameras,previous,4,Connect Gary,Gary,IN,2026-09-21T18:51:20Z,2026-09-28T20:12:02Z,7.056042,750,754,0.005333333333333333,3.968230535297765,False,True,https://api.fususone.com/api/public/organizations/garypd/stats/
fastest_percentage,32,sparkspdnv,subscribedCameras,previous,1,Connect Sparks,Sparks,NV,2026-09-21T18:54:05Z,2026-09-28T20:14:47Z,7.056042,201,202,0.004975124378109453,0.9920576338244412,False,True,https://api.fususone.com/api/public/organizations/sparkspdnv/stats/
fastest_percentage,33,forestparkpd,subscribedCameras,previous,1,Connect Forest Park,Forest Park,GA,2026-09-21T18:51:15Z,2026-09-28T20:11:57Z,7.056042,221,222,0.004524886877828055,0.9920576338244412,False,True,https://api.fususone.com/api/public/organizations/forestparkpd/stats/
fastest_percentage,34,cityofshreveport,subscribedCameras,previous,9,Connect Shreveport,Shreveport,LA,2026-09-21T18:50:27Z,2026-09-28T20:11:09Z,7.056042,2332,2341,0.0038593481989708405,8.928518704419972,False,True,https://api.fususone.com/api/public/organizations/cityofshreveport/stats/
fastest_percentage,35,charlottemecklenburg,subscribedCameras,previous,5,Connect Charlotte,Charlotte,NC,2026-09-21T18:50:09Z,2026-09-28T20:10:51Z,7.056042,1433,1438,0.0034891835310537334,4.960288169122206,False,True,https://api.fususone.com/api/public/organizations/charlottemecklenburg/stats/
fastest_percentage,36,westsacramento,subscribedCameras,previous,1,West Sacramento Safe and Secure,West Sacramento,CA,2026-09-21T18:54:36Z,2026-09-28T20:15:18Z,7.056042,328,329,0.003048780487804878,0.9920576338244412,False,True,https://api.fususone.com/api/public/organizations/westsacramento/stats/
fastest_percentage,37,beaumonttx,subscribedCameras,previous,2,Connect Southeast Texas,Southeast Texas,TX,2026-09-21T18:49:43Z,2026-09-28T20:10:25Z,7.056042,755,757,0.0026490066225165563,1.9841152676488825,False,True,https://api.fususone.com/api/public/organizations/beaumonttx/stats/
fastest_percentage,38,lafayettepd,subscribedCameras,previous,4,Connect Lafayette,Lafayette,LA,2026-09-21T18:51:58Z,2026-09-28T20:12:40Z,7.056042,1545,1549,0.0025889967637540453,3.968230535297765,False,True,https://api.fususone.com/api/public/organizations/lafayettepd/stats/
fastest_percentage,39,shawneecosheriff,subscribedCameras,previous,1,Connect Shawnee County and the City of Topeka,Shawnee County and the City of Topeka,KS,2026-09-21T18:54:00Z,2026-09-28T20:14:42Z,7.056042,541,542,0.0018484288354898336,0.9920576338244412,False,True,https://api.fususone.com/api/public/organizations/shawneecosheriff/stats/
fastest_percentage,40,cityofomaha,subscribedCameras,previous,1,Connect Omaha,Omaha,NE,2026-09-21T18:50:24Z,2026-09-28T20:11:06Z,7.056042,685,686,0.00145985401459854,0.9920576338244412,False,True,https://api.fususone.com/api/public/organizations/cityofomaha/stats/
fastest_percentage,41,pbso,subscribedCameras,previous,1,Keep Palm Beach County Safe,Palm Beach County,FL,2026-09-21T18:53:11Z,2026-09-28T20:13:53Z,7.056042,925,926,0.001081081081081081,0.9920576338244412,False,True,https://api.fususone.com/api/public/organizations/pbso/stats/
fastest_percentage,42,auroragov,subscribedCameras,previous,1,Connect Aurora,Aurora,CO,2026-09-21T18:49:39Z,2026-09-28T20:10:21Z,7.056042,934,935,0.0010706638115631692,0.9920576338244412,False,True,https://api.fususone.com/api/public/organizations/auroragov/stats/
fastest_percentage,43,cityofatlanta,subscribedCameras,previous,1,Connect Atlanta,Atlanta,GA,2026-09-21T18:50:17Z,2026-09-28T20:10:59Z,7.056042,2549,2550,0.00039231071008238524,0.9920576338244412,False,True,https://api.fususone.com/api/public/organizations/cityofatlanta/stats/
largest_declines,1,claytoncountypd,subscribedCameras,previous,-53,Connect Clayton County,Clayton County,GA,2026-09-21T18:50:31Z,2026-09-28T20:11:13Z,7.056042,1010,957,-0.05247524752475247,-52.579054592695385,False,True,https://api.fususone.com/api/public/organizations/claytoncountypd/stats/
largest_declines,2,cityofmiamipd,subscribedCameras,previous,-14,Connect Miami,Miami,FL,2026-09-21T18:50:22Z,2026-09-28T20:11:04Z,7.056042,1221,1207,-0.011466011466011465,-13.888806873542178,False,True,https://api.fususone.com/api/public/organizations/cityofmiamipd/stats/
largest_declines,3,ocsdca,subscribedCameras,previous,-9,Connect Orange County,Orange County,CA,2026-09-21T18:53:01Z,2026-09-28T20:13:43Z,7.056042,1207,1198,-0.007456503728251864,-8.928518704419972,False,True,https://api.fususone.com/api/public/organizations/ocsdca/stats/
largest_declines,4,newcastlede,subscribedCameras,previous,-7,Connect New Castle County,New Castle County,DE,2026-09-21T18:52:44Z,2026-09-28T20:13:26Z,7.056042,91,84,-0.07692307692307693,-6.944403436771089,False,True,https://api.fususone.com/api/public/organizations/newcastlede/stats/
largest_declines,5,stjohnscountyso,subscribedCameras,previous,-6,Connect St. Johns,St. Johns County,FL,2026-09-21T18:54:14Z,2026-09-28T20:14:56Z,7.056042,1077,1071,-0.005571030640668524,-5.952345802946648,False,True,https://api.fususone.com/api/public/organizations/stjohnscountyso/stats/
largest_declines,6,chattanoogapd,subscribedCameras,previous,-3,Dragonfly Community Connect,Chattanooga,TN,2026-09-21T18:50:10Z,2026-09-28T20:10:52Z,7.056042,768,765,-0.00390625,-2.976172901473324,False,True,https://api.fususone.com/api/public/organizations/chattanoogapd/stats/
largest_declines,7,littlerockpd,subscribedCameras,previous,-3,Connect Little Rock,Little Rock,AR,2026-09-21T18:52:13Z,2026-09-28T20:12:55Z,7.056042,1904,1901,-0.0015756302521008404,-2.976172901473324,False,True,https://api.fususone.com/api/public/organizations/littlerockpd/stats/
largest_declines,8,orlando,subscribedCameras,previous,-3,Orlando Connect,Orlando,FL,2026-09-21T18:53:06Z,2026-09-28T20:13:48Z,7.056042,1006,1003,-0.002982107355864811,-2.976172901473324,False,True,https://api.fususone.com/api/public/organizations/orlando/stats/
largest_declines,9,raleighncpd,subscribedCameras,previous,-3,CONNECTRALEIGH,Raleigh,NC,2026-09-21T18:53:27Z,2026-09-28T20:14:09Z,7.056042,1131,1128,-0.002652519893899204,-2.976172901473324,False,True,https://api.fususone.com/api/public/organizations/raleighncpd/stats/
largest_declines,10,forsyth,subscribedCameras,previous,-2,Connect Forsyth County,"Forsyth County, NC",SC,2026-09-21T18:51:16Z,2026-09-28T20:11:58Z,7.056042,475,473,-0.004210526315789474,-1.9841152676488825,False,True,https://api.fususone.com/api/public/organizations/forsyth/stats/
largest_declines,11,memphispd,subscribedCameras,previous,-1,Connect Memphis,Memphis,TN,2026-09-21T18:52:25Z,2026-09-28T20:13:07Z,7.056042,2129,2128,-0.0004697040864255519,-0.9920576338244412,False,True,https://api.fususone.com/api/public/organizations/memphispd/stats/
