snapshot_at,id,title,org,directory_row,url,location.city,location.state,location.coords.lat,location.coords.lng,registry,image,collection.status,collection.observed_at,collection.http_status,collection.error,collection.source_url,collection.missing_metrics,collection.program_count,stats.totalRegisteredCameras,stats.totalIntegratedCameras,stats.totalOwnedCameras,stats.totalSharedCameras,stats.totalMaxCameras,stats.subscribedCameras
2026-10-08T16:19:55Z,atlanta,Connect Atlanta,cityofatlanta,1,https://connectatlanta.org,Atlanta,GA,33.7590381,-84.3872591,https://cityofatlanta.fususregistry.com/camera-registry,https://cdn.schema.io/fusus-atlanta/6230c4c0281b2601326736ac/5fdc67a55ea768134b7ff17169af7c09?width=1600&height=800,ok,2026-10-08T16:20:56Z,200,,https://api.fususone.com/api/public/organizations/cityofatlanta/stats/,,1,17522,28396,2597,11643,29250,2561
2026-10-08T16:19:55Z,orlando,Orlando Connect,orlando,2,https://orlandoconnect.orlando.gov,Orlando,FL,28.5375247,-81.395957,https://orlando.fususregistry.com/camera-registry,https://cdn.swell.store/fusus-atlanta/695ec87ffba83400117c67bf/94ac17a966bbc7b39a8bd2715d94bb95?width=1600&height=600&anchor=top,ok,2026-10-08T16:23:52Z,200,,https://api.fususone.com/api/public/organizations/orlando/stats/,,1,7318,4096,1050,2658,1500,1000
2026-10-08T16:19:55Z,cobb,Connect Cobb ,cobbcountypd,3,https://connectcobbcounty.org,Cobb County,GA,33.9409808,-84.5343458,https://cobbcountypd.fususregistry.com/camera-registry,https://cdn.schema.io/fusus-atlanta/6297c1dd37440100128f8d95/34dbddd409df0c437af60805f090255a,ok,2026-10-08T16:21:15Z,200,,https://api.fususone.com/api/public/organizations/cobbcountypd/stats/,,1,3559,13037,1516,4069,9008,1021
2026-10-08T16:19:55Z,nypd,Connect NYPD,nypd,4,https://newyorkcityconnect.org,New York City,NY,40.7124142,-74.0065164,https://nypd.fususregistry.com/camera-registry,https://cdn.swell.store/fusus-atlanta/67225f6421560a001207a7bf/58a3da045ef5a2a9d915775926dd1048/background-2.webp,ok,2026-10-08T16:23:41Z,200,,https://api.fususone.com/api/public/organizations/nypd/stats/,,1,5511,2185,2185,0,32767,2108
2026-10-08T16:19:55Z,miami,Connect Miami,cityofmiamipd,5,https://connectmiamipd.org,Miami,FL,25.7781926,-80.19840339999999,https://cityofmiamipd.fususregistry.com/camera-registry,https://cdn.swell.store/fusus-atlanta/665f3980a91a1200121ee16c/4fa0ae0748535c5297fd79f978cb0eec/background.jpg,ok,2026-10-08T16:21:01Z,200,,https://api.fususone.com/api/public/organizations/cityofmiamipd/stats/,,1,2406,4355,1221,2905,1500,1203
2026-10-08T16:19:55Z,beverly-hills,Beverly Hills Connect,beverlyhillspd,6,https://beverlyhillsconnect.org,Beverly Hills,CA,34.0736396,-118.3999238,https://beverlyhillspd.fususregistry.com/camera-registry,https://cdn.swell.store/fusus-atlanta/679005084d3f460012903ddc/000bac2bbfcc24c1ca46bc65c2af0adb?width=1800&height=800,ok,2026-10-08T16:20:25Z,200,,https://api.fususone.com/api/public/organizations/beverlyhillspd/stats/,,1,520,1883,1782,101,1750,1776
2026-10-08T16:19:55Z,sacramento,Sacramento PD Connect,sacramentopd,7,https://connectsacramento.org,Sacramento,CA,38.5216336,-121.4990158,https://sacramentopd.fususregistry.com/camera-registry,https://cdn.swell.store/fusus-atlanta/66c895a7fec5d000119bfa45/857f68631ccb9a49dee53f0e6ecd0d40/background.jpg,ok,2026-10-08T16:24:29Z,200,,https://api.fususone.com/api/public/organizations/sacramentopd/stats/,,1,912,1779,1038,423,2000,1016
2026-10-08T16:19:55Z,raleigh,CONNECTRALEIGH,raleighncpd,8,https://connectraleigh.org,Raleigh,NC,35.7918654,-78.70153959999999,https://raleighncpd.fususregistry.com/camera-registry,https://cdn.swell.store/fusus-atlanta/68d408f36f90f80012002e86/86567a00e18974883c75321ba96d3bed,ok,2026-10-08T16:24:13Z,200,,https://api.fususone.com/api/public/organizations/raleighncpd/stats/,,1,1904,1624,1129,64,1500,1126
2026-10-08T16:19:55Z,newark,Connect Newark,cityofnewark,9,https://makenewarksafer.com,Newark,NJ,40.7344793,-74.1772197,https://cityofnewark.fususregistry.com/camera-registry,https://cdn.schema.io/fusus-atlanta/63e114473ec1ac0012b68ef5/d8f875ce562c99fc188b21311724c058,ok,2026-10-08T16:21:02Z,200,,https://api.fususone.com/api/public/organizations/cityofnewark/stats/,,1,1208,929,497,231,500,488
2026-10-08T16:19:55Z,cincinnati,Connect Cincinnati,cincinnatipd,10,https://connectcincinnati.org,Cincinnati,OH,39.1095967,-84.5208748,https://cincinnatipd.fususregistry.com/camera-registry,https://cdn.swell.store/fusus-atlanta/6722444a6eb0bd001286f81f/618a1ce0f28581752bfec0172662e2d7/background.webp,ok,2026-10-08T16:20:55Z,200,,https://api.fususone.com/api/public/organizations/cincinnatipd/stats/,,1,1723,844,801,43,1500,746
2026-10-08T16:19:55Z,boerne,Connect Boerne,boernepdtx,11,https://connectboerne.org,Boerne,TX,29.76612,-98.71249,https://boernepdtx.fususregistry.com/camera-registry,https://cdn.swell.store/fusus-atlanta/696f9e323f405f001254eab7/083ca3d8a29522ca6ce76482b3ae422a,ok,2026-10-08T16:20:30Z,200,,https://api.fususone.com/api/public/organizations/boernepdtx/stats/,,1,0,77,77,0,0,77
2026-10-08T16:19:55Z,sacramento-co,Connect Sacramento County,sacramentocoso,12,https://connectsacramentocounty.org,Sacramento County,CA,38.64683,-121.35943,https://sacramentocoso.fususregistry.com/camera-registry,https://cdn.swell.store/fusus-atlanta/669a70720a8f7600136d5145/efacbeea72e2bc38639305fbc9482976/background.jpg,ok,2026-10-08T16:24:28Z,200,,https://api.fususone.com/api/public/organizations/sacramentocoso/stats/,,1,353,415,188,227,5000,187
2026-10-08T16:19:55Z,gary,Connect Gary,garypd,13,https://connectgary.org,Gary,IN,41.600817,-87.3492741,https://garypd.fususregistry.com/camera-registry,https://cdn.swell.store/fusus-atlanta/665f4994ca5207001314a2d7/2236e28e45b85957953c775490737e74/background.jpg,ok,2026-10-08T16:22:05Z,200,,https://api.fususone.com/api/public/organizations/garypd/stats/,,1,1674,1320,793,0,1500,734
2026-10-08T16:19:55Z,albany-ga,Connect Albany,albanypolice,14,https://connectalbanyga.org,Albany,GA,31.5757838,-84.1520261,https://albanypolice.fususregistry.com/camera-registry,https://cdn.swell.store/fusus-atlanta/66982b7578bf13001181f0e4/b8d4f98ba24b25585ba450ca274a2aeb/background.jpg,ok,2026-10-08T16:20:01Z,200,,https://api.fususone.com/api/public/organizations/albanypolice/stats/,,1,733,14051,1154,3519,6634,1140
2026-10-08T16:19:55Z,crestview,Connect Crestview,crestviewpdfl,15,https://keepcrestviewsafe.org,Crestview,FL,30.77384,-86.56225,https://crestviewpdfl.fususregistry.com/camera-registry,https://cdn.swell.store/fusus-atlanta/6a6103ed06e0c80012265d97/53d27679e934994059c2b363525648d6,ok,2026-10-08T16:21:23Z,200,,https://api.fususone.com/api/public/organizations/crestviewpdfl/stats/,,1,0,52,52,0,0,20
2026-10-08T16:19:55Z,glendora,Connect Glendora,glendorapdca,16,https://connectglendora.org,Glendora,CA,34.13505,-117.86531,https://glendorapdca.fususregistry.com/camera-registry,https://cdn.swell.store/fusus-atlanta/69dcfb1fdda687001298c272/a79ce567393a64532001036f27f7457f,ok,2026-10-08T16:22:06Z,200,,https://api.fususone.com/api/public/organizations/glendorapdca/stats/,,1,20,99,99,0,0,99
2026-10-08T16:19:55Z,montgomery-county-so,Connect Montgomery County,montgomeryso-al,17,https://connectmontgomerycounty.org,Montgomery County,AL,32.3760259,-86.3067027,https://montgomeryso-al.fususregistry.com/camera-registry,https://cdn.swell.store/fusus-atlanta/66955dda39c2f700137c1b2b/0a2ca3c829ac0b3fc53c0ceeb75ae684/background-1.jpg,ok,2026-10-08T16:23:24Z,200,,https://api.fususone.com/api/public/organizations/montgomeryso-al/stats/,,1,23,295,86,0,402,86
2026-10-08T16:19:55Z,riley-co,Connect Riley County,rileycountypd,18,https://connectrileycounty.org,Riley County,KS,39.1705,-96.60239,https://rileycountypd.fususregistry.com/camera-registry,https://cdn.swell.store/fusus-atlanta/69824380f6bfbd0012bd28aa/29ab3287737a003ef823da7ce393f81f,ok,2026-10-08T16:24:22Z,200,,https://api.fususone.com/api/public/organizations/rileycountypd/stats/,,1,81,47,47,0,150,47
2026-10-08T16:19:55Z,new-castle-co,Connect New Castle County,newcastlede,19,https://nccpdconnect.org,New Castle County,DE,39.70964,-75.56701,https://newcastlede.fususregistry.com/camera-registry,https://cdn.swell.store/fusus-atlanta/69de5cc5942b490012197a0b/db9f08a625f2a5b43c7be464d85d14ad?width=1800&height=800&anchor=bottom,ok,2026-10-08T16:23:30Z,200,,https://api.fususone.com/api/public/organizations/newcastlede/stats/,,1,21,162,154,8,0,85
2026-10-08T16:19:55Z,tempe,Connect Tempe,tempepd,20,https://connecttempe.org,Tempe,AZ,33.4258991,-111.9375354,https://tempepd.fususregistry.com/camera-registry,https://cdn.swell.store/fusus-atlanta/66e06f5bf4472f00118fbe9a/a84e1527c8920557bc065e8f48770d0c/background.jpg,ok,2026-10-08T16:25:05Z,200,,https://api.fususone.com/api/public/organizations/tempepd/stats/,,1,177,1522,924,0,1500,905
2026-10-08T16:19:55Z,garden-grove,Connect Garden Grove,gardengrovepdca,21,https://connectgardengrove.org,Garden Grove,CA,33.77649,-117.93576,https://gardengrovepdca.fususregistry.com/camera-registry,https://cdn.swell.store/fusus-atlanta/6a189f5d50a5090012594cd2/bd5c6c98288c2273123cc57511fabcc2,ok,2026-10-08T16:22:04Z,200,,https://api.fususone.com/api/public/organizations/gardengrovepdca/stats/,,1,1,87,87,0,0,87
2026-10-08T16:19:55Z,new-port-ri,Connect New Port Richey,connectnewportrichey,22,https://connectnewportrichey.org,New Port Richey,FL,28.25572,-82.71919,https://connectnewportrichey.fususregistry.com/camera-registry,https://cdn.swell.store/fusus-atlanta/6a3d2501747df70012d62c4d/a7543d0802ad99aa142f939f4e76a3b9,ok,2026-10-08T16:21:20Z,200,,https://api.fususone.com/api/public/organizations/connectnewportrichey/stats/,,1,6,8,8,0,0,8
2026-10-08T16:19:55Z,madison-county,Connect Madison County,mcso-tn,23,https://connectmadisoncounty.org,Madison County,TN,35.5795727,-88.91596849999999,https://mcso-tn.fususregistry.com/camera-registry,https://cdn.swell.store/fusus-atlanta/66325920fdceac001234cf4a/a09bfc150de0b8aba47d1774436b21b0/background.jpg,ok,2026-10-08T16:23:08Z,200,,https://api.fususone.com/api/public/organizations/mcso-tn/stats/,,1,0,621,365,0,150,365
2026-10-08T16:19:55Z,denton,Denton Connects,dentonpdtx,24,https://dentonconnects.org,Denton,TX,33.21752,-97.13094,https://dentonpdtx.fususregistry.com/camera-registry,https://cdn.swell.store/fusus-atlanta/69d4116bb97fa00012b81fcb/43bd607ad47b2a608bc8fedf21761595?width=1800&height=600&anchor=top,ok,2026-10-08T16:21:35Z,200,,https://api.fususone.com/api/public/organizations/dentonpdtx/stats/,,1,12,192,192,0,0,183
2026-10-08T16:19:55Z,alachua-co,Connect Alachua County,alachuasheriff,25,https://keepalachuasafe.org,Alachua County,FL,29.6425,-82.29076,https://alachuasheriff.fususregistry.com/camera-registry,https://cdn.swell.store/fusus-atlanta/6a33e871ae2513001260fd38/c4292d8b7d775c563cd42d09f107a744?width=1800&height=600,ok,2026-10-08T16:20:00Z,200,,https://api.fususone.com/api/public/organizations/alachuasheriff/stats/,,1,135,221,160,5,850,143
2026-10-08T16:19:55Z,hennepin,Connect Hennepin County,hennepincountyso,26,https://connecthennepincounty.org,Hennepin County,MN,45.1049558,-93.3989917,https://hennepincountyso.fususregistry.com/camera-registry/,https://cdn.swell.store/fusus-atlanta/667d6c7b0d80af00112c4dd7/8828895c87a30b592c6447b5675908fa/background.jpg,ok,2026-10-08T16:22:21Z,200,,https://api.fususone.com/api/public/organizations/hennepincountyso/stats/,,1,470,3023,381,1766,1500,381
2026-10-08T16:19:55Z,rocklin,Rocklin on Watch,rocklinpd,27,https://connectrocklin.org,Rocklin,CA,38.7877829,-121.2330697,https://rocklinpd.fususregistry.com/camera-registry,https://cdn.swell.store/fusus-atlanta/66fea38d435aa60011d16ea5/3e019d533d5be60e4afecc1f3babbc87/background.jpg,ok,2026-10-08T16:24:24Z,200,,https://api.fususone.com/api/public/organizations/rocklinpd/stats/,,1,505,280,99,147,150,99
2026-10-08T16:19:55Z,hoover,Connect Hoover,hooverpd,28,https://connecthoover.org,Hoover,AL,33.3872798,-86.80567810000001,https://hooverpd.fususregistry.com/camera-registry,https://cdn.swell.store/fusus-atlanta/67129cc945d68e001248356b/c37bbafa37846fd94ea2a0bc9f7ecad7/background.webp,ok,2026-10-08T16:22:27Z,200,,https://api.fususone.com/api/public/organizations/hooverpd/stats/,,1,46,920,393,0,1500,391
2026-10-08T16:19:55Z,guilford-co,Connect Guilford County,guilfordsheriff,29,https://connectguilfordcounty.org,Guilford County ,NC,36.0708118,-79.7946961,https://guilfordsheriff.fususregistry.com/camera-registry,https://cdn.swell.store/fusus-atlanta/66db0a779732640012e9ecd4/a2f915d551d2e726de7beb4f3b26dfd8/background.jpg,ok,2026-10-08T16:22:11Z,200,,https://api.fususone.com/api/public/organizations/guilfordsheriff/stats/,,1,874,229,184,40,500,183
2026-10-08T16:19:55Z,doral,Connect Doral,cityofdoralpd,30,http://connectdoralpd.com,Doral,FL,25.8292043,-80.3587764,https://cityofdoralpd.fususregistry.com/camera-registry,https://cdn.schema.io/fusus-atlanta/635c0e9a30eadd0012672ea6/c29fd180fbce3faed1f1d99596c6b480,ok,2026-10-08T16:20:58Z,200,,https://api.fususone.com/api/public/organizations/cityofdoralpd/stats/,,1,221,3425,397,3028,10000,243
2026-10-08T16:19:55Z,cleveland,Safe Smart CLE,clevelanddps,31,https://connectcleveland.org,Cleveland,OH,41.5048596,-81.6934287,https://clevelanddps.fususregistry.com/camera-registry,https://cdn.swell.store/fusus-atlanta/6699521cc71c0700135ff281/c848c066a3de6ba676f73177e6d263a0/background.jpg,ok,2026-10-08T16:21:13Z,200,,https://api.fususone.com/api/public/organizations/clevelanddps/stats/,,1,1765,4169,4050,0,2375,4053
2026-10-08T16:19:55Z,knoxville,Connect Knoxville,knoxvillepdtn,32,https://connectknoxvilletn.org,Knoxville,TN,35.99193,-83.92628,https://knoxvillepdtn.fususregistry.com/camera-registry,https://cdn.swell.store/fusus-atlanta/698f38ffc4c6de0012c176c5/3eb68863d79145f9a1b7a2a70595932c?width=1400&height=500,ok,2026-10-08T16:22:41Z,200,,https://api.fususone.com/api/public/organizations/knoxvillepdtn/stats/,,1,583,682,552,130,500,187
2026-10-08T16:19:55Z,amarillo,Connect Amarillo,amarillopd,33,https://amarilloconnect.org,Amarillo,TX,35.2103898,-101.8348201,https://amarillopd.fususregistry.com/camera-registry,https://cdn.swell.store/fusus-atlanta/695fc48d65644f001249e383/628401c833777c07aa0a93d19a2ad06a?width=1600,ok,2026-10-08T16:20:06Z,200,,https://api.fususone.com/api/public/organizations/amarillopd/stats/,,1,32,491,491,0,500,483
2026-10-08T16:19:55Z,hammond,Hammond BlueNET,hammondpd,34,https://hammondbluenet.org,Hammond,IN,41.6156938,-87.5160083,https://hammondpd.fususregistry.com/camera-registry,https://cdn.swell.store/fusus-atlanta/6661cbd7354dcd001228c84c/2633eb5d70b53a38b4296a0df2fb07fc/background.jpg,ok,2026-10-08T16:22:14Z,200,,https://api.fususone.com/api/public/organizations/hammondpd/stats/,,1,1221,1326,1194,10,1500,824
2026-10-08T16:19:55Z,winter-garden,Connect Winter Garden,wintergarden,35,https://connectwintergarden.org,Winter Garden,FL,28.5655498,-81.5884398,https://wintergarden.fususregistry.com/camera-registry,https://cdn.swell.store/fusus-atlanta/66ff01be703a3600125c60bd/e0202fc7f751ca03ce1c9813faa9ef14/background.jpg,ok,2026-10-08T16:25:29Z,200,,https://api.fususone.com/api/public/organizations/wintergarden/stats/,,1,0,274,172,0,500,172
2026-10-08T16:19:55Z,grapevine,Connect Grapevine,grapevinepdtx,36,https://connectgrapevine.org,Grapevine,TX,32.93143,-97.08705,https://grapevinepdtx.fususregistry.com/camera-registry,https://cdn.swell.store/fusus-atlanta/6851621cc7468e0012f17a16/910de9152a7e6b565c40703236c63b86,ok,2026-10-08T16:22:07Z,200,,https://api.fususone.com/api/public/organizations/grapevinepdtx/stats/,,1,2,259,228,25,1,213
2026-10-08T16:19:55Z,eagan,Connect Eagan,eaganpdmn,37,https://connecteagan.org,Eagan,MN,44.81842,-93.16595,https://eaganpdmn.fususregistry.com/camera-registry,https://cdn.swell.store/fusus-atlanta/69b9a506cc5cc200134b7f04/75713fd47df1443287c89a79323e8fdf?width=1800&height=600,ok,2026-10-08T16:21:42Z,200,,https://api.fususone.com/api/public/organizations/eaganpdmn/stats/,,1,21,76,76,0,0,76
2026-10-08T16:19:55Z,bensalem,Connect Bensalem,bensalem,38,https://connectbensalem.org,Bensalem,PA,40.107446,-74.929909,https://bensalem.fususregistry.com/camera-registry,https://cdn.schema.io/fusus-atlanta/63a31db8593e1f001243ec3c/33fdb715fc980b6275e466f1ab8ad557?width=1600&height=600,ok,2026-10-08T16:20:23Z,200,,https://api.fususone.com/api/public/organizations/bensalem/stats/,,1,1174,1006,990,16,1500,978
2026-10-08T16:19:55Z,manheim-town,Connect Manheim Township,manheimtwp,39,https://connectmtpd.org,Manheim Township,PA,40.07675,-76.29835,https://manheimtwp.fususregistry.com/camera-registry,https://cdn.swell.store/fusus-atlanta/69de5e41025d0f001282307d/bfd4a6733007f01373d155ad5e7c40d9?width=560&height=280&anchor=bottom,ok,2026-10-08T16:23:05Z,200,,https://api.fususone.com/api/public/organizations/manheimtwp/stats/,,1,0,30,30,0,0,27
2026-10-08T16:19:55Z,carlsbad,Connect Carlsbad,carlsbadpdnm,40,https://connectcarlsbad.org,Carlsbad,NM,32.42103,-104.23326,https://carlsbadpdnm.fususregistry.com/camera-registry,https://cdn.swell.store/fusus-atlanta/69d7bd2d2aa3ab0013ae5d24/1bd83cc47081c69ec179c127fc634008?width=1800&height=700,ok,2026-10-08T16:20:44Z,200,,https://api.fususone.com/api/public/organizations/carlsbadpdnm/stats/,,1,3,12,12,0,225,4
2026-10-08T16:19:55Z,elizabeth,Connect Elizabeth,elizabethnj,41,https://connectelizabeth.org,Elizabeth,NJ,40.6669508,-74.2127508,https://elizabethnj.fususregistry.com/camera-registry,https://cdn.swell.store/fusus-atlanta/662beb9310e9ec00122393be/96c3d8a6703db850b400f5a2736285a6/background.jpg,ok,2026-10-08T16:21:46Z,200,,https://api.fususone.com/api/public/organizations/elizabethnj/stats/,,1,184,3452,635,2566,2690,604
2026-10-08T16:19:55Z,henry-co,Henry Safer Together,henrycountypd,42,https://henrysafertogether.org,Henry County,GA,33.4439086,-84.13722279999999,https://henrycountypd.fususregistry.com/camera-registry,https://cdn.schema.io/fusus-atlanta/62d1ae4174c02500127efa7a/2e3c96529d3f05b7966cb57821d66a1e,ok,2026-10-08T16:22:23Z,200,,https://api.fususone.com/api/public/organizations/henrycountypd/stats/,,1,4983,13842,677,3627,7950,670
2026-10-08T16:19:55Z,oakdale,Connect Oakdale,oakdaleca,43,https://oakdaleconnect.org,Oakdale,CA,37.7685344,-120.8490807,https://oakdaleca.fususregistry.com/camera-registry,https://cdn.swell.store/fusus-atlanta/66f5a43c0079280011315626/8efbbaef2bb10929184d12235b10dff0/background.jpg,ok,2026-10-08T16:23:43Z,200,,https://api.fususone.com/api/public/organizations/oakdaleca/stats/,,1,17,259,246,13,500,244
2026-10-08T16:19:55Z,mobile,Connect Mobile,mobilepdal,44,https://communityconnectmobile.org,Mobile,AL,30.67418,-88.09809,https://mobilepdal.fususregistry.com/camera-registry,https://cdn.swell.store/fusus-atlanta/68f8d27650f8a3001275496b/6778d9ea7e40d7b76019eb66a0280529,ok,2026-10-08T16:23:19Z,200,,https://api.fususone.com/api/public/organizations/mobilepdal/stats/,,1,0,259,259,0,0,259
2026-10-08T16:19:55Z,rialto,Connect Rialto,rialtopd,45,https://connectrialto.org,Rialto,CA,34.1000062,-117.3750644,https://rialtopd.fususregistry.com/camera-registry,https://cdn.swell.store/fusus-atlanta/665f404faaa2fa0012a69164/cb764aacd38025662200c2df0fc7dc52/background.jpg,ok,2026-10-08T16:24:18Z,200,,https://api.fususone.com/api/public/organizations/rialtopd/stats/,,1,352,3614,703,2911,500,689
2026-10-08T16:19:55Z,san-bernardino,Connect San Bernardino,sanbernardinopdca,46,https://connectsbpd.org,San Bernardino,CA,34.11256,-117.29232,https://sanbernardinopdca.fususregistry.com/camera-registry,https://cdn.swell.store/fusus-atlanta/6967d215b0c84900129aa61c/917cbb5593178edbe22ee9d835a08789?width=1600&height=550,ok,2026-10-08T16:24:31Z,200,,https://api.fususone.com/api/public/organizations/sanbernardinopdca/stats/,,1,156,680,558,122,6000,451
2026-10-08T16:19:55Z,powder-spring,Connect Powder Springs,powderspringspd,47,https://connectpowdersprings.org,Powder Springs,GA,33.8629889,-84.67264589999999,https://powderspringspd.fususregistry.com/camera-registry,https://cdn.swell.store/fusus-atlanta/66f6b9cdf406d00012730416/7d40eb6d5ce8778369851d085447c0e5/background.jpg,ok,2026-10-08T16:24:10Z,200,,https://api.fususone.com/api/public/organizations/powderspringspd/stats/,,1,113,2966,52,18,150,52
2026-10-08T16:19:55Z,anne-arundel,Connect Anne Arundel,aacounty,48,https://connectannearundel.org,Anne Arundel County,MD,39.0992853,-76.6257475,https://aacounty.fususregistry.com/camera-registry,https://cdn.swell.store/fusus-atlanta/663a32898d80810012476c4c/904f2f9ae9164384150968c749a85561/background.jpg,ok,2026-10-08T16:19:56Z,200,,https://api.fususone.com/api/public/organizations/aacounty/stats/,,1,1060,3185,2380,534,1500,2345
2026-10-08T16:19:55Z,peoria,Connect Peoria,peoriapd,49,https://connectpeoria.org,Peoria,IL,40.6872864,-89.5960661,https://peoriapd.fususregistry.com/camera-registry,https://cdn.swell.store/fusus-atlanta/66bb701d33bf7f001284f4d9/fc671a618e63dce2b400421a561f138a/background.jpg,ok,2026-10-08T16:24:01Z,200,,https://api.fususone.com/api/public/organizations/peoriapd/stats/,,1,445,898,543,0,1500,536
2026-10-08T16:19:55Z,lagrange,Connect Lagrange,lagrangepd,50,https://connectlagrangepd.org,Lagrange,GA,33.04116,-85.03029,https://lagrangepd.fususregistry.com/camera-registry,https://cdn.swell.store/fusus-atlanta/69f3b8f790f68f0012394edf/9f9b113a04ccda495087462c8e3a3cad,ok,2026-10-08T16:22:45Z,200,,https://api.fususone.com/api/public/organizations/lagrangepd/stats/,,1,137,58,58,0,150,52
2026-10-08T16:19:55Z,altoona,Connect Altoona,altoonapd,51,https://connectaltoona.org,Altoona,IA,41.6418797,-93.47541400000001,https://altoonapd.fususregistry.com/camera-registry,https://cdn.swell.store/fusus-atlanta/67d831ee2ddedc0012159dfb/aafb622ebd5ca8ecc6d4a2a2fee08ac0,ok,2026-10-08T16:20:05Z,200,,https://api.fususone.com/api/public/organizations/altoonapd/stats/,,1,355,605,605,0,925,595
2026-10-08T16:19:55Z,whitehall,Connect Whitehall,whitehallpd,52,https://connectwhitehall.org,Whitehall,OH,39.96833609999999,-82.8856194,https://whitehallpd.fususregistry.com/camera-registry,https://cdn.schema.io/fusus-atlanta/63f7d84a37e81d001223c628/9795b8f7a778019a33d00a771272ba66?width=2000&height=800,ok,2026-10-08T16:25:25Z,200,,https://api.fususone.com/api/public/organizations/whitehallpd/stats/,,1,575,615,153,462,1500,151
2026-10-08T16:19:55Z,san-jose,Connect San Jose,sanjose,53,https://connectsanjose.org,San Jose,CA,37.3495467,-121.9057198,https://sanjose.fususregistry.com/camera-registry,https://cdn.swell.store/fusus-atlanta/67d1916f9d60130012667763/3779704363684fa5f7b2763d09f30a19,ok,2026-10-08T16:24:34Z,200,,https://api.fususone.com/api/public/organizations/sanjose/stats/,,1,10816,1596,1319,277,1500,1205
2026-10-08T16:19:55Z,campbell,Connect Campbell,campbellpd,54,https://campbellpdconnect.org,Campbell,CA,37.28832690000001,-121.9441557,https://campbellpd.fususregistry.com/camera-registry,https://cdn.swell.store/fusus-atlanta/66aa47a43558ce0013db4d99/0a4a29c6ac53a322773677333a163428/background.jpg,ok,2026-10-08T16:20:42Z,200,,https://api.fususone.com/api/public/organizations/campbellpd/stats/,,1,198,313,281,32,10000,270
2026-10-08T16:19:55Z,laguna-beach,Connect Laguna Beach,lagunabeachpd,55,https://connectlagunabeach.org,Laguna Beach,CA,33.52151,-117.75593,https://lagunabeachpd.fususregistry.com/camera-registry,https://d33wubrfki0l68.cloudfront.net/804b10b4961006a993e64fe98e5a84ef5814a652/5f4c9/background.jpg,ok,2026-10-08T16:22:46Z,200,,https://api.fususone.com/api/public/organizations/lagunabeachpd/stats/,,1,0,25,25,0,148,25
2026-10-08T16:19:55Z,newport-beach,Connect Newport Beach,newportbeachpdca,56,https://connectnewportbeach.org,Newport Beach,CA,33.62354,-117.88067,https://newportbeachpdca.fususregistry.com/camera-registry,https://cdn.swell.store/fusus-atlanta/682f24ad015bfa00124baab1/edc53003e6d33f5dd8c5c7c8abc16d02?width=1600&height=600,ok,2026-10-08T16:23:33Z,200,,https://api.fususone.com/api/public/organizations/newportbeachpdca/stats/,,1,420,241,182,59,1,140
2026-10-08T16:19:55Z,tuscaloosa,Safeguard Tuscaloosa,tuscaloosapd,57,https://safeguardtuscaloosa.org,Tuscaloosa,AL,33.17234,-87.5560209,https://tuscaloosapd.fususregistry.com/camera-registry,https://cdn.schema.io/fusus-atlanta/63c6c4364872b70012f0b0ed/36861cbb9d56c6e96ba7d6d0cc4194d6,ok,2026-10-08T16:25:12Z,200,,https://api.fususone.com/api/public/organizations/tuscaloosapd/stats/,,1,258,1096,401,624,1500,381
2026-10-08T16:19:55Z,killeen,KPD Connect,killeenpd,58,https://kpdconnect.org,Killeen,TX,31.0375303,-97.7199706,https://killeenpd.fususregistry.com/camera-registry,https://cdn.swell.store/fusus-atlanta/668c13a944243400120826f0/17d3c077114686266a571014041f1772/background.jpg,ok,2026-10-08T16:22:40Z,200,,https://api.fususone.com/api/public/organizations/killeenpd/stats/,,1,1412,506,506,0,1500,498
2026-10-08T16:19:55Z,washoe-co,Connect Washoe County,washoesheriff,59,https://staysafewashoe.org,Washoe County,NV,39.5738,-119.81101,https://washoesheriff.fususregistry.com/camera-registry,https://cdn.swell.store/fusus-atlanta/68839616c12e7c0012fbf2dd/be5b2a9b4608c10b798c4eade641083f?width=1600&height=600,ok,2026-10-08T16:25:21Z,200,,https://api.fususone.com/api/public/organizations/washoesheriff/stats/,,1,9,470,178,4,500,171
2026-10-08T16:19:55Z,fayetteville,Connect Fayetteville,fayettevillepd,60,https://connectfayetteville.org,Fayetteville,NC,35.0541801,-78.8843851,https://fayettevillepd.fususregistry.com/camera-registry,https://cdn.schema.io/fusus-atlanta/63fe32afa9c5ac0012b4b508/1ef3642183adba2732a56ae8848c3e22,ok,2026-10-08T16:21:53Z,200,,https://api.fususone.com/api/public/organizations/fayettevillepd/stats/,,1,1532,547,456,48,1500,453
2026-10-08T16:19:55Z,irving,Connect Irving,irvingpdtx,61,https://connectirving.org,Irving,TX,32.8163703,-96.950895,https://irvingpdtx.fususregistry.com/camera-registry,https://cdn.swell.store/fusus-atlanta/66f452852bfc280012c8d07d/28dfd93a4dcab31f625c8e0b5403ed02/background.jpg,ok,2026-10-08T16:22:31Z,200,,https://api.fususone.com/api/public/organizations/irvingpdtx/stats/,,1,61,1446,1246,200,1500,1158
2026-10-08T16:19:55Z,cherokee,Connect Cherokee,cherokeega,62,https://safecherokee.org,Cherokee County,GA,34.1952972,-84.49278869999999,https://cherokeega.fususregistry.com/camera-registry,https://cdn.swell.store/fusus-atlanta/66d08b5fce7c3d0012561cd7/7e03a182bbadcc94a919eca2407505e5/background.jpg,ok,2026-10-08T16:20:50Z,200,,https://api.fususone.com/api/public/organizations/cherokeega/stats/,,1,635,13429,622,549,2500,566
2026-10-08T16:19:55Z,volusia,Connect Volusia,volusiasheriff,63,https://connect.volusiasheriff.gov,Volusia,FL,29.0294556,-81.3049556,https://volusiasheriff.fususregistry.com/camera-registry,https://cdn.schema.io/fusus-atlanta/63286a98c531cb0012edf9a6/989a2e989ec2a034020fc18d3ff62ea3,ok,2026-10-08T16:25:17Z,200,,https://api.fususone.com/api/public/organizations/volusiasheriff/stats/,,1,670,3959,583,3025,1500,902
2026-10-08T16:19:55Z,danville,"One Community, Connect Danville",danvillepd,64,https://onecommunityconnectdanville.org,Danville,VA,36.5708558,-79.434776,https://danvillepd.fususregistry.com/camera-registry/,https://cdn.swell.store/fusus-atlanta/665f6f8d25516e0012cc7bcf/3efe4381dd6b44983998174803fbf35b/background-1.jpg,ok,2026-10-08T16:21:28Z,200,,https://api.fususone.com/api/public/organizations/danvillepd/stats/,,1,418,1755,342,1413,500,341
2026-10-08T16:19:55Z,saratoga-sp,Connect Saratoga Springs,saratogaspringspdny,65,https://connectsaratogasprings.org,Saratoga Springs,NY,43.08338,-73.78403,https://saratogaspringspdny.fususregistry.com/camera-registry,https://cdn.swell.store/fusus-atlanta/687a49e2cccc4000120b32cb/f228a3f5abd746baafc6272e1c805176,ok,2026-10-08T16:24:38Z,200,,https://api.fususone.com/api/public/organizations/saratogaspringspdny/stats/,,1,130,197,181,16,0,180
2026-10-08T16:19:55Z,st-cloud,Connect St. Cloud,stcloud,66,https://connectstcloud.org,St. Cloud,FL,28.2502363,-81.3184108,https://stcloud.fususregistry.com/camera-registry,https://cdn.swell.store/fusus-atlanta/6675ac3b9806590012e560d1/b3a3043f8b07c369bb4f16c062763feb/background.jpg,ok,2026-10-08T16:24:58Z,200,,https://api.fususone.com/api/public/organizations/stcloud/stats/,,1,356,9039,1926,5783,7000,1903
2026-10-08T16:19:55Z,trussville,Connect Trussville,trussvillepd,67,https://trussvilleconnect.org,Trussville,AL,33.62084,-86.60337,https://trussvillepd.fususregistry.com/camera-registry,https://cdn.swell.store/fusus-atlanta/69cd357463565200121a2163/f4e42a652a10de682f5630f04a1235f6,ok,2026-10-08T16:25:08Z,200,,https://api.fususone.com/api/public/organizations/trussvillepd/stats/,,1,0,133,133,0,500,133
2026-10-08T16:19:55Z,ashland,Connect Ashland,ashlandpdal,68,https://connectashland.org,Ashland,AL,33.2743809,-85.834166,https://ashlandpdal.fususregistry.com/camera-registry,https://cdn.swell.store/fusus-atlanta/66212b1f28218c00124ea2e1/3c02bdeb8d0f30fc8290835cc4ae5c7f/background.jpg,ok,2026-10-08T16:20:15Z,200,,https://api.fususone.com/api/public/organizations/ashlandpdal/stats/,,1,8,673,49,624,125,49
2026-10-08T16:19:55Z,beaumont,Connect Southeast Texas,beaumonttx,69,https://connectsetx.org,Southeast Texas,TX,30.0803512,-94.09450969999999,https://beaumonttx.fususregistry.com/camera-registry,https://cdn.swell.store/fusus-atlanta/6626d54f4c47a400128cbdb0/1e959e57300b95170c03a31a566125be/background.jpg,ok,2026-10-08T16:20:20Z,200,,https://api.fususone.com/api/public/organizations/beaumonttx/stats/,,1,4053,3800,1536,2094,4500,762
2026-10-08T16:19:55Z,east-point,Connect East Point,eastpointpdga,70,https://connecteastpoint.org,East Point,GA,33.6806015,-84.44194929999999,https://eastpointpdga.fususregistry.com/camera-registry,https://cdn.swell.store/fusus-atlanta/6630fa8484c63c001263b8e1/36055acdda352465392c445d0800dbc2/background.jpg,ok,2026-10-08T16:21:44Z,200,,https://api.fususone.com/api/public/organizations/eastpointpdga/stats/,,1,60,5121,380,469,500,374
2026-10-08T16:19:55Z,orland-park,Connect Orland Park,orlandparkpd,71,https://connectorlandpark.org,Orland Park,IL,41.6153493,-87.8573335,https://orlandparkpd.fususregistry.com/camera-registry,https://cdn.swell.store/fusus-atlanta/66fd5de9a011f30012d2edff/9b9e3c0bbfebd26c124a712b7ed5f42c/background.jpg,ok,2026-10-08T16:23:53Z,200,,https://api.fususone.com/api/public/organizations/orlandparkpd/stats/,,1,425,1275,429,846,10000,386
2026-10-08T16:19:55Z,forsyth-co-so,Connect Forsyth County,forsythcosoga,72,https://connectforsythsheriff.org,Forsyth County,GA,34.2063901,-84.1392608,https://forsythcosoga.fususregistry.com/camera-registry,https://cdn.swell.store/fusus-atlanta/66be3cd78d53a3001284e5f3/8e7fc62a848314b05cd3ebcb06df26a3/background.jpg,ok,2026-10-08T16:21:58Z,200,,https://api.fususone.com/api/public/organizations/forsythcosoga/stats/,,1,808,6935,93,3347,1500,93
2026-10-08T16:19:55Z,queen-creek,Connect Queen Creek,queencreekaz,73,https://connectqueencreek.org,Queen Creek,AZ,33.2436121,-111.6364414,https://queencreekaz.fususregistry.com/camera-registry,https://cdn.swell.store/fusus-atlanta/679286a5cc16db00121f52c2/c54bd45cf4e165a5717457c994625834,ok,2026-10-08T16:24:12Z,200,,https://api.fususone.com/api/public/organizations/queencreekaz/stats/,,1,76,994,490,333,1499,482
2026-10-08T16:19:55Z,caldwell,Connect Caldwell,caldwellpdid,74,https://connectcaldwell.org,Caldwell,ID,43.66847,-116.69107,https://caldwellpdid.fususregistry.com/camera-registry,https://cdn.swell.store/fusus-atlanta/696f951e2a78a50012496582/bc4dea42bd4dc309234fdb0f8f7fda80,ok,2026-10-08T16:20:41Z,200,,https://api.fususone.com/api/public/organizations/caldwellpdid/stats/,,1,61,215,215,0,225,204
2026-10-08T16:19:55Z,palm-beach-co,Keep Palm Beach County Safe,pbso,75,https://connectpbso.org,Palm Beach County,FL,26.67118,-80.09253,https://pbso.fususregistry.com/camera-registry,https://cdn.swell.store/fusus-atlanta/66bf798f8ca28f00126aed7a/fc30aeceffd0565f3fc66217689cf84b/background.jpg,ok,2026-10-08T16:23:57Z,200,,https://api.fususone.com/api/public/organizations/pbso/stats/,,1,1897,1506,1020,0,1,926
2026-10-08T16:19:55Z,brookhaven-lincoln,Connect Brookhaven and Lincoln County,lincolnbrookhaven,76,https://brookhaven.connectlincolncounty.org,Brookhaven and Lincoln County,MS,31.5763476,-90.44092570000001,https://lincolnbrookhaven.fususregistry.com/camera-registry,https://cdn.swell.store/fusus-atlanta/664bb72e1f51e70011354b8f/f85bbec889f65585e5a7b3c67543c913/background-1.jpg,ok,2026-10-08T16:22:57Z,200,,https://api.fususone.com/api/public/organizations/lincolnbrookhaven/stats/,,1,124,181,181,0,10000,179
2026-10-08T16:19:55Z,greenville-co,Connect Greenville County,greenvillecsosc,77,https://connectgreenvillecounty.org,Greenville County,SC,34.8533,82.38742,https://greenvillecsosc.fususregistry.com/camera-registry,https://cdn.swell.store/fusus-atlanta/68d151d758cdd900122c4a6f/b694d65e1c002bd2a5a65bea2a014bf7,ok,2026-10-08T16:22:10Z,200,,https://api.fususone.com/api/public/organizations/greenvillecsosc/stats/,,1,203,281,232,49,3000,232
2026-10-08T16:19:55Z,turlock,Connect Turlock,turlockpd,78,https://connectturlock.org,Turlock,CA,37.4942915,-120.8497785,https://turlockpd.fususregistry.com/camera-registry,https://cdn.swell.store/fusus-atlanta/66faed5d8c7ae40012ee6f94/f488d87f3015bcaf96b185aae09a0936/background.jpg,ok,2026-10-08T16:25:11Z,200,,https://api.fususone.com/api/public/organizations/turlockpd/stats/,,1,199,110,99,11,150,99
2026-10-08T16:19:55Z,south-fulton,Connect South Fulton,southfultonga,79,https://connectsouthfulton.org,South Fulton,GA,33.6664168,-84.54959649999999,https://southfultonga.fususregistry.com/camera-registry,https://cdn.swell.store/fusus-atlanta/667043e6f8755a0012f9bade/efb5288b39e2c96eaaabe99049d99a20/background.jpg,ok,2026-10-08T16:24:50Z,200,,https://api.fususone.com/api/public/organizations/southfultonga/stats/,,1,460,14815,552,4105,8000,537
2026-10-08T16:19:55Z,starkville,Connect Starkville,cityofstarkville,80,https://connectstarkville.org,Starkville,MS,33.4630855,-88.81586659999999,https://cityofstarkville.fususregistry.com/camera-registry,https://cdn.schema.io/fusus-atlanta/62c5f69834f02f0012d99c8e/fc2e8ea1b61b38cf2620c48dfc8162ea,ok,2026-10-08T16:21:07Z,200,,https://api.fususone.com/api/public/organizations/cityofstarkville/stats/,,1,879,875,598,277,500,587
2026-10-08T16:19:55Z,alpharetta,Connect Alpharetta,alpharetta,81,https://alpharetta.fusus.org,Alpharetta,GA,34.0682923,-84.2840769,https://alpharetta.fususregistry.com/camera-registry,https://cdn.schema.io/fusus-atlanta/6356b6e7b27d310012981bb9/1bb11e30fbf1c6c8cb95dd845e0ed1dc,ok,2026-10-08T16:20:03Z,200,,https://api.fususone.com/api/public/organizations/alpharetta/stats/,,1,0,0,0,0,2500,0
2026-10-08T16:19:55Z,wake-co,Connect Wake County,wakecounty,82,https://connectwakeso.org,Wake County,NC,35.77623,-78.6408,https://wakecounty.fususregistry.com/camera-registry,https://cdn.swell.store/fusus-atlanta/69aaf2b9fab4450012b98879/b479e5a067478e263c8622571420d242,ok,2026-10-08T16:25:18Z,200,,https://api.fususone.com/api/public/organizations/wakecounty/stats/,,1,171,978,295,60,1500,263
2026-10-08T16:19:55Z,greensboro,Connect Greensboro,greensboropd,83,https://connectgreensboro.org,Greensboro,NC,36.0694054,-79.7930351,https://greensboropd.fususregistry.com/camera-registry,https://cdn.swell.store/fusus-atlanta/66608ef0700cc30013f2710e/a87ff3d91e6478a60d28509a1d4ee013/background.jpg,ok,2026-10-08T16:22:09Z,200,,https://api.fususone.com/api/public/organizations/greensboropd/stats/,,1,754,1232,765,161,1501,725
2026-10-08T16:19:55Z,omaha,Connect Omaha,cityofomaha,84,https://cityofomahaconnect.org,Omaha,NE,41.2551536,-95.9351011,https://cityofomaha.fususregistry.com/camera-registry,https://cdn.swell.store/fusus-atlanta/67f31da62bf9de0012bd6887/8ac2a6642d27815409642e4f91fbc950,ok,2026-10-08T16:21:03Z,200,,https://api.fususone.com/api/public/organizations/cityofomaha/stats/,,1,1260,1643,760,782,1500,687
2026-10-08T16:19:55Z,clayton-co,Connect Clayton County,claytoncountypd,85,https://connectclayton.org,Clayton County,GA,33.5387745,-84.34703999999999,https://claytoncountypd.fususregistry.com/camera-registry,https://cdn.swell.store/fusus-atlanta/66d095201d4fb80012626385/8052b32d126f96113556ea600f0f9c8a/background.jpg,ok,2026-10-08T16:21:10Z,200,,https://api.fususone.com/api/public/organizations/claytoncountypd/stats/,,1,398,10785,972,294,8814,957
2026-10-08T16:19:55Z,apopka,Connect Apopka,apopkapd,86,https://apopkaconnect.org,Apopka,FL,28.670436,-81.50913779999999,https://apopkapd.fususregistry.com/camera-registry,https://cdn.swell.store/fusus-atlanta/668d75395ac46a001253c47d/d69b0bd85ed26ab6755f002a9372fd57/background.jpg,ok,2026-10-08T16:20:11Z,200,,https://api.fususone.com/api/public/organizations/apopkapd/stats/,,1,174,7852,224,6894,500,221
2026-10-08T16:19:55Z,brownsville,Connect Brownsville,brownsvillepd,87,https://connectbrownsville.org,Brownsville,TX,25.908208,-97.4986897,https://brownsvillepd.fususregistry.com/camera-registry,https://cdn.schema.io/fusus-atlanta/64120b4c6d4d660012ea3e01/f2440b8287c9dc44fb564fd9f9fc6e2d?width=1600&height=700,ok,2026-10-08T16:20:36Z,200,,https://api.fususone.com/api/public/organizations/brownsvillepd/stats/,,1,664,219,219,0,500,199
2026-10-08T16:19:55Z,college-park,Connect College Park,collegeparkga,88,https://connectcollegepark.org,College Park,GA,33.6541975,-84.45161,https://collegeparkga.fususregistry.com/camera-registry,https://cdn.swell.store/fusus-atlanta/6660a0d83f5e060012829281/caca8816ffdc405c7ccbd7c65419a9d9/background.jpg,ok,2026-10-08T16:21:16Z,200,,https://api.fususone.com/api/public/organizations/collegeparkga/stats/,,1,0,10516,171,426,2539,143
2026-10-08T16:19:55Z,dekalb-county,Connect DeKalb County,dekalbcountyga,89,https://connectdekalbcounty.org,DeKalb County,GA,33.8408483,-84.2456125,https://dekalbcountyga.fususregistry.com/camera-registry,https://cdn.schema.io/fusus-atlanta/63b5cd2d690ccc0012eefe5b/378e7ac23a858b445f71ce4e0e7d5299,ok,2026-10-08T16:21:33Z,200,,https://api.fususone.com/api/public/organizations/dekalbcountyga/stats/,,1,3533,9120,899,44,1500,752
2026-10-08T16:19:55Z,lafayette,Connect Lafayette,lafayettepd,90,https://keeplafayettesafe.org,Lafayette,LA,30.21123,-92.0115,https://lafayettepd.fususregistry.com/camera-registry,https://cdn.swell.store/fusus-atlanta/69aaecb5095de20012ce0246/5b810bc2250048a903b036c3a28f5325?width=1600&height=600,ok,2026-10-08T16:22:43Z,200,,https://api.fususone.com/api/public/organizations/lafayettepd/stats/,,1,378,2220,1589,350,1500,1558
2026-10-08T16:19:55Z,high-point,Link High Point,highpointncpd,91,https://connecthighpoint.org,High Point,NC,35.9458689,-80.0344531,https://highpointncpd.fususregistry.com/camera-registry,https://cdn.swell.store/fusus-atlanta/66fc095843655c00123f03e4/51ff80435fa36f679e82e03a3990e5c6/background.jpg,ok,2026-10-08T16:22:25Z,200,,https://api.fususone.com/api/public/organizations/highpointncpd/stats/,,1,1263,579,480,0,500,468
2026-10-08T16:19:55Z,chicago-heights,Connect Chicago Heights,chicagoheights,92,https://connectchicagoheights.org,Chicago Heights,IL,41.50182,-87.6356812,https://chicagoheights.fususregistry.com/camera-registry,https://cdn.swell.store/fusus-atlanta/66a12f04a40c9700129f8d33/39b3777035a9c404c34261d4d04d4aed/background.jpg,ok,2026-10-08T16:20:52Z,200,,https://api.fususone.com/api/public/organizations/chicagoheights/stats/,,1,221,1225,1172,0,500,729
2026-10-08T16:19:55Z,fairfax-co,Connect Fairfax County,fairfaxcopd,93,https://connectfairfaxcounty.org,Fairfax County,VA,38.8540458,-77.3564846,https://fairfaxcopd.fususregistry.com/camera-registry,https://cdn.swell.store/fusus-atlanta/674fe84619669a00115bba8c/fecb5099c6a634ecd23ce023d5b5f608?width=1600&height=800,ok,2026-10-08T16:21:51Z,200,,https://api.fususone.com/api/public/organizations/fairfaxcopd/stats/,,1,3587,2223,759,1425,1500,660
2026-10-08T16:19:55Z,richmond,Connect Richmond,richmondva,94,https://richmondconnect.org,Richmond,VA,37.5463451,-77.44464959999999,https://richmondva.fususregistry.com/camera-registry,https://cdn.swell.store/fusus-atlanta/6633e26b36f8a90012234544/dc7996112a0e502fe83f9c50778a2b57/background.jpg,ok,2026-10-08T16:24:21Z,200,,https://api.fususone.com/api/public/organizations/richmondva/stats/,,1,238,563,489,0,1500,410
2026-10-08T16:19:55Z,statesboro,Connect Statesboro,statesboropd,95,https://connectstatesboro.org,Statesboro,GA,32.4456204,-81.7873676,https://statesboropd.fususregistry.com/camera-registry,https://d33wubrfki0l68.cloudfront.net/8c6867717f0d11d674903e281bf5aae76b769404/e0dbf/background.jpg,ok,2026-10-08T16:24:56Z,200,,https://api.fususone.com/api/public/organizations/statesboropd/stats/,,1,1,14459,629,4132,3950,622
2026-10-08T16:19:55Z,chicopee,Connect Chicopee,chicopee,96,https://connectchicopee.org,Chicopee,MA,42.1561621,-72.5848314,https://chicopee.fususregistry.com/camera-registry,https://cdn.swell.store/fusus-atlanta/669fea5d40e3220012fcd17b/1e3eb2bb225fcdd0b4d369f964cf9f39/background.jpg,ok,2026-10-08T16:20:53Z,200,,https://api.fususone.com/api/public/organizations/chicopee/stats/,,1,135,522,522,0,1500,519
2026-10-08T16:19:55Z,san-mateo,Connect San Mateo,sanmateopd,97,https://sanmateoconnect.org,San Mateo,CA,37.54253,-122.29183,https://sanmateopd.fususregistry.com/camera-registry,https://cdn.swell.store/fusus-atlanta/68385648218e700011f968e0/8e66f9a060d0510952670fc9458dc5c3?width=1600&height=600,ok,2026-10-08T16:24:36Z,200,,https://api.fususone.com/api/public/organizations/sanmateopd/stats/,,1,3094,99,99,0,1500,96
2026-10-08T16:19:55Z,anoka-co,Anoka County Real Time Crime Center,anokacountysomn,98,https://connectanokacounty.org,Anoka County,MN,45.21327,-93.30473,https://anokacountysomn.fususregistry.com/camera-registry,https://cdn.swell.store/fusus-atlanta/688b6bc4a9bee00011ae8247/7b60c8318abf1ca0aa6c89c51fef226b,ok,2026-10-08T16:20:09Z,200,,https://api.fususone.com/api/public/organizations/anokacountysomn/stats/,,1,374,2681,633,1721,500,632
2026-10-08T16:19:55Z,covina,SaferCovina,covinapdca,99,https://safercovina.org,Covina,CA,34.0901,-117.88871,https://covinapdca.fususregistry.com/camera-registry,https://cdn.swell.store/fusus-atlanta/698a1eeb3ad7900012486a47/039efb615400dd935ef564fc7d3f96b1?width=1600&height=600&anchor=bottom,ok,2026-10-08T16:21:22Z,200,,https://api.fususone.com/api/public/organizations/covinapdca/stats/,,1,37,2,2,0,150,0
2026-10-08T16:19:55Z,sumner,Connect Sumner,sumnercounty,100,https://connectsumner.org,Sumner,TN,36.3860761,-86.4473211,https://sumnercounty.fususregistry.com/camera-registry,https://cdn.swell.store/fusus-atlanta/67b8b19020bd1f00123e44bd/89e2c6654a1b7c742da8b5f17213441a,ok,2026-10-08T16:25:04Z,200,,https://api.fususone.com/api/public/organizations/sumnercounty/stats/,,1,461,92,33,38,4000,31
2026-10-08T16:19:55Z,duncanville,Connect Duncanville,duncanvillepdtx,101,https://connectduncanville.org,Duncanville,TX,32.6466,-96.90626,https://duncanvillepdtx.fususregistry.com/camera-registry,https://cdn.swell.store/fusus-atlanta/699c6aee17185500124414f0/943b386306499886cd69d04d458f4db1?width=1600&height=600,ok,2026-10-08T16:21:41Z,200,,https://api.fususone.com/api/public/organizations/duncanvillepdtx/stats/,,1,15,128,120,8,0,116
2026-10-08T16:19:55Z,ontario,Connect Ontario,ontariopolice,102,https://ontarioconnect.org,Ontario,CA,34.0290421,-117.5962163,https://ontariopolice.fususregistry.com/camera-registry,https://cdn.swell.store/fusus-atlanta/66f59d76e0ee3500120af700/b0ee1579ee4c4c7d4772f2016c08a064/background.jpg,ok,2026-10-08T16:23:50Z,200,,https://api.fususone.com/api/public/organizations/ontariopolice/stats/,,1,319,2150,1322,828,1500,1257
2026-10-08T16:19:55Z,pekin,Connect Pekin,pekinpdil,103,https://connectpekin.org,Pekin,IL,40.56866,-89.64979,https://pekinpdil.fususregistry.com/camera-registry,https://cdn.swell.store/fusus-atlanta/6945a46e2c19410012b5b763/85e1383388ce2f7c0e3168be0c06493f,ok,2026-10-08T16:23:59Z,200,,https://api.fususone.com/api/public/organizations/pekinpdil/stats/,,1,0,87,68,0,0,68
2026-10-08T16:19:55Z,kent-co,The Kent Safety Network,kentcountysd,104,https://kentsafetynetwork.org,Kent County,MI,42.97576,-85.63164,https://kentcountysd.fususregistry.com/camera-registry,https://cdn.swell.store/fusus-atlanta/694ab402e0b21f0012f14804/903434309b0751236bcf4ba280f9478e,ok,2026-10-08T16:22:39Z,200,,https://api.fususone.com/api/public/organizations/kentcountysd/stats/,,1,586,2737,765,1944,4500,515
2026-10-08T16:19:55Z,euclid,Connect Euclid,euclidpdoh,105,https://realtimeeuclidpd.org,Euclid,OH,41.60061,-81.52581,https://euclidpdoh.fususregistry.com/camera-registry,https://cdn.swell.store/fusus-atlanta/68d14d43aae2f00012c37f98/97cf05e3729d152ca8ef0af3effd63ba?width=1280&height=500&anchor=bottom,ok,2026-10-08T16:21:49Z,200,,https://api.fususone.com/api/public/organizations/euclidpdoh/stats/,,1,288,209,209,0,0,209
2026-10-08T16:19:55Z,south-bend,Sync South Bend,southbendpd,106,https://syncsouthbend.org,South Bend,IN,41.6658647,-86.25855399999999,https://southbendpd.fususregistry.com/camera-registry,https://cdn.schema.io/fusus-atlanta/63cac55f3f4c9e0013a5582a/70a307b5cb1abbfd993990b940bd6201,ok,2026-10-08T16:24:49Z,200,,https://api.fususone.com/api/public/organizations/southbendpd/stats/,,1,2536,2035,1291,744,1500,1278
2026-10-08T16:19:55Z,athensclarke,Connect Athens-Clarke County,accpd,107,https://connectathens-clarkecounty.org,Athens-Clarke County,GA,33.9423346,-83.3282952,https://accpd.fususregistry.com/camera-registry,https://cdn.swell.store/fusus-atlanta/665f78a4700cc30013f0165b/5fcf26d356088f8a48fb4a8645c86765/background-1.jpg,ok,2026-10-08T16:19:57Z,200,,https://api.fususone.com/api/public/organizations/accpd/stats/,,1,68,4336,1843,297,500,534
2026-10-08T16:19:55Z,st-bernard-pa,Protect St. Bernard,stbernardso,108,https://protectstbernard.com,St. Bernard Parish,LA,29.9413442,-89.9735996,https://stbernardso.fususregistry.com/camera-registry,https://cdn.swell.store/fusus-atlanta/66ffe8ee58283500125f5ad8/d321b5778272f1842bdbff1624d95a26/background.jpg,ok,2026-10-08T16:24:57Z,200,,https://api.fususone.com/api/public/organizations/stbernardso/stats/,,1,147,85,84,1,781,84
2026-10-08T16:19:55Z,seagoville,Seagoville Connect and Protect,seagovillepdtx,109,https://seagovilleconnectandprotect.org,Seagoville,TX,32.67012,-96.55457,https://seagovillepdtx.fususregistry.com/camera-registry,https://cdn.swell.store/fusus-atlanta/69f4b507c0d2000012b1075a/08e80564bc6addb109e567a5984c9090,ok,2026-10-08T16:24:42Z,200,,https://api.fususone.com/api/public/organizations/seagovillepdtx/stats/,,1,22,50,50,0,225,50
2026-10-08T16:19:55Z,miami-beach,Connect Miami Beach,miamibeachpdfl,110,https://connectmiamibeachpd.org,Miami Beach,FL,25.78254,-80.13327,https://miamibeachpdfl.fususregistry.com/camera-registry,https://cdn.swell.store/fusus-atlanta/69b2d57cf4c5ec00128463ea/635b984e3c211f101b545583f33bc890,ok,2026-10-08T16:23:14Z,200,,https://api.fususone.com/api/public/organizations/miamibeachpdfl/stats/,,1,0,528,528,0,0,480
2026-10-08T16:19:55Z,oakbrook-te,Connect Oakbrook Terrace,obterracepd,111,https://connectoakbrookterrace.org,Oakbrook Terrace,IL,41.8540315,-87.9646133,https://obterracepd.fususregistry.com/camera-registry,https://cdn.swell.store/fusus-atlanta/66f450fcb87d9800129947b1/787937712236c5ecbc2d74a2ee594219/background.jpg,ok,2026-10-08T16:23:45Z,200,,https://api.fususone.com/api/public/organizations/obterracepd/stats/,,1,163,312,0,6,500,0
2026-10-08T16:19:55Z,escambia,Star Network,escambiafl,112,https://connectescambia.org,Escambia County,FL,30.4421118,-87.2351474,https://escambiafl.fususregistry.com/camera-registry,https://cdn.swell.store/fusus-atlanta/66fef842703a3600125c503c/cd0100b223c7500f037687368020a162/background.jpg,ok,2026-10-08T16:21:48Z,200,,https://api.fususone.com/api/public/organizations/escambiafl/stats/,,1,1591,1272,918,109,1500,368
2026-10-08T16:19:55Z,daytona-beach,Connect Daytona Beach Shores,dbsfl,113,https://connectdbs.org,Daytona Beach Shores,FL,29.1661,-80.97754,https://dbsfl.fususregistry.com/camera-registry,https://cdn.swell.store/fusus-atlanta/69bc102850a47a0012a231d4/c4ff9fe246226be22613ebff7ba87341?width=1800&height=600,ok,2026-10-08T16:21:29Z,200,,https://api.fususone.com/api/public/organizations/dbsfl/stats/,,1,3,72,72,0,0,70
2026-10-08T16:19:55Z,norfolk,Connect Norfolk,norfolkpd,114,https://connectnorfolk.org,Norfolk,VA,36.8543907,-76.23641529999999,https://norfolkpd.fususregistry.com/camera-registry,https://cdn.schema.io/fusus-atlanta/63ff8cbf0f138f00144dcf2c/9166c7fda010848f2f20ad4cd4e713ae,ok,2026-10-08T16:23:36Z,200,,https://api.fususone.com/api/public/organizations/norfolkpd/stats/,,1,441,3701,2080,1385,4500,1978
2026-10-08T16:19:55Z,newport-news,Connect Newport News,newportnewspd,115,https://connectnewportnews.org,Newport News,VA,37.02977,-76.44984,https://newportnewspd.fususregistry.com/camera-registry,https://cdn.swell.store/fusus-atlanta/682626cc6237d80012993b3b/f071c56d072df23f1f50c7cec3170ba7,ok,2026-10-08T16:23:34Z,200,,https://api.fususone.com/api/public/organizations/newportnewspd/stats/,,1,1414,2335,934,1385,1500,930
2026-10-08T16:19:55Z,louisville-me,Connect Louisville,louisvillemetro,116,https://connectlouisvillemetro.org,Louisville,KY,38.2078407,-85.7732881,https://louisvillemetro.fususregistry.com/camera-registry,https://cdn.swell.store/fusus-atlanta/66f31a2d9024ea00121ae48c/1df7d564ad7bf2d8b66249a4a327e267/background.jpg,ok,2026-10-08T16:23:00Z,200,,https://api.fususone.com/api/public/organizations/louisvillemetro/stats/,,1,1042,1744,1501,240,1500,1455
2026-10-08T16:19:55Z,placer-co,Connect Placer County,placerca,117,https://connectplacercounty.org,Placer County,CA,38.9372848,-121.1076946,https://placerca.fususregistry.com/camera-registry,https://cdn.swell.store/fusus-atlanta/66c89c744e989c0012a611c0/47c8b52a8661b0945c866c6233452879/background.jpg,ok,2026-10-08T16:24:05Z,200,,https://api.fususone.com/api/public/organizations/placerca/stats/,,1,558,912,263,472,500,219
2026-10-08T16:19:55Z,rogers,Connect Rogers,rogerspdar,118,https://connectrogers.org,Rogers,AR,36.31147,-94.14306,https://rogerspdar.fususregistry.com/camera-registry,https://cdn.swell.store/fusus-atlanta/6945a5de7bea6f00128d4aba/5dd02276d004d7babb4e048a8aab21f5,ok,2026-10-08T16:24:26Z,200,,https://api.fususone.com/api/public/organizations/rogerspdar/stats/,,1,280,265,265,0,0,254
2026-10-08T16:19:55Z,hamilton-co,Connect Hamilton County,hamiltoncoso,119,https://connecthamiltonco.org,Hamilton County,OH,39.278878,-84.56490339999999,https://hamiltoncoso.fususregistry.com/camera-registry,https://cdn.swell.store/fusus-atlanta/66fff97f6675820012155cad/8cf52c2d03b90ff99009cf260d775b96/background.jpg,ok,2026-10-08T16:22:13Z,200,,https://api.fususone.com/api/public/organizations/hamiltoncoso/stats/,,1,1694,472,472,0,2000,472
2026-10-08T16:19:55Z,charleston,Connect Charleston,charlestonpd,120,https://charlestonconnect.org,Charleston,SC,32.7767226,-79.930807,https://charlestonpd.fususregistry.com/camera-registry,https://cdn.swell.store/fusus-atlanta/662a5a75cc3f4a0012d8451b/e8a74edb633db7a2ab30dff923b41168/background.jpg,ok,2026-10-08T16:20:46Z,200,,https://api.fususone.com/api/public/organizations/charlestonpd/stats/,,1,300,576,500,25,500,465
2026-10-08T16:19:55Z,portsmouth,Portsmouth Connect,portsmouthpd,121,https://connectportsmouthva.org,Portsmouth,VA,36.8358858,-76.2990672,https://portsmouthpd.fususregistry.com/camera-registry,https://cdn.swell.store/fusus-atlanta/66fdaa3c9965400012225926/c04a0f4d056949edca952b5803f4985e/background.jpg,ok,2026-10-08T16:24:09Z,200,,https://api.fususone.com/api/public/organizations/portsmouthpd/stats/,,1,491,1806,393,1413,1500,392
2026-10-08T16:19:55Z,brazos,Connect Brazos County,brazostx,122,https://connectbrazoscounty.org,Brazos County,TX,30.6763253,-96.39304680000001,https://brazostx.fususregistry.com/camera-registry,https://cdn.swell.store/fusus-atlanta/6675ad957d30e900124ffad4/699a23410d73b40a93387a2fe63b958d/background.jpg,ok,2026-10-08T16:20:33Z,200,,https://api.fususone.com/api/public/organizations/brazostx/stats/,,1,155,197,176,0,1500,158
2026-10-08T16:19:55Z,asheville,Connect Asheville,ashevillepdnc,123,https://connectasheville.org,Asheville,NC,35.59511,-82.55013,https://ashevillepdnc.fususregistry.com/camera-registry,https://cdn.swell.store/fusus-atlanta/698609ae1c693300120ba4ae/fce83dfa442ee84f3e64a4353617e1f2,ok,2026-10-08T16:20:14Z,200,,https://api.fususone.com/api/public/organizations/ashevillepdnc/stats/,,1,16,344,344,0,500,332
2026-10-08T16:19:55Z,artesia,Connect Artesia,artesianmpd,124,https://connectartesia.org,Artesia,MN,32.84414,-104.43968,https://artesianmpd.fususregistry.com/camera-registry,https://cdn.swell.store/fusus-atlanta/69c15c9b19bbbb0012bee71f/cf193d95fec2757d7d9ecabbcde5498d,ok,2026-10-08T16:20:13Z,200,,https://api.fususone.com/api/public/organizations/artesianmpd/stats/,,1,57,209,209,0,0,207
2026-10-08T16:19:55Z,reno,Connect Reno,renopd,125,https://connectreno.org,Reno,NV,39.5277227,-119.8060342,https://renopd.fususregistry.com/camera-registry,https://d33wubrfki0l68.cloudfront.net/1dcd12b1ab278e70a9ae813bb80142b9fe177791/471af/background.jpg,ok,2026-10-08T16:24:16Z,200,,https://api.fususone.com/api/public/organizations/renopd/stats/,,1,710,946,542,141,500,514
2026-10-08T16:19:55Z,saint-cloud,Saint Cloud Connect and Protect,stcloudpdmn,126,https://stcloudconnectandprotect.org,Saint Cloud,MN,45.55932,-94.16652,https://stcloudpdmn.fususregistry.com/camera-registry,https://cdn.swell.store/fusus-atlanta/69eb7317a78d6a0012db2247/b33ab5b0eb9764f931849ff61af627bf,ok,2026-10-08T16:24:59Z,200,,https://api.fususone.com/api/public/organizations/stcloudpdmn/stats/,,1,0,27,27,0,350,19
2026-10-08T16:19:55Z,walton-beach,Connect Fort Walton Beach,fortwaltonbeachpd,127,https://connectfortwaltonbeach.org,Fort Walton Beach,FL,30.4133386,-86.6108816,https://fortwaltonbeachpd.fususregistry.com/camera-registry,https://cdn.swell.store/fusus-atlanta/66edc32010ad760012bd5b3e/8b1a1e7274b39a0d156b09a817d15c6c/background.jpg?width=1600&height=600,ok,2026-10-08T16:22:02Z,200,,https://api.fususone.com/api/public/organizations/fortwaltonbeachpd/stats/,,1,6,261,222,9,300,226
2026-10-08T16:19:55Z,eureka,Connect Eureka,eurekapdmo,128,https://connecteureka.org,Eureka,MO,38.4952,-90.63111,https://eurekapdmo.fususregistry.com/camera-registry,https://cdn.swell.store/fusus-atlanta/691b69c8343bf800113f9445/5fa259e9dca7f628182f813fc676af9c?width=1500&height=500,ok,2026-10-08T16:21:50Z,200,,https://api.fususone.com/api/public/organizations/eurekapdmo/stats/,,1,183,11,0,11,0,0
2026-10-08T16:19:55Z,warner-robins,Connect Warner Robins,warnerrobinspd,129,https://connectwarnerrobins.org,Warner Robins,GA,32.6199052,-83.6004655,https://warnerrobinspd.fususregistry.com/camera-registry,https://cdn.swell.store/fusus-atlanta/66704610f05fa50012d96e7f/8ac48dce6d5f751040f96e75cfa2defb/background.jpg,ok,2026-10-08T16:25:19Z,200,,https://api.fususone.com/api/public/organizations/warnerrobinspd/stats/,,1,218,9241,139,0,500,139
2026-10-08T16:19:55Z,monroe-co,Connect Monroe County,monroecoso,130,https://connectmonroecountyny.org,Monroe County,NY,43.1524535,-77.613841,https://monroecoso.fususregistry.com/camera-registry,https://cdn.swell.store/fusus-atlanta/66e43cf5aea73100125c61e0/0692b9675e2dcc4db607ab5025670272/background.jpg,ok,2026-10-08T16:23:22Z,200,,https://api.fususone.com/api/public/organizations/monroecoso/stats/,,1,181,892,892,0,10000,825
2026-10-08T16:19:55Z,elyria,Connect Elyria,elyriapdoh,131,https://keepelyriasafe.org,Elyria,OH,41.36947,-82.1096,https://elyriapdoh.fususregistry.com/camera-registry,https://cdn.swell.store/fusus-atlanta/69a5ba1cb961ef00129815f0/03a61da90ec8fb2e1b0c9d13c97ade15?width=1600&height=600&anchor=bottom,ok,2026-10-08T16:21:47Z,200,,https://api.fususone.com/api/public/organizations/elyriapdoh/stats/,,1,178,280,231,49,150,219
2026-10-08T16:19:55Z,harrison-co,Connect Harrison County,harrisoncso,132,https://connectharrisoncounty.org,Harrison County,MS,30.4391616,-89.0547035,https://harrisoncso.fususregistry.com/camera-registry,https://cdn.swell.store/fusus-atlanta/67ffd9791fa3860011fed4b1/2f7f9e6b57fa847d2e2c646048f072e4,ok,2026-10-08T16:22:17Z,200,,https://api.fususone.com/api/public/organizations/harrisoncso/stats/,,1,563,518,90,57,1000,82
2026-10-08T16:19:55Z,oxford,Connect Oxford,cityofoxford,133,https://connectoxford.org,City of Oxford,AL,33.5995165,-85.8631771,https://cityofoxford.fususregistry.com/camera-registry,https://cdn.swell.store/fusus-atlanta/67af9df2717e0c001209d704/ccd12106ae2e9f1dab257c3a85abf0d8,ok,2026-10-08T16:21:04Z,200,,https://api.fususone.com/api/public/organizations/cityofoxford/stats/,,1,12,1126,324,753,1500,321
2026-10-08T16:19:55Z,dubuque,Connect Dubuque,dubuquepdia,134,https://connectdubuque.org,Dubuque,IA,42.5017,-90.66549,https://dubuquepdia.fususregistry.com/camera-registry,https://cdn.swell.store/fusus-atlanta/69bd5c8f7fe8bc0012fb9ab1/5ee71e260ffd0ea71babd9b8a30a2a66,ok,2026-10-08T16:21:39Z,200,,https://api.fususone.com/api/public/organizations/dubuquepdia/stats/,,1,28,4,4,0,1500,0
2026-10-08T16:19:55Z,blackman-leo,Connect Blackman Leoni Township,blackmanleonitwp,135,https://connectblackmanleoni.org,Blackman Leoni Township,MI,42.29156,-84.42307,https://blackmanleonitwp.fususregistry.com/camera-registry,https://cdn.swell.store/fusus-atlanta/69bc138977edd70012c48061/be3024396a2ac0076e71e76b10add059?width=1800&height=600,ok,2026-10-08T16:20:28Z,200,,https://api.fususone.com/api/public/organizations/blackmanleonitwp/stats/,,1,1,3,3,0,0,3
2026-10-08T16:19:55Z,st-paul,Connect Saint Paul,stpaulpdmn,136,https://connectstpaul.org,Saint Paul,MN,44.95621,-93.08723,https://stpaulpdmn.fususregistry.com/camera-registry,https://cdn.swell.store/fusus-atlanta/69c56154546d1e00132f3191/352e0968db8f2ffd092b9712a5723b38,ok,2026-10-08T16:25:03Z,200,,https://api.fususone.com/api/public/organizations/stpaulpdmn/stats/,,1,66,1247,341,445,0,332
2026-10-08T16:19:55Z,troy,Connect Troy,troypdil,137,https://connecttroy.org,Troy,MI,42.56438,-83.15548,https://troypdil.fususregistry.com/camera-registry,https://cdn.swell.store/fusus-atlanta/6a2ac69403461800124fc2a0/269eacf79fcb58b8777cbc1d5937677d?width=1600&height=600,error,2026-10-08T16:25:07Z,404,HTTP 404,https://api.fususone.com/api/public/organizations/troypdil/stats/,totalRegisteredCameras;totalIntegratedCameras;totalOwnedCameras;totalSharedCameras;totalMaxCameras;subscribedCameras,1,,,,,,
2026-10-08T16:19:55Z,hawthorne,Connect Hawthorne,cityofhawthorne,138,https://connecthawthorne.org,Hawthorne,CA,33.9196428,-118.3532716,https://cityofhawthorne.fususregistry.com/camera-registry,https://cdn.swell.store/fusus-atlanta/66db1b1194179300125c889f/f7a7f379816321762346ce82e90be37d/background.jpg,ok,2026-10-08T16:20:59Z,200,,https://api.fususone.com/api/public/organizations/cityofhawthorne/stats/,,1,0,3715,874,2841,1500,844
2026-10-08T16:19:55Z,warren,Connect Warren,warrenpdmi,139,https://connectwarren.org,Warren,MI,42.51354,-83.02423,https://warrenpdmi.fususregistry.com/camera-registry,https://cdn.swell.store/fusus-atlanta/6892537acc8ea90012e63e58/3e7b94c59fcaad486b80496f7fb9232c?width=1600&height=650,ok,2026-10-08T16:25:20Z,200,,https://api.fususone.com/api/public/organizations/warrenpdmi/stats/,,1,64,238,144,94,1500,117
2026-10-08T16:19:55Z,alexandria,Connect Alexandria,alexandriapd,140,https://connectalexandria.org,Alexandria,VA,38.80719,-77.09174,https://alexandriapd.fususregistry.com/camera-registry,https://cdn.swell.store/fusus-atlanta/6659d3aef69888001258468e/d4ade78d49b92b66e15e58d4b2396938/background.jpg,ok,2026-10-08T16:20:02Z,200,,https://api.fususone.com/api/public/organizations/alexandriapd/stats/,,1,0,1751,366,1385,10000,366
2026-10-08T16:19:55Z,illinois,Connect Illinois,ilstatepolice,141,https://connectillinoisstatepolice.org,Illinois,IL,39.7934,-89.64717,https://ilstatepolice.fususregistry.com/camera-registry,https://cdn.swell.store/fusus-atlanta/665e261e33e00e001226f2f6/857458dfa5e2840a55fed1419e7629cd/background-1.jpg,ok,2026-10-08T16:22:29Z,200,,https://api.fususone.com/api/public/organizations/ilstatepolice/stats/,,1,18,1476,789,0,1500,786
2026-10-08T16:19:55Z,duval,ConnectDuval,jacksonvillesheriff,142,https://connectduval.org,Duval County,FL,30.3252829,-81.6517372,https://jacksonvillesheriff.fususregistry.com/camera-registry,https://cdn.swell.store/fusus-atlanta/665f6df125516e0012cc7793/34275f8d7a33fe2ac605fb3c7fa07d45/background.jpg,ok,2026-10-08T16:22:34Z,200,,https://api.fususone.com/api/public/organizations/jacksonvillesheriff/stats/,,1,6828,9815,2703,6966,1500,1688
2026-10-08T16:19:55Z,oceanside,Connect Oceanside,oceansidepdca,143,https://connect-oceanside-18896b36.netlify.app,Oceanside,CA,33.22611,-117.32898,https://oceansidepdca.fususregistry.com/camera-registry,https://cdn.swell.store/fusus-atlanta/689e21a708710400128e9c63/0014944d36ac194156efcb47328f5a24?width=1600&height=600,ok,2026-10-08T16:23:46Z,200,,https://api.fususone.com/api/public/organizations/oceansidepdca/stats/,,1,325,257,150,107,0,150
2026-10-08T16:19:55Z,pell-city,Connect Pell City,pellcitypd,144,https://connectpellcity.org,Pell City,AL,33.5872798,-86.2961133,https://pellcitypd.fususregistry.com/camera-registry,https://cdn.swell.store/fusus-atlanta/66ab9967c1db9700128df434/5d6a500a8b7c203f9ae89b2202d6ba5d/background-1.jpg,ok,2026-10-08T16:24:00Z,200,,https://api.fususone.com/api/public/organizations/pellcitypd/stats/,,1,272,976,279,697,1000,279
2026-10-08T16:19:55Z,lenexa,Connect Lenexa,lenexapdks,145,https://connectlenexa.org,Lenexa,KS,38.92985,-94.75366,https://lenexapdks.fususregistry.com/camera-registry,https://cdn.swell.store/fusus-atlanta/69a70482943cb50012442c5c/05334cb0d1c7628ba9750678be86a272?width=1600&height=600&anchor=bottom,ok,2026-10-08T16:22:55Z,200,,https://api.fususone.com/api/public/organizations/lenexapdks/stats/,,1,0,1171,334,0,0,324
2026-10-08T16:19:55Z,memphis,Connect Memphis,memphispd,146,https://connect2memphis.org,Memphis,TN,35.14966950000001,-90.05051549999999,https://memphispd.fususregistry.com/camera-registry,https://cdn.swell.store/fusus-atlanta/665e31a7c59a930012bdf0e2/575d3826354ccfa49b4689834e21cbb8/background.jpg,ok,2026-10-08T16:23:10Z,200,,https://api.fususone.com/api/public/organizations/memphispd/stats/,,1,14252,3158,2326,674,2750,2182
2026-10-08T16:19:55Z,henrico-co,Connect Henrico County,henricocountypdva,147,https://connecthenricocounty.org,Henrico County,VA,37.6305,-77.52873,https://henricocountypdva.fususregistry.com/camera-registry,https://cdn.swell.store/fusus-atlanta/69037d0c0559d100123c3d60/6fb0278fc4a4677aef899241ec51b29b?width=1600&height=600&anchor=top,ok,2026-10-08T16:22:22Z,200,,https://api.fususone.com/api/public/organizations/henricocountypdva/stats/,,1,66,2234,809,1385,1500,811
2026-10-08T16:19:55Z,herndon,Connect Herndon,herndonpdva,148,https://connectherndonpd.org,Herndon,VA,38.9611,-77.37182,https://herndonpdva.fususregistry.com/camera-registry,https://cdn.swell.store/fusus-atlanta/69e2388befea0d001167ec91/a5104928bc3de6e54d46462ede7a3a7a?width=1800&height=600,ok,2026-10-08T16:22:24Z,200,,https://api.fususone.com/api/public/organizations/herndonpdva/stats/,,1,26,42,42,0,150,42
2026-10-08T16:19:55Z,hope-mills,Connect Hope Mills,hopemillspd,149,https://connecthopemills.com,Hope Mills,NC,34.9735021,-78.9592479,https://hopemillspd.fususregistry.com/camera-registry,https://cdn.swell.store/fusus-atlanta/66edc047d934bc0012681b70/3303d525acefba3d4c493b1119595bae/background.jpg,ok,2026-10-08T16:22:28Z,200,,https://api.fususone.com/api/public/organizations/hopemillspd/stats/,,1,17,349,63,0,10000,63
2026-10-08T16:19:55Z,smyrna,Connect Smyrna,smyrnaga,150,https://connectsmyrna.org,Smyrna,GA,33.8884764,-84.51719849999999,https://smyrnaga.fususregistry.com/camera-registry,https://cdn.swell.store/fusus-atlanta/66f6bf4e4668e00012444fc8/c9fb9fa49fd1e0937b4ee5e78591cb6f/background.jpg,ok,2026-10-08T16:24:48Z,200,,https://api.fususone.com/api/public/organizations/smyrnaga/stats/,,1,333,13075,262,3416,3058,257
2026-10-08T16:19:55Z,meridian-ms,Connect Meridian,meridianpdms,151,https://connectmeridian.org,Meridian,MS,32.36399,-88.7026,https://meridianpdms.fususregistry.com/camera-registry,https://cdn.swell.store/fusus-atlanta/69c5658896ffe600128aaadf/cb4c399d30adcbecbd675d2ef591151f,ok,2026-10-08T16:23:13Z,200,,https://api.fususone.com/api/public/organizations/meridianpdms/stats/,,1,0,303,303,0,10000,303
2026-10-08T16:19:55Z,peoria-az,Connect Peoria,peoriapdaz,152,https://connectpeoriaaz.org,Peoria,AZ,33.5747747,-112.2385345,https://peoriapdaz.fususregistry.com/camera-registry,https://cdn.swell.store/fusus-atlanta/67d03bd0e9cab20012df163a/f86850eb235c5ef9f63098434f4c45c6,ok,2026-10-08T16:24:02Z,200,,https://api.fususone.com/api/public/organizations/peoriapdaz/stats/,,1,76,592,396,25,10000,390
2026-10-08T16:19:55Z,uni-missouri,Mizzou SafeConnect,universityofmissouripdmo,153,https://mizzousafeconnect.org,Mizzou,MO,38.94015,-92.32459,https://universityofmissouripdmo.fususregistry.com/camera-registry,https://cdn.swell.store/fusus-atlanta/69cd333247bf3300117f0175/858f380024eda797c11fa2caaa8719cc?width=1800&height=600,ok,2026-10-08T16:25:15Z,200,,https://api.fususone.com/api/public/organizations/universityofmissouripdmo/stats/,,1,166,1012,1012,0,0,999
2026-10-08T16:19:55Z,dearborn,Connect Dearborn,dearbornpdmi,154,https://connectdearborn.org,Dearborn,MI,42.31342,-83.20012,https://dearbornpdmi.fususregistry.com/camera-registry,https://cdn.swell.store/fusus-atlanta/682dc936d94c5f001262c906/eab1362b073ba7e1e4fc39487516bf06,ok,2026-10-08T16:21:32Z,200,,https://api.fususone.com/api/public/organizations/dearbornpdmi/stats/,,1,710,695,534,4,1500,520
2026-10-08T16:19:55Z,redondo,Connect Redondo Beach,redondobchpd,155,https://connectredondobeach.org,Redondo Beach,CA,33.8446511,-118.3880502,https://redondobchpd.fususregistry.com/camera-registry,https://cdn.schema.io/fusus-atlanta/636d3bd5b3ca4d00130dc156/994d31dd41583a0252553e5efe1c5161,ok,2026-10-08T16:24:15Z,200,,https://api.fususone.com/api/public/organizations/redondobchpd/stats/,,1,445,482,77,405,350,75
2026-10-08T16:19:55Z,peachtree,Connect Peachtree,peachtreecorners,156,https://connectpeachtreecorners.org,Peachtree Corners,GA,33.9560768,-84.23216169999999,https://peachtreecorners.fususregistry.com/camera-registry,https://cdn.swell.store/fusus-atlanta/67b634f20d447d0012b6c6c0/81d777c9d538933570c93c2eb9fa4a88,ok,2026-10-08T16:23:58Z,200,,https://api.fususone.com/api/public/organizations/peachtreecorners/stats/,,1,445,191,142,32,500,139
2026-10-08T16:19:55Z,deal,Connect Deal,dealpdnj,157,https://connectdealnj.org,Deal,NJ,40.24761,-74.00115,https://dealpdnj.fususregistry.com/camera-registry,https://cdn.swell.store/fusus-atlanta/6945a21828dc7f0012f082fc/7728e192b9a5dd6e38852d20227f10d6,ok,2026-10-08T16:21:31Z,200,,https://api.fususone.com/api/public/organizations/dealpdnj/stats/,,1,322,976,224,0,0,224
2026-10-08T16:19:55Z,lexington,Connect Lexington,lexingtonky,158,https://connectlex.org,Lexington,KY,38.0453512,-84.4961184,https://lexingtonky.fususregistry.com/camera-registry,https://cdn.swell.store/fusus-atlanta/66f2cb31d59abe00128426f0/0984ea3339e3c9cf16933c376d3f933b/background.jpg,ok,2026-10-08T16:22:56Z,200,,https://api.fususone.com/api/public/organizations/lexingtonky/stats/,,1,2108,1087,811,275,10000,807
2026-10-08T16:19:55Z,farmington,Connect Farmington,farmingtonpd,159,https://connectfarmington.org,Farmington ,NM,36.7385759,-108.2162465,https://farmingtonpd.fususregistry.com/camera-registry,https://cdn.swell.store/fusus-atlanta/66d09fac01882c001289bb59/6ec5cdbb0ecd90bd4c11338111bd2537/background.jpg,ok,2026-10-08T16:21:52Z,200,,https://api.fususone.com/api/public/organizations/farmingtonpd/stats/,,2,58,545,545,0,1500,529
2026-10-08T16:19:55Z,petersburg,Connect Petersburg,petersburgpd,160,https://connectpetersburg.org,Petersburg,VA,37.2310371,-77.4024194,https://petersburgpd.fususregistry.com/camera-registry,https://cdn.swell.store/fusus-atlanta/665f3bfe64328f0013dbc90e/6a42a55cb0ed424965e568d1d6bf7dea/background.jpg,ok,2026-10-08T16:24:03Z,200,,https://api.fususone.com/api/public/organizations/petersburgpd/stats/,,1,358,1711,298,1413,1500,273
2026-10-08T16:19:55Z,los-angeles,Connect Los Angeles,lapd,161,https://connectprotectla.org,Los Angeles,CA,34.05217,-118.24454,https://lapd.fususregistry.com/camera-registry,https://cdn.swell.store/fusus-atlanta/68efc2d35746af0012b13589/f3fedaece3556065347a29bc9d6807ea,ok,2026-10-08T16:22:49Z,200,,https://api.fususone.com/api/public/organizations/lapd/stats/,,1,0,271,271,0,0,216
2026-10-08T16:19:55Z,aurora,Connect Aurora,auroragov,162,https://communityconnectaurora.org,Aurora,CO,39.71195,-104.81339,https://auroragov.fususregistry.com/camera-registry,https://cdn.swell.store/fusus-atlanta/669ea678055c31001200f70f/de7b540a8b81f708a03ffcd9a3a37136/background.jpg,ok,2026-10-08T16:20:16Z,200,,https://api.fususone.com/api/public/organizations/auroragov/stats/,,1,55,936,936,0,10000,936
2026-10-08T16:19:55Z,lawrenceville,Connect Lawrenceville,lawrencevillepdga,163,https://lawrencevilleconnect.org,"Lawrenceville, Georgia",GA,33.95185,-83.98237,https://lawrencevillepdga.fususregistry.com/camera-registry,https://cdn.swell.store/fusus-atlanta/6847293ce15ff50012c16620/079f5f18a74c871ed9299307dfaf6e52?width=1500&height=600,ok,2026-10-08T16:22:52Z,200,,https://api.fususone.com/api/public/organizations/lawrencevillepdga/stats/,,1,0,707,456,193,1,453
2026-10-08T16:19:55Z,leavenworth,Connect Leavenworth,leavenworthpdks,164,https://connectleavenworth.org,Leavenworth,KS,39.31444,-94.91063,https://leavenworthpdks.fususregistry.com/camera-registry,https://cdn.swell.store/fusus-atlanta/6a5539521779820012fef456/e59bfb1be3b1b10ffe5ace8fad97e10e,ok,2026-10-08T16:22:54Z,200,,https://api.fususone.com/api/public/organizations/leavenworthpdks/stats/,,1,0,47,47,0,0,47
2026-10-08T16:19:55Z,manassas,Connect Manassas City,manassaspdva,165,https://keepmanassasvasafe.org,Manassas City,VA,38.7466,-77.47519,https://manassaspdva.fususregistry.com/camera-registry,https://cdn.swell.store/fusus-atlanta/6a2853647c95e80012396477/8eed9392974e9f20f86c8635ea55d5af?width=1600&height=500,ok,2026-10-08T16:23:03Z,200,,https://api.fususone.com/api/public/organizations/manassaspdva/stats/,,1,0,451,48,403,0,48
2026-10-08T16:19:55Z,salinas,Connect Salinas,salinaspd,166,https://connectsalinas.org,Salinas,CA,36.6739519,-121.6449314,https://salinaspd.fususregistry.com/camera-registry,https://cdn.swell.store/fusus-atlanta/662287b242400c001257952b/5b767a2bb3528c57bf119ada879d12e8/background.jpg,ok,2026-10-08T16:24:30Z,200,,https://api.fususone.com/api/public/organizations/salinaspd/stats/,,1,42,2947,264,2683,500,262
2026-10-08T16:19:55Z,new-haven,Connect New Haven,newhavenct,167,https://connectnewhaven.org,New Haven,CT,41.2999306,-72.9255221,https://newhavenct.fususregistry.com/camera-registry,https://cdn.swell.store/fusus-atlanta/6671c3d57e7f870011297e3f/a96abbb518ef5c2f2a7cdf9aa63a4c6a/background.jpg,ok,2026-10-08T16:23:31Z,200,,https://api.fususone.com/api/public/organizations/newhavenct/stats/,,1,193,699,699,0,1500,699
2026-10-08T16:19:55Z,seminole,Connect Seminole,seminolecountyso,168,https://connectseminolecounty.org,Seminole County,FL,28.7480015,-81.2946439,https://seminolecountyso.fususregistry.com/camera-registry,https://cdn.swell.store/fusus-atlanta/665f634b1b611a0012ed91b6/83aa9a9a6459726185ce2b29c11f05fd/background-1.jpg,ok,2026-10-08T16:24:45Z,200,,https://api.fususone.com/api/public/organizations/seminolecountyso/stats/,,1,110,2046,528,1081,1500,518
2026-10-08T16:19:55Z,haines-city,Connect Haines City,hainescitypdfl,169,https://keephainescitysafe.org,Haines City,FL,28.11462,-81.64076,https://hainescitypdfl.fususregistry.com/camera-registry,https://cdn.swell.store/fusus-atlanta/69987a3559d3db00126f5208/295d10eb58dec458cd97ffce019476b1?width=1400&height=500,ok,2026-10-08T16:22:12Z,200,,https://api.fususone.com/api/public/organizations/hainescitypdfl/stats/,,1,3,127,127,0,150,125
2026-10-08T16:19:55Z,forest-park,Connect Forest Park,forestparkpd,170,https://connectforestpark.org,Forest Park,GA,33.6092786,-84.37393809999999,https://forestparkpd.fususregistry.com/camera-registry,https://cdn.swell.store/fusus-atlanta/66db15574f42b2001278e849/6e0d84b4d32324fb6ec3d85d5694ca15/background.jpg,ok,2026-10-08T16:21:56Z,200,,https://api.fususone.com/api/public/organizations/forestparkpd/stats/,,1,13,10518,242,295,10000,224
2026-10-08T16:19:55Z,bayroc,Connect Bay County,baycounty,171,https://connectbaycounty.org,Bay County,FL,30.2104789,-85.6508419,https://baycounty.fususregistry.com/camera-registry/,https://cdn.schema.io/fusus-atlanta/63a09029f999ba0012536443/95c9ed17a2d3140d8801a235d09c0408,ok,2026-10-08T16:20:19Z,200,,https://api.fususone.com/api/public/organizations/baycounty/stats/,,1,1722,1517,1163,289,1500,1130
2026-10-08T16:19:55Z,schenectady,Connect Schenectady,schenectadypdny,172,https://connectady.org,Schenectady,NY,42.8152,-73.93686,https://schenectadypdny.fususregistry.com/camera-registry,https://cdn.swell.store/fusus-atlanta/6a43ddca86d70f001300d0f1/452dabae71d42e0945991c5375cd2622?width=1800&height=700,ok,2026-10-08T16:24:40Z,200,,https://api.fususone.com/api/public/organizations/schenectadypdny/stats/,,1,0,69,69,0,0,69
2026-10-08T16:19:55Z,montgomery,STAR Watch Program,montgomerypd-al,173,https://mpdstarwatch.org,Montgomery,AL,32.3819047,-86.2979896,https://montgomerypd-al.fususregistry.com/camera-registry/,https://cdn.swell.store/fusus-atlanta/665f729d9234c900127becd7/0efdee5cc55dd6961d5acb99fedd339d/background.jpg,ok,2026-10-08T16:23:23Z,200,,https://api.fususone.com/api/public/organizations/montgomerypd-al/stats/,,1,2915,961,264,631,1500,262
2026-10-08T16:19:55Z,wichita,Connected Wichita,wichitapdks,174,https://connectedwichita.org,Wichita,KS,37.69301,-97.33903,https://wichitapdks.fususregistry.com/camera-registry,https://cdn.swell.store/fusus-atlanta/69f4b75a86b53c001200ba6f/81ac0cc286dab98b956f134cf15360f8,ok,2026-10-08T16:25:26Z,200,,https://api.fususone.com/api/public/organizations/wichitapdks/stats/,,1,9,361,340,21,1500,307
2026-10-08T16:19:55Z,paterson,Connect Paterson,patersonpdnj,175,https://connectpaterson.org,Paterson,NJ,40.9191389,-74.17070509999999,https://patersonpdnj.fususregistry.com/camera-registry,https://cdn.swell.store/fusus-atlanta/6626a8228b81c8001246a2a5/a10822bc18484020b313c5aece8bdda1/background.jpg,ok,2026-10-08T16:23:56Z,200,,https://api.fususone.com/api/public/organizations/patersonpdnj/stats/,,1,185,379,379,0,10000,374
2026-10-08T16:19:55Z,prince-george-co,Connect Prince George's County,pgcountypd,176,https://connectprincegeorgescounty.org,Prince George's County,MD,38.82706779999999,-76.8517126,https://pgcountypd.fususregistry.com/camera-registry,https://cdn.swell.store/fusus-atlanta/66f6bd5651485700120780ea/92620a01e624a2f29cb246d1d777c561/background.jpg,ok,2026-10-08T16:24:04Z,200,,https://api.fususone.com/api/public/organizations/pgcountypd/stats/,,1,488,2777,1781,578,1500,1482
2026-10-08T16:19:55Z,montrose,Connect Montrose,montrosepdco,177,https://connectmontrose.org,Montrose,CO,38.47924,-107.87478,https://montrosepdco.fususregistry.com/camera-registry,https://cdn.swell.store/fusus-atlanta/6931cd93a25276001281f055/82c7493143f336007b632d728e268a1b,ok,2026-10-08T16:23:25Z,200,,https://api.fususone.com/api/public/organizations/montrosepdco/stats/,,1,0,171,171,0,0,171
2026-10-08T16:19:55Z,richmond-co,Connect Richmond County,richmondcsoga,178,https://connectrichmondcounty.org,Richmond County,GA,33.46479,-81.96085,https://richmondcsoga.fususregistry.com/camera-registry,https://cdn.swell.store/fusus-atlanta/69c2a106a26d81001209c7e0/8e7beb89abf88d29712936798d8512cf?width=1750&height=700,ok,2026-10-08T16:24:20Z,200,,https://api.fususone.com/api/public/organizations/richmondcsoga/stats/,,1,0,141,141,0,0,141
2026-10-08T16:19:55Z,tupelo,Connect Tupelo,tupeloms,179,https://connecttupelopolice.org,Tupelo,MS,34.2623249,-88.7030253,https://tupeloms.fususregistry.com/camera-registry,https://cdn.swell.store/fusus-atlanta/66faec27fb70b20011871fa0/701ca097dd818d529c7cf3a6e122280c/background.jpg,ok,2026-10-08T16:25:10Z,200,,https://api.fususone.com/api/public/organizations/tupeloms/stats/,,1,271,349,349,0,500,344
2026-10-08T16:19:55Z,merced,Merced Community Camera Program,mercedpdca,180,https://mercedcommunitycameraprogram.org,Merced,CA,37.30756,-120.48211,https://mercedpdca.fususregistry.com/camera-registry,https://cdn.swell.store/fusus-atlanta/692efdc2307c2e0011affff5/03396c21d3e15130d4f8fbb963df7700?width=1600&height=600,ok,2026-10-08T16:23:11Z,200,,https://api.fususone.com/api/public/organizations/mercedpdca/stats/,,1,423,105,105,0,0,105
2026-10-08T16:19:55Z,miami-dade,Connect Miami-Dade,miamidadepd,181,https://connectmiamidade.org,Miami-Dade,FL,25.7983536,-80.34402419999999,https://miamidadepd.fususregistry.com/camera-registry,https://cdn.swell.store/fusus-atlanta/664794ab861edf0012479771/23f479f99036c9eecc87de90343a0144/background.jpg,ok,2026-10-08T16:23:15Z,200,,https://api.fususone.com/api/public/organizations/miamidadepd/stats/,,1,1254,1799,767,299,5000,694
2026-10-08T16:19:55Z,fort-bend,Connect Fort Bend,fortbendcounty,182,https://fortbendconnect.org,Fort Bend County,TX,29.5890457,-95.746397,https://fortbendcounty.fususregistry.com/camera-registry,https://cdn.schema.io/fusus-atlanta/641492c554aad900116c54ff/dfcdcbdb024e44a633d7e11cf90cbbbe,ok,2026-10-08T16:22:00Z,200,,https://api.fususone.com/api/public/organizations/fortbendcounty/stats/,,1,559,205,201,4,500,201
2026-10-08T16:19:55Z,hanover-park,Connect Hanover Park,hanoverparkpdil,183,https://connecthanoverpark.org,Hanover Park,IL,41.98814,-88.14554,https://hanoverparkpdil.fususregistry.com/camera-registry,https://cdn.swell.store/fusus-atlanta/6a2857b983f5090012a5937c/e2f65700b965ac898e166f62d9daea28,ok,2026-10-08T16:22:16Z,200,,https://api.fususone.com/api/public/organizations/hanoverparkpdil/stats/,,1,0,70,70,0,225,66
2026-10-08T16:19:55Z,melrose-park,Connect Melrose Park,melroseparkpdil,184,https://connectmelrosepark.org,Melrose Park,IL,41.8908,-87.85614,https://melroseparkpdil.fususregistry.com/camera-registry,https://cdn.swell.store/fusus-atlanta/69c14ec1a1dc740012a3ca54/172f2231d3a240f33aa0fe1c4c8282a2,ok,2026-10-08T16:23:09Z,200,,https://api.fususone.com/api/public/organizations/melroseparkpdil/stats/,,1,36,237,197,40,0,193
2026-10-08T16:19:55Z,new-london,Connect New London,newlondonpdct,185,https://connectnewlondon.org,New London,CT,41.35715,-72.09595,https://newlondonpdct.fususregistry.com/camera-registry,https://cdn.swell.store/fusus-atlanta/6a58dca610f88600123785d9/67c29974356fd01d9996d07fa5f8294a,ok,2026-10-08T16:23:32Z,200,,https://api.fususone.com/api/public/organizations/newlondonpdct/stats/,,1,0,6,6,0,0,3
2026-10-08T16:19:55Z,plano,Keep Plano Safe,planotx,186,https://keepplanosafe.org,Plano,TX,33.0183744,-96.7026729,https://planotx.fususregistry.com/camera-registry,https://cdn.swell.store/fusus-atlanta/672e76d2cc460900125159a1/67eecf27c8970353b6fdf90bb3c72260/background.jpg,ok,2026-10-08T16:24:06Z,200,,https://api.fususone.com/api/public/organizations/planotx/stats/,,1,26,324,324,0,500,316
2026-10-08T16:19:55Z,modesto,Connect Modesto,modestopd,187,https://connectmodesto.org,Modesto,CA,37.6412366,-121.0001459,https://modestopd.fususregistry.com/camera-registry,https://cdn.swell.store/fusus-atlanta/66f44c9aa208e500125e711f/586a2359257e4c49a351e10a2b91ac88/background.jpg,ok,2026-10-08T16:23:20Z,200,,https://api.fususone.com/api/public/organizations/modestopd/stats/,,1,89,429,413,16,1500,392
2026-10-08T16:19:55Z,arlington-heights,Connect Arlington Heights,arlingtonheightspd,188,https://connectarlingtonheights.org,Arlington Heights,IL,42.0812907,-87.97898599999999,https://arlingtonheightspd.fususregistry.com/camera-registry,https://cdn.swell.store/fusus-atlanta/669ea430604fae0012a50b8c/81f9ac382da3a355e00644337dbb5f2d/background.jpg,ok,2026-10-08T16:20:12Z,200,,https://api.fususone.com/api/public/organizations/arlingtonheightspd/stats/,,1,652,1142,379,763,1500,363
2026-10-08T16:19:55Z,kalamazoo,Connect Kalamazoo,kalamazoodps,189,https://connectkalamazoo.org,Kalamazoo,MI,42.2796901,-85.58145929999999,https://kalamazoodps.fususregistry.com/camera-registry,https://cdn.swell.store/fusus-atlanta/66edc52babc5590012feb3e1/4c05a9b4f74f67f25d1c1f833278d2ac/background.jpg,ok,2026-10-08T16:22:36Z,200,,https://api.fususone.com/api/public/organizations/kalamazoodps/stats/,,1,837,1104,1104,0,1500,1093
2026-10-08T16:19:55Z,bristol,Connect Bristol,bristolctpd,190,https://connectbristolpd.org,Bristol,CT,41.67428,-72.94684,https://bristolctpd.fususregistry.com/camera-registry,https://cdn.swell.store/fusus-atlanta/6a873881b2f80b00133f192c/6933d949d172e30c9a0a663d42989084?width=1800&height=700,ok,2026-10-08T16:20:34Z,200,,https://api.fususone.com/api/public/organizations/bristolctpd/stats/,,1,2,13,13,0,0,0
2026-10-08T16:19:55Z,harvey,Connect Harvey,harveypdil,191,https://connectharvey.org,Harvey,IL,41.61201,-87.6709,https://harveypdil.fususregistry.com/camera-registry,https://cdn.swell.store/fusus-atlanta/685e998108063500124713f5/7f6f4a1983ba69266c1b794b19cdeec6?width=1024&height=400&anchor=top,ok,2026-10-08T16:22:19Z,200,,https://api.fususone.com/api/public/organizations/harveypdil/stats/,,1,0,55,55,0,1500,34
2026-10-08T16:19:55Z,fount-valley,SafeFV,fountainvalleypdca,192,https://safefv.org,Fountain Valley,CA,33.70887,-117.95215,https://fountainvalleypdca.fususregistry.com/camera-registry,https://cdn.swell.store/fusus-atlanta/6a43d413f8a885001223f6d0/7b6aeea26329d23e43aee4701c35c168,ok,2026-10-08T16:22:03Z,200,,https://api.fususone.com/api/public/organizations/fountainvalleypdca/stats/,,1,0,6,6,0,0,4
2026-10-08T16:19:55Z,tucson,Connect Tucson,tucsonpd,193,https://connecttucson.org,Tucson,AZ,32.21758,-110.97135,https://tucsonpd.fususregistry.com/camera-registry,https://cdn.swell.store/fusus-atlanta/681b589ad4707a0012564f1a/18d8e4e39344fe5b011c70a70bd35585,ok,2026-10-08T16:25:09Z,200,,https://api.fususone.com/api/public/organizations/tucsonpd/stats/,,1,1329,637,466,0,1500,467
2026-10-08T16:19:55Z,crestwood,Connect Crestwood,crestwoodpdil,194,https://connectcrestwood.org,Crestwood,MN,45.55929,-94.16653,https://crestwoodpdil.fususregistry.com/camera-registry,https://cdn.swell.store/fusus-atlanta/6a0606b3ceb2e000128f0ed8/a451959b0b37ec4f1647922176c2508f?width=1600&height=600,ok,2026-10-08T16:21:24Z,200,,https://api.fususone.com/api/public/organizations/crestwoodpdil/stats/,,1,0,118,4,114,0,0
2026-10-08T16:19:55Z,kennesaw,Connect Kennesaw,kennesawpd,195,https://keepkennesawsafe.org,Kennesaw,GA,34.02317560000001,-84.6168008,https://kennesawpd.fususregistry.com/camera-registry,https://d33wubrfki0l68.cloudfront.net/38e8deb9aedcedc18bf1dc58321b467491b6245a/0fd6e/background.jpg,ok,2026-10-08T16:22:38Z,200,,https://api.fususone.com/api/public/organizations/kennesawpd/stats/,,1,566,9240,257,34,500,256
2026-10-08T16:19:55Z,wilmington,Connect Wilmington,wilmingtonnc,196,https://keepwilmingtonsafe.org,Wilmington,NC,34.25302,-77.94172,https://wilmingtonnc.fususregistry.com/camera-registry,https://cdn.swell.store/fusus-atlanta/6a284efd666b6e00127faa44/54664d5a3bc4cf7e943b2da794c5c304,ok,2026-10-08T16:25:28Z,200,,https://api.fususone.com/api/public/organizations/wilmingtonnc/stats/,,1,2,712,696,0,10000,696
2026-10-08T16:19:55Z,novato,Connect Novato,novatopdca,197,https://connect.novato.gov,Novato,CA,38.10672,-122.56945,https://novatopdca.fususregistry.com/camera-registry,https://cdn.swell.store/fusus-atlanta/69ea6bb6628aaf0012653b72/d62c6a866d9abf3afb1c5ecbd093352d?width=1600&height=600,ok,2026-10-08T16:23:40Z,200,,https://api.fususone.com/api/public/organizations/novatopdca/stats/,,1,667,42,42,0,0,42
2026-10-08T16:19:55Z,la-county,Connect Los Angeles County,lasd,198,https://connectlosangelescounty.org,Los Angeles County,CA,34.055938,-118.2425089,https://lasd.fususregistry.com/camera-registry,https://cdn.swell.store/fusus-atlanta/66297a066439250012d20317/aa99fa9347103bdfcfb194c81be10898/background.jpg,ok,2026-10-08T16:22:50Z,200,,https://api.fususone.com/api/public/organizations/lasd/stats/,,1,2197,2999,1595,1404,1500,442
2026-10-08T16:19:55Z,north-charles,Connect North Charleston,northcharlestonpd,199,https://connectncpd.org,North Charleston,SC,32.8767327,-80.01245999999999,https://northcharlestonpd.fususregistry.com/camera-registry,https://cdn.schema.io/fusus-atlanta/633331bea017c700132f2d46/bc4264b4feac81050191793073a8f475?width=1600&height=800,ok,2026-10-08T16:23:37Z,200,,https://api.fususone.com/api/public/organizations/northcharlestonpd/stats/,,1,1369,536,291,71,10000,283
2026-10-08T16:19:55Z,charlotte-co,Connect Charlotte County,charlottecounty,200,https://connectcharlottecounty.org,Charlotte County,FL,26.9215725,-82.00349150000001,https://charlottecounty.fususregistry.com/camera-registry,https://cdn.swell.store/fusus-atlanta/66aa534bd5af0000129192f3/cc7ecfdeb3a0773d5f5d453f04cf3d7d/background.jpg,ok,2026-10-08T16:20:47Z,200,,https://api.fususone.com/api/public/organizations/charlottecounty/stats/,,1,2333,3826,353,3391,1500,330
2026-10-08T16:19:55Z,spartanburg,Connect Spartanburg,spartanburgpd,201,https://safespartanburg.org,Spartanburg,SC,34.9493949,-81.94138099999999,https://spartanburgpd.fususregistry.com/camera-registry,https://cdn.swell.store/fusus-atlanta/66f6c0eb203c67001127eea6/1c4134a35515b744679ded623c59524b/background.jpg,ok,2026-10-08T16:24:52Z,200,,https://api.fususone.com/api/public/organizations/spartanburgpd/stats/,,1,187,674,670,4,500,670
2026-10-08T16:19:55Z,bradenton,Connect Bradenton,bradentonfl,202,https://bradentonconnect.org,Bradenton,FL,27.4986917,-82.5723378,https://bradentonfl.fususregistry.com/camera-registry,https://cdn.swell.store/fusus-atlanta/669ff30aebbe4e0012e54bae/a46d12ffda6cc2809d610f3c9b91d711/background.jpg,ok,2026-10-08T16:20:32Z,200,,https://api.fususone.com/api/public/organizations/bradentonfl/stats/,,1,319,3158,267,2891,1500,258
2026-10-08T16:19:55Z,pasco,OnePasco,pascopdwa,203,https://onepasco.org,Pasco,WA,46.23619,-119.09009,https://pascopdwa.fususregistry.com/camera-registry,https://cdn.swell.store/fusus-atlanta/69d6786ce537ae0012073415/e9f910afd99e910554d1de5efc8c4ba2,ok,2026-10-08T16:23:55Z,200,,https://api.fususone.com/api/public/organizations/pascopdwa/stats/,,1,88,148,148,0,150,142
2026-10-08T16:19:55Z,hood-co,Connect Hood County,hoodcoso,204,https://connecthoodcounty.org,Hood County,TX,32.44456,-97.80503,https://hoodcoso.fususregistry.com/camera-registry,https://cdn.swell.store/fusus-atlanta/69f4b17de798d40012f4f8ae/7fb8d28f4f3c0bf67a31fa1f22e797ea,ok,2026-10-08T16:22:26Z,200,,https://api.fususone.com/api/public/organizations/hoodcoso/stats/,,1,0,222,222,0,0,222
2026-10-08T16:19:55Z,bernalillo,Connect Bernalillo County,bernalillo,205,https://connectbernalillocounty.org,Bernalillo County,NM,35.0888909,-106.6514194,https://bernalillo.fususregistry.com/camera-registry,https://cdn.swell.store/fusus-atlanta/66450dc0c407f20012153e3a/d47d7b834363e8920950fe3b064e1801/background.jpg,ok,2026-10-08T16:20:24Z,200,,https://api.fususone.com/api/public/organizations/bernalillo/stats/,,1,216,453,373,80,500,293
2026-10-08T16:19:55Z,san-joaquin-co,ConnectSJSO,sanjoaquincsoca,206,https://connectsjso.org,San Joaquin County,CA,37.88636,-121.29631,https://sanjoaquincsoca.fususregistry.com/camera-registry,https://cdn.swell.store/fusus-atlanta/6a0c6f7ca06b660012a6defb/af15ba184333d0bf34254427097b182c,ok,2026-10-08T16:24:33Z,200,,https://api.fususone.com/api/public/organizations/sanjoaquincsoca/stats/,,1,152,131,63,68,0,62
2026-10-08T16:19:55Z,webb-co,Connect Webb County,webbcountyso,207,https://connectwebbcounty.org,Webb County,TX,27.50831,-99.50534,https://webbcountyso.fususregistry.com/camera-registry,https://cdn.swell.store/fusus-atlanta/683eebdad186cd00120b2cf6/2a8ccf340574341f1acf6de212fa03c0?width=1600&height=600,ok,2026-10-08T16:25:22Z,200,,https://api.fususone.com/api/public/organizations/webbcountyso/stats/,,1,0,279,279,0,2000,275
2026-10-08T16:19:55Z,daly-city,Connect Daly City,dalycitypdca,208,https://connectdalycity.org,Daly City,CA,37.69092,-122.47318,https://dalycitypdca.fususregistry.com/camera-registry,https://cdn.swell.store/fusus-atlanta/69124285b10f380012bc9b0e/dd7149ad3a7553dc2b99c98441e1de37?width=1200&height=500,ok,2026-10-08T16:21:27Z,200,,https://api.fususone.com/api/public/organizations/dalycitypdca/stats/,,1,29,94,53,41,450,22
2026-10-08T16:19:55Z,calcasieu-parish,Connect Calcasieu Parish,calcasieusheriff,209,https://connectcalcasieuparish.org,Calcasieu Parish,LA,30.2266423,-93.1420026,https://calcasieusheriff.fususregistry.com/camera-registry,https://cdn.swell.store/fusus-atlanta/67ae5a643da5f60011249003/bdfe39f1eef58229fb94926cabf9cf54,ok,2026-10-08T16:20:40Z,200,,https://api.fususone.com/api/public/organizations/calcasieusheriff/stats/,,1,3,98,98,0,10000,98
2026-10-08T16:19:55Z,st-lucie,Connect St Lucie County,stluciesheriff,210,https://connectstlucie.org,St. Lucie County,FL,27.375372,-80.3729644,https://stluciesheriff.fususregistry.com/camera-registry,https://cdn.swell.store/fusus-atlanta/663a7ca2c6181e00127f6b3a/3a66aac32ebe65233468293e93d580e0/background.jpg,ok,2026-10-08T16:25:01Z,200,,https://api.fususone.com/api/public/organizations/stluciesheriff/stats/,,1,831,124,124,0,1500,72
2026-10-08T16:19:55Z,east-baton-ro,Connect East Baton Rouge,eastbatonrougesola,211,https://keepeastbatonrougesafe.org,East Baton Rouge,LA,30.52886,-91.15695,https://eastbatonrougesola.fususregistry.com/camera-registry,https://cdn.swell.store/fusus-atlanta/69160e7aef96cd00128c45e5/9588fbd4183f408867d32242464a8044,ok,2026-10-08T16:21:43Z,200,,https://api.fususone.com/api/public/organizations/eastbatonrougesola/stats/,,1,28,66,27,39,500,27
2026-10-08T16:19:55Z,st-john,Connect St. Johns,stjohnscountyso,212,https://connectstjohns.org,St. Johns County,FL,29.9409433,-81.3365895,https://stjohnscountyso.fususregistry.com/camera-registry,https://cdn.swell.store/fusus-atlanta/665f5f1ff1ded00012815d00/0fe5c7ead0bb27c5319fa1ddd5ae4431/background-1.jpg,ok,2026-10-08T16:25:00Z,200,,https://api.fususone.com/api/public/organizations/stjohnscountyso/stats/,,1,1710,1336,1150,186,1500,1104
2026-10-08T16:19:55Z,shawnee-co,Connect Shawnee County and the City of Topeka,shawneecosheriff,213,https://connectshawneecounty.org,Shawnee County and the City of Topeka,KS,39.0546256,-95.670327,https://shawneecosheriff.fususregistry.com/camera-registry,https://cdn.swell.store/fusus-atlanta/66ba12639942fe0012aa7f99/d80642bc13ef07ed66a0874638a03100/background.jpg,ok,2026-10-08T16:24:46Z,200,,https://api.fususone.com/api/public/organizations/shawneecosheriff/stats/,,1,1203,2249,648,1601,500,548
2026-10-08T16:19:55Z,cumming,Connect Cumming,cummingpdga,214,https://connectcumming.org,Cumming,GA,34.20352,-84.14069,https://cummingpdga.fususregistry.com/camera-registry,https://cdn.swell.store/fusus-atlanta/6967cfeae018d50012dd9460/714946060a958b0107bfd6e5ec4f9f76,ok,2026-10-08T16:21:25Z,200,,https://api.fususone.com/api/public/organizations/cummingpdga/stats/,,1,5,3116,177,367,1500,159
2026-10-08T16:19:55Z,buncombe-co,Connect Buncombe County,buncombesheriff,215,https://connectbcso.org,Buncombe County,NC,35.5959908,-82.54859979999999,https://buncombesheriff.fususregistry.com/camera-registry,https://cdn.swell.store/fusus-atlanta/679a417c40680e00125fbc18/c1bee6d67c3f7493793dfdd114320d9b/background-1.jpg,ok,2026-10-08T16:20:38Z,200,,https://api.fususone.com/api/public/organizations/buncombesheriff/stats/,,1,568,2693,441,2252,4500,316
2026-10-08T16:19:55Z,lynchburg,Hill City Connect,lynchburgpd,216,https://hillcityconnect.com,Lynchburg,VA,37.4133299,-79.1444442,https://lynchburgpd.fususregistry.com/camera-registry,https://cdn.swell.store/fusus-atlanta/675b0da1aafd1900125f9d68/eec5f22dc4776317a83844b7a41ccc70/background-1.webp,ok,2026-10-08T16:23:01Z,200,,https://api.fususone.com/api/public/organizations/lynchburgpd/stats/,,1,1390,749,749,0,1500,731
2026-10-08T16:19:55Z,renton,Connect Renton,rentonpdwa,217,https://connectrenton.org,Renton,WA,47.47487,-122.20469,https://rentonpdwa.fususregistry.com/camera-registry,https://cdn.swell.store/fusus-atlanta/69a1b52e9a457c0012fd05f5/d8dfaa2972c93b75cf5e6d5f8a329ac8,ok,2026-10-08T16:24:17Z,200,,https://api.fususone.com/api/public/organizations/rentonpdwa/stats/,,1,1328,237,237,0,0,219
2026-10-08T16:19:55Z,newton-county,Connect Newton County,newtonsheriff,218,https://connectnewtoncounty.org,Newton County,GA,33.6291682,-83.8314752,https://newtonsheriff.fususregistry.com/camera-registry,https://cdn.swell.store/fusus-atlanta/6627b416ac037d0012448c44/9e86dafa4c1e1907c5b35a191cb9bf1c/background.jpg,ok,2026-10-08T16:23:35Z,200,,https://api.fususone.com/api/public/organizations/newtonsheriff/stats/,,1,348,3538,523,52,150,520
2026-10-08T16:19:55Z,los-gatos,Community Protecht,losgatospdca,219,https://communityprotecht.org,Los Gatos,CA,37.22062,-121.9787,https://losgatospdca.fususregistry.com/camera-registry,https://cdn.swell.store/fusus-atlanta/6a0609ec208ca30012e54eb1/b5243d1e0bfd3b6e7095ff2760d3cd61?width=1400&height=600,ok,2026-10-08T16:22:59Z,200,,https://api.fususone.com/api/public/organizations/losgatospdca/stats/,,1,0,39,39,0,0,34
2026-10-08T16:19:55Z,jefferson-co,Connect Jefferson County,jeffersoncountysheriff,220,https://connectjeffersoncounty.org,Jefferson County,AL,33.523177,-86.8075008,https://jeffersoncountysheriff.fususregistry.com/camera-registry,https://cdn.schema.io/fusus-atlanta/62c85f2cff93d40012c3ca31/28b70a53345d4db7ce77a00eca157c45?width=1600&height=600,ok,2026-10-08T16:22:35Z,200,,https://api.fususone.com/api/public/organizations/jeffersoncountysheriff/stats/,,1,1473,2674,1788,808,1500,1786
2026-10-08T16:19:55Z,sandy-springs,Connect Sandy Springs,sandyspringspd,221,https://connectsandyspringsga.org,Sandy Springs,GA,33.9713107,-84.3595536,https://sandyspringspd.fususregistry.com/camera-registry,https://cdn.schema.io/fusus-atlanta/642c34591988f800124922b3/3aacd0a9db29442b8dcb3b9d054c0a15,ok,2026-10-08T16:24:32Z,200,,https://api.fususone.com/api/public/organizations/sandyspringspd/stats/,,1,879,15236,301,4382,7782,298
2026-10-08T16:19:55Z,manchester,Connect Manchester,cityofmanchester,222,https://connectmanchester.org,City of Manchester,NH,42.9810484,-71.4522921,https://cityofmanchester.fususregistry.com/camera-registry,https://cdn.schema.io/fusus-atlanta/6399ee90836d660012851959/25bd615a41844581457be8891339bf90,ok,2026-10-08T16:21:00Z,200,,https://api.fususone.com/api/public/organizations/cityofmanchester/stats/,,1,584,1006,436,570,1500,434
2026-10-08T16:19:55Z,dallas,Connect Dallas,dallaspd,223,https://connectdallas.org,Dallas,TX,32.7679623,-96.7954821,https://dallaspd.fususregistry.com/camera-registry,https://cdn.swell.store/fusus-atlanta/66213857bf71b6001275ba37/bf2dcf9de5badc1bb5cf94cdcfb63abb/background-1.jpg,ok,2026-10-08T16:21:26Z,200,,https://api.fususone.com/api/public/organizations/dallaspd/stats/,,1,4067,1530,1171,358,1500,1077
2026-10-08T16:19:55Z,alsip,Connect Alsip,alsipil,224,https://connectalsip.org,Alsip,IL,41.6548585,-87.7300303,https://alsipil.fususregistry.com/camera-registry,https://cdn.swell.store/fusus-atlanta/669ab3464733dd0012c7d072/a932af59503e21e982530cf99ef9fec1/background-1.jpg,ok,2026-10-08T16:20:04Z,200,,https://api.fususone.com/api/public/organizations/alsipil/stats/,,1,740,977,930,26,1500,979
2026-10-08T16:19:55Z,metro-dc,CameraConnectDC,dcmetro,225,https://cameraconnectdc.org,Washington DC,DC,38.8769075,-77.01286220000001,https://dcmetro.fususregistry.com/camera-registry,https://cdn.swell.store/fusus-atlanta/67c62487e62e0d00113bf6f1/55019d4f6f0b49bc816e9c6186f0978a,ok,2026-10-08T16:21:30Z,200,,https://api.fususone.com/api/public/organizations/dcmetro/stats/,,1,44206,1454,1259,119,4500,1127
2026-10-08T16:19:55Z,hampton,Connect Hampton,hamptonpdva,226,https://connecthampton.org,Hampton,VA,37.02888,-76.34321,https://hamptonpdva.fususregistry.com/camera-registry,https://cdn.swell.store/fusus-atlanta/682f2ccfe2153b00122277ce/17fc6e51a336f20ee0c4e63ea8b3dbc5?width=800&height=800,ok,2026-10-08T16:22:15Z,200,,https://api.fususone.com/api/public/organizations/hamptonpdva/stats/,,1,2,162,161,1,1,153
2026-10-08T16:19:55Z,madison,Connect Madison,madisonthecity,227,https://connectmadison.org,Madison,MS,32.4642742,-90.12283819999999,https://madisonthecity.fususregistry.com/camera-registry,https://cdn.swell.store/fusus-atlanta/662036a5d627de00120224ba/6121cf85fe8e270f029a137e5f572721/background.jpg,ok,2026-10-08T16:23:02Z,200,,https://api.fususone.com/api/public/organizations/madisonthecity/stats/,,1,33,170,85,0,1500,62
2026-10-08T16:19:55Z,uni-alaska,Connect University of Alaska Fairbanks,,228,https://connectuaf.org,University of Alaska Fairbanks,AK,64.85846,-147.82212,,https://cdn.swell.store/fusus-atlanta/6a43bf98265b5f00121e7954/a0e03033d3bd054b22ec0b99d385e80b?width=1800&height=700,missing_org,,,No valid public organization identifier. No request made.,,,,,,,,,
2026-10-08T16:19:55Z,wheaton,Connect Wheaton,wheatonpd,229,https://connectwheaton.org,Wheaton,IL,41.863781,-88.12067789999999,https://wheatonpd.fususregistry.com/camera-registry,https://cdn.swell.store/fusus-atlanta/66ff00828da57200122eadf6/f6c50b06fc81cfbab926ebc132c7d40e/background.jpg,ok,2026-10-08T16:25:24Z,200,,https://api.fususone.com/api/public/organizations/wheatonpd/stats/,,1,428,535,535,0,1500,531
2026-10-08T16:19:55Z,savannah,Connect Savannah,savannahpd,230,https://keepsavannahsafe.org,Savannah,GA,32.0182983,-81.1111015,https://savannahpd.fususregistry.com/camera-registry,https://d33wubrfki0l68.cloudfront.net/983a2c230fe10a1c080fa9491091082cde8606b8/019fa/background.jpg,ok,2026-10-08T16:24:39Z,200,,https://api.fususone.com/api/public/organizations/savannahpd/stats/,,1,1173,9269,304,23,1500,304
2026-10-08T16:19:55Z,shelby,Connect Shelby County,shelbycoso,231,https://connect2shelbycounty.org,Shelby County,TN,35.149049,-90.0479869,https://shelbycoso.fususregistry.com/camera-registry,https://cdn.swell.store/fusus-atlanta/664ded889a9752001267d52b/30de88cc05ca38ce2daf36fab25953a7/background.jpg,ok,2026-10-08T16:24:47Z,200,,https://api.fususone.com/api/public/organizations/shelbycoso/stats/,,1,1309,2379,181,123,1500,152
2026-10-08T16:19:55Z,bend,Connect Bend,bendpd,232,https://bendconnect.org,Bend,OR,44.056,-121.2846452,https://bendpd.fususregistry.com/camera-registry,https://cdn.swell.store/fusus-atlanta/6643ab93c6e6040012c040f2/cf92d45ad98764e2be9ac0f035b495e5/background.jpg,ok,2026-10-08T16:20:22Z,200,,https://api.fususone.com/api/public/organizations/bendpd/stats/,,1,785,322,254,68,150,210
2026-10-08T16:19:55Z,fort-dodge,Fort Dodge CARES,fortdodgepdia,233,https://fortdodgecares.org,Fort Dodge,IA,42.50444,-94.18813,https://fortdodgepdia.fususregistry.com/camera-registry,https://cdn.swell.store/fusus-atlanta/6a846f3820b4cd00127abfeb/b88fbf37301d61dcc0f8e6e37e7505e7?width=1600&height=500,ok,2026-10-08T16:22:01Z,200,,https://api.fususone.com/api/public/organizations/fortdodgepdia/stats/,,1,13,57,57,0,0,57
2026-10-08T16:19:55Z,martin-co,Connect Martin County,martincountyso,234,https://martinconnect.org,Martin County,FL,27.1719387,-80.2419354,https://martincountyso.fususregistry.com/camera-registry,https://cdn.swell.store/fusus-atlanta/66f32329bd349000124b8f2e/9adf72d16629f7ee20c9e55ffc5b4c9c/background.jpg,ok,2026-10-08T16:23:06Z,200,,https://api.fususone.com/api/public/organizations/martincountyso/stats/,,2,1149,6030,585,5179,1500,504
2026-10-08T16:19:55Z,el-cajon,Connect El Cajon,elcajonpdca,235,https://connectelcajon.org,El Cajon,CA,32.79717,-116.96094,https://elcajonpdca.fususregistry.com/camera-registry,https://cdn.swell.store/fusus-atlanta/6925d72b2ca2da001280cddf/1a19a8b7b485eaabde2e159b401f2eaa,ok,2026-10-08T16:21:45Z,200,,https://api.fususone.com/api/public/organizations/elcajonpdca/stats/,,1,51,221,185,36,0,167
2026-10-08T16:19:55Z,va-beach,Connect Virginia Beach,virginiabeachpd,236,https://keepvirginiabeachsafe.org,Virginia Beach,VA,36.7510134,-76.05741689999999,https://virginiabeachpd.fususregistry.com/camera-registry,https://cdn.swell.store/fusus-atlanta/665f43ead4472400129db611/2dc46277b39694c80fc8be09088b1bef/background.jpg,ok,2026-10-08T16:25:16Z,200,,https://api.fususone.com/api/public/organizations/virginiabeachpd/stats/,,1,1447,3308,647,1409,2000,636
2026-10-08T16:19:55Z,san-marcos,Connect San Marcos,sanmarcospdtx,237,https://connectsanmarcos.org,San Marcos,TX,29.85499,-97.9575,https://sanmarcospdtx.fususregistry.com/camera-registry,https://cdn.swell.store/fusus-atlanta/68b9fa4bf7d6f300115a85d4/d5a22925fca4041f97213e8d26646b5d?width=1500&height=600,ok,2026-10-08T16:24:35Z,200,,https://api.fususone.com/api/public/organizations/sanmarcospdtx/stats/,,1,63,78,78,0,10000,78
2026-10-08T16:19:55Z,cary,Connect Cary,carypd,238,https://connect-cary-5e5b2c77.netlify.app,Cary,NC,35.78991,-78.77959,https://carypd.fususregistry.com/camera-registry/,https://cdn.swell.store/fusus-atlanta/664395b1f4f28f001282c2ee/4b927cf1d010f1ffd6a3c167aef0ba7c/background.jpg,ok,2026-10-08T16:20:45Z,200,,https://api.fususone.com/api/public/organizations/carypd/stats/,,1,37,1273,851,0,1500,850
2026-10-08T16:19:55Z,prairie-village,Connect Prairie Village,prairievillagepdks,239,https://connectprairievillage.org,Prairie Village,KS,38.98873,-94.63226,https://prairievillagepdks.fususregistry.com/camera-registry,https://cdn.swell.store/fusus-atlanta/682c82b0a943b300128aa0bd/03d9e7d435efa954722fe75008fc662b,ok,2026-10-08T16:24:11Z,200,,https://api.fususone.com/api/public/organizations/prairievillagepdks/stats/,,1,129,1490,327,320,1500,312
2026-10-08T16:19:55Z,shreveport,Connect Shreveport,cityofshreveport,240,https://connectshreveport.org,Shreveport,LA,32.5130858,-93.75080679999999,https://cityofshreveport.fususregistry.com/camera-registry,https://cdn.schema.io/fusus-atlanta/635ac0e93454270012d8216a/e76403292e365598fb9749c6747d88ac?width=2000&height=800,ok,2026-10-08T16:21:06Z,200,,https://api.fususone.com/api/public/organizations/cityofshreveport/stats/,,1,1141,2862,2348,514,1500,2360
2026-10-08T16:19:55Z,new-brunswick,Connect New Brunswick,newbrunswickpdnj,241,https://connectnewbrunswick.org,New Brunswick,NJ,40.49352,-74.4461,https://newbrunswickpdnj.fususregistry.com/camera-registry,https://cdn.swell.store/fusus-atlanta/699878bc5de50b00121fab8b/f7e76feb6a22bd138a539aea80186430?width=1400&height=500,ok,2026-10-08T16:23:29Z,200,,https://api.fususone.com/api/public/organizations/newbrunswickpdnj/stats/,,1,0,123,123,0,0,123
2026-10-08T16:19:55Z,rankin-co,Connect Rankin County,rankincounty,242,https://connectrankincounty.org,Rankin County,MS,32.2747811,-89.98586340000001,https://rankincounty.fususregistry.com/camera-registry,https://cdn.schema.io/fusus-atlanta/6399fe66c6cd8b0012b6a742/8a1f64d08b3c0e9ab7d62504ddefae66,ok,2026-10-08T16:24:14Z,200,,https://api.fususone.com/api/public/organizations/rankincounty/stats/,,1,0,368,266,58,1500,261
2026-10-08T16:19:55Z,charlotte-mecklenburg,Connect Charlotte,charlottemecklenburg,243,https://connectcharlotte.org,Charlotte,NC,35.2226924,-80.83722440000001,https://charlottemecklenburg.fususregistry.com/camera-registry,https://cdn.swell.store/fusus-atlanta/6627f4b3baa70000121a2c81/3e3e702b07dfcd2abd655b995369bf15/background.jpg,ok,2026-10-08T16:20:48Z,200,,https://api.fususone.com/api/public/organizations/charlottemecklenburg/stats/,,1,3166,1823,1618,21,1500,1472
2026-10-08T16:19:55Z,overland-park,Secure OP,overlandparkpdks,244,https://secureop.org,Overland Park,KS,38.90424,-94.673009,https://overlandparkpdks.fususregistry.com/camera-registry,https://cdn.swell.store/fusus-atlanta/6970e80b7b7d970012eed483/09ce499e2bdcb6e62faec6a84ebc8f89,ok,2026-10-08T16:23:54Z,200,,https://api.fususone.com/api/public/organizations/overlandparkpdks/stats/,,1,7,1089,555,0,1500,542
2026-10-08T16:19:55Z,lake-co,Connect Lake County,lakecountysheriff,245,https://connectlakecounty.org,Lake County,FL,28.8014428,-81.7306089,https://lakecountysheriff.fususregistry.com/camera-registry,https://cdn.schema.io/fusus-atlanta/636e794da29dfe0012fa3232/7d08b18f70d224342f9eeb068cde2185?width=1600&height=800,ok,2026-10-08T16:22:47Z,200,,https://api.fususone.com/api/public/organizations/lakecountysheriff/stats/,,1,2266,6360,105,5760,1500,80
2026-10-08T16:19:55Z,boca-raton,Connect BRPD,bocaratonpdfl,246,https://connectbrpd.org,Boca Raton,FL,26.35219,-80.08903,https://bocaratonpdfl.fususregistry.com/camera-registry,https://cdn.swell.store/fusus-atlanta/6893541c38df6c001268b385/6ddff855733a75f8aba7bf9785df9abb?width=1600&height=650,ok,2026-10-08T16:20:29Z,200,,https://api.fususone.com/api/public/organizations/bocaratonpdfl/stats/,,1,5,911,677,8,0,654
2026-10-08T16:19:55Z,indian-river,Connect Indian River County,indianriversheriff,247,https://connectindianrivercounty.org,Indian River County,FL,27.6659573,-80.4281041,https://indianriversheriff.fususregistry.com/camera-registry/,https://cdn.swell.store/fusus-atlanta/66ace6bec259b00012cb039a/d96451b8baabc458bbd965d321b9f384/background.jpg,ok,2026-10-08T16:22:30Z,200,,https://api.fususone.com/api/public/organizations/indianriversheriff/stats/,,1,224,2492,808,1530,1500,738
2026-10-08T16:19:55Z,seattle,Connect Seattle,seattlepd,248,https://communityconnectseattle.org,Seattle,WA,47.60444,-122.32931,https://seattlepd.fususregistry.com/camera-registry,https://cdn.swell.store/fusus-atlanta/6931ce3b7acb980012fe23a1/ef07855a9ccbe92212410b85505d5fe4,ok,2026-10-08T16:24:44Z,200,,https://api.fususone.com/api/public/organizations/seattlepd/stats/,,1,888,687,664,0,5000,663
2026-10-08T16:19:55Z,clay-county,Connect Clay County,claycountysheriff,249,https://connectclaycountyso.org,Clay County,FL,30.0036813,-81.6870974,https://claycountysheriff.fususregistry.com/camera-registry,https://cdn.swell.store/fusus-atlanta/665a0d3c467c3f0012046188/076d1af6b523fe290e0ffd032c0438dd/background.jpg,ok,2026-10-08T16:21:09Z,200,,https://api.fususone.com/api/public/organizations/claycountysheriff/stats/,,1,158,3398,3230,126,2000,3225
2026-10-08T16:19:55Z,hillsborough,Connect Hillsborough,hcso,250,https://connecthillsboroughcounty.org,Hillsborough County,FL,27.9616993,-82.4359197,https://hcso.fususregistry.com/camera-registry,https://cdn.schema.io/fusus-atlanta/62ffd7167885f40012dcd3b9/bf8979faa2d133b8361743938109e8ca?width=1600&height=600,ok,2026-10-08T16:22:20Z,200,,https://api.fususone.com/api/public/organizations/hcso/stats/,,1,300,4853,1655,3151,1000,1575
2026-10-08T16:19:55Z,brunswick,Connect Brunswick,brunswickpdga,251,https://connectbrunswick.org,Brunswick,GA,31.14607,-81.49506,https://brunswickpdga.fususregistry.com/camera-registry,https://cdn.swell.store/fusus-atlanta/6a71e1b70880800012dfe54a/26c27a9ab84489a683a6a7679f6c4b67,ok,2026-10-08T16:20:37Z,200,,https://api.fususone.com/api/public/organizations/brunswickpdga/stats/,,1,0,3,3,0,0,3
2026-10-08T16:19:55Z,sparks,Connect Sparks,sparkspdnv,252,https://connectsparks.org,Sparks,NV,39.54183,-119.71018,https://sparkspdnv.fususregistry.com/camera-registry,https://cdn.swell.store/fusus-atlanta/688261f4e956980012ff49b5/236bfd7886a42739c056c8aa050ad9a9,ok,2026-10-08T16:24:51Z,200,,https://api.fususone.com/api/public/organizations/sparkspdnv/stats/,,1,244,749,216,0,500,202
2026-10-08T16:19:55Z,dothan,Connect Dothan,dothanpd,253,https://connectdothanpd.org,Dothan,AL,31.22621,-85.39064,https://dothanpd.fususregistry.com/camera-registry,https://cdn.swell.store/fusus-atlanta/69dd1a3e87d5f9001318bddf/113e51131d8b17b7245e49d7d58928f8,ok,2026-10-08T16:21:36Z,200,,https://api.fususone.com/api/public/organizations/dothanpd/stats/,,1,0,239,239,0,0,233
2026-10-08T16:19:55Z,greeley,Connect Greeley,greeleypd,254,https://connectgreeley.org,Greeley,CO,40.4235618,-104.7272573,https://greeleypd.fususregistry.com/camera-registry,https://cdn.swell.store/fusus-atlanta/6733796c0dff3100121af687/421ec676bcdeb31cdf7ab13f34f57696/background.jpg,ok,2026-10-08T16:22:08Z,200,,https://api.fususone.com/api/public/organizations/greeleypd/stats/,,1,247,2425,255,2170,1500,239
2026-10-08T16:19:55Z,pomona,Pomona Safe Communities,pomonapd,255,https://pomonasafecommunities.org,Pomona,CA,34.0544968,-117.7539275,https://pomonapd.fususregistry.com/camera-registry,https://cdn.swell.store/fusus-atlanta/66588c11334f4b001246e512/f1f52b654e125f793815736f77bbbf7c/background.jpg,ok,2026-10-08T16:24:08Z,200,,https://api.fususone.com/api/public/organizations/pomonapd/stats/,,1,266,194,179,15,10000,168
2026-10-08T16:19:55Z,colton,Connect Colton,coltonpdca,256,https://connectcolton.org,Colton,CA,34.07188,-117.32258,https://coltonpdca.fususregistry.com/camera-registry,https://cdn.swell.store/fusus-atlanta/6a07274f81082b001387451c/75a16a6cce454eb8bfe75e545fab6712?width=1800&height=600&anchor=bottom,ok,2026-10-08T16:21:18Z,200,,https://api.fususone.com/api/public/organizations/coltonpdca/stats/,,1,348,28,19,9,0,19
2026-10-08T16:19:55Z,lafourche-pa,Connect Lafourche Parish,lafourcheparishso,257,https://connectlafourcheparish.org,Lafourche Parish,LA,29.7979453,-90.8186106,https://lafourcheparishso.fususregistry.com/camera-registry,https://cdn.swell.store/fusus-atlanta/66f1daa0ec65c0001228d8f8/a73587b9e0043c067bd11244cf59dde6/background.jpg?width=1600&height=600,ok,2026-10-08T16:22:44Z,200,,https://api.fususone.com/api/public/organizations/lafourcheparishso/stats/,,1,755,136,136,0,500,136
2026-10-08T16:19:55Z,rocky-mount,Connect Rocky Mount,rockymountpd,258,https://connectrockymount.org,Rocky Mount,NC,35.93994,-77.79878,https://rockymountpd.fususregistry.com/camera-registry/,https://cdn.schema.io/fusus-atlanta/6390b1069516060012166710/1cdbad2a051432e9911bffcb5501779b,ok,2026-10-08T16:24:25Z,200,,https://api.fususone.com/api/public/organizations/rockymountpd/stats/,,1,112,724,672,50,5000,614
2026-10-08T16:19:55Z,columbus-ga,Connect Columbus,columbuspdga,259,https://connectcolumbus.org,"Columbus, Georgia",GA,32.4632615,-84.9855583,https://columbuspdga.fususregistry.com/camera-registry,https://cdn.swell.store/fusus-atlanta/66cdd890dd412000113f97b7/36e295b39cff4b0ef6492ad3c6bb47d4/background.jpg,ok,2026-10-08T16:21:19Z,200,,https://api.fususone.com/api/public/organizations/columbuspdga/stats/,,1,2443,566,566,0,1500,557
2026-10-08T16:19:55Z,oklahoma-city,Connect Oklahoma City,okcpd,260,https://connectoklahomacity.org,Oklahoma City,OK,35.4682986,-97.52523409999999,https://okcpd.fususregistry.com/camera-registry,https://cdn.swell.store/fusus-atlanta/665f5a331269aa001246dbc2/de24d987392cceab10d18dbace355e13/background.jpg,ok,2026-10-08T16:23:49Z,200,,https://api.fususone.com/api/public/organizations/okcpd/stats/,,1,1733,7145,6530,615,1500,2034
2026-10-08T16:19:55Z,springfield,Sync Springfield,springfieldpd,261,https://syncspringfield.org,Springfield,IL,39.7990176,-89.6444556,https://springfieldpd.fususregistry.com/camera-registry,https://cdn.swell.store/fusus-atlanta/66fff416ee8efb0013e1e198/bb04b0ed93916c7c5ccf31b5956dd550/background.jpg,ok,2026-10-08T16:24:54Z,200,,https://api.fususone.com/api/public/organizations/springfieldpd/stats/,,1,1647,2550,2477,0,1500,2452
2026-10-08T16:19:55Z,okaloosa,Connect Okaloosa County,okaloosacounty,262,https://connectokaloosacounty.org,Okaloosa County,FL,30.4421383,-86.5791071,https://okaloosacounty.fususregistry.com/camera-registry,https://cdn.schema.io/fusus-atlanta/63dbff0b064d48001252f8da/924baff7da1d142ff6fc3a60a3f44ea7,ok,2026-10-08T16:23:48Z,200,,https://api.fususone.com/api/public/organizations/okaloosacounty/stats/,,1,783,527,197,262,1500,167
2026-10-08T16:19:55Z,delray-beach,Connect Delray Beach,delraybeach,263,https://connectdelraybeach.org,Delray Beach,FL,26.4609043,-80.07645360000001,https://delraybeach.fususregistry.com/camera-registry,https://cdn.swell.store/fusus-atlanta/6639362073024a00121b9af2/5bd0ccf3b254d889a41fe84440eb6442/background.jpg,ok,2026-10-08T16:21:34Z,200,,https://api.fususone.com/api/public/organizations/delraybeach/stats/,,1,887,524,298,0,500,286
2026-10-08T16:19:55Z,winter-park,Connect Winter Park,winterpark,264,https://connectwinterpark.org,Winter Park,FL,28.6006762,-81.3545535,https://winterpark.fususregistry.com/camera-registry,https://cdn.swell.store/fusus-atlanta/6679cc5a068cc40012a0cd77/bb84d18d3147a3be00165d61b11d5f03/background.jpg,ok,2026-10-08T16:25:30Z,200,,https://api.fususone.com/api/public/organizations/winterpark/stats/,,1,294,1544,1081,0,1500,1073
2026-10-08T16:19:55Z,roswell,Connect Roswell,cityofroswell,265,https://connectroswell.org,Roswell,GA,34.0212662,-84.3595706,https://cityofroswell.fususregistry.com/camera-registry,https://cdn.swell.store/fusus-atlanta/66f6c7e99a2fc700126fb1d1/14badb44683fadce3ac26264c1f1bc38/background.jpg,ok,2026-10-08T16:21:05Z,200,,https://api.fususone.com/api/public/organizations/cityofroswell/stats/,,1,653,10650,509,374,2793,508
2026-10-08T16:19:55Z,adams-co,Connect Adams County,adamscsoco,266,https://connectadamscounty.org,Adams County,CO,39.92375,-104.81276,https://adamscsoco.fususregistry.com/camera-registry,https://cdn.swell.store/fusus-atlanta/699c771d4bc2bb0012e0e6c4/40ebd293558eb7f1d0ccc98d6e55816f,ok,2026-10-08T16:19:59Z,200,,https://api.fususone.com/api/public/organizations/adamscsoco/stats/,,1,156,166,166,0,1500,166
2026-10-08T16:19:55Z,williamson-co,Connect Williamson,williamsoncsotn,267,https://connectwilliamson.org,Williamson County,TN,35.90002,-86.88498,https://williamsoncsotn.fususregistry.com/camera-registry,https://cdn.swell.store/fusus-atlanta/69de8172f6f18c0012a29eb3/3ed5225f7e16095df675e4add1a34e2a,ok,2026-10-08T16:25:27Z,200,,https://api.fususone.com/api/public/organizations/williamsoncsotn/stats/,,1,103,9,9,0,0,0
2026-10-08T16:19:55Z,colorado-springs,Together COS,coloradospringspd,268,https://togethercos.org,Colorado Springs,CO,38.8242393,-104.8218762,https://coloradospringspd.fususregistry.com/camera-registry,https://cdn.swell.store/fusus-atlanta/665a16fb7329a60012ca38fc/4c554540f9ee4484c202005f134c8139/background.jpg,ok,2026-10-08T16:21:17Z,200,,https://api.fususone.com/api/public/organizations/coloradospringspd/stats/,,1,1313,1099,960,139,750,859
2026-10-08T16:19:55Z,apache-jun,Connect Apache Junction,apachejunctionpdaz,269,https://connectaj.org,Apache Junction,AZ,33.42398,-111.54514,https://apachejunctionpdaz.fususregistry.com/camera-registry,https://cdn.swell.store/fusus-atlanta/6a105f9085a37c00126f0fc3/2cc36a5ab51765a1a90127e73b0c4c19,ok,2026-10-08T16:20:10Z,200,,https://api.fususone.com/api/public/organizations/apachejunctionpdaz/stats/,,1,0,199,199,0,225,191
2026-10-08T16:19:55Z,oak-lawn,Connect Oak Lawn,oaklawn,270,https://connectoaklawn.org,Oak Lawn,IL,41.7206392,-87.75319069999999,https://oaklawn.fususregistry.com/camera-registry,https://cdn.swell.store/fusus-atlanta/66c501581988790012cb9f3c/3cc5585420eb2f77137b8ea85524d339/background.jpg,ok,2026-10-08T16:23:44Z,200,,https://api.fususone.com/api/public/organizations/oaklawn/stats/,,1,1426,2205,955,1157,1500,763
2026-10-08T16:19:55Z,orange-county-ca,Connect Orange County,ocsdca,271,https://connectorangecountyca.org,Orange County,CA,33.748935,-117.877167,https://ocsdca.fususregistry.com/camera-registry,https://cdn.swell.store/fusus-atlanta/665f5408aa865e0012fe13c3/bc50bf0788566aaf17390de83a702254/background-1.jpg,ok,2026-10-08T16:23:47Z,200,,https://api.fususone.com/api/public/organizations/ocsdca/stats/,,1,2815,2875,1343,1511,5000,1198
2026-10-08T16:19:55Z,clermont,Connect Clermont,clermontpd,272,https://keepclermontsafe.org,Clermont,FL,28.512831,-81.7247725,https://clermontpd.fususregistry.com/camera-registry,https://cdn.swell.store/fusus-atlanta/66d0b41daad95000122b2bf2/70d2f4673d5a154a0b1adbd55dad244d/background.jpg,ok,2026-10-08T16:21:12Z,200,,https://api.fususone.com/api/public/organizations/clermontpd/stats/,,1,74,664,69,595,150,64
2026-10-08T16:19:55Z,lawton,Connect Lawton,lawtonpdok,273,https://connectlawton.org,Lawton,OK,34.60765,-98.38666,https://lawtonpdok.fususregistry.com/camera-registry,https://cdn.swell.store/fusus-atlanta/69fa0c8ba8de88001226db3d/0c5042a21bf1dca3f972137eb1ef1e3d,ok,2026-10-08T16:22:53Z,200,,https://api.fususone.com/api/public/organizations/lawtonpdok/stats/,,1,0,24,24,0,0,24
2026-10-08T16:19:55Z,springfield-mo,Springfield Safe,springfieldpdmo,274,https://springfieldsafe.org,Springfield,MO,37.21609,-93.2902,https://springfieldpdmo.fususregistry.com/camera-registry,https://cdn.swell.store/fusus-atlanta/68b085ce2854b80012c23531/b118e01bf638f68c0b8e01121adfcec5,ok,2026-10-08T16:24:55Z,200,,https://api.fususone.com/api/public/organizations/springfieldpdmo/stats/,,1,18,313,162,151,0,153
2026-10-08T16:19:55Z,carencro,Connect Carencro,carencropd,275,https://connectcarencro.org,Carencro,LA,30.3262654,-92.049931,https://carencropd.fususregistry.com/camera-registry,https://cdn.swell.store/fusus-atlanta/67ed76f3782968001297c6c7/1a21a31d75e2d348f61c6b85ab3b45de,ok,2026-10-08T16:20:43Z,200,,https://api.fususone.com/api/public/organizations/carencropd/stats/,,1,85,1606,211,12,914,211
2026-10-08T16:19:55Z,tallahassee,Connect Tallahassee,connecttallahassee,276,https://connecttallahassee.org,Tallahassee,FL,30.4584,-84.27912,https://connecttallahassee.fususregistry.com/camera-registry,https://cdn.swell.store/fusus-atlanta/664def5c43aba80012eb5494/aff1ddf6b9c4794ac747df3a7adcc8a5/background.jpg,ok,2026-10-08T16:21:21Z,200,,https://api.fususone.com/api/public/organizations/connecttallahassee/stats/,,1,253,369,369,0,1500,349
2026-10-08T16:19:55Z,anchorage,Safe Anchorage,anchoragepdak,277,https://safeanchorage.org,Anchorage,AK,61.21836,-149.89637,https://anchoragepdak.fususregistry.com/camera-registry,https://cdn.swell.store/fusus-atlanta/69c2963ec34b3d0012df542e/25e5aae6cf5e767b584ad67294e551ee?width=1800&height=600,ok,2026-10-08T16:20:08Z,200,,https://api.fususone.com/api/public/organizations/anchoragepdak/stats/,,1,271,46,24,22,0,24
2026-10-08T16:19:55Z,birmingham,Connect Birmingham,birminghampd,278,https://connectbirmingham.org,Birmingham,AL,33.51278,-86.80953769999999,https://birminghampd.fususregistry.com/camera-registry,https://cdn.swell.store/fusus-atlanta/669ff1372ca5860012bc1c61/a17dd2e6d57bf171a593bae79ee56132/background.jpg,ok,2026-10-08T16:20:27Z,200,,https://api.fususone.com/api/public/organizations/birminghampd/stats/,,1,805,951,280,212,10000,237
2026-10-08T16:19:55Z,boulder,Boulder Community Connect,boulderpdco,279,https://bouldercommunityconnect.org,Boulder,CO,40.01837,-105.25077,https://boulderpdco.fususregistry.com/camera-registry,https://cdn.swell.store/fusus-atlanta/69dcf3a33dad5c0012d7c098/235e2b5d21d7a26860553f0c480cbb70,ok,2026-10-08T16:20:31Z,200,,https://api.fususone.com/api/public/organizations/boulderpdco/stats/,,1,0,161,161,0,0,108
2026-10-08T16:19:55Z,stockton,SaferStockton,stocktonpdca,280,https://saferstockton.org,Stockton,CA,37.95138,-121.29005,https://stocktonpdca.fususregistry.com/camera-registry,https://cdn.swell.store/fusus-atlanta/69d7c1330f587300128660f4/4269bbe2b2df76a80cd0e0c59935b3bc,ok,2026-10-08T16:25:02Z,200,,https://api.fususone.com/api/public/organizations/stocktonpdca/stats/,,1,52,371,370,1,1,366
2026-10-08T16:19:55Z,clearwater,Clearwater Camera Sharing,clearwaterpd,281,https://connectclearwater.org,Clearwater,FL,27.9631529,-82.7973026,https://clearwaterpd.fususregistry.com/camera-registry,https://cdn.swell.store/fusus-atlanta/66799cef76c4dd0012a69913/2f065dbe6b44b4891b2a987571961f34/background.jpg,ok,2026-10-08T16:21:11Z,200,,https://api.fususone.com/api/public/organizations/clearwaterpd/stats/,,1,693,912,842,70,10000,792
2026-10-08T16:19:55Z,seat-plsnt,Connect Seat Pleasant,seatpleasantmd,282,https://connectseatpleasant.org,Seat Pleasant,MD,38.8934945,-76.903738,https://seatpleasantmd.fususregistry.com/camera-registry,https://cdn.swell.store/fusus-atlanta/66f5a69fcc307a00122bafc3/c34f17bd107189281542719eb3f76503/background.jpg,ok,2026-10-08T16:24:43Z,200,,https://api.fususone.com/api/public/organizations/seatpleasantmd/stats/,,1,0,1128,193,534,500,190
2026-10-08T16:19:55Z,canton,Connect Canton,cityofcanton,283,https://connectcanton.org,Canton,MS,32.6166794,-90.0334006,https://cityofcanton.fususregistry.com/camera-registry,https://cdn.schema.io/fusus-atlanta/634ee55063290a0012cd335e/2297e066cffbb817405bf85ad645d2dc,ok,2026-10-08T16:20:57Z,200,,https://api.fususone.com/api/public/organizations/cityofcanton/stats/,,1,0,31,0,31,10000,0
2026-10-08T16:19:55Z,minnetonka,Keep Minnetonka Safe,minnetonkapdmn,284,https://keepminnetonkasafe.org,Minnetonka,MN,44.94014,-93.46573,https://minnetonkapdmn.fususregistry.com/camera-registry,https://cdn.swell.store/fusus-atlanta/6802506fa2d99f0012ec646b/025abfa841fb65ebd9cae0da5909259e?width=1600&height=600&anchor=top,ok,2026-10-08T16:23:17Z,200,,https://api.fususone.com/api/public/organizations/minnetonkapdmn/stats/,,1,692,1895,660,1235,1500,644
2026-10-08T16:19:55Z,minneapolis,Connect Minneapolis,mpls,285,https://connectminneapolis.org,Minneapolis,MN,44.9772839,-93.2652365,https://mpls.fususregistry.com/camera-registry,https://cdn.swell.store/fusus-atlanta/665f7b85be1086001205f2f5/405e5347c0613c9239862770dbe4a771/background-1.jpg,ok,2026-10-08T16:23:27Z,200,,https://api.fususone.com/api/public/organizations/mpls/stats/,,1,2644,2713,763,1429,1500,757
2026-10-08T16:19:55Z,west-sac,West Sacramento Safe and Secure,westsacramento,286,https://westsacsafeandsecure.org,West Sacramento,CA,38.58628179999999,-121.5275412,https://westsacramento.fususregistry.com/camera-registry,https://cdn.swell.store/fusus-atlanta/670013068ca49f0012aa1b93/1d46755ee9bc5fdfa42d4e4cc6f806c9/background.jpg,ok,2026-10-08T16:25:23Z,200,,https://api.fususone.com/api/public/organizations/westsacramento/stats/,,1,831,513,340,89,500,329
2026-10-08T16:19:55Z,federal-way,Connect Federal Way,federalwaypdwa,287,https://connectfederalway.org,Federal Way,WA,47.30409,-122.32666,https://federalwaypdwa.fususregistry.com/camera-registry,https://cdn.swell.store/fusus-atlanta/6973b2e9a10bd50012e33601/cebb63109b6068cf94aed22f665c0a50,ok,2026-10-08T16:21:54Z,200,,https://api.fususone.com/api/public/organizations/federalwaypdwa/stats/,,1,0,247,247,0,0,242
2026-10-08T16:19:55Z,spokane-co,Connect Spokane County,spokanecsowa,288,https://connectspokanecounty.org,Spokane County,WA,47.66562,-117.42894,https://spokanecsowa.fususregistry.com/camera-registry,https://cdn.swell.store/fusus-atlanta/685d49e02c93f70012ba06b7/c8220124e7812d05e5a2e5e68d1fb197?width=1800&height=600&anchor=top,ok,2026-10-08T16:24:53Z,200,,https://api.fususone.com/api/public/organizations/spokanecsowa/stats/,,1,0,959,827,131,150,720
2026-10-08T16:19:55Z,cicero,Cicero SAFE (Shared Access For Enforcement),ciceropd,289,https://cicerosafe.org,Cicero,IL,41.85099,-87.74792,https://ciceropd.fususregistry.com/camera-registry,https://cdn.swell.store/fusus-atlanta/66d085c98cdbdc00123b374a/7f8b251d29221f59452eb8d5c22f52b6/background.jpg,ok,2026-10-08T16:20:54Z,200,,https://api.fususone.com/api/public/organizations/ciceropd/stats/,,1,29,551,551,0,1500,543
2026-10-08T16:19:55Z,oak-brook,Connect Oak Brook,oakbrookpd,290,https://connectoakbrook.org,Oak Brook,IL,41.8330936,-87.9467514,https://oakbrookpd.fususregistry.com/camera-registry,https://cdn.swell.store/fusus-atlanta/664789f85ddf9800124f7158/bd7e9ab6dda1bbb129d4dafd5088fb45/background-1.jpg,ok,2026-10-08T16:23:42Z,200,,https://api.fususone.com/api/public/organizations/oakbrookpd/stats/,,1,166,403,363,40,1500,363
2026-10-08T16:19:55Z,uni-illinois,Connect University of Illinois Urbana-Champaign,uillinoispd,291,https://connectuipd.org,University of Illinois Urbana-Champaign,IL,40.1136,-88.22358,https://uillinoispd.fususregistry.com/camera-registry,https://cdn.swell.store/fusus-atlanta/688382eeac7c6b0012c151c9/71d6b221cc19c87a57980d2f2b0fe137?width=1800&height=600,ok,2026-10-08T16:25:14Z,200,,https://api.fususone.com/api/public/organizations/uillinoispd/stats/,,1,3,4177,4089,0,0,4079
2026-10-08T16:19:55Z,lakewood,Connect Lakewood,lakewoodpdco,292,https://connectlakewood.org,Lakewood,CO,39.70795,-105.08605,https://lakewoodpdco.fususregistry.com/camera-registry,https://cdn.swell.store/fusus-atlanta/68937087d6c4e80011601752/510931cc9b00aa55dfb2c9ff402eec5e?width=1200&height=500,ok,2026-10-08T16:22:48Z,200,,https://api.fususone.com/api/public/organizations/lakewoodpdco/stats/,,1,153,496,496,0,0,484
2026-10-08T16:19:55Z,riverdale,Connect Riverdale,riverdalepd,293,https://connectriverdale.org,Riverdale,IL,41.64589369999999,-87.6399412,https://riverdalepd.fususregistry.com/camera-registry,https://cdn.swell.store/fusus-atlanta/66f5a56cc2c8b70012b225bd/1f294f308709938d9a2202f85c1215df/background.jpg,error,2026-10-08T16:24:23Z,404,HTTP 404,https://api.fususone.com/api/public/organizations/riverdalepd/stats/,totalRegisteredCameras;totalIntegratedCameras;totalOwnedCameras;totalSharedCameras;totalMaxCameras;subscribedCameras,1,,,,,,
2026-10-08T16:19:55Z,scranton,Connect Scranton,scrantonpd,294,https://safescranton.com,Scranton,PA,41.40605,-75.66675,https://scrantonpd.fususregistry.com/camera-registry,https://cdn.swell.store/fusus-atlanta/6a58db12255f540012c072b8/599e9955a13908233694a637e9641493,ok,2026-10-08T16:24:41Z,200,,https://api.fususone.com/api/public/organizations/scrantonpd/stats/,,1,710,60,60,0,0,60
2026-10-08T16:19:55Z,manhattan-beach,Connect Manhattan Beach,manhattanbeach,295,https://connectmanhattanbeach.org,Manhattan Beach,CA,33.8872637,-118.4094153,https://manhattanbeach.fususregistry.com/camera-registry,https://cdn.swell.store/fusus-atlanta/663a64f112915f0012e9f98c/74cce8a3c55eb3d1cd477ab1f4c211e3/background.jpg,ok,2026-10-08T16:23:04Z,200,,https://api.fususone.com/api/public/organizations/manhattanbeach/stats/,,1,7,2881,167,2714,10000,164
2026-10-08T16:19:55Z,duck-nc,Connect Duck,duckpdnc,296,https://connectduckpdnc.org,Duck,NC,36.16558,-75.75402,https://duckpdnc.fususregistry.com/camera-registry,https://cdn.swell.store/fusus-atlanta/6a997473661dad00117b3352/77e962323a7ebd090f66a044e7d18008?width=1800&height=600,ok,2026-10-08T16:21:40Z,200,,https://api.fususone.com/api/public/organizations/duckpdnc/stats/,,1,17,2,2,0,0,0
2026-10-08T16:19:55Z,kansas-city,Connect KCK,kansascitykspd,297,https://connectkck.org,"Kansas City, Kansas",KS,39.116217,-94.62701419999999,https://kansascitykspd.fususregistry.com/camera-registry,https://cdn.swell.store/fusus-atlanta/66edca57aec57a0012714bda/fc8e3981ec51df1402cfc6d0d7a52a30/background-1.jpg,ok,2026-10-08T16:22:37Z,200,,https://api.fususone.com/api/public/organizations/kansascitykspd/stats/,,1,3340,1193,1148,45,1500,1144
2026-10-08T16:19:55Z,missoula,Connect Missoula,missoulapdmt,298,https://connectmissoula.org,Missoula,MT,46.87457,-113.9951,https://missoulapdmt.fususregistry.com/camera-registry,https://cdn.swell.store/fusus-atlanta/696948c27408a100125946d7/ac0f50796aad9d7194dc14022b27221c,ok,2026-10-08T16:23:18Z,200,,https://api.fususone.com/api/public/organizations/missoulapdmt/stats/,,1,99,25,25,0,0,25
2026-10-08T16:19:55Z,winston-salem,Connect Winston-Salem,cityofws,299,https://connectwinstonsalem.org,the City of Winston-Salem,NC,36.1041318,-80.248469,https://cityofws.fususregistry.com/camera-registry,https://cdn.schema.io/fusus-atlanta/62bc821b321b77001930d1c5/e3ddc774e1b0f40053f0c473706f92c3,ok,2026-10-08T16:21:08Z,200,,https://api.fususone.com/api/public/organizations/cityofws/stats/,,1,1678,3345,1809,362,2000,1791
2026-10-08T16:19:55Z,west-palm-be,CityWatch Connect,wpb,300,https://citywatchconnect.com,West Palm Beach,FL,26.714148,-80.0574271,https://wpb.fususregistry.com/camera-registry,https://cdn.schema.io/fusus-atlanta/62dff7cb230fa800126782bc/5157f74cffe571b34fc84df9536ae313,ok,2026-10-08T16:25:31Z,200,,https://api.fususone.com/api/public/organizations/wpb/stats/,,1,1815,958,460,245,1000,434
2026-10-08T16:19:55Z,jackson-tn,"Safe Jackson, TN",jacksonpdtn,301,https://safejacksontn.org,Jackson,TN,35.6104874,-88.8143619,https://jacksonpdtn.fususregistry.com/camera-registry,https://cdn.swell.store/fusus-atlanta/66fff02d957cac00125baee0/f72d0555e13236732f190276759021ef/background.jpg,ok,2026-10-08T16:22:33Z,200,,https://api.fususone.com/api/public/organizations/jacksonpdtn/stats/,,1,5,364,302,0,500,281
2026-10-08T16:19:55Z,cleveland-metro,Cleveland Metroparks Connect,clevelandmetroparksoh,302,https://clevelandmetroparksconnect.org,Cleveland Metroparks,OH,41.44497,-81.71633,https://clevelandmetroparksoh.fususregistry.com/camera-registry,https://cdn.swell.store/fusus-atlanta/698e473b21126600129d9b34/5dd3a45dd3c5283b306a788ba1100615?width=1400&height=500&anchor=bottom,ok,2026-10-08T16:21:14Z,200,,https://api.fususone.com/api/public/organizations/clevelandmetroparksoh/stats/,,1,0,24,24,0,0,24
2026-10-08T16:19:55Z,bartow,Connect Bartow,bartowfl,303,https://connectbartowfl.org,Bartow,FL,27.89876,-81.8429,https://bartowfl.fususregistry.com/camera-registry,https://cdn.swell.store/fusus-atlanta/69ea3bd291e05b00126185a6/0fa5a5a8b68d318cdb6b57f0bb09cabb?width=1400&height=600,ok,2026-10-08T16:20:18Z,200,,https://api.fususone.com/api/public/organizations/bartowfl/stats/,,1,1,34,34,0,0,32
2026-10-08T16:19:55Z,torrance,Secure Torrance,torrancepd,304,https://securetorrance.org,Torrance,CA,33.83997,-118.3425,https://torrancepd.fususregistry.com/camera-registry,https://cdn.swell.store/fusus-atlanta/68ed21d769729300127dc51c/5e05a987eac59af53e2489fd6d168425,ok,2026-10-08T16:25:06Z,200,,https://api.fususone.com/api/public/organizations/torrancepd/stats/,,1,140,389,143,246,200,93
2026-10-08T16:19:55Z,baltimore-co,Connect Baltimore County,baltimorecountypd,305,https://camsharebaltimorecounty.org,Baltimore County,MD,39.40052,-76.58895,https://baltimorecountypd.fususregistry.com/camera-registry,https://cdn.swell.store/fusus-atlanta/686fc8bdb6dac200125358a0/e2384254a794671d0c5f2bdc85989944,ok,2026-10-08T16:20:17Z,200,,https://api.fususone.com/api/public/organizations/baltimorecountypd/stats/,,1,4,626,556,70,5000,525
2026-10-08T16:19:55Z,biloxi,Connect Biloxi,biloxi,306,https://connectbiloxi.org,Biloxi,MS,30.3976027,-88.9012029,https://biloxi.fususregistry.com/camera-registry,https://cdn.swell.store/fusus-atlanta/662290ff1fee3a0012c0c968/e4b9c6f6e88b505da21a8cbb7018a9e3/background.jpg,ok,2026-10-08T16:20:26Z,200,,https://api.fususone.com/api/public/organizations/biloxi/stats/,,1,157,846,423,373,1000,416
2026-10-08T16:19:55Z,munster,Connect Munster,munsterpdin,307,https://connectmunster.org,Munster,IN,41.56247,-87.50393,https://munsterpdin.fususregistry.com/camera-registry,https://cdn.swell.store/fusus-atlanta/69406e31e2733500127a7543/9c325037a3aa31caec94cefb1b7a170a,ok,2026-10-08T16:23:28Z,200,,https://api.fususone.com/api/public/organizations/munsterpdin/stats/,,1,111,274,98,0,150,98
2026-10-08T16:19:55Z,orange-county,Connect Orange County,orangecofl,308,https://connectorangecounty.org,Orange County,FL,28.551383,-81.41138889999999,https://orangecofl.fususregistry.com/camera-registry,https://cdn.schema.io/fusus-atlanta/63cff6a92ac11500138d696c/07d25a6a34bd048097ad44ce21b9da07,ok,2026-10-08T16:23:51Z,200,,https://api.fususone.com/api/public/organizations/orangecofl/stats/,,1,2299,10289,861,7481,7750,758
2026-10-08T16:19:55Z,meridian-id,Connect MPD,meridianpdid,309,https://connectmpd.org,Meridian,ID,43.60008,-116.37667,https://meridianpdid.fususregistry.com/camera-registry,https://cdn.swell.store/fusus-atlanta/6a32cb6596384b00120719e0/112c528740094a76ba1f420badd7654f,ok,2026-10-08T16:23:12Z,200,,https://api.fususone.com/api/public/organizations/meridianpdid/stats/,,1,0,62,62,0,0,52
2026-10-08T16:19:55Z,douglasville,Connect Douglasville,douglasvillepolice,310,https://connectdouglasville.org,Douglasville ,GA,33.7468805,-84.7055744,https://douglasvillepolice.fususregistry.com/camera-registry,https://cdn.swell.store/fusus-atlanta/66d09ba0c6a5b7001139aab7/ff5978f4791ea75212ba19cd5dec1fc5/background-1.jpg,ok,2026-10-08T16:21:38Z,200,,https://api.fususone.com/api/public/organizations/douglasvillepolice/stats/,,1,260,12900,397,3354,10000,397
2026-10-08T16:19:55Z,brooklyn-park,Brooklyn Park Community Cameras,brooklynparkpdmn,311,https://brooklynparkcommunitycameras.org,Brooklyn Park,MN,45.11035,-93.34968,https://brooklynparkpdmn.fususregistry.com/camera-registry,https://cdn.swell.store/fusus-atlanta/69aee4507145080012ebafe3/291627dbf60ec64e016f9f934fdb222b?width=800&height=400&anchor=top,ok,2026-10-08T16:20:35Z,200,,https://api.fususone.com/api/public/organizations/brooklynparkpdmn/stats/,,1,515,2117,232,1874,0,208
2026-10-08T16:19:55Z,martin-co-reg,Connect Martin County,martincountyso,312,https://martinconnectregistry.org,Martin County,FL,27.1719387,-80.2419354,https://martincountyso.fususregistry.com/camera-registry,https://cdn.swell.store/fusus-atlanta/66f32329bd349000124b8f2e/9adf72d16629f7ee20c9e55ffc5b4c9c/background.jpg,ok,2026-10-08T16:23:06Z,200,,https://api.fususone.com/api/public/organizations/martincountyso/stats/,,2,1149,6030,585,5179,1500,504
2026-10-08T16:19:55Z,acworth,Connect Acworth,acworthga,313,https://connectacworth.org,Acworth,GA,34.0613031,-84.6604529,https://acworthga.fususregistry.com/camera-registry,https://cdn.swell.store/fusus-atlanta/667ac5325038270012218e6c/5ee14576a9059ab305df5533bf3623a5/background.jpg,ok,2026-10-08T16:19:58Z,200,,https://api.fususone.com/api/public/organizations/acworthga/stats/,,1,150,10567,237,427,500,237
2026-10-08T16:19:55Z,montgomery-county,MoCoConnect,mcpdmd,314,https://mococonnect.org,Montgomery County,MD,39.1131974,-77.2367433,https://mcpdmd.fususregistry.com/camera-registry,https://cdn.swell.store/fusus-atlanta/6697c816ea80a90012a0e193/423123f7c24c1e96d03336ec39ddfbf4/background.jpg,ok,2026-10-08T16:23:07Z,200,,https://api.fususone.com/api/public/organizations/mcpdmd/stats/,,1,2270,2050,1251,595,10000,1155
2026-10-08T16:19:55Z,richland,Connect Richland,richlandpdwa,315,https://connectrichland.org,Richland,WA,46.2785,-119.2747,https://richlandpdwa.fususregistry.com/camera-registry,https://cdn.swell.store/fusus-atlanta/6a15eb06ca61120012014ea2/34ec95592ef0712517505f6e21bc0a0e,ok,2026-10-08T16:24:19Z,200,,https://api.fususone.com/api/public/organizations/richlandpdwa/stats/,,1,40,148,148,0,0,117
2026-10-08T16:19:55Z,uni-arizona,Connect University of Arizona,uarizonapdaz,316,https://connectuniversityofarizona.org,University of Arizona,AZ,32.23475,110.94443,https://uarizonapdaz.fususregistry.com/camera-registry,https://cdn.swell.store/fusus-atlanta/68ee4c779b0891001167101c/2cf7751fb0c3ee70402ad6d491dcded4,ok,2026-10-08T16:25:13Z,200,,https://api.fususone.com/api/public/organizations/uarizonapdaz/stats/,,1,0,16,4,0,0,0
2026-10-08T16:19:55Z,roswell-nm,SaferRoswell,roswellpdnm,317,https://saferroswellnm.org,Roswell,NM,33.39417,-104.53877,https://roswellpdnm.fususregistry.com/camera-registry,https://cdn.swell.store/fusus-atlanta/69cec3d77c7fc0001265276c/00377bdc7740a6104ecd6dc4a7ddf2fa?width=1800&height=600,ok,2026-10-08T16:24:27Z,200,,https://api.fususone.com/api/public/organizations/roswellpdnm/stats/,,1,4,102,102,0,0,102
2026-10-08T16:19:55Z,anaheim,Connect Anaheim,anaheim,318,https://connectanaheim.org,Anaheim,CA,33.83067,-117.92017,https://anaheim.fususregistry.com/camera-registry,https://cdn.swell.store/fusus-atlanta/663cd08946f8210012b43434/786b5bca3e69caf3c364f08ad7216478/background.jpg,ok,2026-10-08T16:20:07Z,200,,https://api.fususone.com/api/public/organizations/anaheim/stats/,,1,424,704,657,3,1500,626
2026-10-08T16:19:55Z,flagler-co,Connect Flagler County,flaglercountysheriff,319,https://connectflaglercounty.org,Flagler County,FL,29.47037,-81.241441,https://flaglercountysheriff.fususregistry.com/camera-registry/,https://cdn.swell.store/fusus-atlanta/66fc2d6fb550f20012610165/c2bf53831744873bb85c84802bc83a74/background.jpg,ok,2026-10-08T16:21:55Z,200,,https://api.fususone.com/api/public/organizations/flaglercountysheriff/stats/,,1,934,2169,1962,0,10000,1942
2026-10-08T16:19:55Z,north-port,Connect North Port,northport,320,https://connectnorthport.org,North Port,FL,27.0756837,-82.20802250000001,https://northport.fususregistry.com/camera-registry,https://cdn.swell.store/fusus-atlanta/67af9947e0c9e300125b6ec8/846962ca15e62118653273a0281afc63,ok,2026-10-08T16:23:39Z,200,,https://api.fususone.com/api/public/organizations/northport/stats/,,1,149,893,246,543,150,202
2026-10-08T16:19:55Z,chesterfield,Chesterfield Community Connect Program,chesterfieldcounty,321,https://connectchesterfield.org,Chesterfield County,VA,37.3764746,-77.5078229,https://chesterfieldcounty.fususregistry.com/camera-registry,https://cdn.schema.io/fusus-atlanta/6335aaea3203b800122f63aa/72bc4014ae4c82fe3a580a75d5c7043c,ok,2026-10-08T16:20:51Z,200,,https://api.fususone.com/api/public/organizations/chesterfieldcounty/stats/,,1,769,11095,990,10043,4500,931
2026-10-08T16:19:55Z,little-rock,Connect Little Rock,littlerockpd,322,https://connectlittlerock.org,Little Rock,AR,34.7487808,-92.27708779999999,https://littlerockpd.fususregistry.com/camera-registry,https://cdn.swell.store/fusus-atlanta/666c7cd2a4510c001203d095/6cc8d4f69787215d5483beac81254d2a/background.jpg,ok,2026-10-08T16:22:58Z,200,,https://api.fususone.com/api/public/organizations/littlerockpd/stats/,,1,2868,2565,1797,542,1500,1904
2026-10-08T16:19:55Z,monmouth-county,Connect Monmouth County,monmouthcounty,323,https://connectmonmouthcounty.org,Monmouth County,NJ,40.2634821,-74.2495733,https://monmouthcounty.fususregistry.com/camera-registry,https://cdn.schema.io/fusus-atlanta/63ea6079c6a0dd00122a3e12/78e7b477d72031d524d3fa8b6b711c31,ok,2026-10-08T16:23:21Z,200,,https://api.fususone.com/api/public/organizations/monmouthcounty/stats/,,1,74,1814,1062,0,1500,1024
2026-10-08T16:19:55Z,mooresville,Connect Mooresville,mooresvillepd,324,https://connectmooresville.org,Mooresville,NC,35.578529,-80.8398101,https://mooresvillepd.fususregistry.com/camera-registry,https://cdn.swell.store/fusus-atlanta/66f44ee81c8a410012109fe6/a2221eda0bb275e2bad8d0fbf4317c87/background.jpg,ok,2026-10-08T16:23:26Z,200,,https://api.fususone.com/api/public/organizations/mooresvillepd/stats/,,1,0,267,267,0,1500,267
2026-10-08T16:19:55Z,plaquemines,Connect Plaquemines Parish,plaqueminesparishso,325,https://connectplaqueminesparish.org,Plaquemines Parish,LA,29.8596435,-89.9927672,https://plaqueminesparishso.fususregistry.com/camera-registry,https://cdn.swell.store/fusus-atlanta/665f452e35e6f60012b3006c/00a61a03ceb981f69e019b7ed12cdaf4/background.jpg,ok,2026-10-08T16:24:07Z,200,,https://api.fususone.com/api/public/organizations/plaqueminesparishso/stats/,,1,8,532,35,497,10000,35
2026-10-08T16:19:55Z,farmington,Connect Farmington,farmingtonpd,326,https://connectfarmington.org,Farmington ,NM,36.7385759,-108.2162465,https://farmingtonpd.fususregistry.com/camera-registry,https://cdn.swell.store/fusus-atlanta/66d09fac01882c001289bb59/6ec5cdbb0ecd90bd4c11338111bd2537/background.jpg,ok,2026-10-08T16:21:52Z,200,,https://api.fususone.com/api/public/organizations/farmingtonpd/stats/,,2,58,545,545,0,1500,529
2026-10-08T16:19:55Z,bedford,Connect Bedford Park,bedfordparkpd,327,https://connectbedfordpark.org,Bedford Park,IL,41.7699311,-87.8181784,https://bedfordparkpd.fususregistry.com/camera-registry,https://cdn.swell.store/fusus-atlanta/66a12d0e0572cd001230322e/de8f1cd7ef19471b1669da097125c336/background.jpg,ok,2026-10-08T16:20:21Z,200,,https://api.fususone.com/api/public/organizations/bedfordparkpd/stats/,,1,126,282,217,3,500,200
2026-10-08T16:19:55Z,no-li-rock,Connect North Little Rock,northlittlerock,328,https://connectnorthlittlerock.org,North Little Rock,AR,34.778778,-92.26419399999999,https://northlittlerock.fususregistry.com/camera-registry,https://cdn.swell.store/fusus-atlanta/670015e2b4307e001201fd52/ab26d569f3c6ca61d5ba0d26f0806e0c/background-1.jpg,ok,2026-10-08T16:23:38Z,200,,https://api.fususone.com/api/public/organizations/northlittlerock/stats/,,1,408,991,728,61,1500,728
2026-10-08T16:19:55Z,sarasota-co,Connect Sarasota County,sarasotacsofl,329,https://connectsarasotacounty.org,Sarasota County,FL,27.305772,-82.44919,https://sarasotacsofl.fususregistry.com/camera-registry,https://cdn.swell.store/fusus-atlanta/69c298a62865a100129ecc28/f73e3c091a2cdd5298fb00b90de361ed?width=1600&height=600,ok,2026-10-08T16:24:37Z,200,,https://api.fususone.com/api/public/organizations/sarasotacsofl/stats/,,1,5,452,386,66,0,374
2026-10-08T16:19:55Z,zachary,Connect Zachary,zacharypdla,330,https://connectzachary.org,Zachary,LA,30.6531,-91.14646,https://zacharypdla.fususregistry.com/camera-registry,https://cdn.swell.store/fusus-atlanta/68e3f7ac88e7a40012c0d941/3eb5ac2c948cde7d55310328f31aa6c2?width=1600&height=600,ok,2026-10-08T16:25:32Z,200,,https://api.fususone.com/api/public/organizations/zacharypdla/stats/,,1,7,8,8,0,0,8
2026-10-08T16:19:55Z,lawrence,Connect Lawrence,lawrencepdks,331,https://connectlawrence.org,Lawrence,KS,38.97678,-95.31073,https://lawrencepdks.fususregistry.com/camera-registry,https://cdn.swell.store/fusus-atlanta/684c31834b5858001120ba60/36dbb95f6de211613cc517f8d8ac8dc9?width=1500&height=600,ok,2026-10-08T16:22:51Z,200,,https://api.fususone.com/api/public/organizations/lawrencepdks/stats/,,1,132,467,467,0,500,467
2026-10-08T16:19:55Z,kyle,Connect Kyle,kylepdtx,332,https://connectkyle.org,Kyle,TX,30.0276666,-97.8614157,https://kylepdtx.fususregistry.com/camera-registry,https://cdn.swell.store/fusus-atlanta/66fef62d0f31f9001289b18c/d61c169ca04db769209819dd9a28ec93/background.jpg,ok,2026-10-08T16:22:42Z,200,,https://api.fususone.com/api/public/organizations/kylepdtx/stats/,,1,154,110,110,0,500,110
2026-10-08T16:19:55Z,burbank,Connect Burbank,burbankpdil,333,https://connectburbankil.org,Burbank,IL,41.7559872,-87.7628026,https://burbankpdil.fususregistry.com/camera-registry,https://cdn.swell.store/fusus-atlanta/66a1108568b1790012b47f17/adb57d46c73c5dc68e0496276abf1a84/background.jpg,ok,2026-10-08T16:20:39Z,200,,https://api.fususone.com/api/public/organizations/burbankpdil/stats/,,1,304,425,399,3,150,399
2026-10-08T16:19:55Z,douglas-co,Safer Douglas County,douglascountysonv,334,https://saferdouglascounty.org,Douglas County,NV,38.95596,-119.76532,https://douglascountysonv.fususregistry.com/camera-registry,https://cdn.swell.store/fusus-atlanta/6a0483b706ccbc00119dc964/2526ab3b330537a477dfcafb84b18d6b,ok,2026-10-08T16:21:37Z,200,,https://api.fususone.com/api/public/organizations/douglascountysonv/stats/,,1,0,50,50,0,150,50
2026-10-08T16:19:55Z,jackson-ms,Connect Jackson MS,jacksonms,335,https://connectjacksonms.org,Jackson,MS,32.29706,-90.18381,https://jacksonms.fususregistry.com/camera-registry,https://cdn.swell.store/fusus-atlanta/6629771181d6d4001207cc8b/e66d5c66a28a22984e1acdbf72882826/background-1.jpg,ok,2026-10-08T16:22:32Z,200,,https://api.fususone.com/api/public/organizations/jacksonms/stats/,,1,324,1246,735,505,2067,728
2026-10-08T16:19:55Z,chattanooga,Dragonfly Community Connect,chattanoogapd,336,https://connectchattanoogatn.org,Chattanooga,TN,35.08197,-85.26305,https://chattanoogapd.fususregistry.com/camera-registry,https://d33wubrfki0l68.cloudfront.net/4094986cd1dea0f7c9e400f68bb19c7464a6abe0/3e47b/background.jpg,ok,2026-10-08T16:20:49Z,200,,https://api.fususone.com/api/public/organizations/chattanoogapd/stats/,,1,0,775,774,1,1500,765
2026-10-08T16:19:55Z,milwaukee,Community Connect Milwaukee,milwaukeepd,337,https://communityconnectmilwaukee.org,Milwaukee,WI,43.0426483,-87.9212718,https://milwaukeepd.fususregistry.com/camera-registry,https://cdn.swell.store/fusus-atlanta/6679a75c80e46a00136db60f/7762aa7017e1b40e0b271d30e357e1a0/background.jpg,ok,2026-10-08T16:23:16Z,200,,https://api.fususone.com/api/public/organizations/milwaukeepd/stats/,,1,1552,1225,1014,211,1500,985
2026-10-08T16:19:55Z,forsyth-co,Connect Forsyth County,forsyth,338,https://connect.gofcsonc.org,"Forsyth County, NC",SC,32.87688,-80.0121039,https://forsyth.fususregistry.com/camera-registry,https://cdn.schema.io/fusus-atlanta/63209ba3c208dd0012fb0297/1fd5aa38021e0e6dd4a76265de7b7f6f?width=1600&height=800,ok,2026-10-08T16:21:57Z,200,,https://api.fususone.com/api/public/organizations/forsyth/stats/,,1,1443,1050,493,183,500,473
2026-10-08T16:19:55Z,hartford,Connect Hartford,hartfordpd,339,https://connecthartford.org,Hartford,CT,41.7725836,-72.67807739999999,https://hartfordpd.fususregistry.com/camera-registry,https://cdn.swell.store/fusus-atlanta/66f1c0335c47c60012531377/44c5aca3f51839ac0d44c58f12f7bb4c/background.jpg,ok,2026-10-08T16:22:18Z,200,,https://api.fususone.com/api/public/organizations/hartfordpd/stats/,,1,228,1101,1101,0,2000,646
