ranking,rank,org,metric,period,change,programs,city,state,previous_at,current_at,elapsed_days,previous_count,current_count,change_pct,change_per_week,from_zero,ranking_eligible,source_url
fastest_absolute,1,scrantonpd,totalRegisteredCameras,previous,215,Connect Scranton,Scranton,PA,2026-09-28T20:14:37Z,2026-10-08T16:24:41Z,9.840324,495,710,0.43434343434343436,152.94211742123068,False,True,https://api.fususone.com/api/public/organizations/scrantonpd/stats/
fastest_absolute,2,alachuasheriff,totalRegisteredCameras,previous,135,Connect Alachua County,Alachua County,FL,2026-09-28T20:10:06Z,2026-10-08T16:20:00Z,9.840208,0,135,,96.0345521139881,True,True,https://api.fususone.com/api/public/organizations/alachuasheriff/stats/
fastest_absolute,3,charlottemecklenburg,totalRegisteredCameras,previous,38,Connect Charlotte,Charlotte,NC,2026-09-28T20:10:51Z,2026-10-08T16:20:48Z,9.840243,3128,3166,0.012148337595907928,27.03185261768743,False,True,https://api.fususone.com/api/public/organizations/charlottemecklenburg/stats/
fastest_absolute,4,memphispd,totalRegisteredCameras,previous,37,Connect Memphis,Memphis,TN,2026-09-28T20:13:07Z,2026-10-08T16:23:10Z,9.840312,14215,14252,0.0026028842771720012,26.32030232779701,False,True,https://api.fususone.com/api/public/organizations/memphispd/stats/
fastest_absolute,5,raleighncpd,totalRegisteredCameras,previous,36,CONNECTRALEIGH,Raleigh,NC,2026-09-28T20:14:09Z,2026-10-08T16:24:13Z,9.840324,1868,1904,0.019271948608137045,25.608912684485137,False,True,https://api.fususone.com/api/public/organizations/raleighncpd/stats/
fastest_absolute,6,aacounty,totalRegisteredCameras,previous,32,Connect Anne Arundel,Anne Arundel County,MD,2026-09-28T20:10:02Z,2026-10-08T16:19:56Z,9.840208,1028,1060,0.0311284046692607,22.76374568627866,False,True,https://api.fususone.com/api/public/organizations/aacounty/stats/
fastest_absolute,7,forsythcosoga,totalRegisteredCameras,previous,32,Connect Forsyth County,Forsyth County,GA,2026-09-28T20:11:59Z,2026-10-08T16:21:58Z,9.840266,776,808,0.041237113402061855,22.763611813234313,False,True,https://api.fususone.com/api/public/organizations/forsythcosoga/stats/
fastest_absolute,8,dcmetro,totalRegisteredCameras,previous,27,CameraConnectDC,Washington DC,DC,2026-09-28T20:11:33Z,2026-10-08T16:21:30Z,9.840243,44179,44206,0.000611150093936033,19.206842649409488,False,True,https://api.fususone.com/api/public/organizations/dcmetro/stats/
fastest_absolute,9,fairfaxcopd,totalRegisteredCameras,previous,22,Connect Fairfax County,Fairfax County,VA,2026-09-28T20:11:52Z,2026-10-08T16:21:51Z,9.840266,3565,3587,0.0061711079943899015,15.64998312159859,False,True,https://api.fususone.com/api/public/organizations/fairfaxcopd/stats/
fastest_absolute,10,pgcountypd,totalRegisteredCameras,previous,22,Connect Prince George's County,Prince George's County,MD,2026-09-28T20:14:00Z,2026-10-08T16:24:04Z,9.840324,466,488,0.04721030042918455,15.649891084963139,False,True,https://api.fususone.com/api/public/organizations/pgcountypd/stats/
fastest_absolute,11,dearbornpdmi,totalRegisteredCameras,previous,21,Connect Dearborn,Dearborn,MI,2026-09-28T20:11:35Z,2026-10-08T16:21:32Z,9.840243,689,710,0.030478955007256895,14.938655393985158,False,True,https://api.fususone.com/api/public/organizations/dearbornpdmi/stats/
fastest_absolute,12,universityofmissouripdmo,totalRegisteredCameras,previous,21,Mizzou SafeConnect,Mizzou,MO,2026-09-28T20:15:10Z,2026-10-08T16:25:15Z,9.840336,145,166,0.14482758620689656,14.93851482877659,False,True,https://api.fususone.com/api/public/organizations/universityofmissouripdmo/stats/
fastest_absolute,13,jacksonvillesheriff,totalRegisteredCameras,previous,19,ConnectDuval,Duval County,FL,2026-09-28T20:12:31Z,2026-10-08T16:22:34Z,9.840312,6809,6828,0.002790424438243501,13.51583092508495,False,True,https://api.fususone.com/api/public/organizations/jacksonvillesheriff/stats/
fastest_absolute,14,pascopdwa,totalRegisteredCameras,previous,19,OnePasco,Pasco,WA,2026-09-28T20:13:51Z,2026-10-08T16:23:55Z,9.840324,69,88,0.2753623188405797,13.515815027922711,False,True,https://api.fususone.com/api/public/organizations/pascopdwa/stats/
fastest_absolute,15,escambiafl,totalRegisteredCameras,previous,18,Star Network,Escambia County,FL,2026-09-28T20:11:49Z,2026-10-08T16:21:48Z,9.840266,1573,1591,0.01144310235219326,12.8045316449443,False,True,https://api.fususone.com/api/public/organizations/escambiafl/stats/
fastest_absolute,16,lakecountysheriff,totalRegisteredCameras,previous,17,Connect Lake County,Lake County,FL,2026-09-28T20:12:44Z,2026-10-08T16:22:47Z,9.840312,2249,2266,0.00755891507336594,12.093111880339167,False,True,https://api.fususone.com/api/public/organizations/lakecountysheriff/stats/
fastest_absolute,17,lasd,totalRegisteredCameras,previous,16,Connect Los Angeles County,Los Angeles County,CA,2026-09-28T20:12:47Z,2026-10-08T16:22:50Z,9.840312,2181,2197,0.007336084364970197,11.381752357966274,False,True,https://api.fususone.com/api/public/organizations/lasd/stats/
fastest_absolute,18,highpointncpd,totalRegisteredCameras,previous,15,Link High Point,High Point,NC,2026-09-28T20:12:22Z,2026-10-08T16:22:25Z,9.840312,1248,1263,0.01201923076923077,10.670392835593383,False,True,https://api.fususone.com/api/public/organizations/highpointncpd/stats/
fastest_absolute,19,louisvillemetro,totalRegisteredCameras,previous,15,Connect Louisville,Louisville,KY,2026-09-28T20:12:57Z,2026-10-08T16:23:00Z,9.840312,1027,1042,0.014605647517039922,10.670392835593383,False,True,https://api.fususone.com/api/public/organizations/louisvillemetro/stats/
fastest_absolute,20,newportbeachpdca,totalRegisteredCameras,previous,15,Connect Newport Beach,Newport Beach,CA,2026-09-28T20:13:29Z,2026-10-08T16:23:33Z,9.840324,405,420,0.037037037037037035,10.67038028520214,False,True,https://api.fususone.com/api/public/organizations/newportbeachpdca/stats/
fastest_absolute,21,dallaspd,totalRegisteredCameras,previous,13,Connect Dallas,Dallas,TX,2026-09-28T20:11:29Z,2026-10-08T16:21:26Z,9.840243,4054,4067,0.003206709422792304,9.247739053419384,False,True,https://api.fususone.com/api/public/organizations/dallaspd/stats/
fastest_absolute,22,hennepincountyso,totalRegisteredCameras,previous,13,Connect Hennepin County,Hennepin County,MN,2026-09-28T20:12:18Z,2026-10-08T16:22:21Z,9.840312,457,470,0.028446389496717725,9.247673790847598,False,True,https://api.fususone.com/api/public/organizations/hennepincountyso/stats/
fastest_absolute,23,birminghampd,totalRegisteredCameras,previous,12,Connect Birmingham,Birmingham,AL,2026-09-28T20:10:32Z,2026-10-08T16:20:27Z,9.84022,793,805,0.015132408575031526,8.536394591828934,False,True,https://api.fususone.com/api/public/organizations/birminghampd/stats/
fastest_absolute,24,brooklynparkpdmn,totalRegisteredCameras,previous,12,Brooklyn Park Community Cameras,Brooklyn Park,MN,2026-09-28T20:10:39Z,2026-10-08T16:20:35Z,9.840231,503,515,0.02385685884691849,8.536384551326988,False,True,https://api.fususone.com/api/public/organizations/brooklynparkpdmn/stats/
fastest_absolute,25,cobbcountypd,totalRegisteredCameras,previous,12,Connect Cobb ,Cobb County,GA,2026-09-28T20:11:18Z,2026-10-08T16:21:15Z,9.840243,3547,3559,0.0033831406822667043,8.536374510848662,False,True,https://api.fususone.com/api/public/organizations/cobbcountypd/stats/
fastest_absolute,26,pbso,totalRegisteredCameras,previous,12,Keep Palm Beach County Safe,Palm Beach County,FL,2026-09-28T20:13:53Z,2026-10-08T16:23:57Z,9.840324,1885,1897,0.00636604774535809,8.536304228161711,False,True,https://api.fususone.com/api/public/organizations/pbso/stats/
fastest_absolute,27,sacramentopd,totalRegisteredCameras,previous,11,Sacramento PD Connect,Sacramento,CA,2026-09-28T20:14:25Z,2026-10-08T16:24:29Z,9.840324,901,912,0.01220865704772475,7.8249455424815695,False,True,https://api.fususone.com/api/public/organizations/sacramentopd/stats/
fastest_absolute,28,bendpd,totalRegisteredCameras,previous,10,Connect Bend,Bend,OR,2026-09-28T20:10:27Z,2026-10-08T16:20:22Z,9.84022,775,785,0.012903225806451613,7.113662159857444,False,True,https://api.fususone.com/api/public/organizations/bendpd/stats/
fastest_absolute,29,covinapdca,totalRegisteredCameras,previous,10,SaferCovina,Covina,CA,2026-09-28T20:11:25Z,2026-10-08T16:21:22Z,9.840243,27,37,0.37037037037037035,7.113645425707218,False,True,https://api.fususone.com/api/public/organizations/covinapdca/stats/
fastest_absolute,30,baycounty,totalRegisteredCameras,previous,9,Connect Bay County,Bay County,FL,2026-09-28T20:10:24Z,2026-10-08T16:20:19Z,9.84022,1713,1722,0.005253940455341506,6.4022959438717,False,True,https://api.fususone.com/api/public/organizations/baycounty/stats/
fastest_absolute,31,prairievillagepdks,totalRegisteredCameras,previous,8,Connect Prairie Village,Prairie Village,KS,2026-09-28T20:14:07Z,2026-10-08T16:24:11Z,9.840324,121,129,0.06611570247933884,5.690869485441142,False,True,https://api.fususone.com/api/public/organizations/prairievillagepdks/stats/
fastest_absolute,32,chicopee,totalRegisteredCameras,previous,7,Connect Chicopee,Chicopee,MA,2026-09-28T20:10:56Z,2026-10-08T16:20:53Z,9.840243,128,135,0.0546875,4.979551797995053,False,True,https://api.fususone.com/api/public/organizations/chicopee/stats/
fastest_absolute,33,hcso,totalRegisteredCameras,previous,7,Connect Hillsborough,Hillsborough County,FL,2026-09-28T20:12:17Z,2026-10-08T16:22:20Z,9.840312,293,300,0.023890784982935155,4.979516656610245,False,True,https://api.fususone.com/api/public/organizations/hcso/stats/
fastest_absolute,34,southbendpd,totalRegisteredCameras,previous,7,Sync South Bend,South Bend,IN,2026-09-28T20:14:45Z,2026-10-08T16:24:49Z,9.840324,2529,2536,0.00276789244760775,4.979510799760999,False,True,https://api.fususone.com/api/public/organizations/southbendpd/stats/
fastest_absolute,35,torrancepd,totalRegisteredCameras,previous,7,Secure Torrance,Torrance,CA,2026-09-28T20:15:02Z,2026-10-08T16:25:06Z,9.840324,133,140,0.05263157894736842,4.979510799760999,False,True,https://api.fususone.com/api/public/organizations/torrancepd/stats/
fastest_absolute,36,kentcountysd,totalRegisteredCameras,previous,6,The Kent Safety Network,Kent County,MI,2026-09-28T20:12:36Z,2026-10-08T16:22:39Z,9.840312,580,586,0.010344827586206896,4.268157134237353,False,True,https://api.fususone.com/api/public/organizations/kentcountysd/stats/
fastest_absolute,37,sanjose,totalRegisteredCameras,previous,6,Connect San Jose,San Jose,CA,2026-09-28T20:14:30Z,2026-10-08T16:24:34Z,9.840324,10810,10816,0.0005550416281221092,4.268152114080856,False,True,https://api.fususone.com/api/public/organizations/sanjose/stats/
fastest_absolute,38,jacksonpdtn,totalRegisteredCameras,previous,5,"Safe Jackson, TN",Jackson,TN,2026-09-28T20:12:30Z,2026-10-08T16:22:33Z,9.840312,0,5,,3.556797611864461,True,True,https://api.fususone.com/api/public/organizations/jacksonpdtn/stats/
fastest_absolute,39,littlerockpd,totalRegisteredCameras,previous,5,Connect Little Rock,Little Rock,AR,2026-09-28T20:12:55Z,2026-10-08T16:22:58Z,9.840312,2863,2868,0.0017464198393293748,3.556797611864461,False,True,https://api.fususone.com/api/public/organizations/littlerockpd/stats/
fastest_absolute,40,miamidadepd,totalRegisteredCameras,previous,5,Connect Miami-Dade,Miami-Dade,FL,2026-09-28T20:13:11Z,2026-10-08T16:23:15Z,9.840324,1249,1254,0.0040032025620496394,3.5567934284007134,False,True,https://api.fususone.com/api/public/organizations/miamidadepd/stats/
fastest_absolute,41,savannahpd,totalRegisteredCameras,previous,5,Connect Savannah,Savannah,GA,2026-09-28T20:14:35Z,2026-10-08T16:24:39Z,9.840324,1168,1173,0.004280821917808219,3.5567934284007134,False,True,https://api.fususone.com/api/public/organizations/savannahpd/stats/
fastest_absolute,42,seattlepd,totalRegisteredCameras,previous,5,Connect Seattle,Seattle,WA,2026-09-28T20:14:40Z,2026-10-08T16:24:44Z,9.840324,883,888,0.0056625141562853904,3.5567934284007134,False,True,https://api.fususone.com/api/public/organizations/seattlepd/stats/
fastest_absolute,43,tempepd,totalRegisteredCameras,previous,5,Connect Tempe,Tempe,AZ,2026-09-28T20:15:01Z,2026-10-08T16:25:05Z,9.840324,172,177,0.029069767441860465,3.5567934284007134,False,True,https://api.fususone.com/api/public/organizations/tempepd/stats/
fastest_absolute,44,beaumonttx,totalRegisteredCameras,previous,4,Connect Southeast Texas,Southeast Texas,TX,2026-09-28T20:10:25Z,2026-10-08T16:20:20Z,9.84022,4049,4053,0.0009878982464806125,2.845464863942978,False,True,https://api.fususone.com/api/public/organizations/beaumonttx/stats/
fastest_absolute,45,harrisoncso,totalRegisteredCameras,previous,4,Connect Harrison County,Harrison County,MS,2026-09-28T20:12:14Z,2026-10-08T16:22:17Z,9.840312,559,563,0.007155635062611807,2.8454380894915685,False,True,https://api.fususone.com/api/public/organizations/harrisoncso/stats/
fastest_absolute,46,indianriversheriff,totalRegisteredCameras,previous,4,Connect Indian River County,Indian River County,FL,2026-09-28T20:12:27Z,2026-10-08T16:22:30Z,9.840312,220,224,0.01818181818181818,2.8454380894915685,False,True,https://api.fususone.com/api/public/organizations/indianriversheriff/stats/
fastest_absolute,47,melroseparkpdil,totalRegisteredCameras,previous,4,Connect Melrose Park,Melrose Park,IL,2026-09-28T20:13:06Z,2026-10-08T16:23:09Z,9.840312,32,36,0.125,2.8454380894915685,False,True,https://api.fususone.com/api/public/organizations/melroseparkpdil/stats/
fastest_absolute,48,farmingtonpd,totalRegisteredCameras,previous,3,Connect Farmington,Farmington ,NM,2026-09-28T20:11:53Z,2026-10-08T16:21:52Z,9.840266,55,58,0.05454545454545454,2.1340886074907166,False,True,https://api.fususone.com/api/public/organizations/farmingtonpd/stats/
fastest_absolute,49,planotx,totalRegisteredCameras,previous,3,Keep Plano Safe,Plano,TX,2026-09-28T20:14:02Z,2026-10-08T16:24:06Z,9.840324,23,26,0.13043478260869565,2.134076057040428,False,True,https://api.fususone.com/api/public/organizations/planotx/stats/
fastest_absolute,50,rialtopd,totalRegisteredCameras,previous,3,Connect Rialto,Rialto,CA,2026-09-28T20:14:14Z,2026-10-08T16:24:18Z,9.840324,349,352,0.008595988538681949,2.134076057040428,False,True,https://api.fususone.com/api/public/organizations/rialtopd/stats/
fastest_absolute,51,springfieldpdmo,totalRegisteredCameras,previous,3,Springfield Safe,Springfield,MO,2026-09-28T20:14:51Z,2026-10-08T16:24:55Z,9.840324,15,18,0.2,2.134076057040428,False,True,https://api.fususone.com/api/public/organizations/springfieldpdmo/stats/
fastest_absolute,52,albanypolice,totalRegisteredCameras,previous,2,Connect Albany,Albany,GA,2026-09-28T20:10:07Z,2026-10-08T16:20:01Z,9.840208,731,733,0.0027359781121751026,1.4227341053924163,False,True,https://api.fususone.com/api/public/organizations/albanypolice/stats/
fastest_absolute,53,alsipil,totalRegisteredCameras,previous,2,Connect Alsip,Alsip,IL,2026-09-28T20:10:09Z,2026-10-08T16:20:04Z,9.84022,738,740,0.0027100271002710027,1.422732431971489,False,True,https://api.fususone.com/api/public/organizations/alsipil/stats/
fastest_absolute,54,cherokeega,totalRegisteredCameras,previous,2,Connect Cherokee,Cherokee County,GA,2026-09-28T20:10:53Z,2026-10-08T16:20:50Z,9.840243,633,635,0.00315955766192733,1.4227290851414436,False,True,https://api.fususone.com/api/public/organizations/cherokeega/stats/
fastest_absolute,55,cincinnatipd,totalRegisteredCameras,previous,2,Connect Cincinnati,Cincinnati,OH,2026-09-28T20:10:58Z,2026-10-08T16:20:55Z,9.840243,1721,1723,0.0011621150493898896,1.4227290851414436,False,True,https://api.fususone.com/api/public/organizations/cincinnatipd/stats/
fastest_absolute,56,garypd,totalRegisteredCameras,previous,2,Connect Gary,Gary,IN,2026-09-28T20:12:02Z,2026-10-08T16:22:05Z,9.840312,1672,1674,0.0011961722488038277,1.4227190447457843,False,True,https://api.fususone.com/api/public/organizations/garypd/stats/
fastest_absolute,57,guilfordsheriff,totalRegisteredCameras,previous,2,Connect Guilford County,Guilford County ,NC,2026-09-28T20:12:08Z,2026-10-08T16:22:11Z,9.840312,872,874,0.0022935779816513763,1.4227190447457843,False,True,https://api.fususone.com/api/public/organizations/guilfordsheriff/stats/
fastest_absolute,58,knoxvillepdtn,totalRegisteredCameras,previous,2,Connect Knoxville,Knoxville,TN,2026-09-28T20:12:38Z,2026-10-08T16:22:41Z,9.840312,581,583,0.0034423407917383822,1.4227190447457843,False,True,https://api.fususone.com/api/public/organizations/knoxvillepdtn/stats/
fastest_absolute,59,lynchburgpd,totalRegisteredCameras,previous,2,Hill City Connect,Lynchburg,VA,2026-09-28T20:12:58Z,2026-10-08T16:23:01Z,9.840312,1388,1390,0.001440922190201729,1.4227190447457843,False,True,https://api.fususone.com/api/public/organizations/lynchburgpd/stats/
fastest_absolute,60,munsterpdin,totalRegisteredCameras,previous,2,Connect Munster,Munster,IN,2026-09-28T20:13:24Z,2026-10-08T16:23:28Z,9.840324,109,111,0.01834862385321101,1.4227173713602854,False,True,https://api.fususone.com/api/public/organizations/munsterpdin/stats/
fastest_absolute,61,okcpd,totalRegisteredCameras,previous,2,Connect Oklahoma City,Oklahoma City,OK,2026-09-28T20:13:45Z,2026-10-08T16:23:49Z,9.840324,1731,1733,0.0011554015020219526,1.4227173713602854,False,True,https://api.fususone.com/api/public/organizations/okcpd/stats/
fastest_absolute,62,renopd,totalRegisteredCameras,previous,2,Connect Reno,Reno,NV,2026-09-28T20:14:12Z,2026-10-08T16:24:16Z,9.840324,708,710,0.002824858757062147,1.4227173713602854,False,True,https://api.fususone.com/api/public/organizations/renopd/stats/
fastest_absolute,63,shelbycoso,totalRegisteredCameras,previous,2,Connect Shelby County,Shelby County,TN,2026-09-28T20:14:43Z,2026-10-08T16:24:47Z,9.840324,1307,1309,0.001530221882172915,1.4227173713602854,False,True,https://api.fususone.com/api/public/organizations/shelbycoso/stats/
fastest_absolute,64,bartowfl,totalRegisteredCameras,previous,1,Connect Bartow,Bartow,FL,2026-09-28T20:10:23Z,2026-10-08T16:20:18Z,9.84022,0,1,,0.7113662159857445,True,True,https://api.fususone.com/api/public/organizations/bartowfl/stats/
fastest_absolute,65,forsyth,totalRegisteredCameras,previous,1,Connect Forsyth County,"Forsyth County, NC",SC,2026-09-28T20:11:58Z,2026-10-08T16:21:57Z,9.840266,1442,1443,0.0006934812760055479,0.7113628691635723,False,True,https://api.fususone.com/api/public/organizations/forsyth/stats/
fastest_absolute,66,henrycountypd,totalRegisteredCameras,previous,1,Henry Safer Together,Henry County,GA,2026-09-28T20:12:20Z,2026-10-08T16:22:23Z,9.840312,4982,4983,0.0002007226013649137,0.7113595223728921,False,True,https://api.fususone.com/api/public/organizations/henrycountypd/stats/
fastest_absolute,67,kylepdtx,totalRegisteredCameras,previous,1,Connect Kyle,Kyle,TX,2026-09-28T20:12:39Z,2026-10-08T16:22:42Z,9.840312,153,154,0.006535947712418301,0.7113595223728921,False,True,https://api.fususone.com/api/public/organizations/kylepdtx/stats/
fastest_absolute,68,lexingtonky,totalRegisteredCameras,previous,1,Connect Lexington,Lexington,KY,2026-09-28T20:12:53Z,2026-10-08T16:22:56Z,9.840312,2107,2108,0.00047460844803037496,0.7113595223728921,False,True,https://api.fususone.com/api/public/organizations/lexingtonky/stats/
fastest_weekly_rate,1,scrantonpd,totalRegisteredCameras,previous,215,Connect Scranton,Scranton,PA,2026-09-28T20:14:37Z,2026-10-08T16:24:41Z,9.840324,495,710,0.43434343434343436,152.94211742123068,False,True,https://api.fususone.com/api/public/organizations/scrantonpd/stats/
fastest_weekly_rate,2,alachuasheriff,totalRegisteredCameras,previous,135,Connect Alachua County,Alachua County,FL,2026-09-28T20:10:06Z,2026-10-08T16:20:00Z,9.840208,0,135,,96.0345521139881,True,True,https://api.fususone.com/api/public/organizations/alachuasheriff/stats/
fastest_weekly_rate,3,charlottemecklenburg,totalRegisteredCameras,previous,38,Connect Charlotte,Charlotte,NC,2026-09-28T20:10:51Z,2026-10-08T16:20:48Z,9.840243,3128,3166,0.012148337595907928,27.03185261768743,False,True,https://api.fususone.com/api/public/organizations/charlottemecklenburg/stats/
fastest_weekly_rate,4,memphispd,totalRegisteredCameras,previous,37,Connect Memphis,Memphis,TN,2026-09-28T20:13:07Z,2026-10-08T16:23:10Z,9.840312,14215,14252,0.0026028842771720012,26.32030232779701,False,True,https://api.fususone.com/api/public/organizations/memphispd/stats/
fastest_weekly_rate,5,raleighncpd,totalRegisteredCameras,previous,36,CONNECTRALEIGH,Raleigh,NC,2026-09-28T20:14:09Z,2026-10-08T16:24:13Z,9.840324,1868,1904,0.019271948608137045,25.608912684485137,False,True,https://api.fususone.com/api/public/organizations/raleighncpd/stats/
fastest_weekly_rate,6,aacounty,totalRegisteredCameras,previous,32,Connect Anne Arundel,Anne Arundel County,MD,2026-09-28T20:10:02Z,2026-10-08T16:19:56Z,9.840208,1028,1060,0.0311284046692607,22.76374568627866,False,True,https://api.fususone.com/api/public/organizations/aacounty/stats/
fastest_weekly_rate,7,forsythcosoga,totalRegisteredCameras,previous,32,Connect Forsyth County,Forsyth County,GA,2026-09-28T20:11:59Z,2026-10-08T16:21:58Z,9.840266,776,808,0.041237113402061855,22.763611813234313,False,True,https://api.fususone.com/api/public/organizations/forsythcosoga/stats/
fastest_weekly_rate,8,dcmetro,totalRegisteredCameras,previous,27,CameraConnectDC,Washington DC,DC,2026-09-28T20:11:33Z,2026-10-08T16:21:30Z,9.840243,44179,44206,0.000611150093936033,19.206842649409488,False,True,https://api.fususone.com/api/public/organizations/dcmetro/stats/
fastest_weekly_rate,9,fairfaxcopd,totalRegisteredCameras,previous,22,Connect Fairfax County,Fairfax County,VA,2026-09-28T20:11:52Z,2026-10-08T16:21:51Z,9.840266,3565,3587,0.0061711079943899015,15.64998312159859,False,True,https://api.fususone.com/api/public/organizations/fairfaxcopd/stats/
fastest_weekly_rate,10,pgcountypd,totalRegisteredCameras,previous,22,Connect Prince George's County,Prince George's County,MD,2026-09-28T20:14:00Z,2026-10-08T16:24:04Z,9.840324,466,488,0.04721030042918455,15.649891084963139,False,True,https://api.fususone.com/api/public/organizations/pgcountypd/stats/
fastest_weekly_rate,11,dearbornpdmi,totalRegisteredCameras,previous,21,Connect Dearborn,Dearborn,MI,2026-09-28T20:11:35Z,2026-10-08T16:21:32Z,9.840243,689,710,0.030478955007256895,14.938655393985158,False,True,https://api.fususone.com/api/public/organizations/dearbornpdmi/stats/
fastest_weekly_rate,12,universityofmissouripdmo,totalRegisteredCameras,previous,21,Mizzou SafeConnect,Mizzou,MO,2026-09-28T20:15:10Z,2026-10-08T16:25:15Z,9.840336,145,166,0.14482758620689656,14.93851482877659,False,True,https://api.fususone.com/api/public/organizations/universityofmissouripdmo/stats/
fastest_weekly_rate,13,jacksonvillesheriff,totalRegisteredCameras,previous,19,ConnectDuval,Duval County,FL,2026-09-28T20:12:31Z,2026-10-08T16:22:34Z,9.840312,6809,6828,0.002790424438243501,13.51583092508495,False,True,https://api.fususone.com/api/public/organizations/jacksonvillesheriff/stats/
fastest_weekly_rate,14,pascopdwa,totalRegisteredCameras,previous,19,OnePasco,Pasco,WA,2026-09-28T20:13:51Z,2026-10-08T16:23:55Z,9.840324,69,88,0.2753623188405797,13.515815027922711,False,True,https://api.fususone.com/api/public/organizations/pascopdwa/stats/
fastest_weekly_rate,15,escambiafl,totalRegisteredCameras,previous,18,Star Network,Escambia County,FL,2026-09-28T20:11:49Z,2026-10-08T16:21:48Z,9.840266,1573,1591,0.01144310235219326,12.8045316449443,False,True,https://api.fususone.com/api/public/organizations/escambiafl/stats/
fastest_weekly_rate,16,lakecountysheriff,totalRegisteredCameras,previous,17,Connect Lake County,Lake County,FL,2026-09-28T20:12:44Z,2026-10-08T16:22:47Z,9.840312,2249,2266,0.00755891507336594,12.093111880339167,False,True,https://api.fususone.com/api/public/organizations/lakecountysheriff/stats/
fastest_weekly_rate,17,lasd,totalRegisteredCameras,previous,16,Connect Los Angeles County,Los Angeles County,CA,2026-09-28T20:12:47Z,2026-10-08T16:22:50Z,9.840312,2181,2197,0.007336084364970197,11.381752357966274,False,True,https://api.fususone.com/api/public/organizations/lasd/stats/
fastest_weekly_rate,18,highpointncpd,totalRegisteredCameras,previous,15,Link High Point,High Point,NC,2026-09-28T20:12:22Z,2026-10-08T16:22:25Z,9.840312,1248,1263,0.01201923076923077,10.670392835593383,False,True,https://api.fususone.com/api/public/organizations/highpointncpd/stats/
fastest_weekly_rate,19,louisvillemetro,totalRegisteredCameras,previous,15,Connect Louisville,Louisville,KY,2026-09-28T20:12:57Z,2026-10-08T16:23:00Z,9.840312,1027,1042,0.014605647517039922,10.670392835593383,False,True,https://api.fususone.com/api/public/organizations/louisvillemetro/stats/
fastest_weekly_rate,20,newportbeachpdca,totalRegisteredCameras,previous,15,Connect Newport Beach,Newport Beach,CA,2026-09-28T20:13:29Z,2026-10-08T16:23:33Z,9.840324,405,420,0.037037037037037035,10.67038028520214,False,True,https://api.fususone.com/api/public/organizations/newportbeachpdca/stats/
fastest_weekly_rate,21,dallaspd,totalRegisteredCameras,previous,13,Connect Dallas,Dallas,TX,2026-09-28T20:11:29Z,2026-10-08T16:21:26Z,9.840243,4054,4067,0.003206709422792304,9.247739053419384,False,True,https://api.fususone.com/api/public/organizations/dallaspd/stats/
fastest_weekly_rate,22,hennepincountyso,totalRegisteredCameras,previous,13,Connect Hennepin County,Hennepin County,MN,2026-09-28T20:12:18Z,2026-10-08T16:22:21Z,9.840312,457,470,0.028446389496717725,9.247673790847598,False,True,https://api.fususone.com/api/public/organizations/hennepincountyso/stats/
fastest_weekly_rate,23,birminghampd,totalRegisteredCameras,previous,12,Connect Birmingham,Birmingham,AL,2026-09-28T20:10:32Z,2026-10-08T16:20:27Z,9.84022,793,805,0.015132408575031526,8.536394591828934,False,True,https://api.fususone.com/api/public/organizations/birminghampd/stats/
fastest_weekly_rate,24,brooklynparkpdmn,totalRegisteredCameras,previous,12,Brooklyn Park Community Cameras,Brooklyn Park,MN,2026-09-28T20:10:39Z,2026-10-08T16:20:35Z,9.840231,503,515,0.02385685884691849,8.536384551326988,False,True,https://api.fususone.com/api/public/organizations/brooklynparkpdmn/stats/
fastest_weekly_rate,25,cobbcountypd,totalRegisteredCameras,previous,12,Connect Cobb ,Cobb County,GA,2026-09-28T20:11:18Z,2026-10-08T16:21:15Z,9.840243,3547,3559,0.0033831406822667043,8.536374510848662,False,True,https://api.fususone.com/api/public/organizations/cobbcountypd/stats/
fastest_weekly_rate,26,pbso,totalRegisteredCameras,previous,12,Keep Palm Beach County Safe,Palm Beach County,FL,2026-09-28T20:13:53Z,2026-10-08T16:23:57Z,9.840324,1885,1897,0.00636604774535809,8.536304228161711,False,True,https://api.fususone.com/api/public/organizations/pbso/stats/
fastest_weekly_rate,27,sacramentopd,totalRegisteredCameras,previous,11,Sacramento PD Connect,Sacramento,CA,2026-09-28T20:14:25Z,2026-10-08T16:24:29Z,9.840324,901,912,0.01220865704772475,7.8249455424815695,False,True,https://api.fususone.com/api/public/organizations/sacramentopd/stats/
fastest_weekly_rate,28,bendpd,totalRegisteredCameras,previous,10,Connect Bend,Bend,OR,2026-09-28T20:10:27Z,2026-10-08T16:20:22Z,9.84022,775,785,0.012903225806451613,7.113662159857444,False,True,https://api.fususone.com/api/public/organizations/bendpd/stats/
fastest_weekly_rate,29,covinapdca,totalRegisteredCameras,previous,10,SaferCovina,Covina,CA,2026-09-28T20:11:25Z,2026-10-08T16:21:22Z,9.840243,27,37,0.37037037037037035,7.113645425707218,False,True,https://api.fususone.com/api/public/organizations/covinapdca/stats/
fastest_weekly_rate,30,baycounty,totalRegisteredCameras,previous,9,Connect Bay County,Bay County,FL,2026-09-28T20:10:24Z,2026-10-08T16:20:19Z,9.84022,1713,1722,0.005253940455341506,6.4022959438717,False,True,https://api.fususone.com/api/public/organizations/baycounty/stats/
fastest_weekly_rate,31,prairievillagepdks,totalRegisteredCameras,previous,8,Connect Prairie Village,Prairie Village,KS,2026-09-28T20:14:07Z,2026-10-08T16:24:11Z,9.840324,121,129,0.06611570247933884,5.690869485441142,False,True,https://api.fususone.com/api/public/organizations/prairievillagepdks/stats/
fastest_weekly_rate,32,chicopee,totalRegisteredCameras,previous,7,Connect Chicopee,Chicopee,MA,2026-09-28T20:10:56Z,2026-10-08T16:20:53Z,9.840243,128,135,0.0546875,4.979551797995053,False,True,https://api.fususone.com/api/public/organizations/chicopee/stats/
fastest_weekly_rate,33,hcso,totalRegisteredCameras,previous,7,Connect Hillsborough,Hillsborough County,FL,2026-09-28T20:12:17Z,2026-10-08T16:22:20Z,9.840312,293,300,0.023890784982935155,4.979516656610245,False,True,https://api.fususone.com/api/public/organizations/hcso/stats/
fastest_weekly_rate,34,southbendpd,totalRegisteredCameras,previous,7,Sync South Bend,South Bend,IN,2026-09-28T20:14:45Z,2026-10-08T16:24:49Z,9.840324,2529,2536,0.00276789244760775,4.979510799760999,False,True,https://api.fususone.com/api/public/organizations/southbendpd/stats/
fastest_weekly_rate,35,torrancepd,totalRegisteredCameras,previous,7,Secure Torrance,Torrance,CA,2026-09-28T20:15:02Z,2026-10-08T16:25:06Z,9.840324,133,140,0.05263157894736842,4.979510799760999,False,True,https://api.fususone.com/api/public/organizations/torrancepd/stats/
fastest_weekly_rate,36,kentcountysd,totalRegisteredCameras,previous,6,The Kent Safety Network,Kent County,MI,2026-09-28T20:12:36Z,2026-10-08T16:22:39Z,9.840312,580,586,0.010344827586206896,4.268157134237353,False,True,https://api.fususone.com/api/public/organizations/kentcountysd/stats/
fastest_weekly_rate,37,sanjose,totalRegisteredCameras,previous,6,Connect San Jose,San Jose,CA,2026-09-28T20:14:30Z,2026-10-08T16:24:34Z,9.840324,10810,10816,0.0005550416281221092,4.268152114080856,False,True,https://api.fususone.com/api/public/organizations/sanjose/stats/
fastest_weekly_rate,38,jacksonpdtn,totalRegisteredCameras,previous,5,"Safe Jackson, TN",Jackson,TN,2026-09-28T20:12:30Z,2026-10-08T16:22:33Z,9.840312,0,5,,3.556797611864461,True,True,https://api.fususone.com/api/public/organizations/jacksonpdtn/stats/
fastest_weekly_rate,39,littlerockpd,totalRegisteredCameras,previous,5,Connect Little Rock,Little Rock,AR,2026-09-28T20:12:55Z,2026-10-08T16:22:58Z,9.840312,2863,2868,0.0017464198393293748,3.556797611864461,False,True,https://api.fususone.com/api/public/organizations/littlerockpd/stats/
fastest_weekly_rate,40,miamidadepd,totalRegisteredCameras,previous,5,Connect Miami-Dade,Miami-Dade,FL,2026-09-28T20:13:11Z,2026-10-08T16:23:15Z,9.840324,1249,1254,0.0040032025620496394,3.5567934284007134,False,True,https://api.fususone.com/api/public/organizations/miamidadepd/stats/
fastest_weekly_rate,41,savannahpd,totalRegisteredCameras,previous,5,Connect Savannah,Savannah,GA,2026-09-28T20:14:35Z,2026-10-08T16:24:39Z,9.840324,1168,1173,0.004280821917808219,3.5567934284007134,False,True,https://api.fususone.com/api/public/organizations/savannahpd/stats/
fastest_weekly_rate,42,seattlepd,totalRegisteredCameras,previous,5,Connect Seattle,Seattle,WA,2026-09-28T20:14:40Z,2026-10-08T16:24:44Z,9.840324,883,888,0.0056625141562853904,3.5567934284007134,False,True,https://api.fususone.com/api/public/organizations/seattlepd/stats/
fastest_weekly_rate,43,tempepd,totalRegisteredCameras,previous,5,Connect Tempe,Tempe,AZ,2026-09-28T20:15:01Z,2026-10-08T16:25:05Z,9.840324,172,177,0.029069767441860465,3.5567934284007134,False,True,https://api.fususone.com/api/public/organizations/tempepd/stats/
fastest_weekly_rate,44,beaumonttx,totalRegisteredCameras,previous,4,Connect Southeast Texas,Southeast Texas,TX,2026-09-28T20:10:25Z,2026-10-08T16:20:20Z,9.84022,4049,4053,0.0009878982464806125,2.845464863942978,False,True,https://api.fususone.com/api/public/organizations/beaumonttx/stats/
fastest_weekly_rate,45,harrisoncso,totalRegisteredCameras,previous,4,Connect Harrison County,Harrison County,MS,2026-09-28T20:12:14Z,2026-10-08T16:22:17Z,9.840312,559,563,0.007155635062611807,2.8454380894915685,False,True,https://api.fususone.com/api/public/organizations/harrisoncso/stats/
fastest_weekly_rate,46,indianriversheriff,totalRegisteredCameras,previous,4,Connect Indian River County,Indian River County,FL,2026-09-28T20:12:27Z,2026-10-08T16:22:30Z,9.840312,220,224,0.01818181818181818,2.8454380894915685,False,True,https://api.fususone.com/api/public/organizations/indianriversheriff/stats/
fastest_weekly_rate,47,melroseparkpdil,totalRegisteredCameras,previous,4,Connect Melrose Park,Melrose Park,IL,2026-09-28T20:13:06Z,2026-10-08T16:23:09Z,9.840312,32,36,0.125,2.8454380894915685,False,True,https://api.fususone.com/api/public/organizations/melroseparkpdil/stats/
fastest_weekly_rate,48,farmingtonpd,totalRegisteredCameras,previous,3,Connect Farmington,Farmington ,NM,2026-09-28T20:11:53Z,2026-10-08T16:21:52Z,9.840266,55,58,0.05454545454545454,2.1340886074907166,False,True,https://api.fususone.com/api/public/organizations/farmingtonpd/stats/
fastest_weekly_rate,49,planotx,totalRegisteredCameras,previous,3,Keep Plano Safe,Plano,TX,2026-09-28T20:14:02Z,2026-10-08T16:24:06Z,9.840324,23,26,0.13043478260869565,2.134076057040428,False,True,https://api.fususone.com/api/public/organizations/planotx/stats/
fastest_weekly_rate,50,rialtopd,totalRegisteredCameras,previous,3,Connect Rialto,Rialto,CA,2026-09-28T20:14:14Z,2026-10-08T16:24:18Z,9.840324,349,352,0.008595988538681949,2.134076057040428,False,True,https://api.fususone.com/api/public/organizations/rialtopd/stats/
fastest_weekly_rate,51,springfieldpdmo,totalRegisteredCameras,previous,3,Springfield Safe,Springfield,MO,2026-09-28T20:14:51Z,2026-10-08T16:24:55Z,9.840324,15,18,0.2,2.134076057040428,False,True,https://api.fususone.com/api/public/organizations/springfieldpdmo/stats/
fastest_weekly_rate,52,albanypolice,totalRegisteredCameras,previous,2,Connect Albany,Albany,GA,2026-09-28T20:10:07Z,2026-10-08T16:20:01Z,9.840208,731,733,0.0027359781121751026,1.4227341053924163,False,True,https://api.fususone.com/api/public/organizations/albanypolice/stats/
fastest_weekly_rate,53,alsipil,totalRegisteredCameras,previous,2,Connect Alsip,Alsip,IL,2026-09-28T20:10:09Z,2026-10-08T16:20:04Z,9.84022,738,740,0.0027100271002710027,1.422732431971489,False,True,https://api.fususone.com/api/public/organizations/alsipil/stats/
fastest_weekly_rate,54,cherokeega,totalRegisteredCameras,previous,2,Connect Cherokee,Cherokee County,GA,2026-09-28T20:10:53Z,2026-10-08T16:20:50Z,9.840243,633,635,0.00315955766192733,1.4227290851414436,False,True,https://api.fususone.com/api/public/organizations/cherokeega/stats/
fastest_weekly_rate,55,cincinnatipd,totalRegisteredCameras,previous,2,Connect Cincinnati,Cincinnati,OH,2026-09-28T20:10:58Z,2026-10-08T16:20:55Z,9.840243,1721,1723,0.0011621150493898896,1.4227290851414436,False,True,https://api.fususone.com/api/public/organizations/cincinnatipd/stats/
fastest_weekly_rate,56,garypd,totalRegisteredCameras,previous,2,Connect Gary,Gary,IN,2026-09-28T20:12:02Z,2026-10-08T16:22:05Z,9.840312,1672,1674,0.0011961722488038277,1.4227190447457843,False,True,https://api.fususone.com/api/public/organizations/garypd/stats/
fastest_weekly_rate,57,guilfordsheriff,totalRegisteredCameras,previous,2,Connect Guilford County,Guilford County ,NC,2026-09-28T20:12:08Z,2026-10-08T16:22:11Z,9.840312,872,874,0.0022935779816513763,1.4227190447457843,False,True,https://api.fususone.com/api/public/organizations/guilfordsheriff/stats/
fastest_weekly_rate,58,knoxvillepdtn,totalRegisteredCameras,previous,2,Connect Knoxville,Knoxville,TN,2026-09-28T20:12:38Z,2026-10-08T16:22:41Z,9.840312,581,583,0.0034423407917383822,1.4227190447457843,False,True,https://api.fususone.com/api/public/organizations/knoxvillepdtn/stats/
fastest_weekly_rate,59,lynchburgpd,totalRegisteredCameras,previous,2,Hill City Connect,Lynchburg,VA,2026-09-28T20:12:58Z,2026-10-08T16:23:01Z,9.840312,1388,1390,0.001440922190201729,1.4227190447457843,False,True,https://api.fususone.com/api/public/organizations/lynchburgpd/stats/
fastest_weekly_rate,60,munsterpdin,totalRegisteredCameras,previous,2,Connect Munster,Munster,IN,2026-09-28T20:13:24Z,2026-10-08T16:23:28Z,9.840324,109,111,0.01834862385321101,1.4227173713602854,False,True,https://api.fususone.com/api/public/organizations/munsterpdin/stats/
fastest_weekly_rate,61,okcpd,totalRegisteredCameras,previous,2,Connect Oklahoma City,Oklahoma City,OK,2026-09-28T20:13:45Z,2026-10-08T16:23:49Z,9.840324,1731,1733,0.0011554015020219526,1.4227173713602854,False,True,https://api.fususone.com/api/public/organizations/okcpd/stats/
fastest_weekly_rate,62,renopd,totalRegisteredCameras,previous,2,Connect Reno,Reno,NV,2026-09-28T20:14:12Z,2026-10-08T16:24:16Z,9.840324,708,710,0.002824858757062147,1.4227173713602854,False,True,https://api.fususone.com/api/public/organizations/renopd/stats/
fastest_weekly_rate,63,shelbycoso,totalRegisteredCameras,previous,2,Connect Shelby County,Shelby County,TN,2026-09-28T20:14:43Z,2026-10-08T16:24:47Z,9.840324,1307,1309,0.001530221882172915,1.4227173713602854,False,True,https://api.fususone.com/api/public/organizations/shelbycoso/stats/
fastest_weekly_rate,64,bartowfl,totalRegisteredCameras,previous,1,Connect Bartow,Bartow,FL,2026-09-28T20:10:23Z,2026-10-08T16:20:18Z,9.84022,0,1,,0.7113662159857445,True,True,https://api.fususone.com/api/public/organizations/bartowfl/stats/
fastest_weekly_rate,65,forsyth,totalRegisteredCameras,previous,1,Connect Forsyth County,"Forsyth County, NC",SC,2026-09-28T20:11:58Z,2026-10-08T16:21:57Z,9.840266,1442,1443,0.0006934812760055479,0.7113628691635723,False,True,https://api.fususone.com/api/public/organizations/forsyth/stats/
fastest_weekly_rate,66,henrycountypd,totalRegisteredCameras,previous,1,Henry Safer Together,Henry County,GA,2026-09-28T20:12:20Z,2026-10-08T16:22:23Z,9.840312,4982,4983,0.0002007226013649137,0.7113595223728921,False,True,https://api.fususone.com/api/public/organizations/henrycountypd/stats/
fastest_weekly_rate,67,kylepdtx,totalRegisteredCameras,previous,1,Connect Kyle,Kyle,TX,2026-09-28T20:12:39Z,2026-10-08T16:22:42Z,9.840312,153,154,0.006535947712418301,0.7113595223728921,False,True,https://api.fususone.com/api/public/organizations/kylepdtx/stats/
fastest_weekly_rate,68,lexingtonky,totalRegisteredCameras,previous,1,Connect Lexington,Lexington,KY,2026-09-28T20:12:53Z,2026-10-08T16:22:56Z,9.840312,2107,2108,0.00047460844803037496,0.7113595223728921,False,True,https://api.fususone.com/api/public/organizations/lexingtonky/stats/
fastest_percentage,1,scrantonpd,totalRegisteredCameras,previous,215,Connect Scranton,Scranton,PA,2026-09-28T20:14:37Z,2026-10-08T16:24:41Z,9.840324,495,710,0.43434343434343436,152.94211742123068,False,True,https://api.fususone.com/api/public/organizations/scrantonpd/stats/
fastest_percentage,2,covinapdca,totalRegisteredCameras,previous,10,SaferCovina,Covina,CA,2026-09-28T20:11:25Z,2026-10-08T16:21:22Z,9.840243,27,37,0.37037037037037035,7.113645425707218,False,True,https://api.fususone.com/api/public/organizations/covinapdca/stats/
fastest_percentage,3,pascopdwa,totalRegisteredCameras,previous,19,OnePasco,Pasco,WA,2026-09-28T20:13:51Z,2026-10-08T16:23:55Z,9.840324,69,88,0.2753623188405797,13.515815027922711,False,True,https://api.fususone.com/api/public/organizations/pascopdwa/stats/
fastest_percentage,4,universityofmissouripdmo,totalRegisteredCameras,previous,21,Mizzou SafeConnect,Mizzou,MO,2026-09-28T20:15:10Z,2026-10-08T16:25:15Z,9.840336,145,166,0.14482758620689656,14.93851482877659,False,True,https://api.fususone.com/api/public/organizations/universityofmissouripdmo/stats/
fastest_percentage,5,melroseparkpdil,totalRegisteredCameras,previous,4,Connect Melrose Park,Melrose Park,IL,2026-09-28T20:13:06Z,2026-10-08T16:23:09Z,9.840312,32,36,0.125,2.8454380894915685,False,True,https://api.fususone.com/api/public/organizations/melroseparkpdil/stats/
fastest_percentage,6,prairievillagepdks,totalRegisteredCameras,previous,8,Connect Prairie Village,Prairie Village,KS,2026-09-28T20:14:07Z,2026-10-08T16:24:11Z,9.840324,121,129,0.06611570247933884,5.690869485441142,False,True,https://api.fususone.com/api/public/organizations/prairievillagepdks/stats/
fastest_percentage,7,chicopee,totalRegisteredCameras,previous,7,Connect Chicopee,Chicopee,MA,2026-09-28T20:10:56Z,2026-10-08T16:20:53Z,9.840243,128,135,0.0546875,4.979551797995053,False,True,https://api.fususone.com/api/public/organizations/chicopee/stats/
fastest_percentage,8,farmingtonpd,totalRegisteredCameras,previous,3,Connect Farmington,Farmington ,NM,2026-09-28T20:11:53Z,2026-10-08T16:21:52Z,9.840266,55,58,0.05454545454545454,2.1340886074907166,False,True,https://api.fususone.com/api/public/organizations/farmingtonpd/stats/
fastest_percentage,9,torrancepd,totalRegisteredCameras,previous,7,Secure Torrance,Torrance,CA,2026-09-28T20:15:02Z,2026-10-08T16:25:06Z,9.840324,133,140,0.05263157894736842,4.979510799760999,False,True,https://api.fususone.com/api/public/organizations/torrancepd/stats/
fastest_percentage,10,pgcountypd,totalRegisteredCameras,previous,22,Connect Prince George's County,Prince George's County,MD,2026-09-28T20:14:00Z,2026-10-08T16:24:04Z,9.840324,466,488,0.04721030042918455,15.649891084963139,False,True,https://api.fususone.com/api/public/organizations/pgcountypd/stats/
fastest_percentage,11,forsythcosoga,totalRegisteredCameras,previous,32,Connect Forsyth County,Forsyth County,GA,2026-09-28T20:11:59Z,2026-10-08T16:21:58Z,9.840266,776,808,0.041237113402061855,22.763611813234313,False,True,https://api.fususone.com/api/public/organizations/forsythcosoga/stats/
fastest_percentage,12,newportbeachpdca,totalRegisteredCameras,previous,15,Connect Newport Beach,Newport Beach,CA,2026-09-28T20:13:29Z,2026-10-08T16:23:33Z,9.840324,405,420,0.037037037037037035,10.67038028520214,False,True,https://api.fususone.com/api/public/organizations/newportbeachpdca/stats/
fastest_percentage,13,aacounty,totalRegisteredCameras,previous,32,Connect Anne Arundel,Anne Arundel County,MD,2026-09-28T20:10:02Z,2026-10-08T16:19:56Z,9.840208,1028,1060,0.0311284046692607,22.76374568627866,False,True,https://api.fususone.com/api/public/organizations/aacounty/stats/
fastest_percentage,14,dearbornpdmi,totalRegisteredCameras,previous,21,Connect Dearborn,Dearborn,MI,2026-09-28T20:11:35Z,2026-10-08T16:21:32Z,9.840243,689,710,0.030478955007256895,14.938655393985158,False,True,https://api.fususone.com/api/public/organizations/dearbornpdmi/stats/
fastest_percentage,15,tempepd,totalRegisteredCameras,previous,5,Connect Tempe,Tempe,AZ,2026-09-28T20:15:01Z,2026-10-08T16:25:05Z,9.840324,172,177,0.029069767441860465,3.5567934284007134,False,True,https://api.fususone.com/api/public/organizations/tempepd/stats/
fastest_percentage,16,hennepincountyso,totalRegisteredCameras,previous,13,Connect Hennepin County,Hennepin County,MN,2026-09-28T20:12:18Z,2026-10-08T16:22:21Z,9.840312,457,470,0.028446389496717725,9.247673790847598,False,True,https://api.fususone.com/api/public/organizations/hennepincountyso/stats/
fastest_percentage,17,hcso,totalRegisteredCameras,previous,7,Connect Hillsborough,Hillsborough County,FL,2026-09-28T20:12:17Z,2026-10-08T16:22:20Z,9.840312,293,300,0.023890784982935155,4.979516656610245,False,True,https://api.fususone.com/api/public/organizations/hcso/stats/
fastest_percentage,18,brooklynparkpdmn,totalRegisteredCameras,previous,12,Brooklyn Park Community Cameras,Brooklyn Park,MN,2026-09-28T20:10:39Z,2026-10-08T16:20:35Z,9.840231,503,515,0.02385685884691849,8.536384551326988,False,True,https://api.fususone.com/api/public/organizations/brooklynparkpdmn/stats/
fastest_percentage,19,raleighncpd,totalRegisteredCameras,previous,36,CONNECTRALEIGH,Raleigh,NC,2026-09-28T20:14:09Z,2026-10-08T16:24:13Z,9.840324,1868,1904,0.019271948608137045,25.608912684485137,False,True,https://api.fususone.com/api/public/organizations/raleighncpd/stats/
fastest_percentage,20,munsterpdin,totalRegisteredCameras,previous,2,Connect Munster,Munster,IN,2026-09-28T20:13:24Z,2026-10-08T16:23:28Z,9.840324,109,111,0.01834862385321101,1.4227173713602854,False,True,https://api.fususone.com/api/public/organizations/munsterpdin/stats/
fastest_percentage,21,indianriversheriff,totalRegisteredCameras,previous,4,Connect Indian River County,Indian River County,FL,2026-09-28T20:12:27Z,2026-10-08T16:22:30Z,9.840312,220,224,0.01818181818181818,2.8454380894915685,False,True,https://api.fususone.com/api/public/organizations/indianriversheriff/stats/
fastest_percentage,22,birminghampd,totalRegisteredCameras,previous,12,Connect Birmingham,Birmingham,AL,2026-09-28T20:10:32Z,2026-10-08T16:20:27Z,9.84022,793,805,0.015132408575031526,8.536394591828934,False,True,https://api.fususone.com/api/public/organizations/birminghampd/stats/
fastest_percentage,23,louisvillemetro,totalRegisteredCameras,previous,15,Connect Louisville,Louisville,KY,2026-09-28T20:12:57Z,2026-10-08T16:23:00Z,9.840312,1027,1042,0.014605647517039922,10.670392835593383,False,True,https://api.fususone.com/api/public/organizations/louisvillemetro/stats/
fastest_percentage,24,bendpd,totalRegisteredCameras,previous,10,Connect Bend,Bend,OR,2026-09-28T20:10:27Z,2026-10-08T16:20:22Z,9.84022,775,785,0.012903225806451613,7.113662159857444,False,True,https://api.fususone.com/api/public/organizations/bendpd/stats/
fastest_percentage,25,sacramentopd,totalRegisteredCameras,previous,11,Sacramento PD Connect,Sacramento,CA,2026-09-28T20:14:25Z,2026-10-08T16:24:29Z,9.840324,901,912,0.01220865704772475,7.8249455424815695,False,True,https://api.fususone.com/api/public/organizations/sacramentopd/stats/
fastest_percentage,26,charlottemecklenburg,totalRegisteredCameras,previous,38,Connect Charlotte,Charlotte,NC,2026-09-28T20:10:51Z,2026-10-08T16:20:48Z,9.840243,3128,3166,0.012148337595907928,27.03185261768743,False,True,https://api.fususone.com/api/public/organizations/charlottemecklenburg/stats/
fastest_percentage,27,highpointncpd,totalRegisteredCameras,previous,15,Link High Point,High Point,NC,2026-09-28T20:12:22Z,2026-10-08T16:22:25Z,9.840312,1248,1263,0.01201923076923077,10.670392835593383,False,True,https://api.fususone.com/api/public/organizations/highpointncpd/stats/
fastest_percentage,28,escambiafl,totalRegisteredCameras,previous,18,Star Network,Escambia County,FL,2026-09-28T20:11:49Z,2026-10-08T16:21:48Z,9.840266,1573,1591,0.01144310235219326,12.8045316449443,False,True,https://api.fususone.com/api/public/organizations/escambiafl/stats/
fastest_percentage,29,kentcountysd,totalRegisteredCameras,previous,6,The Kent Safety Network,Kent County,MI,2026-09-28T20:12:36Z,2026-10-08T16:22:39Z,9.840312,580,586,0.010344827586206896,4.268157134237353,False,True,https://api.fususone.com/api/public/organizations/kentcountysd/stats/
fastest_percentage,30,rialtopd,totalRegisteredCameras,previous,3,Connect Rialto,Rialto,CA,2026-09-28T20:14:14Z,2026-10-08T16:24:18Z,9.840324,349,352,0.008595988538681949,2.134076057040428,False,True,https://api.fususone.com/api/public/organizations/rialtopd/stats/
fastest_percentage,31,lakecountysheriff,totalRegisteredCameras,previous,17,Connect Lake County,Lake County,FL,2026-09-28T20:12:44Z,2026-10-08T16:22:47Z,9.840312,2249,2266,0.00755891507336594,12.093111880339167,False,True,https://api.fususone.com/api/public/organizations/lakecountysheriff/stats/
fastest_percentage,32,lasd,totalRegisteredCameras,previous,16,Connect Los Angeles County,Los Angeles County,CA,2026-09-28T20:12:47Z,2026-10-08T16:22:50Z,9.840312,2181,2197,0.007336084364970197,11.381752357966274,False,True,https://api.fususone.com/api/public/organizations/lasd/stats/
fastest_percentage,33,harrisoncso,totalRegisteredCameras,previous,4,Connect Harrison County,Harrison County,MS,2026-09-28T20:12:14Z,2026-10-08T16:22:17Z,9.840312,559,563,0.007155635062611807,2.8454380894915685,False,True,https://api.fususone.com/api/public/organizations/harrisoncso/stats/
fastest_percentage,34,kylepdtx,totalRegisteredCameras,previous,1,Connect Kyle,Kyle,TX,2026-09-28T20:12:39Z,2026-10-08T16:22:42Z,9.840312,153,154,0.006535947712418301,0.7113595223728921,False,True,https://api.fususone.com/api/public/organizations/kylepdtx/stats/
fastest_percentage,35,pbso,totalRegisteredCameras,previous,12,Keep Palm Beach County Safe,Palm Beach County,FL,2026-09-28T20:13:53Z,2026-10-08T16:23:57Z,9.840324,1885,1897,0.00636604774535809,8.536304228161711,False,True,https://api.fususone.com/api/public/organizations/pbso/stats/
fastest_percentage,36,fairfaxcopd,totalRegisteredCameras,previous,22,Connect Fairfax County,Fairfax County,VA,2026-09-28T20:11:52Z,2026-10-08T16:21:51Z,9.840266,3565,3587,0.0061711079943899015,15.64998312159859,False,True,https://api.fususone.com/api/public/organizations/fairfaxcopd/stats/
fastest_percentage,37,seattlepd,totalRegisteredCameras,previous,5,Connect Seattle,Seattle,WA,2026-09-28T20:14:40Z,2026-10-08T16:24:44Z,9.840324,883,888,0.0056625141562853904,3.5567934284007134,False,True,https://api.fususone.com/api/public/organizations/seattlepd/stats/
fastest_percentage,38,baycounty,totalRegisteredCameras,previous,9,Connect Bay County,Bay County,FL,2026-09-28T20:10:24Z,2026-10-08T16:20:19Z,9.84022,1713,1722,0.005253940455341506,6.4022959438717,False,True,https://api.fususone.com/api/public/organizations/baycounty/stats/
fastest_percentage,39,savannahpd,totalRegisteredCameras,previous,5,Connect Savannah,Savannah,GA,2026-09-28T20:14:35Z,2026-10-08T16:24:39Z,9.840324,1168,1173,0.004280821917808219,3.5567934284007134,False,True,https://api.fususone.com/api/public/organizations/savannahpd/stats/
fastest_percentage,40,miamidadepd,totalRegisteredCameras,previous,5,Connect Miami-Dade,Miami-Dade,FL,2026-09-28T20:13:11Z,2026-10-08T16:23:15Z,9.840324,1249,1254,0.0040032025620496394,3.5567934284007134,False,True,https://api.fususone.com/api/public/organizations/miamidadepd/stats/
fastest_percentage,41,knoxvillepdtn,totalRegisteredCameras,previous,2,Connect Knoxville,Knoxville,TN,2026-09-28T20:12:38Z,2026-10-08T16:22:41Z,9.840312,581,583,0.0034423407917383822,1.4227190447457843,False,True,https://api.fususone.com/api/public/organizations/knoxvillepdtn/stats/
fastest_percentage,42,cobbcountypd,totalRegisteredCameras,previous,12,Connect Cobb ,Cobb County,GA,2026-09-28T20:11:18Z,2026-10-08T16:21:15Z,9.840243,3547,3559,0.0033831406822667043,8.536374510848662,False,True,https://api.fususone.com/api/public/organizations/cobbcountypd/stats/
fastest_percentage,43,dallaspd,totalRegisteredCameras,previous,13,Connect Dallas,Dallas,TX,2026-09-28T20:11:29Z,2026-10-08T16:21:26Z,9.840243,4054,4067,0.003206709422792304,9.247739053419384,False,True,https://api.fususone.com/api/public/organizations/dallaspd/stats/
fastest_percentage,44,cherokeega,totalRegisteredCameras,previous,2,Connect Cherokee,Cherokee County,GA,2026-09-28T20:10:53Z,2026-10-08T16:20:50Z,9.840243,633,635,0.00315955766192733,1.4227290851414436,False,True,https://api.fususone.com/api/public/organizations/cherokeega/stats/
fastest_percentage,45,renopd,totalRegisteredCameras,previous,2,Connect Reno,Reno,NV,2026-09-28T20:14:12Z,2026-10-08T16:24:16Z,9.840324,708,710,0.002824858757062147,1.4227173713602854,False,True,https://api.fususone.com/api/public/organizations/renopd/stats/
fastest_percentage,46,jacksonvillesheriff,totalRegisteredCameras,previous,19,ConnectDuval,Duval County,FL,2026-09-28T20:12:31Z,2026-10-08T16:22:34Z,9.840312,6809,6828,0.002790424438243501,13.51583092508495,False,True,https://api.fususone.com/api/public/organizations/jacksonvillesheriff/stats/
fastest_percentage,47,southbendpd,totalRegisteredCameras,previous,7,Sync South Bend,South Bend,IN,2026-09-28T20:14:45Z,2026-10-08T16:24:49Z,9.840324,2529,2536,0.00276789244760775,4.979510799760999,False,True,https://api.fususone.com/api/public/organizations/southbendpd/stats/
fastest_percentage,48,albanypolice,totalRegisteredCameras,previous,2,Connect Albany,Albany,GA,2026-09-28T20:10:07Z,2026-10-08T16:20:01Z,9.840208,731,733,0.0027359781121751026,1.4227341053924163,False,True,https://api.fususone.com/api/public/organizations/albanypolice/stats/
fastest_percentage,49,alsipil,totalRegisteredCameras,previous,2,Connect Alsip,Alsip,IL,2026-09-28T20:10:09Z,2026-10-08T16:20:04Z,9.84022,738,740,0.0027100271002710027,1.422732431971489,False,True,https://api.fususone.com/api/public/organizations/alsipil/stats/
fastest_percentage,50,memphispd,totalRegisteredCameras,previous,37,Connect Memphis,Memphis,TN,2026-09-28T20:13:07Z,2026-10-08T16:23:10Z,9.840312,14215,14252,0.0026028842771720012,26.32030232779701,False,True,https://api.fususone.com/api/public/organizations/memphispd/stats/
fastest_percentage,51,guilfordsheriff,totalRegisteredCameras,previous,2,Connect Guilford County,Guilford County ,NC,2026-09-28T20:12:08Z,2026-10-08T16:22:11Z,9.840312,872,874,0.0022935779816513763,1.4227190447457843,False,True,https://api.fususone.com/api/public/organizations/guilfordsheriff/stats/
fastest_percentage,52,littlerockpd,totalRegisteredCameras,previous,5,Connect Little Rock,Little Rock,AR,2026-09-28T20:12:55Z,2026-10-08T16:22:58Z,9.840312,2863,2868,0.0017464198393293748,3.556797611864461,False,True,https://api.fususone.com/api/public/organizations/littlerockpd/stats/
fastest_percentage,53,shelbycoso,totalRegisteredCameras,previous,2,Connect Shelby County,Shelby County,TN,2026-09-28T20:14:43Z,2026-10-08T16:24:47Z,9.840324,1307,1309,0.001530221882172915,1.4227173713602854,False,True,https://api.fususone.com/api/public/organizations/shelbycoso/stats/
fastest_percentage,54,lynchburgpd,totalRegisteredCameras,previous,2,Hill City Connect,Lynchburg,VA,2026-09-28T20:12:58Z,2026-10-08T16:23:01Z,9.840312,1388,1390,0.001440922190201729,1.4227190447457843,False,True,https://api.fususone.com/api/public/organizations/lynchburgpd/stats/
fastest_percentage,55,garypd,totalRegisteredCameras,previous,2,Connect Gary,Gary,IN,2026-09-28T20:12:02Z,2026-10-08T16:22:05Z,9.840312,1672,1674,0.0011961722488038277,1.4227190447457843,False,True,https://api.fususone.com/api/public/organizations/garypd/stats/
fastest_percentage,56,cincinnatipd,totalRegisteredCameras,previous,2,Connect Cincinnati,Cincinnati,OH,2026-09-28T20:10:58Z,2026-10-08T16:20:55Z,9.840243,1721,1723,0.0011621150493898896,1.4227290851414436,False,True,https://api.fususone.com/api/public/organizations/cincinnatipd/stats/
fastest_percentage,57,okcpd,totalRegisteredCameras,previous,2,Connect Oklahoma City,Oklahoma City,OK,2026-09-28T20:13:45Z,2026-10-08T16:23:49Z,9.840324,1731,1733,0.0011554015020219526,1.4227173713602854,False,True,https://api.fususone.com/api/public/organizations/okcpd/stats/
fastest_percentage,58,beaumonttx,totalRegisteredCameras,previous,4,Connect Southeast Texas,Southeast Texas,TX,2026-09-28T20:10:25Z,2026-10-08T16:20:20Z,9.84022,4049,4053,0.0009878982464806125,2.845464863942978,False,True,https://api.fususone.com/api/public/organizations/beaumonttx/stats/
fastest_percentage,59,forsyth,totalRegisteredCameras,previous,1,Connect Forsyth County,"Forsyth County, NC",SC,2026-09-28T20:11:58Z,2026-10-08T16:21:57Z,9.840266,1442,1443,0.0006934812760055479,0.7113628691635723,False,True,https://api.fususone.com/api/public/organizations/forsyth/stats/
fastest_percentage,60,dcmetro,totalRegisteredCameras,previous,27,CameraConnectDC,Washington DC,DC,2026-09-28T20:11:33Z,2026-10-08T16:21:30Z,9.840243,44179,44206,0.000611150093936033,19.206842649409488,False,True,https://api.fususone.com/api/public/organizations/dcmetro/stats/
fastest_percentage,61,sanjose,totalRegisteredCameras,previous,6,Connect San Jose,San Jose,CA,2026-09-28T20:14:30Z,2026-10-08T16:24:34Z,9.840324,10810,10816,0.0005550416281221092,4.268152114080856,False,True,https://api.fususone.com/api/public/organizations/sanjose/stats/
fastest_percentage,62,lexingtonky,totalRegisteredCameras,previous,1,Connect Lexington,Lexington,KY,2026-09-28T20:12:53Z,2026-10-08T16:22:56Z,9.840312,2107,2108,0.00047460844803037496,0.7113595223728921,False,True,https://api.fususone.com/api/public/organizations/lexingtonky/stats/
fastest_percentage,63,henrycountypd,totalRegisteredCameras,previous,1,Henry Safer Together,Henry County,GA,2026-09-28T20:12:20Z,2026-10-08T16:22:23Z,9.840312,4982,4983,0.0002007226013649137,0.7113595223728921,False,True,https://api.fususone.com/api/public/organizations/henrycountypd/stats/
largest_declines,1,spokanecsowa,totalRegisteredCameras,previous,-56,Connect Spokane County,Spokane County,WA,2026-09-28T20:14:49Z,2026-10-08T16:24:53Z,9.840324,56,0,-1.0,-39.83608639808799,False,True,https://api.fususone.com/api/public/organizations/spokanecsowa/stats/
fastest_absolute,1,cobbcountypd,totalIntegratedCameras,previous,131,Connect Cobb ,Cobb County,GA,2026-09-28T20:11:18Z,2026-10-08T16:21:15Z,9.840243,12906,13037,0.010150317681698435,93.18875507676456,False,True,https://api.fususone.com/api/public/organizations/cobbcountypd/stats/
fastest_absolute,2,albanypolice,totalIntegratedCameras,previous,115,Connect Albany,Albany,GA,2026-09-28T20:10:07Z,2026-10-08T16:20:01Z,9.840208,13936,14051,0.008252009184845005,81.80721106006393,False,True,https://api.fususone.com/api/public/organizations/albanypolice/stats/
fastest_absolute,3,seatpleasantmd,totalIntegratedCameras,previous,88,Connect Seat Pleasant,Seat Pleasant,MD,2026-09-28T20:14:39Z,2026-10-08T16:24:43Z,9.840324,1040,1128,0.08461538461538462,62.599564339852556,False,True,https://api.fususone.com/api/public/organizations/seatpleasantmd/stats/
fastest_absolute,4,memphispd,totalIntegratedCameras,previous,63,Connect Memphis,Memphis,TN,2026-09-28T20:13:07Z,2026-10-08T16:23:10Z,9.840312,3095,3158,0.020355411954765753,44.81564990949221,False,True,https://api.fususone.com/api/public/organizations/memphispd/stats/
fastest_absolute,5,dothanpd,totalIntegratedCameras,previous,59,Connect Dothan,Dothan,AL,2026-09-28T20:11:39Z,2026-10-08T16:21:36Z,9.840243,180,239,0.3277777777777778,41.970508011672585,False,True,https://api.fususone.com/api/public/organizations/dothanpd/stats/
fastest_absolute,6,ontariopolice,totalIntegratedCameras,previous,55,Connect Ontario,Ontario,CA,2026-09-28T20:13:46Z,2026-10-08T16:23:50Z,9.840324,2095,2150,0.026252983293556086,39.12472771240785,False,True,https://api.fususone.com/api/public/organizations/ontariopolice/stats/
fastest_absolute,7,shelbycoso,totalIntegratedCameras,previous,55,Connect Shelby County,Shelby County,TN,2026-09-28T20:14:43Z,2026-10-08T16:24:47Z,9.840324,2324,2379,0.023666092943201378,39.12472771240785,False,True,https://api.fususone.com/api/public/organizations/shelbycoso/stats/
fastest_absolute,8,cityofws,totalIntegratedCameras,previous,53,Connect Winston-Salem,the City of Winston-Salem,NC,2026-09-28T20:11:11Z,2026-10-08T16:21:08Z,9.840243,3292,3345,0.016099635479951396,37.702320756248255,False,True,https://api.fususone.com/api/public/organizations/cityofws/stats/
fastest_absolute,9,mcpdmd,totalIntegratedCameras,previous,51,MoCoConnect,Montgomery County,MD,2026-09-28T20:13:04Z,2026-10-08T16:23:07Z,9.840312,1999,2050,0.025512756378189096,36.2793356410175,False,True,https://api.fususone.com/api/public/organizations/mcpdmd/stats/
fastest_absolute,10,jacksonvillesheriff,totalIntegratedCameras,previous,48,ConnectDuval,Duval County,FL,2026-09-28T20:12:31Z,2026-10-08T16:22:34Z,9.840312,9767,9815,0.004914508037268352,34.145257073898826,False,True,https://api.fususone.com/api/public/organizations/jacksonvillesheriff/stats/
fastest_absolute,11,norfolkpd,totalIntegratedCameras,previous,45,Connect Norfolk,Norfolk,VA,2026-09-28T20:13:32Z,2026-10-08T16:23:36Z,9.840324,3656,3701,0.012308533916849015,32.01114085560642,False,True,https://api.fususone.com/api/public/organizations/norfolkpd/stats/
fastest_absolute,12,newportnewspd,totalIntegratedCameras,previous,42,Connect Newport News,Newport News,VA,2026-09-28T20:13:30Z,2026-10-08T16:23:34Z,9.840324,2293,2335,0.01831661578717837,29.877064798565993,False,True,https://api.fususone.com/api/public/organizations/newportnewspd/stats/
fastest_absolute,13,pgcountypd,totalIntegratedCameras,previous,42,Connect Prince George's County,Prince George's County,MD,2026-09-28T20:14:00Z,2026-10-08T16:24:04Z,9.840324,2735,2777,0.015356489945155392,29.877064798565993,False,True,https://api.fususone.com/api/public/organizations/pgcountypd/stats/
fastest_absolute,14,dallaspd,totalIntegratedCameras,previous,35,Connect Dallas,Dallas,TX,2026-09-28T20:11:29Z,2026-10-08T16:21:26Z,9.840243,1495,1530,0.023411371237458192,24.897758989975262,False,True,https://api.fususone.com/api/public/organizations/dallaspd/stats/
fastest_absolute,15,fairfaxcopd,totalIntegratedCameras,previous,35,Connect Fairfax County,Fairfax County,VA,2026-09-28T20:11:52Z,2026-10-08T16:21:51Z,9.840266,2188,2223,0.015996343692870202,24.89770042072503,False,True,https://api.fususone.com/api/public/organizations/fairfaxcopd/stats/
fastest_absolute,16,nypd,totalIntegratedCameras,previous,35,Connect NYPD,New York City,NY,2026-09-28T20:13:37Z,2026-10-08T16:23:41Z,9.840324,2150,2185,0.01627906976744186,24.897553998804995,False,True,https://api.fususone.com/api/public/organizations/nypd/stats/
fastest_absolute,17,charlottemecklenburg,totalIntegratedCameras,previous,34,Connect Charlotte,Charlotte,NC,2026-09-28T20:10:51Z,2026-10-08T16:20:48Z,9.840243,1789,1823,0.019005030743432086,24.186394447404542,False,True,https://api.fususone.com/api/public/organizations/charlottemecklenburg/stats/
fastest_absolute,18,stjohnscountyso,totalIntegratedCameras,previous,33,Connect St. Johns,St. Johns County,FL,2026-09-28T20:14:56Z,2026-10-08T16:25:00Z,9.840324,1303,1336,0.02532617037605526,23.47483662744471,False,True,https://api.fususone.com/api/public/organizations/stjohnscountyso/stats/
fastest_absolute,19,crestwoodpdil,totalIntegratedCameras,previous,28,Connect Crestwood,Crestwood,MN,2026-09-28T20:11:27Z,2026-10-08T16:21:24Z,9.840243,90,118,0.3111111111111111,19.918207191980212,False,True,https://api.fususone.com/api/public/organizations/crestwoodpdil/stats/
fastest_absolute,20,cityofshreveport,totalIntegratedCameras,previous,24,Connect Shreveport,Shreveport,LA,2026-09-28T20:11:09Z,2026-10-08T16:21:06Z,9.840243,2838,2862,0.008456659619450317,17.072749021697323,False,True,https://api.fususone.com/api/public/organizations/cityofshreveport/stats/
fastest_absolute,21,greensboropd,totalIntegratedCameras,previous,24,Connect Greensboro,Greensboro,NC,2026-09-28T20:12:06Z,2026-10-08T16:22:09Z,9.840312,1208,1232,0.019867549668874173,17.072628536949413,False,True,https://api.fususone.com/api/public/organizations/greensboropd/stats/
fastest_absolute,22,monroecoso,totalIntegratedCameras,previous,24,Connect Monroe County,Monroe County,NY,2026-09-28T20:13:18Z,2026-10-08T16:23:22Z,9.840324,868,892,0.027649769585253458,17.072608456323422,False,True,https://api.fususone.com/api/public/organizations/monroecoso/stats/
fastest_absolute,23,cityofomaha,totalIntegratedCameras,previous,17,Connect Omaha,Omaha,NE,2026-09-28T20:11:06Z,2026-10-08T16:21:03Z,9.840243,1626,1643,0.010455104551045511,12.093197223702271,False,True,https://api.fususone.com/api/public/organizations/cityofomaha/stats/
fastest_absolute,24,tempepd,totalIntegratedCameras,previous,16,Connect Tempe,Tempe,AZ,2026-09-28T20:15:01Z,2026-10-08T16:25:05Z,9.840324,1506,1522,0.010624169986719787,11.381738970882283,False,True,https://api.fususone.com/api/public/organizations/tempepd/stats/
fastest_absolute,25,cityofatlanta,totalIntegratedCameras,previous,15,Connect Atlanta,Atlanta,GA,2026-09-28T20:10:59Z,2026-10-08T16:20:56Z,9.840243,28381,28396,0.0005285226031499947,10.670468138560828,False,True,https://api.fususone.com/api/public/organizations/cityofatlanta/stats/
fastest_absolute,26,hennepincountyso,totalIntegratedCameras,previous,15,Connect Hennepin County,Hennepin County,MN,2026-09-28T20:12:18Z,2026-10-08T16:22:21Z,9.840312,3008,3023,0.004986702127659575,10.670392835593383,False,True,https://api.fususone.com/api/public/organizations/hennepincountyso/stats/
fastest_absolute,27,kentcountysd,totalIntegratedCameras,previous,14,The Kent Safety Network,Kent County,MI,2026-09-28T20:12:36Z,2026-10-08T16:22:39Z,9.840312,2723,2737,0.005141388174807198,9.95903331322049,False,True,https://api.fususone.com/api/public/organizations/kentcountysd/stats/
fastest_absolute,28,forestparkpd,totalIntegratedCameras,previous,13,Connect Forest Park,Forest Park,GA,2026-09-28T20:11:57Z,2026-10-08T16:21:56Z,9.840266,10505,10518,0.0012375059495478343,9.247717299126439,False,True,https://api.fususone.com/api/public/organizations/forestparkpd/stats/
fastest_absolute,29,harrisoncso,totalIntegratedCameras,previous,13,Connect Harrison County,Harrison County,MS,2026-09-28T20:12:14Z,2026-10-08T16:22:17Z,9.840312,505,518,0.02574257425742574,9.247673790847598,False,True,https://api.fususone.com/api/public/organizations/harrisoncso/stats/
fastest_absolute,30,cityofstarkville,totalIntegratedCameras,previous,12,Connect Starkville,Starkville,MS,2026-09-28T20:11:10Z,2026-10-08T16:21:07Z,9.840243,863,875,0.013904982618771726,8.536374510848662,False,True,https://api.fususone.com/api/public/organizations/cityofstarkville/stats/
fastest_absolute,31,accpd,totalIntegratedCameras,previous,11,Connect Athens-Clarke County,Athens-Clarke County,GA,2026-09-28T20:10:03Z,2026-10-08T16:19:57Z,9.840208,4325,4336,0.0025433526011560694,7.82503757965829,False,True,https://api.fususone.com/api/public/organizations/accpd/stats/
fastest_absolute,32,cummingpdga,totalIntegratedCameras,previous,11,Connect Cumming,Cumming,GA,2026-09-28T20:11:28Z,2026-10-08T16:21:25Z,9.840243,3105,3116,0.003542673107890499,7.82500996827794,False,True,https://api.fususone.com/api/public/organizations/cummingpdga/stats/
fastest_absolute,33,forsythcosoga,totalIntegratedCameras,previous,11,Connect Forsyth County,Forsyth County,GA,2026-09-28T20:11:59Z,2026-10-08T16:21:58Z,9.840266,6924,6935,0.0015886770652801848,7.824991560799295,False,True,https://api.fususone.com/api/public/organizations/forsythcosoga/stats/
fastest_absolute,34,newtonsheriff,totalIntegratedCameras,previous,11,Connect Newton County,Newton County,GA,2026-09-28T20:13:31Z,2026-10-08T16:23:35Z,9.840324,3527,3538,0.0031187978451942162,7.8249455424815695,False,True,https://api.fususone.com/api/public/organizations/newtonsheriff/stats/
fastest_absolute,35,okaloosacounty,totalIntegratedCameras,previous,11,Connect Okaloosa County,Okaloosa County,FL,2026-09-28T20:13:44Z,2026-10-08T16:23:48Z,9.840324,516,527,0.02131782945736434,7.8249455424815695,False,True,https://api.fususone.com/api/public/organizations/okaloosacounty/stats/
fastest_absolute,36,powderspringspd,totalIntegratedCameras,previous,11,Connect Powder Springs,Powder Springs,GA,2026-09-28T20:14:06Z,2026-10-08T16:24:10Z,9.840324,2955,2966,0.003722504230118443,7.8249455424815695,False,True,https://api.fususone.com/api/public/organizations/powderspringspd/stats/
fastest_absolute,37,sandyspringspd,totalIntegratedCameras,previous,11,Connect Sandy Springs,Sandy Springs,GA,2026-09-28T20:14:28Z,2026-10-08T16:24:32Z,9.840324,15225,15236,0.000722495894909688,7.8249455424815695,False,True,https://api.fususone.com/api/public/organizations/sandyspringspd/stats/
fastest_absolute,38,acworthga,totalIntegratedCameras,previous,10,Connect Acworth,Acworth,GA,2026-09-28T20:10:04Z,2026-10-08T16:19:58Z,9.840208,10557,10567,0.000947238798901203,7.113670526962082,False,True,https://api.fususone.com/api/public/organizations/acworthga/stats/
fastest_absolute,39,baltimorecountypd,totalIntegratedCameras,previous,10,Connect Baltimore County,Baltimore County,MD,2026-09-28T20:10:22Z,2026-10-08T16:20:17Z,9.84022,616,626,0.016233766233766232,7.113662159857444,False,True,https://api.fususone.com/api/public/organizations/baltimorecountypd/stats/
fastest_absolute,40,chicopee,totalIntegratedCameras,previous,10,Connect Chicopee,Chicopee,MA,2026-09-28T20:10:56Z,2026-10-08T16:20:53Z,9.840243,512,522,0.01953125,7.113645425707218,False,True,https://api.fususone.com/api/public/organizations/chicopee/stats/
fastest_absolute,41,claytoncountypd,totalIntegratedCameras,previous,10,Connect Clayton County,Clayton County,GA,2026-09-28T20:11:13Z,2026-10-08T16:21:10Z,9.840243,10775,10785,0.0009280742459396752,7.113645425707218,False,True,https://api.fususone.com/api/public/organizations/claytoncountypd/stats/
fastest_absolute,42,collegeparkga,totalIntegratedCameras,previous,10,Connect College Park,College Park,GA,2026-09-28T20:11:19Z,2026-10-08T16:21:16Z,9.840243,10506,10516,0.0009518370454978108,7.113645425707218,False,True,https://api.fususone.com/api/public/organizations/collegeparkga/stats/
fastest_absolute,43,dearbornpdmi,totalIntegratedCameras,previous,10,Connect Dearborn,Dearborn,MI,2026-09-28T20:11:35Z,2026-10-08T16:21:32Z,9.840243,685,695,0.014598540145985401,7.113645425707218,False,True,https://api.fususone.com/api/public/organizations/dearbornpdmi/stats/
fastest_absolute,44,douglasvillepolice,totalIntegratedCameras,previous,10,Connect Douglasville,Douglasville ,GA,2026-09-28T20:11:41Z,2026-10-08T16:21:38Z,9.840243,12890,12900,0.0007757951900698216,7.113645425707218,False,True,https://api.fususone.com/api/public/organizations/douglasvillepolice/stats/
fastest_absolute,45,henrycountypd,totalIntegratedCameras,previous,10,Henry Safer Together,Henry County,GA,2026-09-28T20:12:20Z,2026-10-08T16:22:23Z,9.840312,13832,13842,0.0007229612492770387,7.113595223728922,False,True,https://api.fususone.com/api/public/organizations/henrycountypd/stats/
fastest_absolute,46,kennesawpd,totalIntegratedCameras,previous,10,Connect Kennesaw,Kennesaw,GA,2026-09-28T20:12:35Z,2026-10-08T16:22:38Z,9.840312,9230,9240,0.0010834236186348862,7.113595223728922,False,True,https://api.fususone.com/api/public/organizations/kennesawpd/stats/
fastest_absolute,47,savannahpd,totalIntegratedCameras,previous,10,Connect Savannah,Savannah,GA,2026-09-28T20:14:35Z,2026-10-08T16:24:39Z,9.840324,9259,9269,0.0010800302408467436,7.113586856801427,False,True,https://api.fususone.com/api/public/organizations/savannahpd/stats/
fastest_absolute,48,smyrnaga,totalIntegratedCameras,previous,10,Connect Smyrna,Smyrna,GA,2026-09-28T20:14:44Z,2026-10-08T16:24:48Z,9.840324,13065,13075,0.0007654037504783774,7.113586856801427,False,True,https://api.fususone.com/api/public/organizations/smyrnaga/stats/
fastest_absolute,49,southfultonga,totalIntegratedCameras,previous,10,Connect South Fulton,South Fulton,GA,2026-09-28T20:14:46Z,2026-10-08T16:24:50Z,9.840324,14805,14815,0.0006754474839581223,7.113586856801427,False,True,https://api.fususone.com/api/public/organizations/southfultonga/stats/
fastest_absolute,50,statesboropd,totalIntegratedCameras,previous,10,Connect Statesboro,Statesboro,GA,2026-09-28T20:14:52Z,2026-10-08T16:24:56Z,9.840324,14449,14459,0.0006920894179527995,7.113586856801427,False,True,https://api.fususone.com/api/public/organizations/statesboropd/stats/
fastest_absolute,51,warnerrobinspd,totalIntegratedCameras,previous,10,Connect Warner Robins,Warner Robins,GA,2026-09-28T20:15:14Z,2026-10-08T16:25:19Z,9.840336,9231,9241,0.0010833062506770664,7.113578489893614,False,True,https://api.fususone.com/api/public/organizations/warnerrobinspd/stats/
fastest_absolute,52,lakecountysheriff,totalIntegratedCameras,previous,9,Connect Lake County,Lake County,FL,2026-09-28T20:12:44Z,2026-10-08T16:22:47Z,9.840312,6351,6360,0.0014170996693434106,6.402235701356029,False,True,https://api.fususone.com/api/public/organizations/lakecountysheriff/stats/
fastest_absolute,53,lynchburgpd,totalIntegratedCameras,previous,9,Hill City Connect,Lynchburg,VA,2026-09-28T20:12:58Z,2026-10-08T16:23:01Z,9.840312,740,749,0.012162162162162163,6.402235701356029,False,True,https://api.fususone.com/api/public/organizations/lynchburgpd/stats/
fastest_absolute,54,aacounty,totalIntegratedCameras,previous,8,Connect Anne Arundel,Anne Arundel County,MD,2026-09-28T20:10:02Z,2026-10-08T16:19:56Z,9.840208,3177,3185,0.0025180988353792886,5.690936421569665,False,True,https://api.fususone.com/api/public/organizations/aacounty/stats/
fastest_absolute,55,carypd,totalIntegratedCameras,previous,8,Connect Cary,Cary,NC,2026-09-28T20:10:48Z,2026-10-08T16:20:45Z,9.840243,1265,1273,0.006324110671936759,5.690916340565774,False,True,https://api.fususone.com/api/public/organizations/carypd/stats/
fastest_absolute,56,eastpointpdga,totalIntegratedCameras,previous,8,Connect East Point,East Point,GA,2026-09-28T20:11:45Z,2026-10-08T16:21:44Z,9.840266,5113,5121,0.0015646391550948563,5.690902953308578,False,True,https://api.fususone.com/api/public/organizations/eastpointpdga/stats/
fastest_absolute,57,wakecounty,totalIntegratedCameras,previous,8,Connect Wake County,Wake County,NC,2026-09-28T20:15:13Z,2026-10-08T16:25:18Z,9.840336,970,978,0.008247422680412371,5.690862791914891,False,True,https://api.fususone.com/api/public/organizations/wakecounty/stats/
fastest_absolute,58,anokacountysomn,totalIntegratedCameras,previous,7,Anoka County Real Time Crime Center,Anoka County,MN,2026-09-28T20:10:14Z,2026-10-08T16:20:09Z,9.84022,2674,2681,0.002617801047120419,4.979563511900211,False,True,https://api.fususone.com/api/public/organizations/anokacountysomn/stats/
fastest_absolute,59,cherokeega,totalIntegratedCameras,previous,7,Connect Cherokee,Cherokee County,GA,2026-09-28T20:10:53Z,2026-10-08T16:20:50Z,9.840243,13422,13429,0.0005215318134406199,4.979551797995053,False,True,https://api.fususone.com/api/public/organizations/cherokeega/stats/
fastest_absolute,60,cityofroswell,totalIntegratedCameras,previous,7,Connect Roswell,Roswell,GA,2026-09-28T20:11:08Z,2026-10-08T16:21:05Z,9.840243,10643,10650,0.0006577092924927182,4.979551797995053,False,True,https://api.fususone.com/api/public/organizations/cityofroswell/stats/
fastest_absolute,61,claycountysheriff,totalIntegratedCameras,previous,7,Connect Clay County,Clay County,FL,2026-09-28T20:11:12Z,2026-10-08T16:21:09Z,9.840243,3391,3398,0.0020642878207018578,4.979551797995053,False,True,https://api.fususone.com/api/public/organizations/claycountysheriff/stats/
fastest_absolute,62,dalycitypdca,totalIntegratedCameras,previous,7,Connect Daly City,Daly City,CA,2026-09-28T20:11:30Z,2026-10-08T16:21:27Z,9.840243,87,94,0.08045977011494253,4.979551797995053,False,True,https://api.fususone.com/api/public/organizations/dalycitypdca/stats/
fastest_absolute,63,pomonapd,totalIntegratedCameras,previous,7,Pomona Safe Communities,Pomona,CA,2026-09-28T20:14:04Z,2026-10-08T16:24:08Z,9.840324,187,194,0.0374331550802139,4.979510799760999,False,True,https://api.fususone.com/api/public/organizations/pomonapd/stats/
fastest_absolute,64,shawneecosheriff,totalIntegratedCameras,previous,7,Connect Shawnee County and the City of Topeka,Shawnee County and the City of Topeka,KS,2026-09-28T20:14:42Z,2026-10-08T16:24:46Z,9.840324,2242,2249,0.0031222123104371097,4.979510799760999,False,True,https://api.fususone.com/api/public/organizations/shawneecosheriff/stats/
fastest_absolute,65,highpointncpd,totalIntegratedCameras,previous,6,Link High Point,High Point,NC,2026-09-28T20:12:22Z,2026-10-08T16:22:25Z,9.840312,573,579,0.010471204188481676,4.268157134237353,False,True,https://api.fususone.com/api/public/organizations/highpointncpd/stats/
fastest_absolute,66,lafayettepd,totalIntegratedCameras,previous,6,Connect Lafayette,Lafayette,LA,2026-09-28T20:12:40Z,2026-10-08T16:22:43Z,9.840312,2214,2220,0.0027100271002710027,4.268157134237353,False,True,https://api.fususone.com/api/public/organizations/lafayettepd/stats/
fastest_absolute,67,newportbeachpdca,totalIntegratedCameras,previous,6,Connect Newport Beach,Newport Beach,CA,2026-09-28T20:13:29Z,2026-10-08T16:23:33Z,9.840324,235,241,0.02553191489361702,4.268152114080856,False,True,https://api.fususone.com/api/public/organizations/newportbeachpdca/stats/
fastest_absolute,68,sanbernardinopdca,totalIntegratedCameras,previous,6,Connect San Bernardino,San Bernardino,CA,2026-09-28T20:14:27Z,2026-10-08T16:24:31Z,9.840324,674,680,0.008902077151335312,4.268152114080856,False,True,https://api.fususone.com/api/public/organizations/sanbernardinopdca/stats/
fastest_absolute,69,volusiasheriff,totalIntegratedCameras,previous,6,Connect Volusia,Volusia,FL,2026-09-28T20:15:12Z,2026-10-08T16:25:17Z,9.840336,3953,3959,0.0015178345560333923,4.268147093936168,False,True,https://api.fususone.com/api/public/organizations/volusiasheriff/stats/
fastest_absolute,70,alachuasheriff,totalIntegratedCameras,previous,5,Connect Alachua County,Alachua County,FL,2026-09-28T20:10:06Z,2026-10-08T16:20:00Z,9.840208,216,221,0.023148148148148147,3.556835263481041,False,True,https://api.fususone.com/api/public/organizations/alachuasheriff/stats/
fastest_absolute,71,beaumonttx,totalIntegratedCameras,previous,5,Connect Southeast Texas,Southeast Texas,TX,2026-09-28T20:10:25Z,2026-10-08T16:20:20Z,9.84022,3795,3800,0.0013175230566534915,3.556831079928722,False,True,https://api.fususone.com/api/public/organizations/beaumonttx/stats/
fastest_absolute,72,melroseparkpdil,totalIntegratedCameras,previous,5,Connect Melrose Park,Melrose Park,IL,2026-09-28T20:13:06Z,2026-10-08T16:23:09Z,9.840312,232,237,0.021551724137931036,3.556797611864461,False,True,https://api.fususone.com/api/public/organizations/melroseparkpdil/stats/
fastest_absolute,73,raleighncpd,totalIntegratedCameras,previous,5,CONNECTRALEIGH,Raleigh,NC,2026-09-28T20:14:09Z,2026-10-08T16:24:13Z,9.840324,1619,1624,0.0030883261272390363,3.5567934284007134,False,True,https://api.fususone.com/api/public/organizations/raleighncpd/stats/
fastest_absolute,74,richmondva,totalIntegratedCameras,previous,5,Connect Richmond,Richmond,VA,2026-09-28T20:14:17Z,2026-10-08T16:24:21Z,9.840324,558,563,0.008960573476702509,3.5567934284007134,False,True,https://api.fususone.com/api/public/organizations/richmondva/stats/
fastest_absolute,75,sacramentopd,totalIntegratedCameras,previous,5,Sacramento PD Connect,Sacramento,CA,2026-09-28T20:14:25Z,2026-10-08T16:24:29Z,9.840324,1774,1779,0.002818489289740699,3.5567934284007134,False,True,https://api.fususone.com/api/public/organizations/sacramentopd/stats/
fastest_absolute,76,buncombesheriff,totalIntegratedCameras,previous,4,Connect Buncombe County,Buncombe County,NC,2026-09-28T20:10:41Z,2026-10-08T16:20:38Z,9.840243,2689,2693,0.0014875418371141688,2.845458170282887,False,True,https://api.fususone.com/api/public/organizations/buncombesheriff/stats/
fastest_absolute,77,fayettevillepd,totalIntegratedCameras,previous,4,Connect Fayetteville,Fayetteville,NC,2026-09-28T20:11:54Z,2026-10-08T16:21:53Z,9.840266,543,547,0.007366482504604052,2.845451476654289,False,True,https://api.fususone.com/api/public/organizations/fayettevillepd/stats/
fastest_absolute,78,hopemillspd,totalIntegratedCameras,previous,4,Connect Hope Mills,Hope Mills,NC,2026-09-28T20:12:25Z,2026-10-08T16:22:28Z,9.840312,345,349,0.011594202898550725,2.8454380894915685,False,True,https://api.fususone.com/api/public/organizations/hopemillspd/stats/
fastest_absolute,79,monmouthcounty,totalIntegratedCameras,previous,4,Connect Monmouth County,Monmouth County,NJ,2026-09-28T20:13:17Z,2026-10-08T16:23:21Z,9.840324,1810,1814,0.0022099447513812156,2.845434742720571,False,True,https://api.fususone.com/api/public/organizations/monmouthcounty/stats/
fastest_absolute,80,oakbrookpd,totalIntegratedCameras,previous,4,Connect Oak Brook,Oak Brook,IL,2026-09-28T20:13:38Z,2026-10-08T16:23:42Z,9.840324,399,403,0.010025062656641603,2.845434742720571,False,True,https://api.fususone.com/api/public/organizations/oakbrookpd/stats/
fastest_absolute,81,pbso,totalIntegratedCameras,previous,4,Keep Palm Beach County Safe,Palm Beach County,FL,2026-09-28T20:13:53Z,2026-10-08T16:23:57Z,9.840324,1502,1506,0.002663115845539281,2.845434742720571,False,True,https://api.fususone.com/api/public/organizations/pbso/stats/
fastest_absolute,82,brooklynparkpdmn,totalIntegratedCameras,previous,3,Brooklyn Park Community Cameras,Brooklyn Park,MN,2026-09-28T20:10:39Z,2026-10-08T16:20:35Z,9.840231,2114,2117,0.0014191106906338694,2.134096137831747,False,True,https://api.fususone.com/api/public/organizations/brooklynparkpdmn/stats/
fastest_absolute,83,guilfordsheriff,totalIntegratedCameras,previous,3,Connect Guilford County,Guilford County ,NC,2026-09-28T20:12:08Z,2026-10-08T16:22:11Z,9.840312,226,229,0.01327433628318584,2.1340785671186766,False,True,https://api.fususone.com/api/public/organizations/guilfordsheriff/stats/
fastest_absolute,84,baycounty,totalIntegratedCameras,previous,2,Connect Bay County,Bay County,FL,2026-09-28T20:10:24Z,2026-10-08T16:20:19Z,9.84022,1515,1517,0.0013201320132013201,1.422732431971489,False,True,https://api.fususone.com/api/public/organizations/baycounty/stats/
fastest_absolute,85,ciceropd,totalIntegratedCameras,previous,2,Cicero SAFE (Shared Access For Enforcement),Cicero,IL,2026-09-28T20:10:57Z,2026-10-08T16:20:54Z,9.840243,549,551,0.0036429872495446266,1.4227290851414436,False,True,https://api.fususone.com/api/public/organizations/ciceropd/stats/
fastest_absolute,86,dentonpdtx,totalIntegratedCameras,previous,2,Denton Connects,Denton,TX,2026-09-28T20:11:38Z,2026-10-08T16:21:35Z,9.840243,190,192,0.010526315789473684,1.4227290851414436,False,True,https://api.fususone.com/api/public/organizations/dentonpdtx/stats/
fastest_absolute,87,hcso,totalIntegratedCameras,previous,2,Connect Hillsborough,Hillsborough County,FL,2026-09-28T20:12:17Z,2026-10-08T16:22:20Z,9.840312,4851,4853,0.00041228612657184083,1.4227190447457843,False,True,https://api.fususone.com/api/public/organizations/hcso/stats/
fastest_absolute,88,lenexapdks,totalIntegratedCameras,previous,2,Connect Lenexa,Lenexa,KS,2026-09-28T20:12:52Z,2026-10-08T16:22:55Z,9.840312,1169,1171,0.001710863986313088,1.4227190447457843,False,True,https://api.fususone.com/api/public/organizations/lenexapdks/stats/
fastest_absolute,89,montrosepdco,totalIntegratedCameras,previous,2,Connect Montrose,Montrose,CO,2026-09-28T20:13:21Z,2026-10-08T16:23:25Z,9.840324,169,171,0.011834319526627219,1.4227173713602854,False,True,https://api.fususone.com/api/public/organizations/montrosepdco/stats/
fastest_absolute,90,overlandparkpdks,totalIntegratedCameras,previous,2,Secure OP,Overland Park,KS,2026-09-28T20:13:50Z,2026-10-08T16:23:54Z,9.840324,1087,1089,0.0018399264029438822,1.4227173713602854,False,True,https://api.fususone.com/api/public/organizations/overlandparkpdks/stats/
fastest_absolute,91,prairievillagepdks,totalIntegratedCameras,previous,2,Connect Prairie Village,Prairie Village,KS,2026-09-28T20:14:07Z,2026-10-08T16:24:11Z,9.840324,1488,1490,0.0013440860215053765,1.4227173713602854,False,True,https://api.fususone.com/api/public/organizations/prairievillagepdks/stats/
fastest_absolute,92,rogerspdar,totalIntegratedCameras,previous,2,Connect Rogers,Rogers,AR,2026-09-28T20:14:22Z,2026-10-08T16:24:26Z,9.840324,263,265,0.0076045627376425855,1.4227173713602854,False,True,https://api.fususone.com/api/public/organizations/rogerspdar/stats/
fastest_absolute,93,auroragov,totalIntegratedCameras,previous,1,Connect Aurora,Aurora,CO,2026-09-28T20:10:21Z,2026-10-08T16:20:16Z,9.84022,935,936,0.0010695187165775401,0.7113662159857445,False,True,https://api.fususone.com/api/public/organizations/auroragov/stats/
fastest_absolute,94,delraybeach,totalIntegratedCameras,previous,1,Connect Delray Beach,Delray Beach,FL,2026-09-28T20:11:37Z,2026-10-08T16:21:34Z,9.840243,523,524,0.0019120458891013384,0.7113645425707218,False,True,https://api.fususone.com/api/public/organizations/delraybeach/stats/
fastest_absolute,95,hammondpd,totalIntegratedCameras,previous,1,Hammond BlueNET,Hammond,IN,2026-09-28T20:12:11Z,2026-10-08T16:22:14Z,9.840312,1325,1326,0.0007547169811320754,0.7113595223728921,False,True,https://api.fususone.com/api/public/organizations/hammondpd/stats/
fastest_absolute,96,littlerockpd,totalIntegratedCameras,previous,1,Connect Little Rock,Little Rock,AR,2026-09-28T20:12:55Z,2026-10-08T16:22:58Z,9.840312,2564,2565,0.000390015600624025,0.7113595223728921,False,True,https://api.fususone.com/api/public/organizations/littlerockpd/stats/
fastest_absolute,97,losgatospdca,totalIntegratedCameras,previous,1,Community Protecht,Los Gatos,CA,2026-09-28T20:12:56Z,2026-10-08T16:22:59Z,9.840312,38,39,0.02631578947368421,0.7113595223728921,False,True,https://api.fususone.com/api/public/organizations/losgatospdca/stats/
fastest_absolute,98,miamibeachpdfl,totalIntegratedCameras,previous,1,Connect Miami Beach,Miami Beach,FL,2026-09-28T20:13:10Z,2026-10-08T16:23:14Z,9.840324,527,528,0.0018975332068311196,0.7113586856801427,False,True,https://api.fususone.com/api/public/organizations/miamibeachpdfl/stats/
fastest_absolute,99,newcastlede,totalIntegratedCameras,previous,1,Connect New Castle County,New Castle County,DE,2026-09-28T20:13:26Z,2026-10-08T16:23:30Z,9.840324,161,162,0.006211180124223602,0.7113586856801427,False,True,https://api.fususone.com/api/public/organizations/newcastlede/stats/
fastest_absolute,100,renopd,totalIntegratedCameras,previous,1,Connect Reno,Reno,NV,2026-09-28T20:14:12Z,2026-10-08T16:24:16Z,9.840324,945,946,0.0010582010582010583,0.7113586856801427,False,True,https://api.fususone.com/api/public/organizations/renopd/stats/
fastest_absolute,101,tuscaloosapd,totalIntegratedCameras,previous,1,Safeguard Tuscaloosa,Tuscaloosa,AL,2026-09-28T20:15:07Z,2026-10-08T16:25:12Z,9.840336,1095,1096,0.0009132420091324201,0.7113578489893614,False,True,https://api.fususone.com/api/public/organizations/tuscaloosapd/stats/
fastest_weekly_rate,1,cobbcountypd,totalIntegratedCameras,previous,131,Connect Cobb ,Cobb County,GA,2026-09-28T20:11:18Z,2026-10-08T16:21:15Z,9.840243,12906,13037,0.010150317681698435,93.18875507676456,False,True,https://api.fususone.com/api/public/organizations/cobbcountypd/stats/
fastest_weekly_rate,2,albanypolice,totalIntegratedCameras,previous,115,Connect Albany,Albany,GA,2026-09-28T20:10:07Z,2026-10-08T16:20:01Z,9.840208,13936,14051,0.008252009184845005,81.80721106006393,False,True,https://api.fususone.com/api/public/organizations/albanypolice/stats/
fastest_weekly_rate,3,seatpleasantmd,totalIntegratedCameras,previous,88,Connect Seat Pleasant,Seat Pleasant,MD,2026-09-28T20:14:39Z,2026-10-08T16:24:43Z,9.840324,1040,1128,0.08461538461538462,62.599564339852556,False,True,https://api.fususone.com/api/public/organizations/seatpleasantmd/stats/
fastest_weekly_rate,4,memphispd,totalIntegratedCameras,previous,63,Connect Memphis,Memphis,TN,2026-09-28T20:13:07Z,2026-10-08T16:23:10Z,9.840312,3095,3158,0.020355411954765753,44.81564990949221,False,True,https://api.fususone.com/api/public/organizations/memphispd/stats/
fastest_weekly_rate,5,dothanpd,totalIntegratedCameras,previous,59,Connect Dothan,Dothan,AL,2026-09-28T20:11:39Z,2026-10-08T16:21:36Z,9.840243,180,239,0.3277777777777778,41.970508011672585,False,True,https://api.fususone.com/api/public/organizations/dothanpd/stats/
fastest_weekly_rate,6,ontariopolice,totalIntegratedCameras,previous,55,Connect Ontario,Ontario,CA,2026-09-28T20:13:46Z,2026-10-08T16:23:50Z,9.840324,2095,2150,0.026252983293556086,39.12472771240785,False,True,https://api.fususone.com/api/public/organizations/ontariopolice/stats/
fastest_weekly_rate,7,shelbycoso,totalIntegratedCameras,previous,55,Connect Shelby County,Shelby County,TN,2026-09-28T20:14:43Z,2026-10-08T16:24:47Z,9.840324,2324,2379,0.023666092943201378,39.12472771240785,False,True,https://api.fususone.com/api/public/organizations/shelbycoso/stats/
fastest_weekly_rate,8,cityofws,totalIntegratedCameras,previous,53,Connect Winston-Salem,the City of Winston-Salem,NC,2026-09-28T20:11:11Z,2026-10-08T16:21:08Z,9.840243,3292,3345,0.016099635479951396,37.702320756248255,False,True,https://api.fususone.com/api/public/organizations/cityofws/stats/
fastest_weekly_rate,9,mcpdmd,totalIntegratedCameras,previous,51,MoCoConnect,Montgomery County,MD,2026-09-28T20:13:04Z,2026-10-08T16:23:07Z,9.840312,1999,2050,0.025512756378189096,36.2793356410175,False,True,https://api.fususone.com/api/public/organizations/mcpdmd/stats/
fastest_weekly_rate,10,jacksonvillesheriff,totalIntegratedCameras,previous,48,ConnectDuval,Duval County,FL,2026-09-28T20:12:31Z,2026-10-08T16:22:34Z,9.840312,9767,9815,0.004914508037268352,34.145257073898826,False,True,https://api.fususone.com/api/public/organizations/jacksonvillesheriff/stats/
fastest_weekly_rate,11,norfolkpd,totalIntegratedCameras,previous,45,Connect Norfolk,Norfolk,VA,2026-09-28T20:13:32Z,2026-10-08T16:23:36Z,9.840324,3656,3701,0.012308533916849015,32.01114085560642,False,True,https://api.fususone.com/api/public/organizations/norfolkpd/stats/
fastest_weekly_rate,12,newportnewspd,totalIntegratedCameras,previous,42,Connect Newport News,Newport News,VA,2026-09-28T20:13:30Z,2026-10-08T16:23:34Z,9.840324,2293,2335,0.01831661578717837,29.877064798565993,False,True,https://api.fususone.com/api/public/organizations/newportnewspd/stats/
fastest_weekly_rate,13,pgcountypd,totalIntegratedCameras,previous,42,Connect Prince George's County,Prince George's County,MD,2026-09-28T20:14:00Z,2026-10-08T16:24:04Z,9.840324,2735,2777,0.015356489945155392,29.877064798565993,False,True,https://api.fususone.com/api/public/organizations/pgcountypd/stats/
fastest_weekly_rate,14,dallaspd,totalIntegratedCameras,previous,35,Connect Dallas,Dallas,TX,2026-09-28T20:11:29Z,2026-10-08T16:21:26Z,9.840243,1495,1530,0.023411371237458192,24.897758989975262,False,True,https://api.fususone.com/api/public/organizations/dallaspd/stats/
fastest_weekly_rate,15,fairfaxcopd,totalIntegratedCameras,previous,35,Connect Fairfax County,Fairfax County,VA,2026-09-28T20:11:52Z,2026-10-08T16:21:51Z,9.840266,2188,2223,0.015996343692870202,24.89770042072503,False,True,https://api.fususone.com/api/public/organizations/fairfaxcopd/stats/
fastest_weekly_rate,16,nypd,totalIntegratedCameras,previous,35,Connect NYPD,New York City,NY,2026-09-28T20:13:37Z,2026-10-08T16:23:41Z,9.840324,2150,2185,0.01627906976744186,24.897553998804995,False,True,https://api.fususone.com/api/public/organizations/nypd/stats/
fastest_weekly_rate,17,charlottemecklenburg,totalIntegratedCameras,previous,34,Connect Charlotte,Charlotte,NC,2026-09-28T20:10:51Z,2026-10-08T16:20:48Z,9.840243,1789,1823,0.019005030743432086,24.186394447404542,False,True,https://api.fususone.com/api/public/organizations/charlottemecklenburg/stats/
fastest_weekly_rate,18,stjohnscountyso,totalIntegratedCameras,previous,33,Connect St. Johns,St. Johns County,FL,2026-09-28T20:14:56Z,2026-10-08T16:25:00Z,9.840324,1303,1336,0.02532617037605526,23.47483662744471,False,True,https://api.fususone.com/api/public/organizations/stjohnscountyso/stats/
fastest_weekly_rate,19,crestwoodpdil,totalIntegratedCameras,previous,28,Connect Crestwood,Crestwood,MN,2026-09-28T20:11:27Z,2026-10-08T16:21:24Z,9.840243,90,118,0.3111111111111111,19.918207191980212,False,True,https://api.fususone.com/api/public/organizations/crestwoodpdil/stats/
fastest_weekly_rate,20,cityofshreveport,totalIntegratedCameras,previous,24,Connect Shreveport,Shreveport,LA,2026-09-28T20:11:09Z,2026-10-08T16:21:06Z,9.840243,2838,2862,0.008456659619450317,17.072749021697323,False,True,https://api.fususone.com/api/public/organizations/cityofshreveport/stats/
fastest_weekly_rate,21,greensboropd,totalIntegratedCameras,previous,24,Connect Greensboro,Greensboro,NC,2026-09-28T20:12:06Z,2026-10-08T16:22:09Z,9.840312,1208,1232,0.019867549668874173,17.072628536949413,False,True,https://api.fususone.com/api/public/organizations/greensboropd/stats/
fastest_weekly_rate,22,monroecoso,totalIntegratedCameras,previous,24,Connect Monroe County,Monroe County,NY,2026-09-28T20:13:18Z,2026-10-08T16:23:22Z,9.840324,868,892,0.027649769585253458,17.072608456323422,False,True,https://api.fususone.com/api/public/organizations/monroecoso/stats/
fastest_weekly_rate,23,cityofomaha,totalIntegratedCameras,previous,17,Connect Omaha,Omaha,NE,2026-09-28T20:11:06Z,2026-10-08T16:21:03Z,9.840243,1626,1643,0.010455104551045511,12.093197223702271,False,True,https://api.fususone.com/api/public/organizations/cityofomaha/stats/
fastest_weekly_rate,24,tempepd,totalIntegratedCameras,previous,16,Connect Tempe,Tempe,AZ,2026-09-28T20:15:01Z,2026-10-08T16:25:05Z,9.840324,1506,1522,0.010624169986719787,11.381738970882283,False,True,https://api.fususone.com/api/public/organizations/tempepd/stats/
fastest_weekly_rate,25,cityofatlanta,totalIntegratedCameras,previous,15,Connect Atlanta,Atlanta,GA,2026-09-28T20:10:59Z,2026-10-08T16:20:56Z,9.840243,28381,28396,0.0005285226031499947,10.670468138560828,False,True,https://api.fususone.com/api/public/organizations/cityofatlanta/stats/
fastest_weekly_rate,26,hennepincountyso,totalIntegratedCameras,previous,15,Connect Hennepin County,Hennepin County,MN,2026-09-28T20:12:18Z,2026-10-08T16:22:21Z,9.840312,3008,3023,0.004986702127659575,10.670392835593383,False,True,https://api.fususone.com/api/public/organizations/hennepincountyso/stats/
fastest_weekly_rate,27,kentcountysd,totalIntegratedCameras,previous,14,The Kent Safety Network,Kent County,MI,2026-09-28T20:12:36Z,2026-10-08T16:22:39Z,9.840312,2723,2737,0.005141388174807198,9.95903331322049,False,True,https://api.fususone.com/api/public/organizations/kentcountysd/stats/
fastest_weekly_rate,28,forestparkpd,totalIntegratedCameras,previous,13,Connect Forest Park,Forest Park,GA,2026-09-28T20:11:57Z,2026-10-08T16:21:56Z,9.840266,10505,10518,0.0012375059495478343,9.247717299126439,False,True,https://api.fususone.com/api/public/organizations/forestparkpd/stats/
fastest_weekly_rate,29,harrisoncso,totalIntegratedCameras,previous,13,Connect Harrison County,Harrison County,MS,2026-09-28T20:12:14Z,2026-10-08T16:22:17Z,9.840312,505,518,0.02574257425742574,9.247673790847598,False,True,https://api.fususone.com/api/public/organizations/harrisoncso/stats/
fastest_weekly_rate,30,cityofstarkville,totalIntegratedCameras,previous,12,Connect Starkville,Starkville,MS,2026-09-28T20:11:10Z,2026-10-08T16:21:07Z,9.840243,863,875,0.013904982618771726,8.536374510848662,False,True,https://api.fususone.com/api/public/organizations/cityofstarkville/stats/
fastest_weekly_rate,31,accpd,totalIntegratedCameras,previous,11,Connect Athens-Clarke County,Athens-Clarke County,GA,2026-09-28T20:10:03Z,2026-10-08T16:19:57Z,9.840208,4325,4336,0.0025433526011560694,7.82503757965829,False,True,https://api.fususone.com/api/public/organizations/accpd/stats/
fastest_weekly_rate,32,cummingpdga,totalIntegratedCameras,previous,11,Connect Cumming,Cumming,GA,2026-09-28T20:11:28Z,2026-10-08T16:21:25Z,9.840243,3105,3116,0.003542673107890499,7.82500996827794,False,True,https://api.fususone.com/api/public/organizations/cummingpdga/stats/
fastest_weekly_rate,33,forsythcosoga,totalIntegratedCameras,previous,11,Connect Forsyth County,Forsyth County,GA,2026-09-28T20:11:59Z,2026-10-08T16:21:58Z,9.840266,6924,6935,0.0015886770652801848,7.824991560799295,False,True,https://api.fususone.com/api/public/organizations/forsythcosoga/stats/
fastest_weekly_rate,34,newtonsheriff,totalIntegratedCameras,previous,11,Connect Newton County,Newton County,GA,2026-09-28T20:13:31Z,2026-10-08T16:23:35Z,9.840324,3527,3538,0.0031187978451942162,7.8249455424815695,False,True,https://api.fususone.com/api/public/organizations/newtonsheriff/stats/
fastest_weekly_rate,35,okaloosacounty,totalIntegratedCameras,previous,11,Connect Okaloosa County,Okaloosa County,FL,2026-09-28T20:13:44Z,2026-10-08T16:23:48Z,9.840324,516,527,0.02131782945736434,7.8249455424815695,False,True,https://api.fususone.com/api/public/organizations/okaloosacounty/stats/
fastest_weekly_rate,36,powderspringspd,totalIntegratedCameras,previous,11,Connect Powder Springs,Powder Springs,GA,2026-09-28T20:14:06Z,2026-10-08T16:24:10Z,9.840324,2955,2966,0.003722504230118443,7.8249455424815695,False,True,https://api.fususone.com/api/public/organizations/powderspringspd/stats/
fastest_weekly_rate,37,sandyspringspd,totalIntegratedCameras,previous,11,Connect Sandy Springs,Sandy Springs,GA,2026-09-28T20:14:28Z,2026-10-08T16:24:32Z,9.840324,15225,15236,0.000722495894909688,7.8249455424815695,False,True,https://api.fususone.com/api/public/organizations/sandyspringspd/stats/
fastest_weekly_rate,38,acworthga,totalIntegratedCameras,previous,10,Connect Acworth,Acworth,GA,2026-09-28T20:10:04Z,2026-10-08T16:19:58Z,9.840208,10557,10567,0.000947238798901203,7.113670526962082,False,True,https://api.fususone.com/api/public/organizations/acworthga/stats/
fastest_weekly_rate,39,baltimorecountypd,totalIntegratedCameras,previous,10,Connect Baltimore County,Baltimore County,MD,2026-09-28T20:10:22Z,2026-10-08T16:20:17Z,9.84022,616,626,0.016233766233766232,7.113662159857444,False,True,https://api.fususone.com/api/public/organizations/baltimorecountypd/stats/
fastest_weekly_rate,40,chicopee,totalIntegratedCameras,previous,10,Connect Chicopee,Chicopee,MA,2026-09-28T20:10:56Z,2026-10-08T16:20:53Z,9.840243,512,522,0.01953125,7.113645425707218,False,True,https://api.fususone.com/api/public/organizations/chicopee/stats/
fastest_weekly_rate,41,claytoncountypd,totalIntegratedCameras,previous,10,Connect Clayton County,Clayton County,GA,2026-09-28T20:11:13Z,2026-10-08T16:21:10Z,9.840243,10775,10785,0.0009280742459396752,7.113645425707218,False,True,https://api.fususone.com/api/public/organizations/claytoncountypd/stats/
fastest_weekly_rate,42,collegeparkga,totalIntegratedCameras,previous,10,Connect College Park,College Park,GA,2026-09-28T20:11:19Z,2026-10-08T16:21:16Z,9.840243,10506,10516,0.0009518370454978108,7.113645425707218,False,True,https://api.fususone.com/api/public/organizations/collegeparkga/stats/
fastest_weekly_rate,43,dearbornpdmi,totalIntegratedCameras,previous,10,Connect Dearborn,Dearborn,MI,2026-09-28T20:11:35Z,2026-10-08T16:21:32Z,9.840243,685,695,0.014598540145985401,7.113645425707218,False,True,https://api.fususone.com/api/public/organizations/dearbornpdmi/stats/
fastest_weekly_rate,44,douglasvillepolice,totalIntegratedCameras,previous,10,Connect Douglasville,Douglasville ,GA,2026-09-28T20:11:41Z,2026-10-08T16:21:38Z,9.840243,12890,12900,0.0007757951900698216,7.113645425707218,False,True,https://api.fususone.com/api/public/organizations/douglasvillepolice/stats/
fastest_weekly_rate,45,henrycountypd,totalIntegratedCameras,previous,10,Henry Safer Together,Henry County,GA,2026-09-28T20:12:20Z,2026-10-08T16:22:23Z,9.840312,13832,13842,0.0007229612492770387,7.113595223728922,False,True,https://api.fususone.com/api/public/organizations/henrycountypd/stats/
fastest_weekly_rate,46,kennesawpd,totalIntegratedCameras,previous,10,Connect Kennesaw,Kennesaw,GA,2026-09-28T20:12:35Z,2026-10-08T16:22:38Z,9.840312,9230,9240,0.0010834236186348862,7.113595223728922,False,True,https://api.fususone.com/api/public/organizations/kennesawpd/stats/
fastest_weekly_rate,47,savannahpd,totalIntegratedCameras,previous,10,Connect Savannah,Savannah,GA,2026-09-28T20:14:35Z,2026-10-08T16:24:39Z,9.840324,9259,9269,0.0010800302408467436,7.113586856801427,False,True,https://api.fususone.com/api/public/organizations/savannahpd/stats/
fastest_weekly_rate,48,smyrnaga,totalIntegratedCameras,previous,10,Connect Smyrna,Smyrna,GA,2026-09-28T20:14:44Z,2026-10-08T16:24:48Z,9.840324,13065,13075,0.0007654037504783774,7.113586856801427,False,True,https://api.fususone.com/api/public/organizations/smyrnaga/stats/
fastest_weekly_rate,49,southfultonga,totalIntegratedCameras,previous,10,Connect South Fulton,South Fulton,GA,2026-09-28T20:14:46Z,2026-10-08T16:24:50Z,9.840324,14805,14815,0.0006754474839581223,7.113586856801427,False,True,https://api.fususone.com/api/public/organizations/southfultonga/stats/
fastest_weekly_rate,50,statesboropd,totalIntegratedCameras,previous,10,Connect Statesboro,Statesboro,GA,2026-09-28T20:14:52Z,2026-10-08T16:24:56Z,9.840324,14449,14459,0.0006920894179527995,7.113586856801427,False,True,https://api.fususone.com/api/public/organizations/statesboropd/stats/
fastest_weekly_rate,51,warnerrobinspd,totalIntegratedCameras,previous,10,Connect Warner Robins,Warner Robins,GA,2026-09-28T20:15:14Z,2026-10-08T16:25:19Z,9.840336,9231,9241,0.0010833062506770664,7.113578489893614,False,True,https://api.fususone.com/api/public/organizations/warnerrobinspd/stats/
fastest_weekly_rate,52,lakecountysheriff,totalIntegratedCameras,previous,9,Connect Lake County,Lake County,FL,2026-09-28T20:12:44Z,2026-10-08T16:22:47Z,9.840312,6351,6360,0.0014170996693434106,6.402235701356029,False,True,https://api.fususone.com/api/public/organizations/lakecountysheriff/stats/
fastest_weekly_rate,53,lynchburgpd,totalIntegratedCameras,previous,9,Hill City Connect,Lynchburg,VA,2026-09-28T20:12:58Z,2026-10-08T16:23:01Z,9.840312,740,749,0.012162162162162163,6.402235701356029,False,True,https://api.fususone.com/api/public/organizations/lynchburgpd/stats/
fastest_weekly_rate,54,aacounty,totalIntegratedCameras,previous,8,Connect Anne Arundel,Anne Arundel County,MD,2026-09-28T20:10:02Z,2026-10-08T16:19:56Z,9.840208,3177,3185,0.0025180988353792886,5.690936421569665,False,True,https://api.fususone.com/api/public/organizations/aacounty/stats/
fastest_weekly_rate,55,carypd,totalIntegratedCameras,previous,8,Connect Cary,Cary,NC,2026-09-28T20:10:48Z,2026-10-08T16:20:45Z,9.840243,1265,1273,0.006324110671936759,5.690916340565774,False,True,https://api.fususone.com/api/public/organizations/carypd/stats/
fastest_weekly_rate,56,eastpointpdga,totalIntegratedCameras,previous,8,Connect East Point,East Point,GA,2026-09-28T20:11:45Z,2026-10-08T16:21:44Z,9.840266,5113,5121,0.0015646391550948563,5.690902953308578,False,True,https://api.fususone.com/api/public/organizations/eastpointpdga/stats/
fastest_weekly_rate,57,wakecounty,totalIntegratedCameras,previous,8,Connect Wake County,Wake County,NC,2026-09-28T20:15:13Z,2026-10-08T16:25:18Z,9.840336,970,978,0.008247422680412371,5.690862791914891,False,True,https://api.fususone.com/api/public/organizations/wakecounty/stats/
fastest_weekly_rate,58,anokacountysomn,totalIntegratedCameras,previous,7,Anoka County Real Time Crime Center,Anoka County,MN,2026-09-28T20:10:14Z,2026-10-08T16:20:09Z,9.84022,2674,2681,0.002617801047120419,4.979563511900211,False,True,https://api.fususone.com/api/public/organizations/anokacountysomn/stats/
fastest_weekly_rate,59,cherokeega,totalIntegratedCameras,previous,7,Connect Cherokee,Cherokee County,GA,2026-09-28T20:10:53Z,2026-10-08T16:20:50Z,9.840243,13422,13429,0.0005215318134406199,4.979551797995053,False,True,https://api.fususone.com/api/public/organizations/cherokeega/stats/
fastest_weekly_rate,60,cityofroswell,totalIntegratedCameras,previous,7,Connect Roswell,Roswell,GA,2026-09-28T20:11:08Z,2026-10-08T16:21:05Z,9.840243,10643,10650,0.0006577092924927182,4.979551797995053,False,True,https://api.fususone.com/api/public/organizations/cityofroswell/stats/
fastest_weekly_rate,61,claycountysheriff,totalIntegratedCameras,previous,7,Connect Clay County,Clay County,FL,2026-09-28T20:11:12Z,2026-10-08T16:21:09Z,9.840243,3391,3398,0.0020642878207018578,4.979551797995053,False,True,https://api.fususone.com/api/public/organizations/claycountysheriff/stats/
fastest_weekly_rate,62,dalycitypdca,totalIntegratedCameras,previous,7,Connect Daly City,Daly City,CA,2026-09-28T20:11:30Z,2026-10-08T16:21:27Z,9.840243,87,94,0.08045977011494253,4.979551797995053,False,True,https://api.fususone.com/api/public/organizations/dalycitypdca/stats/
fastest_weekly_rate,63,pomonapd,totalIntegratedCameras,previous,7,Pomona Safe Communities,Pomona,CA,2026-09-28T20:14:04Z,2026-10-08T16:24:08Z,9.840324,187,194,0.0374331550802139,4.979510799760999,False,True,https://api.fususone.com/api/public/organizations/pomonapd/stats/
fastest_weekly_rate,64,shawneecosheriff,totalIntegratedCameras,previous,7,Connect Shawnee County and the City of Topeka,Shawnee County and the City of Topeka,KS,2026-09-28T20:14:42Z,2026-10-08T16:24:46Z,9.840324,2242,2249,0.0031222123104371097,4.979510799760999,False,True,https://api.fususone.com/api/public/organizations/shawneecosheriff/stats/
fastest_weekly_rate,65,highpointncpd,totalIntegratedCameras,previous,6,Link High Point,High Point,NC,2026-09-28T20:12:22Z,2026-10-08T16:22:25Z,9.840312,573,579,0.010471204188481676,4.268157134237353,False,True,https://api.fususone.com/api/public/organizations/highpointncpd/stats/
fastest_weekly_rate,66,lafayettepd,totalIntegratedCameras,previous,6,Connect Lafayette,Lafayette,LA,2026-09-28T20:12:40Z,2026-10-08T16:22:43Z,9.840312,2214,2220,0.0027100271002710027,4.268157134237353,False,True,https://api.fususone.com/api/public/organizations/lafayettepd/stats/
fastest_weekly_rate,67,newportbeachpdca,totalIntegratedCameras,previous,6,Connect Newport Beach,Newport Beach,CA,2026-09-28T20:13:29Z,2026-10-08T16:23:33Z,9.840324,235,241,0.02553191489361702,4.268152114080856,False,True,https://api.fususone.com/api/public/organizations/newportbeachpdca/stats/
fastest_weekly_rate,68,sanbernardinopdca,totalIntegratedCameras,previous,6,Connect San Bernardino,San Bernardino,CA,2026-09-28T20:14:27Z,2026-10-08T16:24:31Z,9.840324,674,680,0.008902077151335312,4.268152114080856,False,True,https://api.fususone.com/api/public/organizations/sanbernardinopdca/stats/
fastest_weekly_rate,69,volusiasheriff,totalIntegratedCameras,previous,6,Connect Volusia,Volusia,FL,2026-09-28T20:15:12Z,2026-10-08T16:25:17Z,9.840336,3953,3959,0.0015178345560333923,4.268147093936168,False,True,https://api.fususone.com/api/public/organizations/volusiasheriff/stats/
fastest_weekly_rate,70,alachuasheriff,totalIntegratedCameras,previous,5,Connect Alachua County,Alachua County,FL,2026-09-28T20:10:06Z,2026-10-08T16:20:00Z,9.840208,216,221,0.023148148148148147,3.556835263481041,False,True,https://api.fususone.com/api/public/organizations/alachuasheriff/stats/
fastest_weekly_rate,71,beaumonttx,totalIntegratedCameras,previous,5,Connect Southeast Texas,Southeast Texas,TX,2026-09-28T20:10:25Z,2026-10-08T16:20:20Z,9.84022,3795,3800,0.0013175230566534915,3.556831079928722,False,True,https://api.fususone.com/api/public/organizations/beaumonttx/stats/
fastest_weekly_rate,72,melroseparkpdil,totalIntegratedCameras,previous,5,Connect Melrose Park,Melrose Park,IL,2026-09-28T20:13:06Z,2026-10-08T16:23:09Z,9.840312,232,237,0.021551724137931036,3.556797611864461,False,True,https://api.fususone.com/api/public/organizations/melroseparkpdil/stats/
fastest_weekly_rate,73,raleighncpd,totalIntegratedCameras,previous,5,CONNECTRALEIGH,Raleigh,NC,2026-09-28T20:14:09Z,2026-10-08T16:24:13Z,9.840324,1619,1624,0.0030883261272390363,3.5567934284007134,False,True,https://api.fususone.com/api/public/organizations/raleighncpd/stats/
fastest_weekly_rate,74,richmondva,totalIntegratedCameras,previous,5,Connect Richmond,Richmond,VA,2026-09-28T20:14:17Z,2026-10-08T16:24:21Z,9.840324,558,563,0.008960573476702509,3.5567934284007134,False,True,https://api.fususone.com/api/public/organizations/richmondva/stats/
fastest_weekly_rate,75,sacramentopd,totalIntegratedCameras,previous,5,Sacramento PD Connect,Sacramento,CA,2026-09-28T20:14:25Z,2026-10-08T16:24:29Z,9.840324,1774,1779,0.002818489289740699,3.5567934284007134,False,True,https://api.fususone.com/api/public/organizations/sacramentopd/stats/
fastest_weekly_rate,76,buncombesheriff,totalIntegratedCameras,previous,4,Connect Buncombe County,Buncombe County,NC,2026-09-28T20:10:41Z,2026-10-08T16:20:38Z,9.840243,2689,2693,0.0014875418371141688,2.845458170282887,False,True,https://api.fususone.com/api/public/organizations/buncombesheriff/stats/
fastest_weekly_rate,77,fayettevillepd,totalIntegratedCameras,previous,4,Connect Fayetteville,Fayetteville,NC,2026-09-28T20:11:54Z,2026-10-08T16:21:53Z,9.840266,543,547,0.007366482504604052,2.845451476654289,False,True,https://api.fususone.com/api/public/organizations/fayettevillepd/stats/
fastest_weekly_rate,78,hopemillspd,totalIntegratedCameras,previous,4,Connect Hope Mills,Hope Mills,NC,2026-09-28T20:12:25Z,2026-10-08T16:22:28Z,9.840312,345,349,0.011594202898550725,2.8454380894915685,False,True,https://api.fususone.com/api/public/organizations/hopemillspd/stats/
fastest_weekly_rate,79,monmouthcounty,totalIntegratedCameras,previous,4,Connect Monmouth County,Monmouth County,NJ,2026-09-28T20:13:17Z,2026-10-08T16:23:21Z,9.840324,1810,1814,0.0022099447513812156,2.845434742720571,False,True,https://api.fususone.com/api/public/organizations/monmouthcounty/stats/
fastest_weekly_rate,80,oakbrookpd,totalIntegratedCameras,previous,4,Connect Oak Brook,Oak Brook,IL,2026-09-28T20:13:38Z,2026-10-08T16:23:42Z,9.840324,399,403,0.010025062656641603,2.845434742720571,False,True,https://api.fususone.com/api/public/organizations/oakbrookpd/stats/
fastest_weekly_rate,81,pbso,totalIntegratedCameras,previous,4,Keep Palm Beach County Safe,Palm Beach County,FL,2026-09-28T20:13:53Z,2026-10-08T16:23:57Z,9.840324,1502,1506,0.002663115845539281,2.845434742720571,False,True,https://api.fususone.com/api/public/organizations/pbso/stats/
fastest_weekly_rate,82,brooklynparkpdmn,totalIntegratedCameras,previous,3,Brooklyn Park Community Cameras,Brooklyn Park,MN,2026-09-28T20:10:39Z,2026-10-08T16:20:35Z,9.840231,2114,2117,0.0014191106906338694,2.134096137831747,False,True,https://api.fususone.com/api/public/organizations/brooklynparkpdmn/stats/
fastest_weekly_rate,83,guilfordsheriff,totalIntegratedCameras,previous,3,Connect Guilford County,Guilford County ,NC,2026-09-28T20:12:08Z,2026-10-08T16:22:11Z,9.840312,226,229,0.01327433628318584,2.1340785671186766,False,True,https://api.fususone.com/api/public/organizations/guilfordsheriff/stats/
fastest_weekly_rate,84,baycounty,totalIntegratedCameras,previous,2,Connect Bay County,Bay County,FL,2026-09-28T20:10:24Z,2026-10-08T16:20:19Z,9.84022,1515,1517,0.0013201320132013201,1.422732431971489,False,True,https://api.fususone.com/api/public/organizations/baycounty/stats/
fastest_weekly_rate,85,ciceropd,totalIntegratedCameras,previous,2,Cicero SAFE (Shared Access For Enforcement),Cicero,IL,2026-09-28T20:10:57Z,2026-10-08T16:20:54Z,9.840243,549,551,0.0036429872495446266,1.4227290851414436,False,True,https://api.fususone.com/api/public/organizations/ciceropd/stats/
fastest_weekly_rate,86,dentonpdtx,totalIntegratedCameras,previous,2,Denton Connects,Denton,TX,2026-09-28T20:11:38Z,2026-10-08T16:21:35Z,9.840243,190,192,0.010526315789473684,1.4227290851414436,False,True,https://api.fususone.com/api/public/organizations/dentonpdtx/stats/
fastest_weekly_rate,87,hcso,totalIntegratedCameras,previous,2,Connect Hillsborough,Hillsborough County,FL,2026-09-28T20:12:17Z,2026-10-08T16:22:20Z,9.840312,4851,4853,0.00041228612657184083,1.4227190447457843,False,True,https://api.fususone.com/api/public/organizations/hcso/stats/
fastest_weekly_rate,88,lenexapdks,totalIntegratedCameras,previous,2,Connect Lenexa,Lenexa,KS,2026-09-28T20:12:52Z,2026-10-08T16:22:55Z,9.840312,1169,1171,0.001710863986313088,1.4227190447457843,False,True,https://api.fususone.com/api/public/organizations/lenexapdks/stats/
fastest_weekly_rate,89,montrosepdco,totalIntegratedCameras,previous,2,Connect Montrose,Montrose,CO,2026-09-28T20:13:21Z,2026-10-08T16:23:25Z,9.840324,169,171,0.011834319526627219,1.4227173713602854,False,True,https://api.fususone.com/api/public/organizations/montrosepdco/stats/
fastest_weekly_rate,90,overlandparkpdks,totalIntegratedCameras,previous,2,Secure OP,Overland Park,KS,2026-09-28T20:13:50Z,2026-10-08T16:23:54Z,9.840324,1087,1089,0.0018399264029438822,1.4227173713602854,False,True,https://api.fususone.com/api/public/organizations/overlandparkpdks/stats/
fastest_weekly_rate,91,prairievillagepdks,totalIntegratedCameras,previous,2,Connect Prairie Village,Prairie Village,KS,2026-09-28T20:14:07Z,2026-10-08T16:24:11Z,9.840324,1488,1490,0.0013440860215053765,1.4227173713602854,False,True,https://api.fususone.com/api/public/organizations/prairievillagepdks/stats/
fastest_weekly_rate,92,rogerspdar,totalIntegratedCameras,previous,2,Connect Rogers,Rogers,AR,2026-09-28T20:14:22Z,2026-10-08T16:24:26Z,9.840324,263,265,0.0076045627376425855,1.4227173713602854,False,True,https://api.fususone.com/api/public/organizations/rogerspdar/stats/
fastest_weekly_rate,93,auroragov,totalIntegratedCameras,previous,1,Connect Aurora,Aurora,CO,2026-09-28T20:10:21Z,2026-10-08T16:20:16Z,9.84022,935,936,0.0010695187165775401,0.7113662159857445,False,True,https://api.fususone.com/api/public/organizations/auroragov/stats/
fastest_weekly_rate,94,delraybeach,totalIntegratedCameras,previous,1,Connect Delray Beach,Delray Beach,FL,2026-09-28T20:11:37Z,2026-10-08T16:21:34Z,9.840243,523,524,0.0019120458891013384,0.7113645425707218,False,True,https://api.fususone.com/api/public/organizations/delraybeach/stats/
fastest_weekly_rate,95,hammondpd,totalIntegratedCameras,previous,1,Hammond BlueNET,Hammond,IN,2026-09-28T20:12:11Z,2026-10-08T16:22:14Z,9.840312,1325,1326,0.0007547169811320754,0.7113595223728921,False,True,https://api.fususone.com/api/public/organizations/hammondpd/stats/
fastest_weekly_rate,96,littlerockpd,totalIntegratedCameras,previous,1,Connect Little Rock,Little Rock,AR,2026-09-28T20:12:55Z,2026-10-08T16:22:58Z,9.840312,2564,2565,0.000390015600624025,0.7113595223728921,False,True,https://api.fususone.com/api/public/organizations/littlerockpd/stats/
fastest_weekly_rate,97,losgatospdca,totalIntegratedCameras,previous,1,Community Protecht,Los Gatos,CA,2026-09-28T20:12:56Z,2026-10-08T16:22:59Z,9.840312,38,39,0.02631578947368421,0.7113595223728921,False,True,https://api.fususone.com/api/public/organizations/losgatospdca/stats/
fastest_weekly_rate,98,miamibeachpdfl,totalIntegratedCameras,previous,1,Connect Miami Beach,Miami Beach,FL,2026-09-28T20:13:10Z,2026-10-08T16:23:14Z,9.840324,527,528,0.0018975332068311196,0.7113586856801427,False,True,https://api.fususone.com/api/public/organizations/miamibeachpdfl/stats/
fastest_weekly_rate,99,newcastlede,totalIntegratedCameras,previous,1,Connect New Castle County,New Castle County,DE,2026-09-28T20:13:26Z,2026-10-08T16:23:30Z,9.840324,161,162,0.006211180124223602,0.7113586856801427,False,True,https://api.fususone.com/api/public/organizations/newcastlede/stats/
fastest_weekly_rate,100,renopd,totalIntegratedCameras,previous,1,Connect Reno,Reno,NV,2026-09-28T20:14:12Z,2026-10-08T16:24:16Z,9.840324,945,946,0.0010582010582010583,0.7113586856801427,False,True,https://api.fususone.com/api/public/organizations/renopd/stats/
fastest_weekly_rate,101,tuscaloosapd,totalIntegratedCameras,previous,1,Safeguard Tuscaloosa,Tuscaloosa,AL,2026-09-28T20:15:07Z,2026-10-08T16:25:12Z,9.840336,1095,1096,0.0009132420091324201,0.7113578489893614,False,True,https://api.fususone.com/api/public/organizations/tuscaloosapd/stats/
fastest_percentage,1,dothanpd,totalIntegratedCameras,previous,59,Connect Dothan,Dothan,AL,2026-09-28T20:11:39Z,2026-10-08T16:21:36Z,9.840243,180,239,0.3277777777777778,41.970508011672585,False,True,https://api.fususone.com/api/public/organizations/dothanpd/stats/
fastest_percentage,2,crestwoodpdil,totalIntegratedCameras,previous,28,Connect Crestwood,Crestwood,MN,2026-09-28T20:11:27Z,2026-10-08T16:21:24Z,9.840243,90,118,0.3111111111111111,19.918207191980212,False,True,https://api.fususone.com/api/public/organizations/crestwoodpdil/stats/
fastest_percentage,3,seatpleasantmd,totalIntegratedCameras,previous,88,Connect Seat Pleasant,Seat Pleasant,MD,2026-09-28T20:14:39Z,2026-10-08T16:24:43Z,9.840324,1040,1128,0.08461538461538462,62.599564339852556,False,True,https://api.fususone.com/api/public/organizations/seatpleasantmd/stats/
fastest_percentage,4,dalycitypdca,totalIntegratedCameras,previous,7,Connect Daly City,Daly City,CA,2026-09-28T20:11:30Z,2026-10-08T16:21:27Z,9.840243,87,94,0.08045977011494253,4.979551797995053,False,True,https://api.fususone.com/api/public/organizations/dalycitypdca/stats/
fastest_percentage,5,pomonapd,totalIntegratedCameras,previous,7,Pomona Safe Communities,Pomona,CA,2026-09-28T20:14:04Z,2026-10-08T16:24:08Z,9.840324,187,194,0.0374331550802139,4.979510799760999,False,True,https://api.fususone.com/api/public/organizations/pomonapd/stats/
fastest_percentage,6,monroecoso,totalIntegratedCameras,previous,24,Connect Monroe County,Monroe County,NY,2026-09-28T20:13:18Z,2026-10-08T16:23:22Z,9.840324,868,892,0.027649769585253458,17.072608456323422,False,True,https://api.fususone.com/api/public/organizations/monroecoso/stats/
fastest_percentage,7,losgatospdca,totalIntegratedCameras,previous,1,Community Protecht,Los Gatos,CA,2026-09-28T20:12:56Z,2026-10-08T16:22:59Z,9.840312,38,39,0.02631578947368421,0.7113595223728921,False,True,https://api.fususone.com/api/public/organizations/losgatospdca/stats/
fastest_percentage,8,ontariopolice,totalIntegratedCameras,previous,55,Connect Ontario,Ontario,CA,2026-09-28T20:13:46Z,2026-10-08T16:23:50Z,9.840324,2095,2150,0.026252983293556086,39.12472771240785,False,True,https://api.fususone.com/api/public/organizations/ontariopolice/stats/
fastest_percentage,9,harrisoncso,totalIntegratedCameras,previous,13,Connect Harrison County,Harrison County,MS,2026-09-28T20:12:14Z,2026-10-08T16:22:17Z,9.840312,505,518,0.02574257425742574,9.247673790847598,False,True,https://api.fususone.com/api/public/organizations/harrisoncso/stats/
fastest_percentage,10,newportbeachpdca,totalIntegratedCameras,previous,6,Connect Newport Beach,Newport Beach,CA,2026-09-28T20:13:29Z,2026-10-08T16:23:33Z,9.840324,235,241,0.02553191489361702,4.268152114080856,False,True,https://api.fususone.com/api/public/organizations/newportbeachpdca/stats/
fastest_percentage,11,mcpdmd,totalIntegratedCameras,previous,51,MoCoConnect,Montgomery County,MD,2026-09-28T20:13:04Z,2026-10-08T16:23:07Z,9.840312,1999,2050,0.025512756378189096,36.2793356410175,False,True,https://api.fususone.com/api/public/organizations/mcpdmd/stats/
fastest_percentage,12,stjohnscountyso,totalIntegratedCameras,previous,33,Connect St. Johns,St. Johns County,FL,2026-09-28T20:14:56Z,2026-10-08T16:25:00Z,9.840324,1303,1336,0.02532617037605526,23.47483662744471,False,True,https://api.fususone.com/api/public/organizations/stjohnscountyso/stats/
fastest_percentage,13,shelbycoso,totalIntegratedCameras,previous,55,Connect Shelby County,Shelby County,TN,2026-09-28T20:14:43Z,2026-10-08T16:24:47Z,9.840324,2324,2379,0.023666092943201378,39.12472771240785,False,True,https://api.fususone.com/api/public/organizations/shelbycoso/stats/
fastest_percentage,14,dallaspd,totalIntegratedCameras,previous,35,Connect Dallas,Dallas,TX,2026-09-28T20:11:29Z,2026-10-08T16:21:26Z,9.840243,1495,1530,0.023411371237458192,24.897758989975262,False,True,https://api.fususone.com/api/public/organizations/dallaspd/stats/
fastest_percentage,15,alachuasheriff,totalIntegratedCameras,previous,5,Connect Alachua County,Alachua County,FL,2026-09-28T20:10:06Z,2026-10-08T16:20:00Z,9.840208,216,221,0.023148148148148147,3.556835263481041,False,True,https://api.fususone.com/api/public/organizations/alachuasheriff/stats/
fastest_percentage,16,melroseparkpdil,totalIntegratedCameras,previous,5,Connect Melrose Park,Melrose Park,IL,2026-09-28T20:13:06Z,2026-10-08T16:23:09Z,9.840312,232,237,0.021551724137931036,3.556797611864461,False,True,https://api.fususone.com/api/public/organizations/melroseparkpdil/stats/
fastest_percentage,17,okaloosacounty,totalIntegratedCameras,previous,11,Connect Okaloosa County,Okaloosa County,FL,2026-09-28T20:13:44Z,2026-10-08T16:23:48Z,9.840324,516,527,0.02131782945736434,7.8249455424815695,False,True,https://api.fususone.com/api/public/organizations/okaloosacounty/stats/
fastest_percentage,18,memphispd,totalIntegratedCameras,previous,63,Connect Memphis,Memphis,TN,2026-09-28T20:13:07Z,2026-10-08T16:23:10Z,9.840312,3095,3158,0.020355411954765753,44.81564990949221,False,True,https://api.fususone.com/api/public/organizations/memphispd/stats/
fastest_percentage,19,greensboropd,totalIntegratedCameras,previous,24,Connect Greensboro,Greensboro,NC,2026-09-28T20:12:06Z,2026-10-08T16:22:09Z,9.840312,1208,1232,0.019867549668874173,17.072628536949413,False,True,https://api.fususone.com/api/public/organizations/greensboropd/stats/
fastest_percentage,20,chicopee,totalIntegratedCameras,previous,10,Connect Chicopee,Chicopee,MA,2026-09-28T20:10:56Z,2026-10-08T16:20:53Z,9.840243,512,522,0.01953125,7.113645425707218,False,True,https://api.fususone.com/api/public/organizations/chicopee/stats/
fastest_percentage,21,charlottemecklenburg,totalIntegratedCameras,previous,34,Connect Charlotte,Charlotte,NC,2026-09-28T20:10:51Z,2026-10-08T16:20:48Z,9.840243,1789,1823,0.019005030743432086,24.186394447404542,False,True,https://api.fususone.com/api/public/organizations/charlottemecklenburg/stats/
fastest_percentage,22,newportnewspd,totalIntegratedCameras,previous,42,Connect Newport News,Newport News,VA,2026-09-28T20:13:30Z,2026-10-08T16:23:34Z,9.840324,2293,2335,0.01831661578717837,29.877064798565993,False,True,https://api.fususone.com/api/public/organizations/newportnewspd/stats/
fastest_percentage,23,nypd,totalIntegratedCameras,previous,35,Connect NYPD,New York City,NY,2026-09-28T20:13:37Z,2026-10-08T16:23:41Z,9.840324,2150,2185,0.01627906976744186,24.897553998804995,False,True,https://api.fususone.com/api/public/organizations/nypd/stats/
fastest_percentage,24,baltimorecountypd,totalIntegratedCameras,previous,10,Connect Baltimore County,Baltimore County,MD,2026-09-28T20:10:22Z,2026-10-08T16:20:17Z,9.84022,616,626,0.016233766233766232,7.113662159857444,False,True,https://api.fususone.com/api/public/organizations/baltimorecountypd/stats/
fastest_percentage,25,cityofws,totalIntegratedCameras,previous,53,Connect Winston-Salem,the City of Winston-Salem,NC,2026-09-28T20:11:11Z,2026-10-08T16:21:08Z,9.840243,3292,3345,0.016099635479951396,37.702320756248255,False,True,https://api.fususone.com/api/public/organizations/cityofws/stats/
fastest_percentage,26,fairfaxcopd,totalIntegratedCameras,previous,35,Connect Fairfax County,Fairfax County,VA,2026-09-28T20:11:52Z,2026-10-08T16:21:51Z,9.840266,2188,2223,0.015996343692870202,24.89770042072503,False,True,https://api.fususone.com/api/public/organizations/fairfaxcopd/stats/
fastest_percentage,27,pgcountypd,totalIntegratedCameras,previous,42,Connect Prince George's County,Prince George's County,MD,2026-09-28T20:14:00Z,2026-10-08T16:24:04Z,9.840324,2735,2777,0.015356489945155392,29.877064798565993,False,True,https://api.fususone.com/api/public/organizations/pgcountypd/stats/
fastest_percentage,28,dearbornpdmi,totalIntegratedCameras,previous,10,Connect Dearborn,Dearborn,MI,2026-09-28T20:11:35Z,2026-10-08T16:21:32Z,9.840243,685,695,0.014598540145985401,7.113645425707218,False,True,https://api.fususone.com/api/public/organizations/dearbornpdmi/stats/
fastest_percentage,29,cityofstarkville,totalIntegratedCameras,previous,12,Connect Starkville,Starkville,MS,2026-09-28T20:11:10Z,2026-10-08T16:21:07Z,9.840243,863,875,0.013904982618771726,8.536374510848662,False,True,https://api.fususone.com/api/public/organizations/cityofstarkville/stats/
fastest_percentage,30,guilfordsheriff,totalIntegratedCameras,previous,3,Connect Guilford County,Guilford County ,NC,2026-09-28T20:12:08Z,2026-10-08T16:22:11Z,9.840312,226,229,0.01327433628318584,2.1340785671186766,False,True,https://api.fususone.com/api/public/organizations/guilfordsheriff/stats/
fastest_percentage,31,norfolkpd,totalIntegratedCameras,previous,45,Connect Norfolk,Norfolk,VA,2026-09-28T20:13:32Z,2026-10-08T16:23:36Z,9.840324,3656,3701,0.012308533916849015,32.01114085560642,False,True,https://api.fususone.com/api/public/organizations/norfolkpd/stats/
fastest_percentage,32,lynchburgpd,totalIntegratedCameras,previous,9,Hill City Connect,Lynchburg,VA,2026-09-28T20:12:58Z,2026-10-08T16:23:01Z,9.840312,740,749,0.012162162162162163,6.402235701356029,False,True,https://api.fususone.com/api/public/organizations/lynchburgpd/stats/
fastest_percentage,33,montrosepdco,totalIntegratedCameras,previous,2,Connect Montrose,Montrose,CO,2026-09-28T20:13:21Z,2026-10-08T16:23:25Z,9.840324,169,171,0.011834319526627219,1.4227173713602854,False,True,https://api.fususone.com/api/public/organizations/montrosepdco/stats/
fastest_percentage,34,hopemillspd,totalIntegratedCameras,previous,4,Connect Hope Mills,Hope Mills,NC,2026-09-28T20:12:25Z,2026-10-08T16:22:28Z,9.840312,345,349,0.011594202898550725,2.8454380894915685,False,True,https://api.fususone.com/api/public/organizations/hopemillspd/stats/
fastest_percentage,35,tempepd,totalIntegratedCameras,previous,16,Connect Tempe,Tempe,AZ,2026-09-28T20:15:01Z,2026-10-08T16:25:05Z,9.840324,1506,1522,0.010624169986719787,11.381738970882283,False,True,https://api.fususone.com/api/public/organizations/tempepd/stats/
fastest_percentage,36,dentonpdtx,totalIntegratedCameras,previous,2,Denton Connects,Denton,TX,2026-09-28T20:11:38Z,2026-10-08T16:21:35Z,9.840243,190,192,0.010526315789473684,1.4227290851414436,False,True,https://api.fususone.com/api/public/organizations/dentonpdtx/stats/
fastest_percentage,37,highpointncpd,totalIntegratedCameras,previous,6,Link High Point,High Point,NC,2026-09-28T20:12:22Z,2026-10-08T16:22:25Z,9.840312,573,579,0.010471204188481676,4.268157134237353,False,True,https://api.fususone.com/api/public/organizations/highpointncpd/stats/
fastest_percentage,38,cityofomaha,totalIntegratedCameras,previous,17,Connect Omaha,Omaha,NE,2026-09-28T20:11:06Z,2026-10-08T16:21:03Z,9.840243,1626,1643,0.010455104551045511,12.093197223702271,False,True,https://api.fususone.com/api/public/organizations/cityofomaha/stats/
fastest_percentage,39,cobbcountypd,totalIntegratedCameras,previous,131,Connect Cobb ,Cobb County,GA,2026-09-28T20:11:18Z,2026-10-08T16:21:15Z,9.840243,12906,13037,0.010150317681698435,93.18875507676456,False,True,https://api.fususone.com/api/public/organizations/cobbcountypd/stats/
fastest_percentage,40,oakbrookpd,totalIntegratedCameras,previous,4,Connect Oak Brook,Oak Brook,IL,2026-09-28T20:13:38Z,2026-10-08T16:23:42Z,9.840324,399,403,0.010025062656641603,2.845434742720571,False,True,https://api.fususone.com/api/public/organizations/oakbrookpd/stats/
fastest_percentage,41,richmondva,totalIntegratedCameras,previous,5,Connect Richmond,Richmond,VA,2026-09-28T20:14:17Z,2026-10-08T16:24:21Z,9.840324,558,563,0.008960573476702509,3.5567934284007134,False,True,https://api.fususone.com/api/public/organizations/richmondva/stats/
fastest_percentage,42,sanbernardinopdca,totalIntegratedCameras,previous,6,Connect San Bernardino,San Bernardino,CA,2026-09-28T20:14:27Z,2026-10-08T16:24:31Z,9.840324,674,680,0.008902077151335312,4.268152114080856,False,True,https://api.fususone.com/api/public/organizations/sanbernardinopdca/stats/
fastest_percentage,43,cityofshreveport,totalIntegratedCameras,previous,24,Connect Shreveport,Shreveport,LA,2026-09-28T20:11:09Z,2026-10-08T16:21:06Z,9.840243,2838,2862,0.008456659619450317,17.072749021697323,False,True,https://api.fususone.com/api/public/organizations/cityofshreveport/stats/
fastest_percentage,44,albanypolice,totalIntegratedCameras,previous,115,Connect Albany,Albany,GA,2026-09-28T20:10:07Z,2026-10-08T16:20:01Z,9.840208,13936,14051,0.008252009184845005,81.80721106006393,False,True,https://api.fususone.com/api/public/organizations/albanypolice/stats/
fastest_percentage,45,wakecounty,totalIntegratedCameras,previous,8,Connect Wake County,Wake County,NC,2026-09-28T20:15:13Z,2026-10-08T16:25:18Z,9.840336,970,978,0.008247422680412371,5.690862791914891,False,True,https://api.fususone.com/api/public/organizations/wakecounty/stats/
fastest_percentage,46,rogerspdar,totalIntegratedCameras,previous,2,Connect Rogers,Rogers,AR,2026-09-28T20:14:22Z,2026-10-08T16:24:26Z,9.840324,263,265,0.0076045627376425855,1.4227173713602854,False,True,https://api.fususone.com/api/public/organizations/rogerspdar/stats/
fastest_percentage,47,fayettevillepd,totalIntegratedCameras,previous,4,Connect Fayetteville,Fayetteville,NC,2026-09-28T20:11:54Z,2026-10-08T16:21:53Z,9.840266,543,547,0.007366482504604052,2.845451476654289,False,True,https://api.fususone.com/api/public/organizations/fayettevillepd/stats/
fastest_percentage,48,carypd,totalIntegratedCameras,previous,8,Connect Cary,Cary,NC,2026-09-28T20:10:48Z,2026-10-08T16:20:45Z,9.840243,1265,1273,0.006324110671936759,5.690916340565774,False,True,https://api.fususone.com/api/public/organizations/carypd/stats/
fastest_percentage,49,newcastlede,totalIntegratedCameras,previous,1,Connect New Castle County,New Castle County,DE,2026-09-28T20:13:26Z,2026-10-08T16:23:30Z,9.840324,161,162,0.006211180124223602,0.7113586856801427,False,True,https://api.fususone.com/api/public/organizations/newcastlede/stats/
fastest_percentage,50,kentcountysd,totalIntegratedCameras,previous,14,The Kent Safety Network,Kent County,MI,2026-09-28T20:12:36Z,2026-10-08T16:22:39Z,9.840312,2723,2737,0.005141388174807198,9.95903331322049,False,True,https://api.fususone.com/api/public/organizations/kentcountysd/stats/
fastest_percentage,51,hennepincountyso,totalIntegratedCameras,previous,15,Connect Hennepin County,Hennepin County,MN,2026-09-28T20:12:18Z,2026-10-08T16:22:21Z,9.840312,3008,3023,0.004986702127659575,10.670392835593383,False,True,https://api.fususone.com/api/public/organizations/hennepincountyso/stats/
fastest_percentage,52,jacksonvillesheriff,totalIntegratedCameras,previous,48,ConnectDuval,Duval County,FL,2026-09-28T20:12:31Z,2026-10-08T16:22:34Z,9.840312,9767,9815,0.004914508037268352,34.145257073898826,False,True,https://api.fususone.com/api/public/organizations/jacksonvillesheriff/stats/
fastest_percentage,53,powderspringspd,totalIntegratedCameras,previous,11,Connect Powder Springs,Powder Springs,GA,2026-09-28T20:14:06Z,2026-10-08T16:24:10Z,9.840324,2955,2966,0.003722504230118443,7.8249455424815695,False,True,https://api.fususone.com/api/public/organizations/powderspringspd/stats/
fastest_percentage,54,ciceropd,totalIntegratedCameras,previous,2,Cicero SAFE (Shared Access For Enforcement),Cicero,IL,2026-09-28T20:10:57Z,2026-10-08T16:20:54Z,9.840243,549,551,0.0036429872495446266,1.4227290851414436,False,True,https://api.fususone.com/api/public/organizations/ciceropd/stats/
fastest_percentage,55,cummingpdga,totalIntegratedCameras,previous,11,Connect Cumming,Cumming,GA,2026-09-28T20:11:28Z,2026-10-08T16:21:25Z,9.840243,3105,3116,0.003542673107890499,7.82500996827794,False,True,https://api.fususone.com/api/public/organizations/cummingpdga/stats/
fastest_percentage,56,shawneecosheriff,totalIntegratedCameras,previous,7,Connect Shawnee County and the City of Topeka,Shawnee County and the City of Topeka,KS,2026-09-28T20:14:42Z,2026-10-08T16:24:46Z,9.840324,2242,2249,0.0031222123104371097,4.979510799760999,False,True,https://api.fususone.com/api/public/organizations/shawneecosheriff/stats/
fastest_percentage,57,newtonsheriff,totalIntegratedCameras,previous,11,Connect Newton County,Newton County,GA,2026-09-28T20:13:31Z,2026-10-08T16:23:35Z,9.840324,3527,3538,0.0031187978451942162,7.8249455424815695,False,True,https://api.fususone.com/api/public/organizations/newtonsheriff/stats/
fastest_percentage,58,raleighncpd,totalIntegratedCameras,previous,5,CONNECTRALEIGH,Raleigh,NC,2026-09-28T20:14:09Z,2026-10-08T16:24:13Z,9.840324,1619,1624,0.0030883261272390363,3.5567934284007134,False,True,https://api.fususone.com/api/public/organizations/raleighncpd/stats/
fastest_percentage,59,sacramentopd,totalIntegratedCameras,previous,5,Sacramento PD Connect,Sacramento,CA,2026-09-28T20:14:25Z,2026-10-08T16:24:29Z,9.840324,1774,1779,0.002818489289740699,3.5567934284007134,False,True,https://api.fususone.com/api/public/organizations/sacramentopd/stats/
fastest_percentage,60,lafayettepd,totalIntegratedCameras,previous,6,Connect Lafayette,Lafayette,LA,2026-09-28T20:12:40Z,2026-10-08T16:22:43Z,9.840312,2214,2220,0.0027100271002710027,4.268157134237353,False,True,https://api.fususone.com/api/public/organizations/lafayettepd/stats/
fastest_percentage,61,pbso,totalIntegratedCameras,previous,4,Keep Palm Beach County Safe,Palm Beach County,FL,2026-09-28T20:13:53Z,2026-10-08T16:23:57Z,9.840324,1502,1506,0.002663115845539281,2.845434742720571,False,True,https://api.fususone.com/api/public/organizations/pbso/stats/
fastest_percentage,62,anokacountysomn,totalIntegratedCameras,previous,7,Anoka County Real Time Crime Center,Anoka County,MN,2026-09-28T20:10:14Z,2026-10-08T16:20:09Z,9.84022,2674,2681,0.002617801047120419,4.979563511900211,False,True,https://api.fususone.com/api/public/organizations/anokacountysomn/stats/
fastest_percentage,63,accpd,totalIntegratedCameras,previous,11,Connect Athens-Clarke County,Athens-Clarke County,GA,2026-09-28T20:10:03Z,2026-10-08T16:19:57Z,9.840208,4325,4336,0.0025433526011560694,7.82503757965829,False,True,https://api.fususone.com/api/public/organizations/accpd/stats/
fastest_percentage,64,aacounty,totalIntegratedCameras,previous,8,Connect Anne Arundel,Anne Arundel County,MD,2026-09-28T20:10:02Z,2026-10-08T16:19:56Z,9.840208,3177,3185,0.0025180988353792886,5.690936421569665,False,True,https://api.fususone.com/api/public/organizations/aacounty/stats/
fastest_percentage,65,monmouthcounty,totalIntegratedCameras,previous,4,Connect Monmouth County,Monmouth County,NJ,2026-09-28T20:13:17Z,2026-10-08T16:23:21Z,9.840324,1810,1814,0.0022099447513812156,2.845434742720571,False,True,https://api.fususone.com/api/public/organizations/monmouthcounty/stats/
fastest_percentage,66,claycountysheriff,totalIntegratedCameras,previous,7,Connect Clay County,Clay County,FL,2026-09-28T20:11:12Z,2026-10-08T16:21:09Z,9.840243,3391,3398,0.0020642878207018578,4.979551797995053,False,True,https://api.fususone.com/api/public/organizations/claycountysheriff/stats/
fastest_percentage,67,delraybeach,totalIntegratedCameras,previous,1,Connect Delray Beach,Delray Beach,FL,2026-09-28T20:11:37Z,2026-10-08T16:21:34Z,9.840243,523,524,0.0019120458891013384,0.7113645425707218,False,True,https://api.fususone.com/api/public/organizations/delraybeach/stats/
fastest_percentage,68,miamibeachpdfl,totalIntegratedCameras,previous,1,Connect Miami Beach,Miami Beach,FL,2026-09-28T20:13:10Z,2026-10-08T16:23:14Z,9.840324,527,528,0.0018975332068311196,0.7113586856801427,False,True,https://api.fususone.com/api/public/organizations/miamibeachpdfl/stats/
fastest_percentage,69,overlandparkpdks,totalIntegratedCameras,previous,2,Secure OP,Overland Park,KS,2026-09-28T20:13:50Z,2026-10-08T16:23:54Z,9.840324,1087,1089,0.0018399264029438822,1.4227173713602854,False,True,https://api.fususone.com/api/public/organizations/overlandparkpdks/stats/
fastest_percentage,70,lenexapdks,totalIntegratedCameras,previous,2,Connect Lenexa,Lenexa,KS,2026-09-28T20:12:52Z,2026-10-08T16:22:55Z,9.840312,1169,1171,0.001710863986313088,1.4227190447457843,False,True,https://api.fususone.com/api/public/organizations/lenexapdks/stats/
fastest_percentage,71,forsythcosoga,totalIntegratedCameras,previous,11,Connect Forsyth County,Forsyth County,GA,2026-09-28T20:11:59Z,2026-10-08T16:21:58Z,9.840266,6924,6935,0.0015886770652801848,7.824991560799295,False,True,https://api.fususone.com/api/public/organizations/forsythcosoga/stats/
fastest_percentage,72,eastpointpdga,totalIntegratedCameras,previous,8,Connect East Point,East Point,GA,2026-09-28T20:11:45Z,2026-10-08T16:21:44Z,9.840266,5113,5121,0.0015646391550948563,5.690902953308578,False,True,https://api.fususone.com/api/public/organizations/eastpointpdga/stats/
fastest_percentage,73,volusiasheriff,totalIntegratedCameras,previous,6,Connect Volusia,Volusia,FL,2026-09-28T20:15:12Z,2026-10-08T16:25:17Z,9.840336,3953,3959,0.0015178345560333923,4.268147093936168,False,True,https://api.fususone.com/api/public/organizations/volusiasheriff/stats/
fastest_percentage,74,buncombesheriff,totalIntegratedCameras,previous,4,Connect Buncombe County,Buncombe County,NC,2026-09-28T20:10:41Z,2026-10-08T16:20:38Z,9.840243,2689,2693,0.0014875418371141688,2.845458170282887,False,True,https://api.fususone.com/api/public/organizations/buncombesheriff/stats/
fastest_percentage,75,brooklynparkpdmn,totalIntegratedCameras,previous,3,Brooklyn Park Community Cameras,Brooklyn Park,MN,2026-09-28T20:10:39Z,2026-10-08T16:20:35Z,9.840231,2114,2117,0.0014191106906338694,2.134096137831747,False,True,https://api.fususone.com/api/public/organizations/brooklynparkpdmn/stats/
fastest_percentage,76,lakecountysheriff,totalIntegratedCameras,previous,9,Connect Lake County,Lake County,FL,2026-09-28T20:12:44Z,2026-10-08T16:22:47Z,9.840312,6351,6360,0.0014170996693434106,6.402235701356029,False,True,https://api.fususone.com/api/public/organizations/lakecountysheriff/stats/
fastest_percentage,77,prairievillagepdks,totalIntegratedCameras,previous,2,Connect Prairie Village,Prairie Village,KS,2026-09-28T20:14:07Z,2026-10-08T16:24:11Z,9.840324,1488,1490,0.0013440860215053765,1.4227173713602854,False,True,https://api.fususone.com/api/public/organizations/prairievillagepdks/stats/
fastest_percentage,78,baycounty,totalIntegratedCameras,previous,2,Connect Bay County,Bay County,FL,2026-09-28T20:10:24Z,2026-10-08T16:20:19Z,9.84022,1515,1517,0.0013201320132013201,1.422732431971489,False,True,https://api.fususone.com/api/public/organizations/baycounty/stats/
fastest_percentage,79,beaumonttx,totalIntegratedCameras,previous,5,Connect Southeast Texas,Southeast Texas,TX,2026-09-28T20:10:25Z,2026-10-08T16:20:20Z,9.84022,3795,3800,0.0013175230566534915,3.556831079928722,False,True,https://api.fususone.com/api/public/organizations/beaumonttx/stats/
fastest_percentage,80,forestparkpd,totalIntegratedCameras,previous,13,Connect Forest Park,Forest Park,GA,2026-09-28T20:11:57Z,2026-10-08T16:21:56Z,9.840266,10505,10518,0.0012375059495478343,9.247717299126439,False,True,https://api.fususone.com/api/public/organizations/forestparkpd/stats/
fastest_percentage,81,kennesawpd,totalIntegratedCameras,previous,10,Connect Kennesaw,Kennesaw,GA,2026-09-28T20:12:35Z,2026-10-08T16:22:38Z,9.840312,9230,9240,0.0010834236186348862,7.113595223728922,False,True,https://api.fususone.com/api/public/organizations/kennesawpd/stats/
fastest_percentage,82,warnerrobinspd,totalIntegratedCameras,previous,10,Connect Warner Robins,Warner Robins,GA,2026-09-28T20:15:14Z,2026-10-08T16:25:19Z,9.840336,9231,9241,0.0010833062506770664,7.113578489893614,False,True,https://api.fususone.com/api/public/organizations/warnerrobinspd/stats/
fastest_percentage,83,savannahpd,totalIntegratedCameras,previous,10,Connect Savannah,Savannah,GA,2026-09-28T20:14:35Z,2026-10-08T16:24:39Z,9.840324,9259,9269,0.0010800302408467436,7.113586856801427,False,True,https://api.fususone.com/api/public/organizations/savannahpd/stats/
fastest_percentage,84,auroragov,totalIntegratedCameras,previous,1,Connect Aurora,Aurora,CO,2026-09-28T20:10:21Z,2026-10-08T16:20:16Z,9.84022,935,936,0.0010695187165775401,0.7113662159857445,False,True,https://api.fususone.com/api/public/organizations/auroragov/stats/
fastest_percentage,85,renopd,totalIntegratedCameras,previous,1,Connect Reno,Reno,NV,2026-09-28T20:14:12Z,2026-10-08T16:24:16Z,9.840324,945,946,0.0010582010582010583,0.7113586856801427,False,True,https://api.fususone.com/api/public/organizations/renopd/stats/
fastest_percentage,86,collegeparkga,totalIntegratedCameras,previous,10,Connect College Park,College Park,GA,2026-09-28T20:11:19Z,2026-10-08T16:21:16Z,9.840243,10506,10516,0.0009518370454978108,7.113645425707218,False,True,https://api.fususone.com/api/public/organizations/collegeparkga/stats/
fastest_percentage,87,acworthga,totalIntegratedCameras,previous,10,Connect Acworth,Acworth,GA,2026-09-28T20:10:04Z,2026-10-08T16:19:58Z,9.840208,10557,10567,0.000947238798901203,7.113670526962082,False,True,https://api.fususone.com/api/public/organizations/acworthga/stats/
fastest_percentage,88,claytoncountypd,totalIntegratedCameras,previous,10,Connect Clayton County,Clayton County,GA,2026-09-28T20:11:13Z,2026-10-08T16:21:10Z,9.840243,10775,10785,0.0009280742459396752,7.113645425707218,False,True,https://api.fususone.com/api/public/organizations/claytoncountypd/stats/
fastest_percentage,89,tuscaloosapd,totalIntegratedCameras,previous,1,Safeguard Tuscaloosa,Tuscaloosa,AL,2026-09-28T20:15:07Z,2026-10-08T16:25:12Z,9.840336,1095,1096,0.0009132420091324201,0.7113578489893614,False,True,https://api.fususone.com/api/public/organizations/tuscaloosapd/stats/
fastest_percentage,90,douglasvillepolice,totalIntegratedCameras,previous,10,Connect Douglasville,Douglasville ,GA,2026-09-28T20:11:41Z,2026-10-08T16:21:38Z,9.840243,12890,12900,0.0007757951900698216,7.113645425707218,False,True,https://api.fususone.com/api/public/organizations/douglasvillepolice/stats/
fastest_percentage,91,smyrnaga,totalIntegratedCameras,previous,10,Connect Smyrna,Smyrna,GA,2026-09-28T20:14:44Z,2026-10-08T16:24:48Z,9.840324,13065,13075,0.0007654037504783774,7.113586856801427,False,True,https://api.fususone.com/api/public/organizations/smyrnaga/stats/
fastest_percentage,92,hammondpd,totalIntegratedCameras,previous,1,Hammond BlueNET,Hammond,IN,2026-09-28T20:12:11Z,2026-10-08T16:22:14Z,9.840312,1325,1326,0.0007547169811320754,0.7113595223728921,False,True,https://api.fususone.com/api/public/organizations/hammondpd/stats/
fastest_percentage,93,henrycountypd,totalIntegratedCameras,previous,10,Henry Safer Together,Henry County,GA,2026-09-28T20:12:20Z,2026-10-08T16:22:23Z,9.840312,13832,13842,0.0007229612492770387,7.113595223728922,False,True,https://api.fususone.com/api/public/organizations/henrycountypd/stats/
fastest_percentage,94,sandyspringspd,totalIntegratedCameras,previous,11,Connect Sandy Springs,Sandy Springs,GA,2026-09-28T20:14:28Z,2026-10-08T16:24:32Z,9.840324,15225,15236,0.000722495894909688,7.8249455424815695,False,True,https://api.fususone.com/api/public/organizations/sandyspringspd/stats/
fastest_percentage,95,statesboropd,totalIntegratedCameras,previous,10,Connect Statesboro,Statesboro,GA,2026-09-28T20:14:52Z,2026-10-08T16:24:56Z,9.840324,14449,14459,0.0006920894179527995,7.113586856801427,False,True,https://api.fususone.com/api/public/organizations/statesboropd/stats/
fastest_percentage,96,southfultonga,totalIntegratedCameras,previous,10,Connect South Fulton,South Fulton,GA,2026-09-28T20:14:46Z,2026-10-08T16:24:50Z,9.840324,14805,14815,0.0006754474839581223,7.113586856801427,False,True,https://api.fususone.com/api/public/organizations/southfultonga/stats/
fastest_percentage,97,cityofroswell,totalIntegratedCameras,previous,7,Connect Roswell,Roswell,GA,2026-09-28T20:11:08Z,2026-10-08T16:21:05Z,9.840243,10643,10650,0.0006577092924927182,4.979551797995053,False,True,https://api.fususone.com/api/public/organizations/cityofroswell/stats/
fastest_percentage,98,cityofatlanta,totalIntegratedCameras,previous,15,Connect Atlanta,Atlanta,GA,2026-09-28T20:10:59Z,2026-10-08T16:20:56Z,9.840243,28381,28396,0.0005285226031499947,10.670468138560828,False,True,https://api.fususone.com/api/public/organizations/cityofatlanta/stats/
fastest_percentage,99,cherokeega,totalIntegratedCameras,previous,7,Connect Cherokee,Cherokee County,GA,2026-09-28T20:10:53Z,2026-10-08T16:20:50Z,9.840243,13422,13429,0.0005215318134406199,4.979551797995053,False,True,https://api.fususone.com/api/public/organizations/cherokeega/stats/
fastest_percentage,100,hcso,totalIntegratedCameras,previous,2,Connect Hillsborough,Hillsborough County,FL,2026-09-28T20:12:17Z,2026-10-08T16:22:20Z,9.840312,4851,4853,0.00041228612657184083,1.4227190447457843,False,True,https://api.fususone.com/api/public/organizations/hcso/stats/
fastest_percentage,101,littlerockpd,totalIntegratedCameras,previous,1,Connect Little Rock,Little Rock,AR,2026-09-28T20:12:55Z,2026-10-08T16:22:58Z,9.840312,2564,2565,0.000390015600624025,0.7113595223728921,False,True,https://api.fususone.com/api/public/organizations/littlerockpd/stats/
largest_declines,1,stbernardso,totalIntegratedCameras,previous,-1711,Protect St. Bernard,St. Bernard Parish,LA,2026-09-28T20:14:53Z,2026-10-08T16:24:57Z,9.840324,1796,85,-0.9526726057906458,-1217.134711198724,False,True,https://api.fususone.com/api/public/organizations/stbernardso/stats/
largest_declines,2,stcloud,totalIntegratedCameras,previous,-189,Connect St. Cloud,St. Cloud,FL,2026-09-28T20:14:54Z,2026-10-08T16:24:58Z,9.840324,9228,9039,-0.02048114434330299,-134.44679159354698,False,True,https://api.fususone.com/api/public/organizations/stcloud/stats/
largest_declines,3,orangecofl,totalIntegratedCameras,previous,-188,Connect Orange County,Orange County,FL,2026-09-28T20:13:47Z,2026-10-08T16:23:51Z,9.840324,10477,10289,-0.017944067958385036,-133.73543290786682,False,True,https://api.fususone.com/api/public/organizations/orangecofl/stats/
largest_declines,4,chesterfieldcounty,totalIntegratedCameras,previous,-89,Chesterfield Community Connect Program,Chesterfield County,VA,2026-09-28T20:10:54Z,2026-10-08T16:20:51Z,9.840243,11184,11095,-0.007957796852646639,-63.31144428879424,False,True,https://api.fususone.com/api/public/organizations/chesterfieldcounty/stats/
largest_declines,5,turlockpd,totalIntegratedCameras,previous,-63,Connect Turlock,Turlock,CA,2026-09-28T20:15:06Z,2026-10-08T16:25:11Z,9.840336,173,110,-0.36416184971098264,-44.81554448632977,False,True,https://api.fususone.com/api/public/organizations/turlockpd/stats/
largest_declines,6,richlandpdwa,totalIntegratedCameras,previous,-42,Connect Richland,Richland,WA,2026-09-28T20:14:15Z,2026-10-08T16:24:19Z,9.840324,190,148,-0.22105263157894736,-29.877064798565993,False,True,https://api.fususone.com/api/public/organizations/richlandpdwa/stats/
largest_declines,7,northcharlestonpd,totalIntegratedCameras,previous,-30,Connect North Charleston,North Charleston,SC,2026-09-28T20:13:33Z,2026-10-08T16:23:37Z,9.840324,566,536,-0.053003533568904596,-21.34076057040428,False,True,https://api.fususone.com/api/public/organizations/northcharlestonpd/stats/
largest_declines,8,anaheim,totalIntegratedCameras,previous,-29,Connect Anaheim,Anaheim,CA,2026-09-28T20:10:12Z,2026-10-08T16:20:07Z,9.84022,733,704,-0.03956343792633015,-20.629620263586588,False,True,https://api.fususone.com/api/public/organizations/anaheim/stats/
largest_declines,9,mpls,totalIntegratedCameras,previous,-20,Connect Minneapolis,Minneapolis,MN,2026-09-28T20:13:23Z,2026-10-08T16:23:27Z,9.840324,2733,2713,-0.007317965605561654,-14.227173713602854,False,True,https://api.fususone.com/api/public/organizations/mpls/stats/
largest_declines,10,seminolecountyso,totalIntegratedCameras,previous,-18,Connect Seminole,Seminole County,FL,2026-09-28T20:14:41Z,2026-10-08T16:24:45Z,9.840324,2064,2046,-0.00872093023255814,-12.804456342242569,False,True,https://api.fususone.com/api/public/organizations/seminolecountyso/stats/
largest_declines,11,seattlepd,totalIntegratedCameras,previous,-10,Connect Seattle,Seattle,WA,2026-09-28T20:14:40Z,2026-10-08T16:24:44Z,9.840324,697,687,-0.014347202295552367,-7.113586856801427,False,True,https://api.fususone.com/api/public/organizations/seattlepd/stats/
largest_declines,12,wichitapdks,totalIntegratedCameras,previous,-9,Connected Wichita,Wichita,KS,2026-09-28T20:15:21Z,2026-10-08T16:25:26Z,9.840336,370,361,-0.024324324324324326,-6.402220640904252,False,True,https://api.fususone.com/api/public/organizations/wichitapdks/stats/
largest_declines,13,peoriapdaz,totalIntegratedCameras,previous,-7,Connect Peoria,Peoria,AZ,2026-09-28T20:13:58Z,2026-10-08T16:24:02Z,9.840324,599,592,-0.011686143572621035,-4.979510799760999,False,True,https://api.fususone.com/api/public/organizations/peoriapdaz/stats/
largest_declines,14,cityofmiamipd,totalIntegratedCameras,previous,-6,Connect Miami,Miami,FL,2026-09-28T20:11:04Z,2026-10-08T16:21:01Z,9.840243,4361,4355,-0.001375831231368952,-4.268187255424331,False,True,https://api.fususone.com/api/public/organizations/cityofmiamipd/stats/
largest_declines,15,garypd,totalIntegratedCameras,previous,-5,Connect Gary,Gary,IN,2026-09-28T20:12:02Z,2026-10-08T16:22:05Z,9.840312,1325,1320,-0.0037735849056603774,-3.556797611864461,False,True,https://api.fususone.com/api/public/organizations/garypd/stats/
largest_declines,16,carencropd,totalIntegratedCameras,previous,-4,Connect Carencro,Carencro,LA,2026-09-28T20:10:46Z,2026-10-08T16:20:43Z,9.840243,1610,1606,-0.002484472049689441,-2.845458170282887,False,True,https://api.fususone.com/api/public/organizations/carencropd/stats/
largest_declines,17,dekalbcountyga,totalIntegratedCameras,previous,-3,Connect DeKalb County,DeKalb County,GA,2026-09-28T20:11:36Z,2026-10-08T16:21:33Z,9.840243,9123,9120,-0.0003288391976323578,-2.1340936277121654,False,True,https://api.fususone.com/api/public/organizations/dekalbcountyga/stats/
largest_declines,18,northlittlerock,totalIntegratedCameras,previous,-3,Connect North Little Rock,North Little Rock,AR,2026-09-28T20:13:34Z,2026-10-08T16:23:38Z,9.840324,994,991,-0.0030181086519114686,-2.134076057040428,False,True,https://api.fususone.com/api/public/organizations/northlittlerock/stats/
largest_declines,19,orlando,totalIntegratedCameras,previous,-3,Orlando Connect,Orlando,FL,2026-09-28T20:13:48Z,2026-10-08T16:23:52Z,9.840324,4099,4096,-0.0007318858258111735,-2.134076057040428,False,True,https://api.fususone.com/api/public/organizations/orlando/stats/
largest_declines,20,bradentonfl,totalIntegratedCameras,previous,-2,Connect Bradenton,Bradenton,FL,2026-09-28T20:10:37Z,2026-10-08T16:20:32Z,9.84022,3160,3158,-0.0006329113924050633,-1.422732431971489,False,True,https://api.fususone.com/api/public/organizations/bradentonfl/stats/
largest_declines,21,cincinnatipd,totalIntegratedCameras,previous,-2,Connect Cincinnati,Cincinnati,OH,2026-09-28T20:10:58Z,2026-10-08T16:20:55Z,9.840243,846,844,-0.002364066193853428,-1.4227290851414436,False,True,https://api.fususone.com/api/public/organizations/cincinnatipd/stats/
largest_declines,22,glendorapdca,totalIntegratedCameras,previous,-2,Connect Glendora,Glendora,CA,2026-09-28T20:12:03Z,2026-10-08T16:22:06Z,9.840312,101,99,-0.019801980198019802,-1.4227190447457843,False,True,https://api.fususone.com/api/public/organizations/glendorapdca/stats/
largest_declines,23,lapd,totalIntegratedCameras,previous,-2,Connect Los Angeles,Los Angeles,CA,2026-09-28T20:12:46Z,2026-10-08T16:22:49Z,9.840312,273,271,-0.007326007326007326,-1.4227190447457843,False,True,https://api.fususone.com/api/public/organizations/lapd/stats/
largest_declines,24,martincountyso,totalIntegratedCameras,previous,-2,Connect Martin County,Martin County,FL,2026-09-28T20:13:03Z,2026-10-08T16:23:06Z,9.840312,6032,6030,-0.0003315649867374005,-1.4227190447457843,False,True,https://api.fususone.com/api/public/organizations/martincountyso/stats/
largest_declines,25,okcpd,totalIntegratedCameras,previous,-2,Connect Oklahoma City,Oklahoma City,OK,2026-09-28T20:13:45Z,2026-10-08T16:23:49Z,9.840324,7147,7145,-0.0002798376941374003,-1.4227173713602854,False,True,https://api.fususone.com/api/public/organizations/okcpd/stats/
largest_declines,26,rockymountpd,totalIntegratedCameras,previous,-2,Connect Rocky Mount,Rocky Mount,NC,2026-09-28T20:14:21Z,2026-10-08T16:24:25Z,9.840324,726,724,-0.0027548209366391185,-1.4227173713602854,False,True,https://api.fususone.com/api/public/organizations/rockymountpd/stats/
largest_declines,27,charlestonpd,totalIntegratedCameras,previous,-1,Connect Charleston,Charleston,SC,2026-09-28T20:10:49Z,2026-10-08T16:20:46Z,9.840243,577,576,-0.0017331022530329288,-0.7113645425707218,False,True,https://api.fususone.com/api/public/organizations/charlestonpd/stats/
largest_declines,28,coloradospringspd,totalIntegratedCameras,previous,-1,Together COS,Colorado Springs,CO,2026-09-28T20:11:20Z,2026-10-08T16:21:17Z,9.840243,1100,1099,-0.0009090909090909091,-0.7113645425707218,False,True,https://api.fususone.com/api/public/organizations/coloradospringspd/stats/
largest_declines,29,escambiafl,totalIntegratedCameras,previous,-1,Star Network,Escambia County,FL,2026-09-28T20:11:49Z,2026-10-08T16:21:48Z,9.840266,1273,1272,-0.0007855459544383347,-0.7113628691635723,False,True,https://api.fususone.com/api/public/organizations/escambiafl/stats/
largest_declines,30,killeenpd,totalIntegratedCameras,previous,-1,KPD Connect,Killeen,TX,2026-09-28T20:12:37Z,2026-10-08T16:22:40Z,9.840312,507,506,-0.0019723865877712033,-0.7113595223728921,False,True,https://api.fususone.com/api/public/organizations/killeenpd/stats/
largest_declines,31,peoriapd,totalIntegratedCameras,previous,-1,Connect Peoria,Peoria,IL,2026-09-28T20:13:57Z,2026-10-08T16:24:01Z,9.840324,899,898,-0.0011123470522803114,-0.7113586856801427,False,True,https://api.fususone.com/api/public/organizations/peoriapd/stats/
fastest_absolute,1,cobbcountypd,totalOwnedCameras,previous,120,Connect Cobb ,Cobb County,GA,2026-09-28T20:11:18Z,2026-10-08T16:21:15Z,9.840243,1396,1516,0.08595988538681948,85.36374510848663,False,True,https://api.fususone.com/api/public/organizations/cobbcountypd/stats/
fastest_absolute,2,seatpleasantmd,totalOwnedCameras,previous,88,Connect Seat Pleasant,Seat Pleasant,MD,2026-09-28T20:14:39Z,2026-10-08T16:24:43Z,9.840324,105,193,0.8380952380952381,62.599564339852556,False,True,https://api.fususone.com/api/public/organizations/seatpleasantmd/stats/
fastest_absolute,3,dothanpd,totalOwnedCameras,previous,59,Connect Dothan,Dothan,AL,2026-09-28T20:11:39Z,2026-10-08T16:21:36Z,9.840243,180,239,0.3277777777777778,41.970508011672585,False,True,https://api.fususone.com/api/public/organizations/dothanpd/stats/
fastest_absolute,4,jacksonvillesheriff,totalOwnedCameras,previous,56,ConnectDuval,Duval County,FL,2026-09-28T20:12:31Z,2026-10-08T16:22:34Z,9.840312,2647,2703,0.021156025689459765,39.83613325288196,False,True,https://api.fususone.com/api/public/organizations/jacksonvillesheriff/stats/
fastest_absolute,5,memphispd,totalOwnedCameras,previous,54,Connect Memphis,Memphis,TN,2026-09-28T20:13:07Z,2026-10-08T16:23:10Z,9.840312,2272,2326,0.023767605633802816,38.413414208136174,False,True,https://api.fususone.com/api/public/organizations/memphispd/stats/
fastest_absolute,6,cityofws,totalOwnedCameras,previous,53,Connect Winston-Salem,the City of Winston-Salem,NC,2026-09-28T20:11:11Z,2026-10-08T16:21:08Z,9.840243,1756,1809,0.03018223234624146,37.702320756248255,False,True,https://api.fususone.com/api/public/organizations/cityofws/stats/
fastest_absolute,7,mcpdmd,totalOwnedCameras,previous,51,MoCoConnect,Montgomery County,MD,2026-09-28T20:13:04Z,2026-10-08T16:23:07Z,9.840312,1200,1251,0.0425,36.2793356410175,False,True,https://api.fususone.com/api/public/organizations/mcpdmd/stats/
fastest_absolute,8,norfolkpd,totalOwnedCameras,previous,45,Connect Norfolk,Norfolk,VA,2026-09-28T20:13:32Z,2026-10-08T16:23:36Z,9.840324,2035,2080,0.022113022113022112,32.01114085560642,False,True,https://api.fususone.com/api/public/organizations/norfolkpd/stats/
fastest_absolute,9,newportnewspd,totalOwnedCameras,previous,42,Connect Newport News,Newport News,VA,2026-09-28T20:13:30Z,2026-10-08T16:23:34Z,9.840324,892,934,0.04708520179372197,29.877064798565993,False,True,https://api.fususone.com/api/public/organizations/newportnewspd/stats/
fastest_absolute,10,dallaspd,totalOwnedCameras,previous,35,Connect Dallas,Dallas,TX,2026-09-28T20:11:29Z,2026-10-08T16:21:26Z,9.840243,1136,1171,0.030809859154929578,24.897758989975262,False,True,https://api.fususone.com/api/public/organizations/dallaspd/stats/
fastest_absolute,11,fairfaxcopd,totalOwnedCameras,previous,35,Connect Fairfax County,Fairfax County,VA,2026-09-28T20:11:52Z,2026-10-08T16:21:51Z,9.840266,724,759,0.04834254143646409,24.89770042072503,False,True,https://api.fususone.com/api/public/organizations/fairfaxcopd/stats/
fastest_absolute,12,nypd,totalOwnedCameras,previous,35,Connect NYPD,New York City,NY,2026-09-28T20:13:37Z,2026-10-08T16:23:41Z,9.840324,2150,2185,0.01627906976744186,24.897553998804995,False,True,https://api.fususone.com/api/public/organizations/nypd/stats/
fastest_absolute,13,charlottemecklenburg,totalOwnedCameras,previous,34,Connect Charlotte,Charlotte,NC,2026-09-28T20:10:51Z,2026-10-08T16:20:48Z,9.840243,1584,1618,0.021464646464646464,24.186394447404542,False,True,https://api.fususone.com/api/public/organizations/charlottemecklenburg/stats/
fastest_absolute,14,stjohnscountyso,totalOwnedCameras,previous,33,Connect St. Johns,St. Johns County,FL,2026-09-28T20:14:56Z,2026-10-08T16:25:00Z,9.840324,1117,1150,0.02954341987466428,23.47483662744471,False,True,https://api.fususone.com/api/public/organizations/stjohnscountyso/stats/
fastest_absolute,15,greensboropd,totalOwnedCameras,previous,24,Connect Greensboro,Greensboro,NC,2026-09-28T20:12:06Z,2026-10-08T16:22:09Z,9.840312,741,765,0.032388663967611336,17.072628536949413,False,True,https://api.fususone.com/api/public/organizations/greensboropd/stats/
fastest_absolute,16,monroecoso,totalOwnedCameras,previous,24,Connect Monroe County,Monroe County,NY,2026-09-28T20:13:18Z,2026-10-08T16:23:22Z,9.840324,868,892,0.027649769585253458,17.072608456323422,False,True,https://api.fususone.com/api/public/organizations/monroecoso/stats/
fastest_absolute,17,cityofshreveport,totalOwnedCameras,previous,19,Connect Shreveport,Shreveport,LA,2026-09-28T20:11:09Z,2026-10-08T16:21:06Z,9.840243,2329,2348,0.008158007728638901,13.515926308843715,False,True,https://api.fususone.com/api/public/organizations/cityofshreveport/stats/
fastest_absolute,18,tempepd,totalOwnedCameras,previous,17,Connect Tempe,Tempe,AZ,2026-09-28T20:15:01Z,2026-10-08T16:25:05Z,9.840324,907,924,0.018743109151047408,12.093097656562426,False,True,https://api.fususone.com/api/public/organizations/tempepd/stats/
fastest_absolute,19,cityofatlanta,totalOwnedCameras,previous,13,Connect Atlanta,Atlanta,GA,2026-09-28T20:10:59Z,2026-10-08T16:20:56Z,9.840243,2584,2597,0.005030959752321981,9.247739053419384,False,True,https://api.fususone.com/api/public/organizations/cityofatlanta/stats/
fastest_absolute,20,harrisoncso,totalOwnedCameras,previous,13,Connect Harrison County,Harrison County,MS,2026-09-28T20:12:14Z,2026-10-08T16:22:17Z,9.840312,77,90,0.16883116883116883,9.247673790847598,False,True,https://api.fususone.com/api/public/organizations/harrisoncso/stats/
fastest_absolute,21,cityofstarkville,totalOwnedCameras,previous,12,Connect Starkville,Starkville,MS,2026-09-28T20:11:10Z,2026-10-08T16:21:07Z,9.840243,586,598,0.020477815699658702,8.536374510848662,False,True,https://api.fususone.com/api/public/organizations/cityofstarkville/stats/
fastest_absolute,22,kentcountysd,totalOwnedCameras,previous,12,The Kent Safety Network,Kent County,MI,2026-09-28T20:12:36Z,2026-10-08T16:22:39Z,9.840312,753,765,0.01593625498007968,8.536314268474706,False,True,https://api.fususone.com/api/public/organizations/kentcountysd/stats/
fastest_absolute,23,okaloosacounty,totalOwnedCameras,previous,11,Connect Okaloosa County,Okaloosa County,FL,2026-09-28T20:13:44Z,2026-10-08T16:23:48Z,9.840324,186,197,0.05913978494623656,7.8249455424815695,False,True,https://api.fususone.com/api/public/organizations/okaloosacounty/stats/
fastest_absolute,24,carypd,totalOwnedCameras,previous,10,Connect Cary,Cary,NC,2026-09-28T20:10:48Z,2026-10-08T16:20:45Z,9.840243,841,851,0.011890606420927468,7.113645425707218,False,True,https://api.fususone.com/api/public/organizations/carypd/stats/
fastest_absolute,25,chicopee,totalOwnedCameras,previous,10,Connect Chicopee,Chicopee,MA,2026-09-28T20:10:56Z,2026-10-08T16:20:53Z,9.840243,512,522,0.01953125,7.113645425707218,False,True,https://api.fususone.com/api/public/organizations/chicopee/stats/
fastest_absolute,26,dearbornpdmi,totalOwnedCameras,previous,10,Connect Dearborn,Dearborn,MI,2026-09-28T20:11:35Z,2026-10-08T16:21:32Z,9.840243,524,534,0.019083969465648856,7.113645425707218,False,True,https://api.fususone.com/api/public/organizations/dearbornpdmi/stats/
fastest_absolute,27,lafayettepd,totalOwnedCameras,previous,9,Connect Lafayette,Lafayette,LA,2026-09-28T20:12:40Z,2026-10-08T16:22:43Z,9.840312,1580,1589,0.00569620253164557,6.402235701356029,False,True,https://api.fususone.com/api/public/organizations/lafayettepd/stats/
fastest_absolute,28,lakecountysheriff,totalOwnedCameras,previous,9,Connect Lake County,Lake County,FL,2026-09-28T20:12:44Z,2026-10-08T16:22:47Z,9.840312,96,105,0.09375,6.402235701356029,False,True,https://api.fususone.com/api/public/organizations/lakecountysheriff/stats/
fastest_absolute,29,lynchburgpd,totalOwnedCameras,previous,9,Hill City Connect,Lynchburg,VA,2026-09-28T20:12:58Z,2026-10-08T16:23:01Z,9.840312,740,749,0.012162162162162163,6.402235701356029,False,True,https://api.fususone.com/api/public/organizations/lynchburgpd/stats/
fastest_absolute,30,aacounty,totalOwnedCameras,previous,8,Connect Anne Arundel,Anne Arundel County,MD,2026-09-28T20:10:02Z,2026-10-08T16:19:56Z,9.840208,2372,2380,0.003372681281618887,5.690936421569665,False,True,https://api.fususone.com/api/public/organizations/aacounty/stats/
fastest_absolute,31,wakecounty,totalOwnedCameras,previous,8,Connect Wake County,Wake County,NC,2026-09-28T20:15:13Z,2026-10-08T16:25:18Z,9.840336,287,295,0.027874564459930314,5.690862791914891,False,True,https://api.fususone.com/api/public/organizations/wakecounty/stats/
fastest_absolute,32,claycountysheriff,totalOwnedCameras,previous,7,Connect Clay County,Clay County,FL,2026-09-28T20:11:12Z,2026-10-08T16:21:09Z,9.840243,3223,3230,0.0021718895439031957,4.979551797995053,False,True,https://api.fususone.com/api/public/organizations/claycountysheriff/stats/
fastest_absolute,33,dalycitypdca,totalOwnedCameras,previous,7,Connect Daly City,Daly City,CA,2026-09-28T20:11:30Z,2026-10-08T16:21:27Z,9.840243,46,53,0.15217391304347827,4.979551797995053,False,True,https://api.fususone.com/api/public/organizations/dalycitypdca/stats/
fastest_absolute,34,highpointncpd,totalOwnedCameras,previous,6,Link High Point,High Point,NC,2026-09-28T20:12:22Z,2026-10-08T16:22:25Z,9.840312,474,480,0.012658227848101266,4.268157134237353,False,True,https://api.fususone.com/api/public/organizations/highpointncpd/stats/
fastest_absolute,35,newportbeachpdca,totalOwnedCameras,previous,6,Connect Newport Beach,Newport Beach,CA,2026-09-28T20:13:29Z,2026-10-08T16:23:33Z,9.840324,176,182,0.03409090909090909,4.268152114080856,False,True,https://api.fususone.com/api/public/organizations/newportbeachpdca/stats/
fastest_absolute,36,sanbernardinopdca,totalOwnedCameras,previous,6,Connect San Bernardino,San Bernardino,CA,2026-09-28T20:14:27Z,2026-10-08T16:24:31Z,9.840324,552,558,0.010869565217391304,4.268152114080856,False,True,https://api.fususone.com/api/public/organizations/sanbernardinopdca/stats/
fastest_absolute,37,shawneecosheriff,totalOwnedCameras,previous,6,Connect Shawnee County and the City of Topeka,Shawnee County and the City of Topeka,KS,2026-09-28T20:14:42Z,2026-10-08T16:24:46Z,9.840324,642,648,0.009345794392523364,4.268152114080856,False,True,https://api.fususone.com/api/public/organizations/shawneecosheriff/stats/
fastest_absolute,38,volusiasheriff,totalOwnedCameras,previous,6,Connect Volusia,Volusia,FL,2026-09-28T20:15:12Z,2026-10-08T16:25:17Z,9.840336,577,583,0.010398613518197574,4.268147093936168,False,True,https://api.fususone.com/api/public/organizations/volusiasheriff/stats/
fastest_absolute,39,beaumonttx,totalOwnedCameras,previous,5,Connect Southeast Texas,Southeast Texas,TX,2026-09-28T20:10:25Z,2026-10-08T16:20:20Z,9.84022,1531,1536,0.0032658393207054214,3.556831079928722,False,True,https://api.fususone.com/api/public/organizations/beaumonttx/stats/
fastest_absolute,40,richmondva,totalOwnedCameras,previous,5,Connect Richmond,Richmond,VA,2026-09-28T20:14:17Z,2026-10-08T16:24:21Z,9.840324,484,489,0.010330578512396695,3.5567934284007134,False,True,https://api.fususone.com/api/public/organizations/richmondva/stats/
fastest_absolute,41,buncombesheriff,totalOwnedCameras,previous,4,Connect Buncombe County,Buncombe County,NC,2026-09-28T20:10:41Z,2026-10-08T16:20:38Z,9.840243,437,441,0.009153318077803204,2.845458170282887,False,True,https://api.fususone.com/api/public/organizations/buncombesheriff/stats/
fastest_absolute,42,fayettevillepd,totalOwnedCameras,previous,4,Connect Fayetteville,Fayetteville,NC,2026-09-28T20:11:54Z,2026-10-08T16:21:53Z,9.840266,452,456,0.008849557522123894,2.845451476654289,False,True,https://api.fususone.com/api/public/organizations/fayettevillepd/stats/
fastest_absolute,43,monmouthcounty,totalOwnedCameras,previous,4,Connect Monmouth County,Monmouth County,NJ,2026-09-28T20:13:17Z,2026-10-08T16:23:21Z,9.840324,1058,1062,0.003780718336483932,2.845434742720571,False,True,https://api.fususone.com/api/public/organizations/monmouthcounty/stats/
fastest_absolute,44,oakbrookpd,totalOwnedCameras,previous,4,Connect Oak Brook,Oak Brook,IL,2026-09-28T20:13:38Z,2026-10-08T16:23:42Z,9.840324,359,363,0.011142061281337047,2.845434742720571,False,True,https://api.fususone.com/api/public/organizations/oakbrookpd/stats/
fastest_absolute,45,orangecofl,totalOwnedCameras,previous,4,Connect Orange County,Orange County,FL,2026-09-28T20:13:47Z,2026-10-08T16:23:51Z,9.840324,857,861,0.004667444574095682,2.845434742720571,False,True,https://api.fususone.com/api/public/organizations/orangecofl/stats/
fastest_absolute,46,pbso,totalOwnedCameras,previous,4,Keep Palm Beach County Safe,Palm Beach County,FL,2026-09-28T20:13:53Z,2026-10-08T16:23:57Z,9.840324,1016,1020,0.003937007874015748,2.845434742720571,False,True,https://api.fususone.com/api/public/organizations/pbso/stats/
fastest_absolute,47,brooklynparkpdmn,totalOwnedCameras,previous,3,Brooklyn Park Community Cameras,Brooklyn Park,MN,2026-09-28T20:10:39Z,2026-10-08T16:20:35Z,9.840231,229,232,0.013100436681222707,2.134096137831747,False,True,https://api.fususone.com/api/public/organizations/brooklynparkpdmn/stats/
fastest_absolute,48,guilfordsheriff,totalOwnedCameras,previous,3,Connect Guilford County,Guilford County ,NC,2026-09-28T20:12:08Z,2026-10-08T16:22:11Z,9.840312,181,184,0.016574585635359115,2.1340785671186766,False,True,https://api.fususone.com/api/public/organizations/guilfordsheriff/stats/
fastest_absolute,49,littlerockpd,totalOwnedCameras,previous,3,Connect Little Rock,Little Rock,AR,2026-09-28T20:12:55Z,2026-10-08T16:22:58Z,9.840312,1794,1797,0.0016722408026755853,2.1340785671186766,False,True,https://api.fususone.com/api/public/organizations/littlerockpd/stats/
fastest_absolute,50,baycounty,totalOwnedCameras,previous,2,Connect Bay County,Bay County,FL,2026-09-28T20:10:24Z,2026-10-08T16:20:19Z,9.84022,1161,1163,0.0017226528854435831,1.422732431971489,False,True,https://api.fususone.com/api/public/organizations/baycounty/stats/
fastest_absolute,51,ciceropd,totalOwnedCameras,previous,2,Cicero SAFE (Shared Access For Enforcement),Cicero,IL,2026-09-28T20:10:57Z,2026-10-08T16:20:54Z,9.840243,549,551,0.0036429872495446266,1.4227290851414436,False,True,https://api.fususone.com/api/public/organizations/ciceropd/stats/
fastest_absolute,52,dentonpdtx,totalOwnedCameras,previous,2,Denton Connects,Denton,TX,2026-09-28T20:11:38Z,2026-10-08T16:21:35Z,9.840243,190,192,0.010526315789473684,1.4227290851414436,False,True,https://api.fususone.com/api/public/organizations/dentonpdtx/stats/
fastest_absolute,53,forestparkpd,totalOwnedCameras,previous,2,Connect Forest Park,Forest Park,GA,2026-09-28T20:11:57Z,2026-10-08T16:21:56Z,9.840266,240,242,0.008333333333333333,1.4227257383271446,False,True,https://api.fususone.com/api/public/organizations/forestparkpd/stats/
fastest_absolute,54,hcso,totalOwnedCameras,previous,2,Connect Hillsborough,Hillsborough County,FL,2026-09-28T20:12:17Z,2026-10-08T16:22:20Z,9.840312,1653,1655,0.0012099213551119178,1.4227190447457843,False,True,https://api.fususone.com/api/public/organizations/hcso/stats/
fastest_absolute,55,montrosepdco,totalOwnedCameras,previous,2,Connect Montrose,Montrose,CO,2026-09-28T20:13:21Z,2026-10-08T16:23:25Z,9.840324,169,171,0.011834319526627219,1.4227173713602854,False,True,https://api.fususone.com/api/public/organizations/montrosepdco/stats/
fastest_absolute,56,overlandparkpdks,totalOwnedCameras,previous,2,Secure OP,Overland Park,KS,2026-09-28T20:13:50Z,2026-10-08T16:23:54Z,9.840324,553,555,0.003616636528028933,1.4227173713602854,False,True,https://api.fususone.com/api/public/organizations/overlandparkpdks/stats/
fastest_absolute,57,rogerspdar,totalOwnedCameras,previous,2,Connect Rogers,Rogers,AR,2026-09-28T20:14:22Z,2026-10-08T16:24:26Z,9.840324,263,265,0.0076045627376425855,1.4227173713602854,False,True,https://api.fususone.com/api/public/organizations/rogerspdar/stats/
fastest_absolute,58,auroragov,totalOwnedCameras,previous,1,Connect Aurora,Aurora,CO,2026-09-28T20:10:21Z,2026-10-08T16:20:16Z,9.84022,935,936,0.0010695187165775401,0.7113662159857445,False,True,https://api.fususone.com/api/public/organizations/auroragov/stats/
fastest_absolute,59,delraybeach,totalOwnedCameras,previous,1,Connect Delray Beach,Delray Beach,FL,2026-09-28T20:11:37Z,2026-10-08T16:21:34Z,9.840243,297,298,0.003367003367003367,0.7113645425707218,False,True,https://api.fususone.com/api/public/organizations/delraybeach/stats/
fastest_absolute,60,hammondpd,totalOwnedCameras,previous,1,Hammond BlueNET,Hammond,IN,2026-09-28T20:12:11Z,2026-10-08T16:22:14Z,9.840312,1193,1194,0.0008382229673093043,0.7113595223728921,False,True,https://api.fususone.com/api/public/organizations/hammondpd/stats/
fastest_absolute,61,losgatospdca,totalOwnedCameras,previous,1,Community Protecht,Los Gatos,CA,2026-09-28T20:12:56Z,2026-10-08T16:22:59Z,9.840312,38,39,0.02631578947368421,0.7113595223728921,False,True,https://api.fususone.com/api/public/organizations/losgatospdca/stats/
fastest_absolute,62,miamibeachpdfl,totalOwnedCameras,previous,1,Connect Miami Beach,Miami Beach,FL,2026-09-28T20:13:10Z,2026-10-08T16:23:14Z,9.840324,527,528,0.0018975332068311196,0.7113586856801427,False,True,https://api.fususone.com/api/public/organizations/miamibeachpdfl/stats/
fastest_absolute,63,newcastlede,totalOwnedCameras,previous,1,Connect New Castle County,New Castle County,DE,2026-09-28T20:13:26Z,2026-10-08T16:23:30Z,9.840324,153,154,0.006535947712418301,0.7113586856801427,False,True,https://api.fususone.com/api/public/organizations/newcastlede/stats/
fastest_absolute,64,renopd,totalOwnedCameras,previous,1,Connect Reno,Reno,NV,2026-09-28T20:14:12Z,2026-10-08T16:24:16Z,9.840324,541,542,0.0018484288354898336,0.7113586856801427,False,True,https://api.fususone.com/api/public/organizations/renopd/stats/
fastest_absolute,65,sandyspringspd,totalOwnedCameras,previous,1,Connect Sandy Springs,Sandy Springs,GA,2026-09-28T20:14:28Z,2026-10-08T16:24:32Z,9.840324,300,301,0.0033333333333333335,0.7113586856801427,False,True,https://api.fususone.com/api/public/organizations/sandyspringspd/stats/
fastest_weekly_rate,1,cobbcountypd,totalOwnedCameras,previous,120,Connect Cobb ,Cobb County,GA,2026-09-28T20:11:18Z,2026-10-08T16:21:15Z,9.840243,1396,1516,0.08595988538681948,85.36374510848663,False,True,https://api.fususone.com/api/public/organizations/cobbcountypd/stats/
fastest_weekly_rate,2,seatpleasantmd,totalOwnedCameras,previous,88,Connect Seat Pleasant,Seat Pleasant,MD,2026-09-28T20:14:39Z,2026-10-08T16:24:43Z,9.840324,105,193,0.8380952380952381,62.599564339852556,False,True,https://api.fususone.com/api/public/organizations/seatpleasantmd/stats/
fastest_weekly_rate,3,dothanpd,totalOwnedCameras,previous,59,Connect Dothan,Dothan,AL,2026-09-28T20:11:39Z,2026-10-08T16:21:36Z,9.840243,180,239,0.3277777777777778,41.970508011672585,False,True,https://api.fususone.com/api/public/organizations/dothanpd/stats/
fastest_weekly_rate,4,jacksonvillesheriff,totalOwnedCameras,previous,56,ConnectDuval,Duval County,FL,2026-09-28T20:12:31Z,2026-10-08T16:22:34Z,9.840312,2647,2703,0.021156025689459765,39.83613325288196,False,True,https://api.fususone.com/api/public/organizations/jacksonvillesheriff/stats/
fastest_weekly_rate,5,memphispd,totalOwnedCameras,previous,54,Connect Memphis,Memphis,TN,2026-09-28T20:13:07Z,2026-10-08T16:23:10Z,9.840312,2272,2326,0.023767605633802816,38.413414208136174,False,True,https://api.fususone.com/api/public/organizations/memphispd/stats/
fastest_weekly_rate,6,cityofws,totalOwnedCameras,previous,53,Connect Winston-Salem,the City of Winston-Salem,NC,2026-09-28T20:11:11Z,2026-10-08T16:21:08Z,9.840243,1756,1809,0.03018223234624146,37.702320756248255,False,True,https://api.fususone.com/api/public/organizations/cityofws/stats/
fastest_weekly_rate,7,mcpdmd,totalOwnedCameras,previous,51,MoCoConnect,Montgomery County,MD,2026-09-28T20:13:04Z,2026-10-08T16:23:07Z,9.840312,1200,1251,0.0425,36.2793356410175,False,True,https://api.fususone.com/api/public/organizations/mcpdmd/stats/
fastest_weekly_rate,8,norfolkpd,totalOwnedCameras,previous,45,Connect Norfolk,Norfolk,VA,2026-09-28T20:13:32Z,2026-10-08T16:23:36Z,9.840324,2035,2080,0.022113022113022112,32.01114085560642,False,True,https://api.fususone.com/api/public/organizations/norfolkpd/stats/
fastest_weekly_rate,9,newportnewspd,totalOwnedCameras,previous,42,Connect Newport News,Newport News,VA,2026-09-28T20:13:30Z,2026-10-08T16:23:34Z,9.840324,892,934,0.04708520179372197,29.877064798565993,False,True,https://api.fususone.com/api/public/organizations/newportnewspd/stats/
fastest_weekly_rate,10,dallaspd,totalOwnedCameras,previous,35,Connect Dallas,Dallas,TX,2026-09-28T20:11:29Z,2026-10-08T16:21:26Z,9.840243,1136,1171,0.030809859154929578,24.897758989975262,False,True,https://api.fususone.com/api/public/organizations/dallaspd/stats/
fastest_weekly_rate,11,fairfaxcopd,totalOwnedCameras,previous,35,Connect Fairfax County,Fairfax County,VA,2026-09-28T20:11:52Z,2026-10-08T16:21:51Z,9.840266,724,759,0.04834254143646409,24.89770042072503,False,True,https://api.fususone.com/api/public/organizations/fairfaxcopd/stats/
fastest_weekly_rate,12,nypd,totalOwnedCameras,previous,35,Connect NYPD,New York City,NY,2026-09-28T20:13:37Z,2026-10-08T16:23:41Z,9.840324,2150,2185,0.01627906976744186,24.897553998804995,False,True,https://api.fususone.com/api/public/organizations/nypd/stats/
fastest_weekly_rate,13,charlottemecklenburg,totalOwnedCameras,previous,34,Connect Charlotte,Charlotte,NC,2026-09-28T20:10:51Z,2026-10-08T16:20:48Z,9.840243,1584,1618,0.021464646464646464,24.186394447404542,False,True,https://api.fususone.com/api/public/organizations/charlottemecklenburg/stats/
fastest_weekly_rate,14,stjohnscountyso,totalOwnedCameras,previous,33,Connect St. Johns,St. Johns County,FL,2026-09-28T20:14:56Z,2026-10-08T16:25:00Z,9.840324,1117,1150,0.02954341987466428,23.47483662744471,False,True,https://api.fususone.com/api/public/organizations/stjohnscountyso/stats/
fastest_weekly_rate,15,greensboropd,totalOwnedCameras,previous,24,Connect Greensboro,Greensboro,NC,2026-09-28T20:12:06Z,2026-10-08T16:22:09Z,9.840312,741,765,0.032388663967611336,17.072628536949413,False,True,https://api.fususone.com/api/public/organizations/greensboropd/stats/
fastest_weekly_rate,16,monroecoso,totalOwnedCameras,previous,24,Connect Monroe County,Monroe County,NY,2026-09-28T20:13:18Z,2026-10-08T16:23:22Z,9.840324,868,892,0.027649769585253458,17.072608456323422,False,True,https://api.fususone.com/api/public/organizations/monroecoso/stats/
fastest_weekly_rate,17,cityofshreveport,totalOwnedCameras,previous,19,Connect Shreveport,Shreveport,LA,2026-09-28T20:11:09Z,2026-10-08T16:21:06Z,9.840243,2329,2348,0.008158007728638901,13.515926308843715,False,True,https://api.fususone.com/api/public/organizations/cityofshreveport/stats/
fastest_weekly_rate,18,tempepd,totalOwnedCameras,previous,17,Connect Tempe,Tempe,AZ,2026-09-28T20:15:01Z,2026-10-08T16:25:05Z,9.840324,907,924,0.018743109151047408,12.093097656562426,False,True,https://api.fususone.com/api/public/organizations/tempepd/stats/
fastest_weekly_rate,19,cityofatlanta,totalOwnedCameras,previous,13,Connect Atlanta,Atlanta,GA,2026-09-28T20:10:59Z,2026-10-08T16:20:56Z,9.840243,2584,2597,0.005030959752321981,9.247739053419384,False,True,https://api.fususone.com/api/public/organizations/cityofatlanta/stats/
fastest_weekly_rate,20,harrisoncso,totalOwnedCameras,previous,13,Connect Harrison County,Harrison County,MS,2026-09-28T20:12:14Z,2026-10-08T16:22:17Z,9.840312,77,90,0.16883116883116883,9.247673790847598,False,True,https://api.fususone.com/api/public/organizations/harrisoncso/stats/
fastest_weekly_rate,21,cityofstarkville,totalOwnedCameras,previous,12,Connect Starkville,Starkville,MS,2026-09-28T20:11:10Z,2026-10-08T16:21:07Z,9.840243,586,598,0.020477815699658702,8.536374510848662,False,True,https://api.fususone.com/api/public/organizations/cityofstarkville/stats/
fastest_weekly_rate,22,kentcountysd,totalOwnedCameras,previous,12,The Kent Safety Network,Kent County,MI,2026-09-28T20:12:36Z,2026-10-08T16:22:39Z,9.840312,753,765,0.01593625498007968,8.536314268474706,False,True,https://api.fususone.com/api/public/organizations/kentcountysd/stats/
fastest_weekly_rate,23,okaloosacounty,totalOwnedCameras,previous,11,Connect Okaloosa County,Okaloosa County,FL,2026-09-28T20:13:44Z,2026-10-08T16:23:48Z,9.840324,186,197,0.05913978494623656,7.8249455424815695,False,True,https://api.fususone.com/api/public/organizations/okaloosacounty/stats/
fastest_weekly_rate,24,carypd,totalOwnedCameras,previous,10,Connect Cary,Cary,NC,2026-09-28T20:10:48Z,2026-10-08T16:20:45Z,9.840243,841,851,0.011890606420927468,7.113645425707218,False,True,https://api.fususone.com/api/public/organizations/carypd/stats/
fastest_weekly_rate,25,chicopee,totalOwnedCameras,previous,10,Connect Chicopee,Chicopee,MA,2026-09-28T20:10:56Z,2026-10-08T16:20:53Z,9.840243,512,522,0.01953125,7.113645425707218,False,True,https://api.fususone.com/api/public/organizations/chicopee/stats/
fastest_weekly_rate,26,dearbornpdmi,totalOwnedCameras,previous,10,Connect Dearborn,Dearborn,MI,2026-09-28T20:11:35Z,2026-10-08T16:21:32Z,9.840243,524,534,0.019083969465648856,7.113645425707218,False,True,https://api.fususone.com/api/public/organizations/dearbornpdmi/stats/
fastest_weekly_rate,27,lafayettepd,totalOwnedCameras,previous,9,Connect Lafayette,Lafayette,LA,2026-09-28T20:12:40Z,2026-10-08T16:22:43Z,9.840312,1580,1589,0.00569620253164557,6.402235701356029,False,True,https://api.fususone.com/api/public/organizations/lafayettepd/stats/
fastest_weekly_rate,28,lakecountysheriff,totalOwnedCameras,previous,9,Connect Lake County,Lake County,FL,2026-09-28T20:12:44Z,2026-10-08T16:22:47Z,9.840312,96,105,0.09375,6.402235701356029,False,True,https://api.fususone.com/api/public/organizations/lakecountysheriff/stats/
fastest_weekly_rate,29,lynchburgpd,totalOwnedCameras,previous,9,Hill City Connect,Lynchburg,VA,2026-09-28T20:12:58Z,2026-10-08T16:23:01Z,9.840312,740,749,0.012162162162162163,6.402235701356029,False,True,https://api.fususone.com/api/public/organizations/lynchburgpd/stats/
fastest_weekly_rate,30,aacounty,totalOwnedCameras,previous,8,Connect Anne Arundel,Anne Arundel County,MD,2026-09-28T20:10:02Z,2026-10-08T16:19:56Z,9.840208,2372,2380,0.003372681281618887,5.690936421569665,False,True,https://api.fususone.com/api/public/organizations/aacounty/stats/
fastest_weekly_rate,31,wakecounty,totalOwnedCameras,previous,8,Connect Wake County,Wake County,NC,2026-09-28T20:15:13Z,2026-10-08T16:25:18Z,9.840336,287,295,0.027874564459930314,5.690862791914891,False,True,https://api.fususone.com/api/public/organizations/wakecounty/stats/
fastest_weekly_rate,32,claycountysheriff,totalOwnedCameras,previous,7,Connect Clay County,Clay County,FL,2026-09-28T20:11:12Z,2026-10-08T16:21:09Z,9.840243,3223,3230,0.0021718895439031957,4.979551797995053,False,True,https://api.fususone.com/api/public/organizations/claycountysheriff/stats/
fastest_weekly_rate,33,dalycitypdca,totalOwnedCameras,previous,7,Connect Daly City,Daly City,CA,2026-09-28T20:11:30Z,2026-10-08T16:21:27Z,9.840243,46,53,0.15217391304347827,4.979551797995053,False,True,https://api.fususone.com/api/public/organizations/dalycitypdca/stats/
fastest_weekly_rate,34,highpointncpd,totalOwnedCameras,previous,6,Link High Point,High Point,NC,2026-09-28T20:12:22Z,2026-10-08T16:22:25Z,9.840312,474,480,0.012658227848101266,4.268157134237353,False,True,https://api.fususone.com/api/public/organizations/highpointncpd/stats/
fastest_weekly_rate,35,newportbeachpdca,totalOwnedCameras,previous,6,Connect Newport Beach,Newport Beach,CA,2026-09-28T20:13:29Z,2026-10-08T16:23:33Z,9.840324,176,182,0.03409090909090909,4.268152114080856,False,True,https://api.fususone.com/api/public/organizations/newportbeachpdca/stats/
fastest_weekly_rate,36,sanbernardinopdca,totalOwnedCameras,previous,6,Connect San Bernardino,San Bernardino,CA,2026-09-28T20:14:27Z,2026-10-08T16:24:31Z,9.840324,552,558,0.010869565217391304,4.268152114080856,False,True,https://api.fususone.com/api/public/organizations/sanbernardinopdca/stats/
fastest_weekly_rate,37,shawneecosheriff,totalOwnedCameras,previous,6,Connect Shawnee County and the City of Topeka,Shawnee County and the City of Topeka,KS,2026-09-28T20:14:42Z,2026-10-08T16:24:46Z,9.840324,642,648,0.009345794392523364,4.268152114080856,False,True,https://api.fususone.com/api/public/organizations/shawneecosheriff/stats/
fastest_weekly_rate,38,volusiasheriff,totalOwnedCameras,previous,6,Connect Volusia,Volusia,FL,2026-09-28T20:15:12Z,2026-10-08T16:25:17Z,9.840336,577,583,0.010398613518197574,4.268147093936168,False,True,https://api.fususone.com/api/public/organizations/volusiasheriff/stats/
fastest_weekly_rate,39,beaumonttx,totalOwnedCameras,previous,5,Connect Southeast Texas,Southeast Texas,TX,2026-09-28T20:10:25Z,2026-10-08T16:20:20Z,9.84022,1531,1536,0.0032658393207054214,3.556831079928722,False,True,https://api.fususone.com/api/public/organizations/beaumonttx/stats/
fastest_weekly_rate,40,richmondva,totalOwnedCameras,previous,5,Connect Richmond,Richmond,VA,2026-09-28T20:14:17Z,2026-10-08T16:24:21Z,9.840324,484,489,0.010330578512396695,3.5567934284007134,False,True,https://api.fususone.com/api/public/organizations/richmondva/stats/
fastest_weekly_rate,41,buncombesheriff,totalOwnedCameras,previous,4,Connect Buncombe County,Buncombe County,NC,2026-09-28T20:10:41Z,2026-10-08T16:20:38Z,9.840243,437,441,0.009153318077803204,2.845458170282887,False,True,https://api.fususone.com/api/public/organizations/buncombesheriff/stats/
fastest_weekly_rate,42,fayettevillepd,totalOwnedCameras,previous,4,Connect Fayetteville,Fayetteville,NC,2026-09-28T20:11:54Z,2026-10-08T16:21:53Z,9.840266,452,456,0.008849557522123894,2.845451476654289,False,True,https://api.fususone.com/api/public/organizations/fayettevillepd/stats/
fastest_weekly_rate,43,monmouthcounty,totalOwnedCameras,previous,4,Connect Monmouth County,Monmouth County,NJ,2026-09-28T20:13:17Z,2026-10-08T16:23:21Z,9.840324,1058,1062,0.003780718336483932,2.845434742720571,False,True,https://api.fususone.com/api/public/organizations/monmouthcounty/stats/
fastest_weekly_rate,44,oakbrookpd,totalOwnedCameras,previous,4,Connect Oak Brook,Oak Brook,IL,2026-09-28T20:13:38Z,2026-10-08T16:23:42Z,9.840324,359,363,0.011142061281337047,2.845434742720571,False,True,https://api.fususone.com/api/public/organizations/oakbrookpd/stats/
fastest_weekly_rate,45,orangecofl,totalOwnedCameras,previous,4,Connect Orange County,Orange County,FL,2026-09-28T20:13:47Z,2026-10-08T16:23:51Z,9.840324,857,861,0.004667444574095682,2.845434742720571,False,True,https://api.fususone.com/api/public/organizations/orangecofl/stats/
fastest_weekly_rate,46,pbso,totalOwnedCameras,previous,4,Keep Palm Beach County Safe,Palm Beach County,FL,2026-09-28T20:13:53Z,2026-10-08T16:23:57Z,9.840324,1016,1020,0.003937007874015748,2.845434742720571,False,True,https://api.fususone.com/api/public/organizations/pbso/stats/
fastest_weekly_rate,47,brooklynparkpdmn,totalOwnedCameras,previous,3,Brooklyn Park Community Cameras,Brooklyn Park,MN,2026-09-28T20:10:39Z,2026-10-08T16:20:35Z,9.840231,229,232,0.013100436681222707,2.134096137831747,False,True,https://api.fususone.com/api/public/organizations/brooklynparkpdmn/stats/
fastest_weekly_rate,48,guilfordsheriff,totalOwnedCameras,previous,3,Connect Guilford County,Guilford County ,NC,2026-09-28T20:12:08Z,2026-10-08T16:22:11Z,9.840312,181,184,0.016574585635359115,2.1340785671186766,False,True,https://api.fususone.com/api/public/organizations/guilfordsheriff/stats/
fastest_weekly_rate,49,littlerockpd,totalOwnedCameras,previous,3,Connect Little Rock,Little Rock,AR,2026-09-28T20:12:55Z,2026-10-08T16:22:58Z,9.840312,1794,1797,0.0016722408026755853,2.1340785671186766,False,True,https://api.fususone.com/api/public/organizations/littlerockpd/stats/
fastest_weekly_rate,50,baycounty,totalOwnedCameras,previous,2,Connect Bay County,Bay County,FL,2026-09-28T20:10:24Z,2026-10-08T16:20:19Z,9.84022,1161,1163,0.0017226528854435831,1.422732431971489,False,True,https://api.fususone.com/api/public/organizations/baycounty/stats/
fastest_weekly_rate,51,ciceropd,totalOwnedCameras,previous,2,Cicero SAFE (Shared Access For Enforcement),Cicero,IL,2026-09-28T20:10:57Z,2026-10-08T16:20:54Z,9.840243,549,551,0.0036429872495446266,1.4227290851414436,False,True,https://api.fususone.com/api/public/organizations/ciceropd/stats/
fastest_weekly_rate,52,dentonpdtx,totalOwnedCameras,previous,2,Denton Connects,Denton,TX,2026-09-28T20:11:38Z,2026-10-08T16:21:35Z,9.840243,190,192,0.010526315789473684,1.4227290851414436,False,True,https://api.fususone.com/api/public/organizations/dentonpdtx/stats/
fastest_weekly_rate,53,forestparkpd,totalOwnedCameras,previous,2,Connect Forest Park,Forest Park,GA,2026-09-28T20:11:57Z,2026-10-08T16:21:56Z,9.840266,240,242,0.008333333333333333,1.4227257383271446,False,True,https://api.fususone.com/api/public/organizations/forestparkpd/stats/
fastest_weekly_rate,54,hcso,totalOwnedCameras,previous,2,Connect Hillsborough,Hillsborough County,FL,2026-09-28T20:12:17Z,2026-10-08T16:22:20Z,9.840312,1653,1655,0.0012099213551119178,1.4227190447457843,False,True,https://api.fususone.com/api/public/organizations/hcso/stats/
fastest_weekly_rate,55,montrosepdco,totalOwnedCameras,previous,2,Connect Montrose,Montrose,CO,2026-09-28T20:13:21Z,2026-10-08T16:23:25Z,9.840324,169,171,0.011834319526627219,1.4227173713602854,False,True,https://api.fususone.com/api/public/organizations/montrosepdco/stats/
fastest_weekly_rate,56,overlandparkpdks,totalOwnedCameras,previous,2,Secure OP,Overland Park,KS,2026-09-28T20:13:50Z,2026-10-08T16:23:54Z,9.840324,553,555,0.003616636528028933,1.4227173713602854,False,True,https://api.fususone.com/api/public/organizations/overlandparkpdks/stats/
fastest_weekly_rate,57,rogerspdar,totalOwnedCameras,previous,2,Connect Rogers,Rogers,AR,2026-09-28T20:14:22Z,2026-10-08T16:24:26Z,9.840324,263,265,0.0076045627376425855,1.4227173713602854,False,True,https://api.fususone.com/api/public/organizations/rogerspdar/stats/
fastest_weekly_rate,58,auroragov,totalOwnedCameras,previous,1,Connect Aurora,Aurora,CO,2026-09-28T20:10:21Z,2026-10-08T16:20:16Z,9.84022,935,936,0.0010695187165775401,0.7113662159857445,False,True,https://api.fususone.com/api/public/organizations/auroragov/stats/
fastest_weekly_rate,59,delraybeach,totalOwnedCameras,previous,1,Connect Delray Beach,Delray Beach,FL,2026-09-28T20:11:37Z,2026-10-08T16:21:34Z,9.840243,297,298,0.003367003367003367,0.7113645425707218,False,True,https://api.fususone.com/api/public/organizations/delraybeach/stats/
fastest_weekly_rate,60,hammondpd,totalOwnedCameras,previous,1,Hammond BlueNET,Hammond,IN,2026-09-28T20:12:11Z,2026-10-08T16:22:14Z,9.840312,1193,1194,0.0008382229673093043,0.7113595223728921,False,True,https://api.fususone.com/api/public/organizations/hammondpd/stats/
fastest_weekly_rate,61,losgatospdca,totalOwnedCameras,previous,1,Community Protecht,Los Gatos,CA,2026-09-28T20:12:56Z,2026-10-08T16:22:59Z,9.840312,38,39,0.02631578947368421,0.7113595223728921,False,True,https://api.fususone.com/api/public/organizations/losgatospdca/stats/
fastest_weekly_rate,62,miamibeachpdfl,totalOwnedCameras,previous,1,Connect Miami Beach,Miami Beach,FL,2026-09-28T20:13:10Z,2026-10-08T16:23:14Z,9.840324,527,528,0.0018975332068311196,0.7113586856801427,False,True,https://api.fususone.com/api/public/organizations/miamibeachpdfl/stats/
fastest_weekly_rate,63,newcastlede,totalOwnedCameras,previous,1,Connect New Castle County,New Castle County,DE,2026-09-28T20:13:26Z,2026-10-08T16:23:30Z,9.840324,153,154,0.006535947712418301,0.7113586856801427,False,True,https://api.fususone.com/api/public/organizations/newcastlede/stats/
fastest_weekly_rate,64,renopd,totalOwnedCameras,previous,1,Connect Reno,Reno,NV,2026-09-28T20:14:12Z,2026-10-08T16:24:16Z,9.840324,541,542,0.0018484288354898336,0.7113586856801427,False,True,https://api.fususone.com/api/public/organizations/renopd/stats/
fastest_weekly_rate,65,sandyspringspd,totalOwnedCameras,previous,1,Connect Sandy Springs,Sandy Springs,GA,2026-09-28T20:14:28Z,2026-10-08T16:24:32Z,9.840324,300,301,0.0033333333333333335,0.7113586856801427,False,True,https://api.fususone.com/api/public/organizations/sandyspringspd/stats/
fastest_percentage,1,seatpleasantmd,totalOwnedCameras,previous,88,Connect Seat Pleasant,Seat Pleasant,MD,2026-09-28T20:14:39Z,2026-10-08T16:24:43Z,9.840324,105,193,0.8380952380952381,62.599564339852556,False,True,https://api.fususone.com/api/public/organizations/seatpleasantmd/stats/
fastest_percentage,2,dothanpd,totalOwnedCameras,previous,59,Connect Dothan,Dothan,AL,2026-09-28T20:11:39Z,2026-10-08T16:21:36Z,9.840243,180,239,0.3277777777777778,41.970508011672585,False,True,https://api.fususone.com/api/public/organizations/dothanpd/stats/
fastest_percentage,3,harrisoncso,totalOwnedCameras,previous,13,Connect Harrison County,Harrison County,MS,2026-09-28T20:12:14Z,2026-10-08T16:22:17Z,9.840312,77,90,0.16883116883116883,9.247673790847598,False,True,https://api.fususone.com/api/public/organizations/harrisoncso/stats/
fastest_percentage,4,dalycitypdca,totalOwnedCameras,previous,7,Connect Daly City,Daly City,CA,2026-09-28T20:11:30Z,2026-10-08T16:21:27Z,9.840243,46,53,0.15217391304347827,4.979551797995053,False,True,https://api.fususone.com/api/public/organizations/dalycitypdca/stats/
fastest_percentage,5,lakecountysheriff,totalOwnedCameras,previous,9,Connect Lake County,Lake County,FL,2026-09-28T20:12:44Z,2026-10-08T16:22:47Z,9.840312,96,105,0.09375,6.402235701356029,False,True,https://api.fususone.com/api/public/organizations/lakecountysheriff/stats/
fastest_percentage,6,cobbcountypd,totalOwnedCameras,previous,120,Connect Cobb ,Cobb County,GA,2026-09-28T20:11:18Z,2026-10-08T16:21:15Z,9.840243,1396,1516,0.08595988538681948,85.36374510848663,False,True,https://api.fususone.com/api/public/organizations/cobbcountypd/stats/
fastest_percentage,7,okaloosacounty,totalOwnedCameras,previous,11,Connect Okaloosa County,Okaloosa County,FL,2026-09-28T20:13:44Z,2026-10-08T16:23:48Z,9.840324,186,197,0.05913978494623656,7.8249455424815695,False,True,https://api.fususone.com/api/public/organizations/okaloosacounty/stats/
fastest_percentage,8,fairfaxcopd,totalOwnedCameras,previous,35,Connect Fairfax County,Fairfax County,VA,2026-09-28T20:11:52Z,2026-10-08T16:21:51Z,9.840266,724,759,0.04834254143646409,24.89770042072503,False,True,https://api.fususone.com/api/public/organizations/fairfaxcopd/stats/
fastest_percentage,9,newportnewspd,totalOwnedCameras,previous,42,Connect Newport News,Newport News,VA,2026-09-28T20:13:30Z,2026-10-08T16:23:34Z,9.840324,892,934,0.04708520179372197,29.877064798565993,False,True,https://api.fususone.com/api/public/organizations/newportnewspd/stats/
fastest_percentage,10,mcpdmd,totalOwnedCameras,previous,51,MoCoConnect,Montgomery County,MD,2026-09-28T20:13:04Z,2026-10-08T16:23:07Z,9.840312,1200,1251,0.0425,36.2793356410175,False,True,https://api.fususone.com/api/public/organizations/mcpdmd/stats/
fastest_percentage,11,newportbeachpdca,totalOwnedCameras,previous,6,Connect Newport Beach,Newport Beach,CA,2026-09-28T20:13:29Z,2026-10-08T16:23:33Z,9.840324,176,182,0.03409090909090909,4.268152114080856,False,True,https://api.fususone.com/api/public/organizations/newportbeachpdca/stats/
fastest_percentage,12,greensboropd,totalOwnedCameras,previous,24,Connect Greensboro,Greensboro,NC,2026-09-28T20:12:06Z,2026-10-08T16:22:09Z,9.840312,741,765,0.032388663967611336,17.072628536949413,False,True,https://api.fususone.com/api/public/organizations/greensboropd/stats/
fastest_percentage,13,dallaspd,totalOwnedCameras,previous,35,Connect Dallas,Dallas,TX,2026-09-28T20:11:29Z,2026-10-08T16:21:26Z,9.840243,1136,1171,0.030809859154929578,24.897758989975262,False,True,https://api.fususone.com/api/public/organizations/dallaspd/stats/
fastest_percentage,14,cityofws,totalOwnedCameras,previous,53,Connect Winston-Salem,the City of Winston-Salem,NC,2026-09-28T20:11:11Z,2026-10-08T16:21:08Z,9.840243,1756,1809,0.03018223234624146,37.702320756248255,False,True,https://api.fususone.com/api/public/organizations/cityofws/stats/
fastest_percentage,15,stjohnscountyso,totalOwnedCameras,previous,33,Connect St. Johns,St. Johns County,FL,2026-09-28T20:14:56Z,2026-10-08T16:25:00Z,9.840324,1117,1150,0.02954341987466428,23.47483662744471,False,True,https://api.fususone.com/api/public/organizations/stjohnscountyso/stats/
fastest_percentage,16,wakecounty,totalOwnedCameras,previous,8,Connect Wake County,Wake County,NC,2026-09-28T20:15:13Z,2026-10-08T16:25:18Z,9.840336,287,295,0.027874564459930314,5.690862791914891,False,True,https://api.fususone.com/api/public/organizations/wakecounty/stats/
fastest_percentage,17,monroecoso,totalOwnedCameras,previous,24,Connect Monroe County,Monroe County,NY,2026-09-28T20:13:18Z,2026-10-08T16:23:22Z,9.840324,868,892,0.027649769585253458,17.072608456323422,False,True,https://api.fususone.com/api/public/organizations/monroecoso/stats/
fastest_percentage,18,losgatospdca,totalOwnedCameras,previous,1,Community Protecht,Los Gatos,CA,2026-09-28T20:12:56Z,2026-10-08T16:22:59Z,9.840312,38,39,0.02631578947368421,0.7113595223728921,False,True,https://api.fususone.com/api/public/organizations/losgatospdca/stats/
fastest_percentage,19,memphispd,totalOwnedCameras,previous,54,Connect Memphis,Memphis,TN,2026-09-28T20:13:07Z,2026-10-08T16:23:10Z,9.840312,2272,2326,0.023767605633802816,38.413414208136174,False,True,https://api.fususone.com/api/public/organizations/memphispd/stats/
fastest_percentage,20,norfolkpd,totalOwnedCameras,previous,45,Connect Norfolk,Norfolk,VA,2026-09-28T20:13:32Z,2026-10-08T16:23:36Z,9.840324,2035,2080,0.022113022113022112,32.01114085560642,False,True,https://api.fususone.com/api/public/organizations/norfolkpd/stats/
fastest_percentage,21,charlottemecklenburg,totalOwnedCameras,previous,34,Connect Charlotte,Charlotte,NC,2026-09-28T20:10:51Z,2026-10-08T16:20:48Z,9.840243,1584,1618,0.021464646464646464,24.186394447404542,False,True,https://api.fususone.com/api/public/organizations/charlottemecklenburg/stats/
fastest_percentage,22,jacksonvillesheriff,totalOwnedCameras,previous,56,ConnectDuval,Duval County,FL,2026-09-28T20:12:31Z,2026-10-08T16:22:34Z,9.840312,2647,2703,0.021156025689459765,39.83613325288196,False,True,https://api.fususone.com/api/public/organizations/jacksonvillesheriff/stats/
fastest_percentage,23,cityofstarkville,totalOwnedCameras,previous,12,Connect Starkville,Starkville,MS,2026-09-28T20:11:10Z,2026-10-08T16:21:07Z,9.840243,586,598,0.020477815699658702,8.536374510848662,False,True,https://api.fususone.com/api/public/organizations/cityofstarkville/stats/
fastest_percentage,24,chicopee,totalOwnedCameras,previous,10,Connect Chicopee,Chicopee,MA,2026-09-28T20:10:56Z,2026-10-08T16:20:53Z,9.840243,512,522,0.01953125,7.113645425707218,False,True,https://api.fususone.com/api/public/organizations/chicopee/stats/
fastest_percentage,25,dearbornpdmi,totalOwnedCameras,previous,10,Connect Dearborn,Dearborn,MI,2026-09-28T20:11:35Z,2026-10-08T16:21:32Z,9.840243,524,534,0.019083969465648856,7.113645425707218,False,True,https://api.fususone.com/api/public/organizations/dearbornpdmi/stats/
fastest_percentage,26,tempepd,totalOwnedCameras,previous,17,Connect Tempe,Tempe,AZ,2026-09-28T20:15:01Z,2026-10-08T16:25:05Z,9.840324,907,924,0.018743109151047408,12.093097656562426,False,True,https://api.fususone.com/api/public/organizations/tempepd/stats/
fastest_percentage,27,guilfordsheriff,totalOwnedCameras,previous,3,Connect Guilford County,Guilford County ,NC,2026-09-28T20:12:08Z,2026-10-08T16:22:11Z,9.840312,181,184,0.016574585635359115,2.1340785671186766,False,True,https://api.fususone.com/api/public/organizations/guilfordsheriff/stats/
fastest_percentage,28,nypd,totalOwnedCameras,previous,35,Connect NYPD,New York City,NY,2026-09-28T20:13:37Z,2026-10-08T16:23:41Z,9.840324,2150,2185,0.01627906976744186,24.897553998804995,False,True,https://api.fususone.com/api/public/organizations/nypd/stats/
fastest_percentage,29,kentcountysd,totalOwnedCameras,previous,12,The Kent Safety Network,Kent County,MI,2026-09-28T20:12:36Z,2026-10-08T16:22:39Z,9.840312,753,765,0.01593625498007968,8.536314268474706,False,True,https://api.fususone.com/api/public/organizations/kentcountysd/stats/
fastest_percentage,30,brooklynparkpdmn,totalOwnedCameras,previous,3,Brooklyn Park Community Cameras,Brooklyn Park,MN,2026-09-28T20:10:39Z,2026-10-08T16:20:35Z,9.840231,229,232,0.013100436681222707,2.134096137831747,False,True,https://api.fususone.com/api/public/organizations/brooklynparkpdmn/stats/
fastest_percentage,31,highpointncpd,totalOwnedCameras,previous,6,Link High Point,High Point,NC,2026-09-28T20:12:22Z,2026-10-08T16:22:25Z,9.840312,474,480,0.012658227848101266,4.268157134237353,False,True,https://api.fususone.com/api/public/organizations/highpointncpd/stats/
fastest_percentage,32,lynchburgpd,totalOwnedCameras,previous,9,Hill City Connect,Lynchburg,VA,2026-09-28T20:12:58Z,2026-10-08T16:23:01Z,9.840312,740,749,0.012162162162162163,6.402235701356029,False,True,https://api.fususone.com/api/public/organizations/lynchburgpd/stats/
fastest_percentage,33,carypd,totalOwnedCameras,previous,10,Connect Cary,Cary,NC,2026-09-28T20:10:48Z,2026-10-08T16:20:45Z,9.840243,841,851,0.011890606420927468,7.113645425707218,False,True,https://api.fususone.com/api/public/organizations/carypd/stats/
fastest_percentage,34,montrosepdco,totalOwnedCameras,previous,2,Connect Montrose,Montrose,CO,2026-09-28T20:13:21Z,2026-10-08T16:23:25Z,9.840324,169,171,0.011834319526627219,1.4227173713602854,False,True,https://api.fususone.com/api/public/organizations/montrosepdco/stats/
fastest_percentage,35,oakbrookpd,totalOwnedCameras,previous,4,Connect Oak Brook,Oak Brook,IL,2026-09-28T20:13:38Z,2026-10-08T16:23:42Z,9.840324,359,363,0.011142061281337047,2.845434742720571,False,True,https://api.fususone.com/api/public/organizations/oakbrookpd/stats/
fastest_percentage,36,sanbernardinopdca,totalOwnedCameras,previous,6,Connect San Bernardino,San Bernardino,CA,2026-09-28T20:14:27Z,2026-10-08T16:24:31Z,9.840324,552,558,0.010869565217391304,4.268152114080856,False,True,https://api.fususone.com/api/public/organizations/sanbernardinopdca/stats/
fastest_percentage,37,dentonpdtx,totalOwnedCameras,previous,2,Denton Connects,Denton,TX,2026-09-28T20:11:38Z,2026-10-08T16:21:35Z,9.840243,190,192,0.010526315789473684,1.4227290851414436,False,True,https://api.fususone.com/api/public/organizations/dentonpdtx/stats/
fastest_percentage,38,volusiasheriff,totalOwnedCameras,previous,6,Connect Volusia,Volusia,FL,2026-09-28T20:15:12Z,2026-10-08T16:25:17Z,9.840336,577,583,0.010398613518197574,4.268147093936168,False,True,https://api.fususone.com/api/public/organizations/volusiasheriff/stats/
fastest_percentage,39,richmondva,totalOwnedCameras,previous,5,Connect Richmond,Richmond,VA,2026-09-28T20:14:17Z,2026-10-08T16:24:21Z,9.840324,484,489,0.010330578512396695,3.5567934284007134,False,True,https://api.fususone.com/api/public/organizations/richmondva/stats/
fastest_percentage,40,shawneecosheriff,totalOwnedCameras,previous,6,Connect Shawnee County and the City of Topeka,Shawnee County and the City of Topeka,KS,2026-09-28T20:14:42Z,2026-10-08T16:24:46Z,9.840324,642,648,0.009345794392523364,4.268152114080856,False,True,https://api.fususone.com/api/public/organizations/shawneecosheriff/stats/
fastest_percentage,41,buncombesheriff,totalOwnedCameras,previous,4,Connect Buncombe County,Buncombe County,NC,2026-09-28T20:10:41Z,2026-10-08T16:20:38Z,9.840243,437,441,0.009153318077803204,2.845458170282887,False,True,https://api.fususone.com/api/public/organizations/buncombesheriff/stats/
fastest_percentage,42,fayettevillepd,totalOwnedCameras,previous,4,Connect Fayetteville,Fayetteville,NC,2026-09-28T20:11:54Z,2026-10-08T16:21:53Z,9.840266,452,456,0.008849557522123894,2.845451476654289,False,True,https://api.fususone.com/api/public/organizations/fayettevillepd/stats/
fastest_percentage,43,forestparkpd,totalOwnedCameras,previous,2,Connect Forest Park,Forest Park,GA,2026-09-28T20:11:57Z,2026-10-08T16:21:56Z,9.840266,240,242,0.008333333333333333,1.4227257383271446,False,True,https://api.fususone.com/api/public/organizations/forestparkpd/stats/
fastest_percentage,44,cityofshreveport,totalOwnedCameras,previous,19,Connect Shreveport,Shreveport,LA,2026-09-28T20:11:09Z,2026-10-08T16:21:06Z,9.840243,2329,2348,0.008158007728638901,13.515926308843715,False,True,https://api.fususone.com/api/public/organizations/cityofshreveport/stats/
fastest_percentage,45,rogerspdar,totalOwnedCameras,previous,2,Connect Rogers,Rogers,AR,2026-09-28T20:14:22Z,2026-10-08T16:24:26Z,9.840324,263,265,0.0076045627376425855,1.4227173713602854,False,True,https://api.fususone.com/api/public/organizations/rogerspdar/stats/
fastest_percentage,46,newcastlede,totalOwnedCameras,previous,1,Connect New Castle County,New Castle County,DE,2026-09-28T20:13:26Z,2026-10-08T16:23:30Z,9.840324,153,154,0.006535947712418301,0.7113586856801427,False,True,https://api.fususone.com/api/public/organizations/newcastlede/stats/
fastest_percentage,47,lafayettepd,totalOwnedCameras,previous,9,Connect Lafayette,Lafayette,LA,2026-09-28T20:12:40Z,2026-10-08T16:22:43Z,9.840312,1580,1589,0.00569620253164557,6.402235701356029,False,True,https://api.fususone.com/api/public/organizations/lafayettepd/stats/
fastest_percentage,48,cityofatlanta,totalOwnedCameras,previous,13,Connect Atlanta,Atlanta,GA,2026-09-28T20:10:59Z,2026-10-08T16:20:56Z,9.840243,2584,2597,0.005030959752321981,9.247739053419384,False,True,https://api.fususone.com/api/public/organizations/cityofatlanta/stats/
fastest_percentage,49,orangecofl,totalOwnedCameras,previous,4,Connect Orange County,Orange County,FL,2026-09-28T20:13:47Z,2026-10-08T16:23:51Z,9.840324,857,861,0.004667444574095682,2.845434742720571,False,True,https://api.fususone.com/api/public/organizations/orangecofl/stats/
fastest_percentage,50,pbso,totalOwnedCameras,previous,4,Keep Palm Beach County Safe,Palm Beach County,FL,2026-09-28T20:13:53Z,2026-10-08T16:23:57Z,9.840324,1016,1020,0.003937007874015748,2.845434742720571,False,True,https://api.fususone.com/api/public/organizations/pbso/stats/
fastest_percentage,51,monmouthcounty,totalOwnedCameras,previous,4,Connect Monmouth County,Monmouth County,NJ,2026-09-28T20:13:17Z,2026-10-08T16:23:21Z,9.840324,1058,1062,0.003780718336483932,2.845434742720571,False,True,https://api.fususone.com/api/public/organizations/monmouthcounty/stats/
fastest_percentage,52,ciceropd,totalOwnedCameras,previous,2,Cicero SAFE (Shared Access For Enforcement),Cicero,IL,2026-09-28T20:10:57Z,2026-10-08T16:20:54Z,9.840243,549,551,0.0036429872495446266,1.4227290851414436,False,True,https://api.fususone.com/api/public/organizations/ciceropd/stats/
fastest_percentage,53,overlandparkpdks,totalOwnedCameras,previous,2,Secure OP,Overland Park,KS,2026-09-28T20:13:50Z,2026-10-08T16:23:54Z,9.840324,553,555,0.003616636528028933,1.4227173713602854,False,True,https://api.fususone.com/api/public/organizations/overlandparkpdks/stats/
fastest_percentage,54,aacounty,totalOwnedCameras,previous,8,Connect Anne Arundel,Anne Arundel County,MD,2026-09-28T20:10:02Z,2026-10-08T16:19:56Z,9.840208,2372,2380,0.003372681281618887,5.690936421569665,False,True,https://api.fususone.com/api/public/organizations/aacounty/stats/
fastest_percentage,55,delraybeach,totalOwnedCameras,previous,1,Connect Delray Beach,Delray Beach,FL,2026-09-28T20:11:37Z,2026-10-08T16:21:34Z,9.840243,297,298,0.003367003367003367,0.7113645425707218,False,True,https://api.fususone.com/api/public/organizations/delraybeach/stats/
fastest_percentage,56,sandyspringspd,totalOwnedCameras,previous,1,Connect Sandy Springs,Sandy Springs,GA,2026-09-28T20:14:28Z,2026-10-08T16:24:32Z,9.840324,300,301,0.0033333333333333335,0.7113586856801427,False,True,https://api.fususone.com/api/public/organizations/sandyspringspd/stats/
fastest_percentage,57,beaumonttx,totalOwnedCameras,previous,5,Connect Southeast Texas,Southeast Texas,TX,2026-09-28T20:10:25Z,2026-10-08T16:20:20Z,9.84022,1531,1536,0.0032658393207054214,3.556831079928722,False,True,https://api.fususone.com/api/public/organizations/beaumonttx/stats/
fastest_percentage,58,claycountysheriff,totalOwnedCameras,previous,7,Connect Clay County,Clay County,FL,2026-09-28T20:11:12Z,2026-10-08T16:21:09Z,9.840243,3223,3230,0.0021718895439031957,4.979551797995053,False,True,https://api.fususone.com/api/public/organizations/claycountysheriff/stats/
fastest_percentage,59,miamibeachpdfl,totalOwnedCameras,previous,1,Connect Miami Beach,Miami Beach,FL,2026-09-28T20:13:10Z,2026-10-08T16:23:14Z,9.840324,527,528,0.0018975332068311196,0.7113586856801427,False,True,https://api.fususone.com/api/public/organizations/miamibeachpdfl/stats/
fastest_percentage,60,renopd,totalOwnedCameras,previous,1,Connect Reno,Reno,NV,2026-09-28T20:14:12Z,2026-10-08T16:24:16Z,9.840324,541,542,0.0018484288354898336,0.7113586856801427,False,True,https://api.fususone.com/api/public/organizations/renopd/stats/
fastest_percentage,61,baycounty,totalOwnedCameras,previous,2,Connect Bay County,Bay County,FL,2026-09-28T20:10:24Z,2026-10-08T16:20:19Z,9.84022,1161,1163,0.0017226528854435831,1.422732431971489,False,True,https://api.fususone.com/api/public/organizations/baycounty/stats/
fastest_percentage,62,littlerockpd,totalOwnedCameras,previous,3,Connect Little Rock,Little Rock,AR,2026-09-28T20:12:55Z,2026-10-08T16:22:58Z,9.840312,1794,1797,0.0016722408026755853,2.1340785671186766,False,True,https://api.fususone.com/api/public/organizations/littlerockpd/stats/
fastest_percentage,63,hcso,totalOwnedCameras,previous,2,Connect Hillsborough,Hillsborough County,FL,2026-09-28T20:12:17Z,2026-10-08T16:22:20Z,9.840312,1653,1655,0.0012099213551119178,1.4227190447457843,False,True,https://api.fususone.com/api/public/organizations/hcso/stats/
fastest_percentage,64,auroragov,totalOwnedCameras,previous,1,Connect Aurora,Aurora,CO,2026-09-28T20:10:21Z,2026-10-08T16:20:16Z,9.84022,935,936,0.0010695187165775401,0.7113662159857445,False,True,https://api.fususone.com/api/public/organizations/auroragov/stats/
fastest_percentage,65,hammondpd,totalOwnedCameras,previous,1,Hammond BlueNET,Hammond,IN,2026-09-28T20:12:11Z,2026-10-08T16:22:14Z,9.840312,1193,1194,0.0008382229673093043,0.7113595223728921,False,True,https://api.fususone.com/api/public/organizations/hammondpd/stats/
largest_declines,1,turlockpd,totalOwnedCameras,previous,-63,Connect Turlock,Turlock,CA,2026-09-28T20:15:06Z,2026-10-08T16:25:11Z,9.840336,162,99,-0.3888888888888889,-44.81554448632977,False,True,https://api.fususone.com/api/public/organizations/turlockpd/stats/
largest_declines,2,richlandpdwa,totalOwnedCameras,previous,-42,Connect Richland,Richland,WA,2026-09-28T20:14:15Z,2026-10-08T16:24:19Z,9.840324,190,148,-0.22105263157894736,-29.877064798565993,False,True,https://api.fususone.com/api/public/organizations/richlandpdwa/stats/
largest_declines,3,anaheim,totalOwnedCameras,previous,-29,Connect Anaheim,Anaheim,CA,2026-09-28T20:10:12Z,2026-10-08T16:20:07Z,9.84022,686,657,-0.04227405247813411,-20.629620263586588,False,True,https://api.fususone.com/api/public/organizations/anaheim/stats/
largest_declines,4,chesterfieldcounty,totalOwnedCameras,previous,-27,Chesterfield Community Connect Program,Chesterfield County,VA,2026-09-28T20:10:54Z,2026-10-08T16:20:51Z,9.840243,1017,990,-0.02654867256637168,-19.206842649409488,False,True,https://api.fususone.com/api/public/organizations/chesterfieldcounty/stats/
largest_declines,5,seattlepd,totalOwnedCameras,previous,-10,Connect Seattle,Seattle,WA,2026-09-28T20:14:40Z,2026-10-08T16:24:44Z,9.840324,674,664,-0.01483679525222552,-7.113586856801427,False,True,https://api.fususone.com/api/public/organizations/seattlepd/stats/
largest_declines,6,wichitapdks,totalOwnedCameras,previous,-9,Connected Wichita,Wichita,KS,2026-09-28T20:15:21Z,2026-10-08T16:25:26Z,9.840336,349,340,-0.025787965616045846,-6.402220640904252,False,True,https://api.fususone.com/api/public/organizations/wichitapdks/stats/
largest_declines,7,ontariopolice,totalOwnedCameras,previous,-7,Connect Ontario,Ontario,CA,2026-09-28T20:13:46Z,2026-10-08T16:23:50Z,9.840324,1329,1322,-0.005267118133935289,-4.979510799760999,False,True,https://api.fususone.com/api/public/organizations/ontariopolice/stats/
largest_declines,8,peoriapdaz,totalOwnedCameras,previous,-7,Connect Peoria,Peoria,AZ,2026-09-28T20:13:58Z,2026-10-08T16:24:02Z,9.840324,403,396,-0.017369727047146403,-4.979510799760999,False,True,https://api.fususone.com/api/public/organizations/peoriapdaz/stats/
largest_declines,9,cityofmiamipd,totalOwnedCameras,previous,-6,Connect Miami,Miami,FL,2026-09-28T20:11:04Z,2026-10-08T16:21:01Z,9.840243,1227,1221,-0.004889975550122249,-4.268187255424331,False,True,https://api.fususone.com/api/public/organizations/cityofmiamipd/stats/
largest_declines,10,garypd,totalOwnedCameras,previous,-6,Connect Gary,Gary,IN,2026-09-28T20:12:02Z,2026-10-08T16:22:05Z,9.840312,799,793,-0.007509386733416771,-4.268157134237353,False,True,https://api.fususone.com/api/public/organizations/garypd/stats/
largest_declines,11,carencropd,totalOwnedCameras,previous,-4,Connect Carencro,Carencro,LA,2026-09-28T20:10:46Z,2026-10-08T16:20:43Z,9.840243,215,211,-0.018604651162790697,-2.845458170282887,False,True,https://api.fususone.com/api/public/organizations/carencropd/stats/
largest_declines,12,cityofroswell,totalOwnedCameras,previous,-3,Connect Roswell,Roswell,GA,2026-09-28T20:11:08Z,2026-10-08T16:21:05Z,9.840243,512,509,-0.005859375,-2.1340936277121654,False,True,https://api.fususone.com/api/public/organizations/cityofroswell/stats/
largest_declines,13,orlando,totalOwnedCameras,previous,-3,Orlando Connect,Orlando,FL,2026-09-28T20:13:48Z,2026-10-08T16:23:52Z,9.840324,1053,1050,-0.002849002849002849,-2.134076057040428,False,True,https://api.fususone.com/api/public/organizations/orlando/stats/
largest_declines,14,anokacountysomn,totalOwnedCameras,previous,-2,Anoka County Real Time Crime Center,Anoka County,MN,2026-09-28T20:10:14Z,2026-10-08T16:20:09Z,9.84022,635,633,-0.0031496062992125984,-1.422732431971489,False,True,https://api.fususone.com/api/public/organizations/anokacountysomn/stats/
largest_declines,15,bradentonfl,totalOwnedCameras,previous,-2,Connect Bradenton,Bradenton,FL,2026-09-28T20:10:37Z,2026-10-08T16:20:32Z,9.84022,269,267,-0.007434944237918215,-1.422732431971489,False,True,https://api.fususone.com/api/public/organizations/bradentonfl/stats/
largest_declines,16,cincinnatipd,totalOwnedCameras,previous,-2,Connect Cincinnati,Cincinnati,OH,2026-09-28T20:10:58Z,2026-10-08T16:20:55Z,9.840243,803,801,-0.0024906600249066002,-1.4227290851414436,False,True,https://api.fususone.com/api/public/organizations/cincinnatipd/stats/
largest_declines,17,dekalbcountyga,totalOwnedCameras,previous,-2,Connect DeKalb County,DeKalb County,GA,2026-09-28T20:11:36Z,2026-10-08T16:21:33Z,9.840243,901,899,-0.0022197558268590455,-1.4227290851414436,False,True,https://api.fususone.com/api/public/organizations/dekalbcountyga/stats/
largest_declines,18,eastpointpdga,totalOwnedCameras,previous,-2,Connect East Point,East Point,GA,2026-09-28T20:11:45Z,2026-10-08T16:21:44Z,9.840266,382,380,-0.005235602094240838,-1.4227257383271446,False,True,https://api.fususone.com/api/public/organizations/eastpointpdga/stats/
largest_declines,19,glendorapdca,totalOwnedCameras,previous,-2,Connect Glendora,Glendora,CA,2026-09-28T20:12:03Z,2026-10-08T16:22:06Z,9.840312,101,99,-0.019801980198019802,-1.4227190447457843,False,True,https://api.fususone.com/api/public/organizations/glendorapdca/stats/
largest_declines,20,lapd,totalOwnedCameras,previous,-2,Connect Los Angeles,Los Angeles,CA,2026-09-28T20:12:46Z,2026-10-08T16:22:49Z,9.840312,273,271,-0.007326007326007326,-1.4227190447457843,False,True,https://api.fususone.com/api/public/organizations/lapd/stats/
largest_declines,21,martincountyso,totalOwnedCameras,previous,-2,Connect Martin County,Martin County,FL,2026-09-28T20:13:03Z,2026-10-08T16:23:06Z,9.840312,587,585,-0.0034071550255536627,-1.4227190447457843,False,True,https://api.fususone.com/api/public/organizations/martincountyso/stats/
largest_declines,22,northlittlerock,totalOwnedCameras,previous,-2,Connect North Little Rock,North Little Rock,AR,2026-09-28T20:13:34Z,2026-10-08T16:23:38Z,9.840324,730,728,-0.0027397260273972603,-1.4227173713602854,False,True,https://api.fususone.com/api/public/organizations/northlittlerock/stats/
largest_declines,23,okcpd,totalOwnedCameras,previous,-2,Connect Oklahoma City,Oklahoma City,OK,2026-09-28T20:13:45Z,2026-10-08T16:23:49Z,9.840324,6532,6530,-0.0003061849357011635,-1.4227173713602854,False,True,https://api.fususone.com/api/public/organizations/okcpd/stats/
largest_declines,24,raleighncpd,totalOwnedCameras,previous,-2,CONNECTRALEIGH,Raleigh,NC,2026-09-28T20:14:09Z,2026-10-08T16:24:13Z,9.840324,1131,1129,-0.0017683465959328027,-1.4227173713602854,False,True,https://api.fususone.com/api/public/organizations/raleighncpd/stats/
largest_declines,25,rockymountpd,totalOwnedCameras,previous,-2,Connect Rocky Mount,Rocky Mount,NC,2026-09-28T20:14:21Z,2026-10-08T16:24:25Z,9.840324,674,672,-0.002967359050445104,-1.4227173713602854,False,True,https://api.fususone.com/api/public/organizations/rockymountpd/stats/
largest_declines,26,charlestonpd,totalOwnedCameras,previous,-1,Connect Charleston,Charleston,SC,2026-09-28T20:10:49Z,2026-10-08T16:20:46Z,9.840243,501,500,-0.001996007984031936,-0.7113645425707218,False,True,https://api.fususone.com/api/public/organizations/charlestonpd/stats/
largest_declines,27,cityofomaha,totalOwnedCameras,previous,-1,Connect Omaha,Omaha,NE,2026-09-28T20:11:06Z,2026-10-08T16:21:03Z,9.840243,761,760,-0.001314060446780552,-0.7113645425707218,False,True,https://api.fususone.com/api/public/organizations/cityofomaha/stats/
largest_declines,28,coloradospringspd,totalOwnedCameras,previous,-1,Together COS,Colorado Springs,CO,2026-09-28T20:11:20Z,2026-10-08T16:21:17Z,9.840243,961,960,-0.001040582726326743,-0.7113645425707218,False,True,https://api.fususone.com/api/public/organizations/coloradospringspd/stats/
largest_declines,29,escambiafl,totalOwnedCameras,previous,-1,Star Network,Escambia County,FL,2026-09-28T20:11:49Z,2026-10-08T16:21:48Z,9.840266,919,918,-0.001088139281828074,-0.7113628691635723,False,True,https://api.fususone.com/api/public/organizations/escambiafl/stats/
largest_declines,30,killeenpd,totalOwnedCameras,previous,-1,KPD Connect,Killeen,TX,2026-09-28T20:12:37Z,2026-10-08T16:22:40Z,9.840312,507,506,-0.0019723865877712033,-0.7113595223728921,False,True,https://api.fususone.com/api/public/organizations/killeenpd/stats/
largest_declines,31,peoriapd,totalOwnedCameras,previous,-1,Connect Peoria,Peoria,IL,2026-09-28T20:13:57Z,2026-10-08T16:24:01Z,9.840324,544,543,-0.001838235294117647,-0.7113586856801427,False,True,https://api.fususone.com/api/public/organizations/peoriapd/stats/
largest_declines,32,pgcountypd,totalOwnedCameras,previous,-1,Connect Prince George's County,Prince George's County,MD,2026-09-28T20:14:00Z,2026-10-08T16:24:04Z,9.840324,1782,1781,-0.0005611672278338945,-0.7113586856801427,False,True,https://api.fususone.com/api/public/organizations/pgcountypd/stats/
fastest_absolute,1,albanypolice,totalSharedCameras,previous,105,Connect Albany,Albany,GA,2026-09-28T20:10:07Z,2026-10-08T16:20:01Z,9.840208,3414,3519,0.030755711775043937,74.69354053310185,False,True,https://api.fususone.com/api/public/organizations/albanypolice/stats/
fastest_absolute,2,ontariopolice,totalSharedCameras,previous,62,Connect Ontario,Ontario,CA,2026-09-28T20:13:46Z,2026-10-08T16:23:50Z,9.840324,766,828,0.08093994778067885,44.10423851216885,False,True,https://api.fususone.com/api/public/organizations/ontariopolice/stats/
fastest_absolute,3,crestwoodpdil,totalSharedCameras,previous,28,Connect Crestwood,Crestwood,MN,2026-09-28T20:11:27Z,2026-10-08T16:21:24Z,9.840243,86,114,0.32558139534883723,19.918207191980212,False,True,https://api.fususone.com/api/public/organizations/crestwoodpdil/stats/
fastest_absolute,4,cityofomaha,totalSharedCameras,previous,18,Connect Omaha,Omaha,NE,2026-09-28T20:11:06Z,2026-10-08T16:21:03Z,9.840243,764,782,0.02356020942408377,12.804561766272993,False,True,https://api.fususone.com/api/public/organizations/cityofomaha/stats/
fastest_absolute,5,baltimorecountypd,totalSharedCameras,previous,10,Connect Baltimore County,Baltimore County,MD,2026-09-28T20:10:22Z,2026-10-08T16:20:17Z,9.84022,60,70,0.16666666666666666,7.113662159857444,False,True,https://api.fususone.com/api/public/organizations/baltimorecountypd/stats/
fastest_absolute,6,memphispd,totalSharedCameras,previous,9,Connect Memphis,Memphis,TN,2026-09-28T20:13:07Z,2026-10-08T16:23:10Z,9.840312,665,674,0.013533834586466165,6.402235701356029,False,True,https://api.fususone.com/api/public/organizations/memphispd/stats/
fastest_absolute,7,pomonapd,totalSharedCameras,previous,7,Pomona Safe Communities,Pomona,CA,2026-09-28T20:14:04Z,2026-10-08T16:24:08Z,9.840324,8,15,0.875,4.979510799760999,False,True,https://api.fususone.com/api/public/organizations/pomonapd/stats/
fastest_absolute,8,raleighncpd,totalSharedCameras,previous,7,CONNECTRALEIGH,Raleigh,NC,2026-09-28T20:14:09Z,2026-10-08T16:24:13Z,9.840324,57,64,0.12280701754385964,4.979510799760999,False,True,https://api.fususone.com/api/public/organizations/raleighncpd/stats/
fastest_absolute,9,alachuasheriff,totalSharedCameras,previous,5,Connect Alachua County,Alachua County,FL,2026-09-28T20:10:06Z,2026-10-08T16:20:00Z,9.840208,0,5,,3.556835263481041,True,True,https://api.fususone.com/api/public/organizations/alachuasheriff/stats/
fastest_absolute,10,cityofshreveport,totalSharedCameras,previous,5,Connect Shreveport,Shreveport,LA,2026-09-28T20:11:09Z,2026-10-08T16:21:06Z,9.840243,509,514,0.009823182711198428,3.556822712853609,False,True,https://api.fususone.com/api/public/organizations/cityofshreveport/stats/
fastest_absolute,11,melroseparkpdil,totalSharedCameras,previous,5,Connect Melrose Park,Melrose Park,IL,2026-09-28T20:13:06Z,2026-10-08T16:23:09Z,9.840312,35,40,0.14285714285714285,3.556797611864461,False,True,https://api.fususone.com/api/public/organizations/melroseparkpdil/stats/
fastest_absolute,12,sacramentopd,totalSharedCameras,previous,5,Sacramento PD Connect,Sacramento,CA,2026-09-28T20:14:25Z,2026-10-08T16:24:29Z,9.840324,418,423,0.011961722488038277,3.5567934284007134,False,True,https://api.fususone.com/api/public/organizations/sacramentopd/stats/
fastest_absolute,13,kentcountysd,totalSharedCameras,previous,2,The Kent Safety Network,Kent County,MI,2026-09-28T20:12:36Z,2026-10-08T16:22:39Z,9.840312,1942,1944,0.0010298661174047373,1.4227190447457843,False,True,https://api.fususone.com/api/public/organizations/kentcountysd/stats/
fastest_absolute,14,wakecounty,totalSharedCameras,previous,2,Connect Wake County,Wake County,NC,2026-09-28T20:15:13Z,2026-10-08T16:25:18Z,9.840336,58,60,0.034482758620689655,1.4227156979787228,False,True,https://api.fususone.com/api/public/organizations/wakecounty/stats/
fastest_absolute,15,cityofatlanta,totalSharedCameras,previous,1,Connect Atlanta,Atlanta,GA,2026-09-28T20:10:59Z,2026-10-08T16:20:56Z,9.840243,11642,11643,8.589589417625838e-05,0.7113645425707218,False,True,https://api.fususone.com/api/public/organizations/cityofatlanta/stats/
fastest_absolute,16,shawneecosheriff,totalSharedCameras,previous,1,Connect Shawnee County and the City of Topeka,Shawnee County and the City of Topeka,KS,2026-09-28T20:14:42Z,2026-10-08T16:24:46Z,9.840324,1600,1601,0.000625,0.7113586856801427,False,True,https://api.fususone.com/api/public/organizations/shawneecosheriff/stats/
fastest_weekly_rate,1,albanypolice,totalSharedCameras,previous,105,Connect Albany,Albany,GA,2026-09-28T20:10:07Z,2026-10-08T16:20:01Z,9.840208,3414,3519,0.030755711775043937,74.69354053310185,False,True,https://api.fususone.com/api/public/organizations/albanypolice/stats/
fastest_weekly_rate,2,ontariopolice,totalSharedCameras,previous,62,Connect Ontario,Ontario,CA,2026-09-28T20:13:46Z,2026-10-08T16:23:50Z,9.840324,766,828,0.08093994778067885,44.10423851216885,False,True,https://api.fususone.com/api/public/organizations/ontariopolice/stats/
fastest_weekly_rate,3,crestwoodpdil,totalSharedCameras,previous,28,Connect Crestwood,Crestwood,MN,2026-09-28T20:11:27Z,2026-10-08T16:21:24Z,9.840243,86,114,0.32558139534883723,19.918207191980212,False,True,https://api.fususone.com/api/public/organizations/crestwoodpdil/stats/
fastest_weekly_rate,4,cityofomaha,totalSharedCameras,previous,18,Connect Omaha,Omaha,NE,2026-09-28T20:11:06Z,2026-10-08T16:21:03Z,9.840243,764,782,0.02356020942408377,12.804561766272993,False,True,https://api.fususone.com/api/public/organizations/cityofomaha/stats/
fastest_weekly_rate,5,baltimorecountypd,totalSharedCameras,previous,10,Connect Baltimore County,Baltimore County,MD,2026-09-28T20:10:22Z,2026-10-08T16:20:17Z,9.84022,60,70,0.16666666666666666,7.113662159857444,False,True,https://api.fususone.com/api/public/organizations/baltimorecountypd/stats/
fastest_weekly_rate,6,memphispd,totalSharedCameras,previous,9,Connect Memphis,Memphis,TN,2026-09-28T20:13:07Z,2026-10-08T16:23:10Z,9.840312,665,674,0.013533834586466165,6.402235701356029,False,True,https://api.fususone.com/api/public/organizations/memphispd/stats/
fastest_weekly_rate,7,pomonapd,totalSharedCameras,previous,7,Pomona Safe Communities,Pomona,CA,2026-09-28T20:14:04Z,2026-10-08T16:24:08Z,9.840324,8,15,0.875,4.979510799760999,False,True,https://api.fususone.com/api/public/organizations/pomonapd/stats/
fastest_weekly_rate,8,raleighncpd,totalSharedCameras,previous,7,CONNECTRALEIGH,Raleigh,NC,2026-09-28T20:14:09Z,2026-10-08T16:24:13Z,9.840324,57,64,0.12280701754385964,4.979510799760999,False,True,https://api.fususone.com/api/public/organizations/raleighncpd/stats/
fastest_weekly_rate,9,alachuasheriff,totalSharedCameras,previous,5,Connect Alachua County,Alachua County,FL,2026-09-28T20:10:06Z,2026-10-08T16:20:00Z,9.840208,0,5,,3.556835263481041,True,True,https://api.fususone.com/api/public/organizations/alachuasheriff/stats/
fastest_weekly_rate,10,cityofshreveport,totalSharedCameras,previous,5,Connect Shreveport,Shreveport,LA,2026-09-28T20:11:09Z,2026-10-08T16:21:06Z,9.840243,509,514,0.009823182711198428,3.556822712853609,False,True,https://api.fususone.com/api/public/organizations/cityofshreveport/stats/
fastest_weekly_rate,11,melroseparkpdil,totalSharedCameras,previous,5,Connect Melrose Park,Melrose Park,IL,2026-09-28T20:13:06Z,2026-10-08T16:23:09Z,9.840312,35,40,0.14285714285714285,3.556797611864461,False,True,https://api.fususone.com/api/public/organizations/melroseparkpdil/stats/
fastest_weekly_rate,12,sacramentopd,totalSharedCameras,previous,5,Sacramento PD Connect,Sacramento,CA,2026-09-28T20:14:25Z,2026-10-08T16:24:29Z,9.840324,418,423,0.011961722488038277,3.5567934284007134,False,True,https://api.fususone.com/api/public/organizations/sacramentopd/stats/
fastest_weekly_rate,13,kentcountysd,totalSharedCameras,previous,2,The Kent Safety Network,Kent County,MI,2026-09-28T20:12:36Z,2026-10-08T16:22:39Z,9.840312,1942,1944,0.0010298661174047373,1.4227190447457843,False,True,https://api.fususone.com/api/public/organizations/kentcountysd/stats/
fastest_weekly_rate,14,wakecounty,totalSharedCameras,previous,2,Connect Wake County,Wake County,NC,2026-09-28T20:15:13Z,2026-10-08T16:25:18Z,9.840336,58,60,0.034482758620689655,1.4227156979787228,False,True,https://api.fususone.com/api/public/organizations/wakecounty/stats/
fastest_weekly_rate,15,cityofatlanta,totalSharedCameras,previous,1,Connect Atlanta,Atlanta,GA,2026-09-28T20:10:59Z,2026-10-08T16:20:56Z,9.840243,11642,11643,8.589589417625838e-05,0.7113645425707218,False,True,https://api.fususone.com/api/public/organizations/cityofatlanta/stats/
fastest_weekly_rate,16,shawneecosheriff,totalSharedCameras,previous,1,Connect Shawnee County and the City of Topeka,Shawnee County and the City of Topeka,KS,2026-09-28T20:14:42Z,2026-10-08T16:24:46Z,9.840324,1600,1601,0.000625,0.7113586856801427,False,True,https://api.fususone.com/api/public/organizations/shawneecosheriff/stats/
fastest_percentage,1,crestwoodpdil,totalSharedCameras,previous,28,Connect Crestwood,Crestwood,MN,2026-09-28T20:11:27Z,2026-10-08T16:21:24Z,9.840243,86,114,0.32558139534883723,19.918207191980212,False,True,https://api.fususone.com/api/public/organizations/crestwoodpdil/stats/
fastest_percentage,2,baltimorecountypd,totalSharedCameras,previous,10,Connect Baltimore County,Baltimore County,MD,2026-09-28T20:10:22Z,2026-10-08T16:20:17Z,9.84022,60,70,0.16666666666666666,7.113662159857444,False,True,https://api.fususone.com/api/public/organizations/baltimorecountypd/stats/
fastest_percentage,3,melroseparkpdil,totalSharedCameras,previous,5,Connect Melrose Park,Melrose Park,IL,2026-09-28T20:13:06Z,2026-10-08T16:23:09Z,9.840312,35,40,0.14285714285714285,3.556797611864461,False,True,https://api.fususone.com/api/public/organizations/melroseparkpdil/stats/
fastest_percentage,4,raleighncpd,totalSharedCameras,previous,7,CONNECTRALEIGH,Raleigh,NC,2026-09-28T20:14:09Z,2026-10-08T16:24:13Z,9.840324,57,64,0.12280701754385964,4.979510799760999,False,True,https://api.fususone.com/api/public/organizations/raleighncpd/stats/
fastest_percentage,5,ontariopolice,totalSharedCameras,previous,62,Connect Ontario,Ontario,CA,2026-09-28T20:13:46Z,2026-10-08T16:23:50Z,9.840324,766,828,0.08093994778067885,44.10423851216885,False,True,https://api.fususone.com/api/public/organizations/ontariopolice/stats/
fastest_percentage,6,wakecounty,totalSharedCameras,previous,2,Connect Wake County,Wake County,NC,2026-09-28T20:15:13Z,2026-10-08T16:25:18Z,9.840336,58,60,0.034482758620689655,1.4227156979787228,False,True,https://api.fususone.com/api/public/organizations/wakecounty/stats/
fastest_percentage,7,albanypolice,totalSharedCameras,previous,105,Connect Albany,Albany,GA,2026-09-28T20:10:07Z,2026-10-08T16:20:01Z,9.840208,3414,3519,0.030755711775043937,74.69354053310185,False,True,https://api.fususone.com/api/public/organizations/albanypolice/stats/
fastest_percentage,8,cityofomaha,totalSharedCameras,previous,18,Connect Omaha,Omaha,NE,2026-09-28T20:11:06Z,2026-10-08T16:21:03Z,9.840243,764,782,0.02356020942408377,12.804561766272993,False,True,https://api.fususone.com/api/public/organizations/cityofomaha/stats/
fastest_percentage,9,memphispd,totalSharedCameras,previous,9,Connect Memphis,Memphis,TN,2026-09-28T20:13:07Z,2026-10-08T16:23:10Z,9.840312,665,674,0.013533834586466165,6.402235701356029,False,True,https://api.fususone.com/api/public/organizations/memphispd/stats/
fastest_percentage,10,sacramentopd,totalSharedCameras,previous,5,Sacramento PD Connect,Sacramento,CA,2026-09-28T20:14:25Z,2026-10-08T16:24:29Z,9.840324,418,423,0.011961722488038277,3.5567934284007134,False,True,https://api.fususone.com/api/public/organizations/sacramentopd/stats/
fastest_percentage,11,cityofshreveport,totalSharedCameras,previous,5,Connect Shreveport,Shreveport,LA,2026-09-28T20:11:09Z,2026-10-08T16:21:06Z,9.840243,509,514,0.009823182711198428,3.556822712853609,False,True,https://api.fususone.com/api/public/organizations/cityofshreveport/stats/
fastest_percentage,12,kentcountysd,totalSharedCameras,previous,2,The Kent Safety Network,Kent County,MI,2026-09-28T20:12:36Z,2026-10-08T16:22:39Z,9.840312,1942,1944,0.0010298661174047373,1.4227190447457843,False,True,https://api.fususone.com/api/public/organizations/kentcountysd/stats/
fastest_percentage,13,shawneecosheriff,totalSharedCameras,previous,1,Connect Shawnee County and the City of Topeka,Shawnee County and the City of Topeka,KS,2026-09-28T20:14:42Z,2026-10-08T16:24:46Z,9.840324,1600,1601,0.000625,0.7113586856801427,False,True,https://api.fususone.com/api/public/organizations/shawneecosheriff/stats/
fastest_percentage,14,cityofatlanta,totalSharedCameras,previous,1,Connect Atlanta,Atlanta,GA,2026-09-28T20:10:59Z,2026-10-08T16:20:56Z,9.840243,11642,11643,8.589589417625838e-05,0.7113645425707218,False,True,https://api.fususone.com/api/public/organizations/cityofatlanta/stats/
largest_declines,1,stbernardso,totalSharedCameras,previous,-1711,Protect St. Bernard,St. Bernard Parish,LA,2026-09-28T20:14:53Z,2026-10-08T16:24:57Z,9.840324,1712,1,-0.9994158878504673,-1217.134711198724,False,True,https://api.fususone.com/api/public/organizations/stbernardso/stats/
largest_declines,2,orangecofl,totalSharedCameras,previous,-189,Connect Orange County,Orange County,FL,2026-09-28T20:13:47Z,2026-10-08T16:23:51Z,9.840324,7670,7481,-0.024641460234680574,-134.44679159354698,False,True,https://api.fususone.com/api/public/organizations/orangecofl/stats/
largest_declines,3,stcloud,totalSharedCameras,previous,-189,Connect St. Cloud,St. Cloud,FL,2026-09-28T20:14:54Z,2026-10-08T16:24:58Z,9.840324,5972,5783,-0.031647689216342936,-134.44679159354698,False,True,https://api.fususone.com/api/public/organizations/stcloud/stats/
largest_declines,4,chesterfieldcounty,totalSharedCameras,previous,-62,Chesterfield Community Connect Program,Chesterfield County,VA,2026-09-28T20:10:54Z,2026-10-08T16:20:51Z,9.840243,10105,10043,-0.006135576447303315,-44.104601639384754,False,True,https://api.fususone.com/api/public/organizations/chesterfieldcounty/stats/
largest_declines,5,seminolecountyso,totalSharedCameras,previous,-18,Connect Seminole,Seminole County,FL,2026-09-28T20:14:41Z,2026-10-08T16:24:45Z,9.840324,1099,1081,-0.01637852593266606,-12.804456342242569,False,True,https://api.fususone.com/api/public/organizations/seminolecountyso/stats/
largest_declines,6,jacksonvillesheriff,totalSharedCameras,previous,-8,ConnectDuval,Duval County,FL,2026-09-28T20:12:31Z,2026-10-08T16:22:34Z,9.840312,6974,6966,-0.0011471178663607685,-5.690876178983137,False,True,https://api.fususone.com/api/public/organizations/jacksonvillesheriff/stats/
fastest_absolute,1,overlandparkpdks,totalMaxCameras,previous,1500,Secure OP,Overland Park,KS,2026-09-28T20:13:50Z,2026-10-08T16:23:54Z,9.840324,0,1500,,1067.038028520214,True,True,https://api.fususone.com/api/public/organizations/overlandparkpdks/stats/
fastest_absolute,2,carlsbadpdnm,totalMaxCameras,previous,225,Connect Carlsbad,Carlsbad,NM,2026-09-28T20:10:47Z,2026-10-08T16:20:44Z,9.840243,0,225,,160.05702207841242,True,True,https://api.fususone.com/api/public/organizations/carlsbadpdnm/stats/
fastest_absolute,3,rileycountypd,totalMaxCameras,previous,150,Connect Riley County,Riley County,KS,2026-09-28T20:14:18Z,2026-10-08T16:24:22Z,9.840324,0,150,,106.7038028520214,True,True,https://api.fususone.com/api/public/organizations/rileycountypd/stats/
fastest_absolute,4,douglascountysonv,totalMaxCameras,previous,50,Safer Douglas County,Douglas County,NV,2026-09-28T20:11:40Z,2026-10-08T16:21:37Z,9.840243,100,150,0.5,35.568227128536094,False,True,https://api.fususone.com/api/public/organizations/douglascountysonv/stats/
fastest_weekly_rate,1,overlandparkpdks,totalMaxCameras,previous,1500,Secure OP,Overland Park,KS,2026-09-28T20:13:50Z,2026-10-08T16:23:54Z,9.840324,0,1500,,1067.038028520214,True,True,https://api.fususone.com/api/public/organizations/overlandparkpdks/stats/
fastest_weekly_rate,2,carlsbadpdnm,totalMaxCameras,previous,225,Connect Carlsbad,Carlsbad,NM,2026-09-28T20:10:47Z,2026-10-08T16:20:44Z,9.840243,0,225,,160.05702207841242,True,True,https://api.fususone.com/api/public/organizations/carlsbadpdnm/stats/
fastest_weekly_rate,3,rileycountypd,totalMaxCameras,previous,150,Connect Riley County,Riley County,KS,2026-09-28T20:14:18Z,2026-10-08T16:24:22Z,9.840324,0,150,,106.7038028520214,True,True,https://api.fususone.com/api/public/organizations/rileycountypd/stats/
fastest_weekly_rate,4,douglascountysonv,totalMaxCameras,previous,50,Safer Douglas County,Douglas County,NV,2026-09-28T20:11:40Z,2026-10-08T16:21:37Z,9.840243,100,150,0.5,35.568227128536094,False,True,https://api.fususone.com/api/public/organizations/douglascountysonv/stats/
fastest_percentage,1,douglascountysonv,totalMaxCameras,previous,50,Safer Douglas County,Douglas County,NV,2026-09-28T20:11:40Z,2026-10-08T16:21:37Z,9.840243,100,150,0.5,35.568227128536094,False,True,https://api.fususone.com/api/public/organizations/douglascountysonv/stats/
fastest_absolute,1,seatpleasantmd,subscribedCameras,previous,88,Connect Seat Pleasant,Seat Pleasant,MD,2026-09-28T20:14:39Z,2026-10-08T16:24:43Z,9.840324,102,190,0.8627450980392157,62.599564339852556,False,True,https://api.fususone.com/api/public/organizations/seatpleasantmd/stats/
fastest_absolute,2,dothanpd,subscribedCameras,previous,59,Connect Dothan,Dothan,AL,2026-09-28T20:11:39Z,2026-10-08T16:21:36Z,9.840243,174,233,0.3390804597701149,41.970508011672585,False,True,https://api.fususone.com/api/public/organizations/dothanpd/stats/
fastest_absolute,3,memphispd,subscribedCameras,previous,54,Connect Memphis,Memphis,TN,2026-09-28T20:13:07Z,2026-10-08T16:23:10Z,9.840312,2128,2182,0.02537593984962406,38.413414208136174,False,True,https://api.fususone.com/api/public/organizations/memphispd/stats/
fastest_absolute,4,cityofws,subscribedCameras,previous,51,Connect Winston-Salem,the City of Winston-Salem,NC,2026-09-28T20:11:11Z,2026-10-08T16:21:08Z,9.840243,1740,1791,0.029310344827586206,36.279591671106814,False,True,https://api.fususone.com/api/public/organizations/cityofws/stats/
fastest_absolute,5,newportnewspd,subscribedCameras,previous,46,Connect Newport News,Newport News,VA,2026-09-28T20:13:30Z,2026-10-08T16:23:34Z,9.840324,884,930,0.05203619909502263,32.72249954128656,False,True,https://api.fususone.com/api/public/organizations/newportnewspd/stats/
fastest_absolute,6,norfolkpd,subscribedCameras,previous,45,Connect Norfolk,Norfolk,VA,2026-09-28T20:13:32Z,2026-10-08T16:23:36Z,9.840324,1933,1978,0.023279875840662184,32.01114085560642,False,True,https://api.fususone.com/api/public/organizations/norfolkpd/stats/
fastest_absolute,7,dallaspd,subscribedCameras,previous,37,Connect Dallas,Dallas,TX,2026-09-28T20:11:29Z,2026-10-08T16:21:26Z,9.840243,1040,1077,0.035576923076923075,26.320488075116707,False,True,https://api.fususone.com/api/public/organizations/dallaspd/stats/
fastest_absolute,8,fairfaxcopd,subscribedCameras,previous,37,Connect Fairfax County,Fairfax County,VA,2026-09-28T20:11:52Z,2026-10-08T16:21:51Z,9.840266,623,660,0.0593900481540931,26.32042615905217,False,True,https://api.fususone.com/api/public/organizations/fairfaxcopd/stats/
fastest_absolute,9,charlottemecklenburg,subscribedCameras,previous,34,Connect Charlotte,Charlotte,NC,2026-09-28T20:10:51Z,2026-10-08T16:20:48Z,9.840243,1438,1472,0.02364394993045897,24.186394447404542,False,True,https://api.fususone.com/api/public/organizations/charlottemecklenburg/stats/
fastest_absolute,10,jacksonvillesheriff,subscribedCameras,previous,34,ConnectDuval,Duval County,FL,2026-09-28T20:12:31Z,2026-10-08T16:22:34Z,9.840312,1654,1688,0.020556227327690448,24.186223760678335,False,True,https://api.fususone.com/api/public/organizations/jacksonvillesheriff/stats/
fastest_absolute,11,stjohnscountyso,subscribedCameras,previous,33,Connect St. Johns,St. Johns County,FL,2026-09-28T20:14:56Z,2026-10-08T16:25:00Z,9.840324,1071,1104,0.03081232492997199,23.47483662744471,False,True,https://api.fususone.com/api/public/organizations/stjohnscountyso/stats/
fastest_absolute,12,nypd,subscribedCameras,previous,28,Connect NYPD,New York City,NY,2026-09-28T20:13:37Z,2026-10-08T16:23:41Z,9.840324,2080,2108,0.013461538461538462,19.918043199043996,False,True,https://api.fususone.com/api/public/organizations/nypd/stats/
fastest_absolute,13,greensboropd,subscribedCameras,previous,24,Connect Greensboro,Greensboro,NC,2026-09-28T20:12:06Z,2026-10-08T16:22:09Z,9.840312,701,725,0.034236804564907276,17.072628536949413,False,True,https://api.fususone.com/api/public/organizations/greensboropd/stats/
fastest_absolute,14,monroecoso,subscribedCameras,previous,24,Connect Monroe County,Monroe County,NY,2026-09-28T20:13:18Z,2026-10-08T16:23:22Z,9.840324,801,825,0.0299625468164794,17.072608456323422,False,True,https://api.fususone.com/api/public/organizations/monroecoso/stats/
fastest_absolute,15,cityofshreveport,subscribedCameras,previous,19,Connect Shreveport,Shreveport,LA,2026-09-28T20:11:09Z,2026-10-08T16:21:06Z,9.840243,2341,2360,0.008116189662537377,13.515926308843715,False,True,https://api.fususone.com/api/public/organizations/cityofshreveport/stats/
fastest_absolute,16,cityofstarkville,subscribedCameras,previous,12,Connect Starkville,Starkville,MS,2026-09-28T20:11:10Z,2026-10-08T16:21:07Z,9.840243,575,587,0.020869565217391306,8.536374510848662,False,True,https://api.fususone.com/api/public/organizations/cityofstarkville/stats/
fastest_absolute,17,kentcountysd,subscribedCameras,previous,12,The Kent Safety Network,Kent County,MI,2026-09-28T20:12:36Z,2026-10-08T16:22:39Z,9.840312,503,515,0.02385685884691849,8.536314268474706,False,True,https://api.fususone.com/api/public/organizations/kentcountysd/stats/
fastest_absolute,18,cityofatlanta,subscribedCameras,previous,11,Connect Atlanta,Atlanta,GA,2026-09-28T20:10:59Z,2026-10-08T16:20:56Z,9.840243,2550,2561,0.004313725490196078,7.82500996827794,False,True,https://api.fususone.com/api/public/organizations/cityofatlanta/stats/
fastest_absolute,19,okaloosacounty,subscribedCameras,previous,11,Connect Okaloosa County,Okaloosa County,FL,2026-09-28T20:13:44Z,2026-10-08T16:23:48Z,9.840324,156,167,0.07051282051282051,7.8249455424815695,False,True,https://api.fususone.com/api/public/organizations/okaloosacounty/stats/
fastest_absolute,20,carypd,subscribedCameras,previous,10,Connect Cary,Cary,NC,2026-09-28T20:10:48Z,2026-10-08T16:20:45Z,9.840243,840,850,0.011904761904761904,7.113645425707218,False,True,https://api.fususone.com/api/public/organizations/carypd/stats/
fastest_absolute,21,chicopee,subscribedCameras,previous,10,Connect Chicopee,Chicopee,MA,2026-09-28T20:10:56Z,2026-10-08T16:20:53Z,9.840243,509,519,0.019646365422396856,7.113645425707218,False,True,https://api.fususone.com/api/public/organizations/chicopee/stats/
fastest_absolute,22,dearbornpdmi,subscribedCameras,previous,10,Connect Dearborn,Dearborn,MI,2026-09-28T20:11:35Z,2026-10-08T16:21:32Z,9.840243,510,520,0.0196078431372549,7.113645425707218,False,True,https://api.fususone.com/api/public/organizations/dearbornpdmi/stats/
fastest_absolute,23,harrisoncso,subscribedCameras,previous,10,Connect Harrison County,Harrison County,MS,2026-09-28T20:12:14Z,2026-10-08T16:22:17Z,9.840312,72,82,0.1388888888888889,7.113595223728922,False,True,https://api.fususone.com/api/public/organizations/harrisoncso/stats/
fastest_absolute,24,aacounty,subscribedCameras,previous,9,Connect Anne Arundel,Anne Arundel County,MD,2026-09-28T20:10:02Z,2026-10-08T16:19:56Z,9.840208,2336,2345,0.003852739726027397,6.4023034742658735,False,True,https://api.fususone.com/api/public/organizations/aacounty/stats/
fastest_absolute,25,lafayettepd,subscribedCameras,previous,9,Connect Lafayette,Lafayette,LA,2026-09-28T20:12:40Z,2026-10-08T16:22:43Z,9.840312,1549,1558,0.005810200129115558,6.402235701356029,False,True,https://api.fususone.com/api/public/organizations/lafayettepd/stats/
fastest_absolute,26,wakecounty,subscribedCameras,previous,8,Connect Wake County,Wake County,NC,2026-09-28T20:15:13Z,2026-10-08T16:25:18Z,9.840336,255,263,0.03137254901960784,5.690862791914891,False,True,https://api.fususone.com/api/public/organizations/wakecounty/stats/
fastest_absolute,27,claycountysheriff,subscribedCameras,previous,7,Connect Clay County,Clay County,FL,2026-09-28T20:11:12Z,2026-10-08T16:21:09Z,9.840243,3218,3225,0.002175264139216905,4.979551797995053,False,True,https://api.fususone.com/api/public/organizations/claycountysheriff/stats/
fastest_absolute,28,dalycitypdca,subscribedCameras,previous,7,Connect Daly City,Daly City,CA,2026-09-28T20:11:30Z,2026-10-08T16:21:27Z,9.840243,15,22,0.4666666666666667,4.979551797995053,False,True,https://api.fususone.com/api/public/organizations/dalycitypdca/stats/
fastest_absolute,29,shawneecosheriff,subscribedCameras,previous,6,Connect Shawnee County and the City of Topeka,Shawnee County and the City of Topeka,KS,2026-09-28T20:14:42Z,2026-10-08T16:24:46Z,9.840324,542,548,0.01107011070110701,4.268152114080856,False,True,https://api.fususone.com/api/public/organizations/shawneecosheriff/stats/
fastest_absolute,30,beaumonttx,subscribedCameras,previous,5,Connect Southeast Texas,Southeast Texas,TX,2026-09-28T20:10:25Z,2026-10-08T16:20:20Z,9.84022,757,762,0.0066050198150594455,3.556831079928722,False,True,https://api.fususone.com/api/public/organizations/beaumonttx/stats/
fastest_absolute,31,mcpdmd,subscribedCameras,previous,5,MoCoConnect,Montgomery County,MD,2026-09-28T20:13:04Z,2026-10-08T16:23:07Z,9.840312,1150,1155,0.004347826086956522,3.556797611864461,False,True,https://api.fususone.com/api/public/organizations/mcpdmd/stats/
fastest_absolute,32,newportbeachpdca,subscribedCameras,previous,5,Connect Newport Beach,Newport Beach,CA,2026-09-28T20:13:29Z,2026-10-08T16:23:33Z,9.840324,135,140,0.037037037037037035,3.5567934284007134,False,True,https://api.fususone.com/api/public/organizations/newportbeachpdca/stats/
fastest_absolute,33,richmondva,subscribedCameras,previous,5,Connect Richmond,Richmond,VA,2026-09-28T20:14:17Z,2026-10-08T16:24:21Z,9.840324,405,410,0.012345679012345678,3.5567934284007134,False,True,https://api.fususone.com/api/public/organizations/richmondva/stats/
fastest_absolute,34,fayettevillepd,subscribedCameras,previous,4,Connect Fayetteville,Fayetteville,NC,2026-09-28T20:11:54Z,2026-10-08T16:21:53Z,9.840266,449,453,0.008908685968819599,2.845451476654289,False,True,https://api.fususone.com/api/public/organizations/fayettevillepd/stats/
fastest_absolute,35,monmouthcounty,subscribedCameras,previous,4,Connect Monmouth County,Monmouth County,NJ,2026-09-28T20:13:17Z,2026-10-08T16:23:21Z,9.840324,1020,1024,0.00392156862745098,2.845434742720571,False,True,https://api.fususone.com/api/public/organizations/monmouthcounty/stats/
fastest_absolute,36,oakbrookpd,subscribedCameras,previous,4,Connect Oak Brook,Oak Brook,IL,2026-09-28T20:13:38Z,2026-10-08T16:23:42Z,9.840324,359,363,0.011142061281337047,2.845434742720571,False,True,https://api.fususone.com/api/public/organizations/oakbrookpd/stats/
fastest_absolute,37,brooklynparkpdmn,subscribedCameras,previous,3,Brooklyn Park Community Cameras,Brooklyn Park,MN,2026-09-28T20:10:39Z,2026-10-08T16:20:35Z,9.840231,205,208,0.014634146341463415,2.134096137831747,False,True,https://api.fususone.com/api/public/organizations/brooklynparkpdmn/stats/
fastest_absolute,38,guilfordsheriff,subscribedCameras,previous,3,Connect Guilford County,Guilford County ,NC,2026-09-28T20:12:08Z,2026-10-08T16:22:11Z,9.840312,180,183,0.016666666666666666,2.1340785671186766,False,True,https://api.fususone.com/api/public/organizations/guilfordsheriff/stats/
fastest_absolute,39,littlerockpd,subscribedCameras,previous,3,Connect Little Rock,Little Rock,AR,2026-09-28T20:12:55Z,2026-10-08T16:22:58Z,9.840312,1901,1904,0.0015781167806417674,2.1340785671186766,False,True,https://api.fususone.com/api/public/organizations/littlerockpd/stats/
fastest_absolute,40,baycounty,subscribedCameras,previous,2,Connect Bay County,Bay County,FL,2026-09-28T20:10:24Z,2026-10-08T16:20:19Z,9.84022,1128,1130,0.0017730496453900709,1.422732431971489,False,True,https://api.fususone.com/api/public/organizations/baycounty/stats/
fastest_absolute,41,ciceropd,subscribedCameras,previous,2,Cicero SAFE (Shared Access For Enforcement),Cicero,IL,2026-09-28T20:10:57Z,2026-10-08T16:20:54Z,9.840243,541,543,0.0036968576709796672,1.4227290851414436,False,True,https://api.fususone.com/api/public/organizations/ciceropd/stats/
fastest_absolute,42,forestparkpd,subscribedCameras,previous,2,Connect Forest Park,Forest Park,GA,2026-09-28T20:11:57Z,2026-10-08T16:21:56Z,9.840266,222,224,0.009009009009009009,1.4227257383271446,False,True,https://api.fususone.com/api/public/organizations/forestparkpd/stats/
fastest_absolute,43,montrosepdco,subscribedCameras,previous,2,Connect Montrose,Montrose,CO,2026-09-28T20:13:21Z,2026-10-08T16:23:25Z,9.840324,169,171,0.011834319526627219,1.4227173713602854,False,True,https://api.fususone.com/api/public/organizations/montrosepdco/stats/
fastest_absolute,44,overlandparkpdks,subscribedCameras,previous,2,Secure OP,Overland Park,KS,2026-09-28T20:13:50Z,2026-10-08T16:23:54Z,9.840324,540,542,0.003703703703703704,1.4227173713602854,False,True,https://api.fususone.com/api/public/organizations/overlandparkpdks/stats/
fastest_absolute,45,volusiasheriff,subscribedCameras,previous,2,Connect Volusia,Volusia,FL,2026-09-28T20:15:12Z,2026-10-08T16:25:17Z,9.840336,900,902,0.0022222222222222222,1.4227156979787228,False,True,https://api.fususone.com/api/public/organizations/volusiasheriff/stats/
fastest_absolute,46,auroragov,subscribedCameras,previous,1,Connect Aurora,Aurora,CO,2026-09-28T20:10:21Z,2026-10-08T16:20:16Z,9.84022,935,936,0.0010695187165775401,0.7113662159857445,False,True,https://api.fususone.com/api/public/organizations/auroragov/stats/
fastest_absolute,47,cityofomaha,subscribedCameras,previous,1,Connect Omaha,Omaha,NE,2026-09-28T20:11:06Z,2026-10-08T16:21:03Z,9.840243,686,687,0.0014577259475218659,0.7113645425707218,False,True,https://api.fususone.com/api/public/organizations/cityofomaha/stats/
fastest_absolute,48,dekalbcountyga,subscribedCameras,previous,1,Connect DeKalb County,DeKalb County,GA,2026-09-28T20:11:36Z,2026-10-08T16:21:33Z,9.840243,751,752,0.0013315579227696406,0.7113645425707218,False,True,https://api.fususone.com/api/public/organizations/dekalbcountyga/stats/
fastest_absolute,49,hammondpd,subscribedCameras,previous,1,Hammond BlueNET,Hammond,IN,2026-09-28T20:12:11Z,2026-10-08T16:22:14Z,9.840312,823,824,0.001215066828675577,0.7113595223728921,False,True,https://api.fususone.com/api/public/organizations/hammondpd/stats/
fastest_absolute,50,killeenpd,subscribedCameras,previous,1,KPD Connect,Killeen,TX,2026-09-28T20:12:37Z,2026-10-08T16:22:40Z,9.840312,497,498,0.002012072434607646,0.7113595223728921,False,True,https://api.fususone.com/api/public/organizations/killeenpd/stats/
fastest_absolute,51,losgatospdca,subscribedCameras,previous,1,Community Protecht,Los Gatos,CA,2026-09-28T20:12:56Z,2026-10-08T16:22:59Z,9.840312,33,34,0.030303030303030304,0.7113595223728921,False,True,https://api.fususone.com/api/public/organizations/losgatospdca/stats/
fastest_absolute,52,newcastlede,subscribedCameras,previous,1,Connect New Castle County,New Castle County,DE,2026-09-28T20:13:26Z,2026-10-08T16:23:30Z,9.840324,84,85,0.011904761904761904,0.7113586856801427,False,True,https://api.fususone.com/api/public/organizations/newcastlede/stats/
fastest_absolute,53,renopd,subscribedCameras,previous,1,Connect Reno,Reno,NV,2026-09-28T20:14:12Z,2026-10-08T16:24:16Z,9.840324,513,514,0.001949317738791423,0.7113586856801427,False,True,https://api.fususone.com/api/public/organizations/renopd/stats/
fastest_absolute,54,sandyspringspd,subscribedCameras,previous,1,Connect Sandy Springs,Sandy Springs,GA,2026-09-28T20:14:28Z,2026-10-08T16:24:32Z,9.840324,297,298,0.003367003367003367,0.7113586856801427,False,True,https://api.fususone.com/api/public/organizations/sandyspringspd/stats/
fastest_weekly_rate,1,seatpleasantmd,subscribedCameras,previous,88,Connect Seat Pleasant,Seat Pleasant,MD,2026-09-28T20:14:39Z,2026-10-08T16:24:43Z,9.840324,102,190,0.8627450980392157,62.599564339852556,False,True,https://api.fususone.com/api/public/organizations/seatpleasantmd/stats/
fastest_weekly_rate,2,dothanpd,subscribedCameras,previous,59,Connect Dothan,Dothan,AL,2026-09-28T20:11:39Z,2026-10-08T16:21:36Z,9.840243,174,233,0.3390804597701149,41.970508011672585,False,True,https://api.fususone.com/api/public/organizations/dothanpd/stats/
fastest_weekly_rate,3,memphispd,subscribedCameras,previous,54,Connect Memphis,Memphis,TN,2026-09-28T20:13:07Z,2026-10-08T16:23:10Z,9.840312,2128,2182,0.02537593984962406,38.413414208136174,False,True,https://api.fususone.com/api/public/organizations/memphispd/stats/
fastest_weekly_rate,4,cityofws,subscribedCameras,previous,51,Connect Winston-Salem,the City of Winston-Salem,NC,2026-09-28T20:11:11Z,2026-10-08T16:21:08Z,9.840243,1740,1791,0.029310344827586206,36.279591671106814,False,True,https://api.fususone.com/api/public/organizations/cityofws/stats/
fastest_weekly_rate,5,newportnewspd,subscribedCameras,previous,46,Connect Newport News,Newport News,VA,2026-09-28T20:13:30Z,2026-10-08T16:23:34Z,9.840324,884,930,0.05203619909502263,32.72249954128656,False,True,https://api.fususone.com/api/public/organizations/newportnewspd/stats/
fastest_weekly_rate,6,norfolkpd,subscribedCameras,previous,45,Connect Norfolk,Norfolk,VA,2026-09-28T20:13:32Z,2026-10-08T16:23:36Z,9.840324,1933,1978,0.023279875840662184,32.01114085560642,False,True,https://api.fususone.com/api/public/organizations/norfolkpd/stats/
fastest_weekly_rate,7,dallaspd,subscribedCameras,previous,37,Connect Dallas,Dallas,TX,2026-09-28T20:11:29Z,2026-10-08T16:21:26Z,9.840243,1040,1077,0.035576923076923075,26.320488075116707,False,True,https://api.fususone.com/api/public/organizations/dallaspd/stats/
fastest_weekly_rate,8,fairfaxcopd,subscribedCameras,previous,37,Connect Fairfax County,Fairfax County,VA,2026-09-28T20:11:52Z,2026-10-08T16:21:51Z,9.840266,623,660,0.0593900481540931,26.32042615905217,False,True,https://api.fususone.com/api/public/organizations/fairfaxcopd/stats/
fastest_weekly_rate,9,charlottemecklenburg,subscribedCameras,previous,34,Connect Charlotte,Charlotte,NC,2026-09-28T20:10:51Z,2026-10-08T16:20:48Z,9.840243,1438,1472,0.02364394993045897,24.186394447404542,False,True,https://api.fususone.com/api/public/organizations/charlottemecklenburg/stats/
fastest_weekly_rate,10,jacksonvillesheriff,subscribedCameras,previous,34,ConnectDuval,Duval County,FL,2026-09-28T20:12:31Z,2026-10-08T16:22:34Z,9.840312,1654,1688,0.020556227327690448,24.186223760678335,False,True,https://api.fususone.com/api/public/organizations/jacksonvillesheriff/stats/
fastest_weekly_rate,11,stjohnscountyso,subscribedCameras,previous,33,Connect St. Johns,St. Johns County,FL,2026-09-28T20:14:56Z,2026-10-08T16:25:00Z,9.840324,1071,1104,0.03081232492997199,23.47483662744471,False,True,https://api.fususone.com/api/public/organizations/stjohnscountyso/stats/
fastest_weekly_rate,12,nypd,subscribedCameras,previous,28,Connect NYPD,New York City,NY,2026-09-28T20:13:37Z,2026-10-08T16:23:41Z,9.840324,2080,2108,0.013461538461538462,19.918043199043996,False,True,https://api.fususone.com/api/public/organizations/nypd/stats/
fastest_weekly_rate,13,greensboropd,subscribedCameras,previous,24,Connect Greensboro,Greensboro,NC,2026-09-28T20:12:06Z,2026-10-08T16:22:09Z,9.840312,701,725,0.034236804564907276,17.072628536949413,False,True,https://api.fususone.com/api/public/organizations/greensboropd/stats/
fastest_weekly_rate,14,monroecoso,subscribedCameras,previous,24,Connect Monroe County,Monroe County,NY,2026-09-28T20:13:18Z,2026-10-08T16:23:22Z,9.840324,801,825,0.0299625468164794,17.072608456323422,False,True,https://api.fususone.com/api/public/organizations/monroecoso/stats/
fastest_weekly_rate,15,cityofshreveport,subscribedCameras,previous,19,Connect Shreveport,Shreveport,LA,2026-09-28T20:11:09Z,2026-10-08T16:21:06Z,9.840243,2341,2360,0.008116189662537377,13.515926308843715,False,True,https://api.fususone.com/api/public/organizations/cityofshreveport/stats/
fastest_weekly_rate,16,cityofstarkville,subscribedCameras,previous,12,Connect Starkville,Starkville,MS,2026-09-28T20:11:10Z,2026-10-08T16:21:07Z,9.840243,575,587,0.020869565217391306,8.536374510848662,False,True,https://api.fususone.com/api/public/organizations/cityofstarkville/stats/
fastest_weekly_rate,17,kentcountysd,subscribedCameras,previous,12,The Kent Safety Network,Kent County,MI,2026-09-28T20:12:36Z,2026-10-08T16:22:39Z,9.840312,503,515,0.02385685884691849,8.536314268474706,False,True,https://api.fususone.com/api/public/organizations/kentcountysd/stats/
fastest_weekly_rate,18,cityofatlanta,subscribedCameras,previous,11,Connect Atlanta,Atlanta,GA,2026-09-28T20:10:59Z,2026-10-08T16:20:56Z,9.840243,2550,2561,0.004313725490196078,7.82500996827794,False,True,https://api.fususone.com/api/public/organizations/cityofatlanta/stats/
fastest_weekly_rate,19,okaloosacounty,subscribedCameras,previous,11,Connect Okaloosa County,Okaloosa County,FL,2026-09-28T20:13:44Z,2026-10-08T16:23:48Z,9.840324,156,167,0.07051282051282051,7.8249455424815695,False,True,https://api.fususone.com/api/public/organizations/okaloosacounty/stats/
fastest_weekly_rate,20,carypd,subscribedCameras,previous,10,Connect Cary,Cary,NC,2026-09-28T20:10:48Z,2026-10-08T16:20:45Z,9.840243,840,850,0.011904761904761904,7.113645425707218,False,True,https://api.fususone.com/api/public/organizations/carypd/stats/
fastest_weekly_rate,21,chicopee,subscribedCameras,previous,10,Connect Chicopee,Chicopee,MA,2026-09-28T20:10:56Z,2026-10-08T16:20:53Z,9.840243,509,519,0.019646365422396856,7.113645425707218,False,True,https://api.fususone.com/api/public/organizations/chicopee/stats/
fastest_weekly_rate,22,dearbornpdmi,subscribedCameras,previous,10,Connect Dearborn,Dearborn,MI,2026-09-28T20:11:35Z,2026-10-08T16:21:32Z,9.840243,510,520,0.0196078431372549,7.113645425707218,False,True,https://api.fususone.com/api/public/organizations/dearbornpdmi/stats/
fastest_weekly_rate,23,harrisoncso,subscribedCameras,previous,10,Connect Harrison County,Harrison County,MS,2026-09-28T20:12:14Z,2026-10-08T16:22:17Z,9.840312,72,82,0.1388888888888889,7.113595223728922,False,True,https://api.fususone.com/api/public/organizations/harrisoncso/stats/
fastest_weekly_rate,24,aacounty,subscribedCameras,previous,9,Connect Anne Arundel,Anne Arundel County,MD,2026-09-28T20:10:02Z,2026-10-08T16:19:56Z,9.840208,2336,2345,0.003852739726027397,6.4023034742658735,False,True,https://api.fususone.com/api/public/organizations/aacounty/stats/
fastest_weekly_rate,25,lafayettepd,subscribedCameras,previous,9,Connect Lafayette,Lafayette,LA,2026-09-28T20:12:40Z,2026-10-08T16:22:43Z,9.840312,1549,1558,0.005810200129115558,6.402235701356029,False,True,https://api.fususone.com/api/public/organizations/lafayettepd/stats/
fastest_weekly_rate,26,wakecounty,subscribedCameras,previous,8,Connect Wake County,Wake County,NC,2026-09-28T20:15:13Z,2026-10-08T16:25:18Z,9.840336,255,263,0.03137254901960784,5.690862791914891,False,True,https://api.fususone.com/api/public/organizations/wakecounty/stats/
fastest_weekly_rate,27,claycountysheriff,subscribedCameras,previous,7,Connect Clay County,Clay County,FL,2026-09-28T20:11:12Z,2026-10-08T16:21:09Z,9.840243,3218,3225,0.002175264139216905,4.979551797995053,False,True,https://api.fususone.com/api/public/organizations/claycountysheriff/stats/
fastest_weekly_rate,28,dalycitypdca,subscribedCameras,previous,7,Connect Daly City,Daly City,CA,2026-09-28T20:11:30Z,2026-10-08T16:21:27Z,9.840243,15,22,0.4666666666666667,4.979551797995053,False,True,https://api.fususone.com/api/public/organizations/dalycitypdca/stats/
fastest_weekly_rate,29,shawneecosheriff,subscribedCameras,previous,6,Connect Shawnee County and the City of Topeka,Shawnee County and the City of Topeka,KS,2026-09-28T20:14:42Z,2026-10-08T16:24:46Z,9.840324,542,548,0.01107011070110701,4.268152114080856,False,True,https://api.fususone.com/api/public/organizations/shawneecosheriff/stats/
fastest_weekly_rate,30,beaumonttx,subscribedCameras,previous,5,Connect Southeast Texas,Southeast Texas,TX,2026-09-28T20:10:25Z,2026-10-08T16:20:20Z,9.84022,757,762,0.0066050198150594455,3.556831079928722,False,True,https://api.fususone.com/api/public/organizations/beaumonttx/stats/
fastest_weekly_rate,31,mcpdmd,subscribedCameras,previous,5,MoCoConnect,Montgomery County,MD,2026-09-28T20:13:04Z,2026-10-08T16:23:07Z,9.840312,1150,1155,0.004347826086956522,3.556797611864461,False,True,https://api.fususone.com/api/public/organizations/mcpdmd/stats/
fastest_weekly_rate,32,newportbeachpdca,subscribedCameras,previous,5,Connect Newport Beach,Newport Beach,CA,2026-09-28T20:13:29Z,2026-10-08T16:23:33Z,9.840324,135,140,0.037037037037037035,3.5567934284007134,False,True,https://api.fususone.com/api/public/organizations/newportbeachpdca/stats/
fastest_weekly_rate,33,richmondva,subscribedCameras,previous,5,Connect Richmond,Richmond,VA,2026-09-28T20:14:17Z,2026-10-08T16:24:21Z,9.840324,405,410,0.012345679012345678,3.5567934284007134,False,True,https://api.fususone.com/api/public/organizations/richmondva/stats/
fastest_weekly_rate,34,fayettevillepd,subscribedCameras,previous,4,Connect Fayetteville,Fayetteville,NC,2026-09-28T20:11:54Z,2026-10-08T16:21:53Z,9.840266,449,453,0.008908685968819599,2.845451476654289,False,True,https://api.fususone.com/api/public/organizations/fayettevillepd/stats/
fastest_weekly_rate,35,monmouthcounty,subscribedCameras,previous,4,Connect Monmouth County,Monmouth County,NJ,2026-09-28T20:13:17Z,2026-10-08T16:23:21Z,9.840324,1020,1024,0.00392156862745098,2.845434742720571,False,True,https://api.fususone.com/api/public/organizations/monmouthcounty/stats/
fastest_weekly_rate,36,oakbrookpd,subscribedCameras,previous,4,Connect Oak Brook,Oak Brook,IL,2026-09-28T20:13:38Z,2026-10-08T16:23:42Z,9.840324,359,363,0.011142061281337047,2.845434742720571,False,True,https://api.fususone.com/api/public/organizations/oakbrookpd/stats/
fastest_weekly_rate,37,brooklynparkpdmn,subscribedCameras,previous,3,Brooklyn Park Community Cameras,Brooklyn Park,MN,2026-09-28T20:10:39Z,2026-10-08T16:20:35Z,9.840231,205,208,0.014634146341463415,2.134096137831747,False,True,https://api.fususone.com/api/public/organizations/brooklynparkpdmn/stats/
fastest_weekly_rate,38,guilfordsheriff,subscribedCameras,previous,3,Connect Guilford County,Guilford County ,NC,2026-09-28T20:12:08Z,2026-10-08T16:22:11Z,9.840312,180,183,0.016666666666666666,2.1340785671186766,False,True,https://api.fususone.com/api/public/organizations/guilfordsheriff/stats/
fastest_weekly_rate,39,littlerockpd,subscribedCameras,previous,3,Connect Little Rock,Little Rock,AR,2026-09-28T20:12:55Z,2026-10-08T16:22:58Z,9.840312,1901,1904,0.0015781167806417674,2.1340785671186766,False,True,https://api.fususone.com/api/public/organizations/littlerockpd/stats/
fastest_weekly_rate,40,baycounty,subscribedCameras,previous,2,Connect Bay County,Bay County,FL,2026-09-28T20:10:24Z,2026-10-08T16:20:19Z,9.84022,1128,1130,0.0017730496453900709,1.422732431971489,False,True,https://api.fususone.com/api/public/organizations/baycounty/stats/
fastest_weekly_rate,41,ciceropd,subscribedCameras,previous,2,Cicero SAFE (Shared Access For Enforcement),Cicero,IL,2026-09-28T20:10:57Z,2026-10-08T16:20:54Z,9.840243,541,543,0.0036968576709796672,1.4227290851414436,False,True,https://api.fususone.com/api/public/organizations/ciceropd/stats/
fastest_weekly_rate,42,forestparkpd,subscribedCameras,previous,2,Connect Forest Park,Forest Park,GA,2026-09-28T20:11:57Z,2026-10-08T16:21:56Z,9.840266,222,224,0.009009009009009009,1.4227257383271446,False,True,https://api.fususone.com/api/public/organizations/forestparkpd/stats/
fastest_weekly_rate,43,montrosepdco,subscribedCameras,previous,2,Connect Montrose,Montrose,CO,2026-09-28T20:13:21Z,2026-10-08T16:23:25Z,9.840324,169,171,0.011834319526627219,1.4227173713602854,False,True,https://api.fususone.com/api/public/organizations/montrosepdco/stats/
fastest_weekly_rate,44,overlandparkpdks,subscribedCameras,previous,2,Secure OP,Overland Park,KS,2026-09-28T20:13:50Z,2026-10-08T16:23:54Z,9.840324,540,542,0.003703703703703704,1.4227173713602854,False,True,https://api.fususone.com/api/public/organizations/overlandparkpdks/stats/
fastest_weekly_rate,45,volusiasheriff,subscribedCameras,previous,2,Connect Volusia,Volusia,FL,2026-09-28T20:15:12Z,2026-10-08T16:25:17Z,9.840336,900,902,0.0022222222222222222,1.4227156979787228,False,True,https://api.fususone.com/api/public/organizations/volusiasheriff/stats/
fastest_weekly_rate,46,auroragov,subscribedCameras,previous,1,Connect Aurora,Aurora,CO,2026-09-28T20:10:21Z,2026-10-08T16:20:16Z,9.84022,935,936,0.0010695187165775401,0.7113662159857445,False,True,https://api.fususone.com/api/public/organizations/auroragov/stats/
fastest_weekly_rate,47,cityofomaha,subscribedCameras,previous,1,Connect Omaha,Omaha,NE,2026-09-28T20:11:06Z,2026-10-08T16:21:03Z,9.840243,686,687,0.0014577259475218659,0.7113645425707218,False,True,https://api.fususone.com/api/public/organizations/cityofomaha/stats/
fastest_weekly_rate,48,dekalbcountyga,subscribedCameras,previous,1,Connect DeKalb County,DeKalb County,GA,2026-09-28T20:11:36Z,2026-10-08T16:21:33Z,9.840243,751,752,0.0013315579227696406,0.7113645425707218,False,True,https://api.fususone.com/api/public/organizations/dekalbcountyga/stats/
fastest_weekly_rate,49,hammondpd,subscribedCameras,previous,1,Hammond BlueNET,Hammond,IN,2026-09-28T20:12:11Z,2026-10-08T16:22:14Z,9.840312,823,824,0.001215066828675577,0.7113595223728921,False,True,https://api.fususone.com/api/public/organizations/hammondpd/stats/
fastest_weekly_rate,50,killeenpd,subscribedCameras,previous,1,KPD Connect,Killeen,TX,2026-09-28T20:12:37Z,2026-10-08T16:22:40Z,9.840312,497,498,0.002012072434607646,0.7113595223728921,False,True,https://api.fususone.com/api/public/organizations/killeenpd/stats/
fastest_weekly_rate,51,losgatospdca,subscribedCameras,previous,1,Community Protecht,Los Gatos,CA,2026-09-28T20:12:56Z,2026-10-08T16:22:59Z,9.840312,33,34,0.030303030303030304,0.7113595223728921,False,True,https://api.fususone.com/api/public/organizations/losgatospdca/stats/
fastest_weekly_rate,52,newcastlede,subscribedCameras,previous,1,Connect New Castle County,New Castle County,DE,2026-09-28T20:13:26Z,2026-10-08T16:23:30Z,9.840324,84,85,0.011904761904761904,0.7113586856801427,False,True,https://api.fususone.com/api/public/organizations/newcastlede/stats/
fastest_weekly_rate,53,renopd,subscribedCameras,previous,1,Connect Reno,Reno,NV,2026-09-28T20:14:12Z,2026-10-08T16:24:16Z,9.840324,513,514,0.001949317738791423,0.7113586856801427,False,True,https://api.fususone.com/api/public/organizations/renopd/stats/
fastest_weekly_rate,54,sandyspringspd,subscribedCameras,previous,1,Connect Sandy Springs,Sandy Springs,GA,2026-09-28T20:14:28Z,2026-10-08T16:24:32Z,9.840324,297,298,0.003367003367003367,0.7113586856801427,False,True,https://api.fususone.com/api/public/organizations/sandyspringspd/stats/
fastest_percentage,1,seatpleasantmd,subscribedCameras,previous,88,Connect Seat Pleasant,Seat Pleasant,MD,2026-09-28T20:14:39Z,2026-10-08T16:24:43Z,9.840324,102,190,0.8627450980392157,62.599564339852556,False,True,https://api.fususone.com/api/public/organizations/seatpleasantmd/stats/
fastest_percentage,2,dothanpd,subscribedCameras,previous,59,Connect Dothan,Dothan,AL,2026-09-28T20:11:39Z,2026-10-08T16:21:36Z,9.840243,174,233,0.3390804597701149,41.970508011672585,False,True,https://api.fususone.com/api/public/organizations/dothanpd/stats/
fastest_percentage,3,harrisoncso,subscribedCameras,previous,10,Connect Harrison County,Harrison County,MS,2026-09-28T20:12:14Z,2026-10-08T16:22:17Z,9.840312,72,82,0.1388888888888889,7.113595223728922,False,True,https://api.fususone.com/api/public/organizations/harrisoncso/stats/
fastest_percentage,4,okaloosacounty,subscribedCameras,previous,11,Connect Okaloosa County,Okaloosa County,FL,2026-09-28T20:13:44Z,2026-10-08T16:23:48Z,9.840324,156,167,0.07051282051282051,7.8249455424815695,False,True,https://api.fususone.com/api/public/organizations/okaloosacounty/stats/
fastest_percentage,5,fairfaxcopd,subscribedCameras,previous,37,Connect Fairfax County,Fairfax County,VA,2026-09-28T20:11:52Z,2026-10-08T16:21:51Z,9.840266,623,660,0.0593900481540931,26.32042615905217,False,True,https://api.fususone.com/api/public/organizations/fairfaxcopd/stats/
fastest_percentage,6,newportnewspd,subscribedCameras,previous,46,Connect Newport News,Newport News,VA,2026-09-28T20:13:30Z,2026-10-08T16:23:34Z,9.840324,884,930,0.05203619909502263,32.72249954128656,False,True,https://api.fususone.com/api/public/organizations/newportnewspd/stats/
fastest_percentage,7,newportbeachpdca,subscribedCameras,previous,5,Connect Newport Beach,Newport Beach,CA,2026-09-28T20:13:29Z,2026-10-08T16:23:33Z,9.840324,135,140,0.037037037037037035,3.5567934284007134,False,True,https://api.fususone.com/api/public/organizations/newportbeachpdca/stats/
fastest_percentage,8,dallaspd,subscribedCameras,previous,37,Connect Dallas,Dallas,TX,2026-09-28T20:11:29Z,2026-10-08T16:21:26Z,9.840243,1040,1077,0.035576923076923075,26.320488075116707,False,True,https://api.fususone.com/api/public/organizations/dallaspd/stats/
fastest_percentage,9,greensboropd,subscribedCameras,previous,24,Connect Greensboro,Greensboro,NC,2026-09-28T20:12:06Z,2026-10-08T16:22:09Z,9.840312,701,725,0.034236804564907276,17.072628536949413,False,True,https://api.fususone.com/api/public/organizations/greensboropd/stats/
fastest_percentage,10,wakecounty,subscribedCameras,previous,8,Connect Wake County,Wake County,NC,2026-09-28T20:15:13Z,2026-10-08T16:25:18Z,9.840336,255,263,0.03137254901960784,5.690862791914891,False,True,https://api.fususone.com/api/public/organizations/wakecounty/stats/
fastest_percentage,11,stjohnscountyso,subscribedCameras,previous,33,Connect St. Johns,St. Johns County,FL,2026-09-28T20:14:56Z,2026-10-08T16:25:00Z,9.840324,1071,1104,0.03081232492997199,23.47483662744471,False,True,https://api.fususone.com/api/public/organizations/stjohnscountyso/stats/
fastest_percentage,12,losgatospdca,subscribedCameras,previous,1,Community Protecht,Los Gatos,CA,2026-09-28T20:12:56Z,2026-10-08T16:22:59Z,9.840312,33,34,0.030303030303030304,0.7113595223728921,False,True,https://api.fususone.com/api/public/organizations/losgatospdca/stats/
fastest_percentage,13,monroecoso,subscribedCameras,previous,24,Connect Monroe County,Monroe County,NY,2026-09-28T20:13:18Z,2026-10-08T16:23:22Z,9.840324,801,825,0.0299625468164794,17.072608456323422,False,True,https://api.fususone.com/api/public/organizations/monroecoso/stats/
fastest_percentage,14,cityofws,subscribedCameras,previous,51,Connect Winston-Salem,the City of Winston-Salem,NC,2026-09-28T20:11:11Z,2026-10-08T16:21:08Z,9.840243,1740,1791,0.029310344827586206,36.279591671106814,False,True,https://api.fususone.com/api/public/organizations/cityofws/stats/
fastest_percentage,15,memphispd,subscribedCameras,previous,54,Connect Memphis,Memphis,TN,2026-09-28T20:13:07Z,2026-10-08T16:23:10Z,9.840312,2128,2182,0.02537593984962406,38.413414208136174,False,True,https://api.fususone.com/api/public/organizations/memphispd/stats/
fastest_percentage,16,kentcountysd,subscribedCameras,previous,12,The Kent Safety Network,Kent County,MI,2026-09-28T20:12:36Z,2026-10-08T16:22:39Z,9.840312,503,515,0.02385685884691849,8.536314268474706,False,True,https://api.fususone.com/api/public/organizations/kentcountysd/stats/
fastest_percentage,17,charlottemecklenburg,subscribedCameras,previous,34,Connect Charlotte,Charlotte,NC,2026-09-28T20:10:51Z,2026-10-08T16:20:48Z,9.840243,1438,1472,0.02364394993045897,24.186394447404542,False,True,https://api.fususone.com/api/public/organizations/charlottemecklenburg/stats/
fastest_percentage,18,norfolkpd,subscribedCameras,previous,45,Connect Norfolk,Norfolk,VA,2026-09-28T20:13:32Z,2026-10-08T16:23:36Z,9.840324,1933,1978,0.023279875840662184,32.01114085560642,False,True,https://api.fususone.com/api/public/organizations/norfolkpd/stats/
fastest_percentage,19,cityofstarkville,subscribedCameras,previous,12,Connect Starkville,Starkville,MS,2026-09-28T20:11:10Z,2026-10-08T16:21:07Z,9.840243,575,587,0.020869565217391306,8.536374510848662,False,True,https://api.fususone.com/api/public/organizations/cityofstarkville/stats/
fastest_percentage,20,jacksonvillesheriff,subscribedCameras,previous,34,ConnectDuval,Duval County,FL,2026-09-28T20:12:31Z,2026-10-08T16:22:34Z,9.840312,1654,1688,0.020556227327690448,24.186223760678335,False,True,https://api.fususone.com/api/public/organizations/jacksonvillesheriff/stats/
fastest_percentage,21,chicopee,subscribedCameras,previous,10,Connect Chicopee,Chicopee,MA,2026-09-28T20:10:56Z,2026-10-08T16:20:53Z,9.840243,509,519,0.019646365422396856,7.113645425707218,False,True,https://api.fususone.com/api/public/organizations/chicopee/stats/
fastest_percentage,22,dearbornpdmi,subscribedCameras,previous,10,Connect Dearborn,Dearborn,MI,2026-09-28T20:11:35Z,2026-10-08T16:21:32Z,9.840243,510,520,0.0196078431372549,7.113645425707218,False,True,https://api.fususone.com/api/public/organizations/dearbornpdmi/stats/
fastest_percentage,23,guilfordsheriff,subscribedCameras,previous,3,Connect Guilford County,Guilford County ,NC,2026-09-28T20:12:08Z,2026-10-08T16:22:11Z,9.840312,180,183,0.016666666666666666,2.1340785671186766,False,True,https://api.fususone.com/api/public/organizations/guilfordsheriff/stats/
fastest_percentage,24,brooklynparkpdmn,subscribedCameras,previous,3,Brooklyn Park Community Cameras,Brooklyn Park,MN,2026-09-28T20:10:39Z,2026-10-08T16:20:35Z,9.840231,205,208,0.014634146341463415,2.134096137831747,False,True,https://api.fususone.com/api/public/organizations/brooklynparkpdmn/stats/
fastest_percentage,25,nypd,subscribedCameras,previous,28,Connect NYPD,New York City,NY,2026-09-28T20:13:37Z,2026-10-08T16:23:41Z,9.840324,2080,2108,0.013461538461538462,19.918043199043996,False,True,https://api.fususone.com/api/public/organizations/nypd/stats/
fastest_percentage,26,richmondva,subscribedCameras,previous,5,Connect Richmond,Richmond,VA,2026-09-28T20:14:17Z,2026-10-08T16:24:21Z,9.840324,405,410,0.012345679012345678,3.5567934284007134,False,True,https://api.fususone.com/api/public/organizations/richmondva/stats/
fastest_percentage,27,carypd,subscribedCameras,previous,10,Connect Cary,Cary,NC,2026-09-28T20:10:48Z,2026-10-08T16:20:45Z,9.840243,840,850,0.011904761904761904,7.113645425707218,False,True,https://api.fususone.com/api/public/organizations/carypd/stats/
fastest_percentage,28,newcastlede,subscribedCameras,previous,1,Connect New Castle County,New Castle County,DE,2026-09-28T20:13:26Z,2026-10-08T16:23:30Z,9.840324,84,85,0.011904761904761904,0.7113586856801427,False,True,https://api.fususone.com/api/public/organizations/newcastlede/stats/
fastest_percentage,29,montrosepdco,subscribedCameras,previous,2,Connect Montrose,Montrose,CO,2026-09-28T20:13:21Z,2026-10-08T16:23:25Z,9.840324,169,171,0.011834319526627219,1.4227173713602854,False,True,https://api.fususone.com/api/public/organizations/montrosepdco/stats/
fastest_percentage,30,oakbrookpd,subscribedCameras,previous,4,Connect Oak Brook,Oak Brook,IL,2026-09-28T20:13:38Z,2026-10-08T16:23:42Z,9.840324,359,363,0.011142061281337047,2.845434742720571,False,True,https://api.fususone.com/api/public/organizations/oakbrookpd/stats/
fastest_percentage,31,shawneecosheriff,subscribedCameras,previous,6,Connect Shawnee County and the City of Topeka,Shawnee County and the City of Topeka,KS,2026-09-28T20:14:42Z,2026-10-08T16:24:46Z,9.840324,542,548,0.01107011070110701,4.268152114080856,False,True,https://api.fususone.com/api/public/organizations/shawneecosheriff/stats/
fastest_percentage,32,forestparkpd,subscribedCameras,previous,2,Connect Forest Park,Forest Park,GA,2026-09-28T20:11:57Z,2026-10-08T16:21:56Z,9.840266,222,224,0.009009009009009009,1.4227257383271446,False,True,https://api.fususone.com/api/public/organizations/forestparkpd/stats/
fastest_percentage,33,fayettevillepd,subscribedCameras,previous,4,Connect Fayetteville,Fayetteville,NC,2026-09-28T20:11:54Z,2026-10-08T16:21:53Z,9.840266,449,453,0.008908685968819599,2.845451476654289,False,True,https://api.fususone.com/api/public/organizations/fayettevillepd/stats/
fastest_percentage,34,cityofshreveport,subscribedCameras,previous,19,Connect Shreveport,Shreveport,LA,2026-09-28T20:11:09Z,2026-10-08T16:21:06Z,9.840243,2341,2360,0.008116189662537377,13.515926308843715,False,True,https://api.fususone.com/api/public/organizations/cityofshreveport/stats/
fastest_percentage,35,beaumonttx,subscribedCameras,previous,5,Connect Southeast Texas,Southeast Texas,TX,2026-09-28T20:10:25Z,2026-10-08T16:20:20Z,9.84022,757,762,0.0066050198150594455,3.556831079928722,False,True,https://api.fususone.com/api/public/organizations/beaumonttx/stats/
fastest_percentage,36,lafayettepd,subscribedCameras,previous,9,Connect Lafayette,Lafayette,LA,2026-09-28T20:12:40Z,2026-10-08T16:22:43Z,9.840312,1549,1558,0.005810200129115558,6.402235701356029,False,True,https://api.fususone.com/api/public/organizations/lafayettepd/stats/
fastest_percentage,37,mcpdmd,subscribedCameras,previous,5,MoCoConnect,Montgomery County,MD,2026-09-28T20:13:04Z,2026-10-08T16:23:07Z,9.840312,1150,1155,0.004347826086956522,3.556797611864461,False,True,https://api.fususone.com/api/public/organizations/mcpdmd/stats/
fastest_percentage,38,cityofatlanta,subscribedCameras,previous,11,Connect Atlanta,Atlanta,GA,2026-09-28T20:10:59Z,2026-10-08T16:20:56Z,9.840243,2550,2561,0.004313725490196078,7.82500996827794,False,True,https://api.fususone.com/api/public/organizations/cityofatlanta/stats/
fastest_percentage,39,monmouthcounty,subscribedCameras,previous,4,Connect Monmouth County,Monmouth County,NJ,2026-09-28T20:13:17Z,2026-10-08T16:23:21Z,9.840324,1020,1024,0.00392156862745098,2.845434742720571,False,True,https://api.fususone.com/api/public/organizations/monmouthcounty/stats/
fastest_percentage,40,aacounty,subscribedCameras,previous,9,Connect Anne Arundel,Anne Arundel County,MD,2026-09-28T20:10:02Z,2026-10-08T16:19:56Z,9.840208,2336,2345,0.003852739726027397,6.4023034742658735,False,True,https://api.fususone.com/api/public/organizations/aacounty/stats/
fastest_percentage,41,overlandparkpdks,subscribedCameras,previous,2,Secure OP,Overland Park,KS,2026-09-28T20:13:50Z,2026-10-08T16:23:54Z,9.840324,540,542,0.003703703703703704,1.4227173713602854,False,True,https://api.fususone.com/api/public/organizations/overlandparkpdks/stats/
fastest_percentage,42,ciceropd,subscribedCameras,previous,2,Cicero SAFE (Shared Access For Enforcement),Cicero,IL,2026-09-28T20:10:57Z,2026-10-08T16:20:54Z,9.840243,541,543,0.0036968576709796672,1.4227290851414436,False,True,https://api.fususone.com/api/public/organizations/ciceropd/stats/
fastest_percentage,43,sandyspringspd,subscribedCameras,previous,1,Connect Sandy Springs,Sandy Springs,GA,2026-09-28T20:14:28Z,2026-10-08T16:24:32Z,9.840324,297,298,0.003367003367003367,0.7113586856801427,False,True,https://api.fususone.com/api/public/organizations/sandyspringspd/stats/
fastest_percentage,44,volusiasheriff,subscribedCameras,previous,2,Connect Volusia,Volusia,FL,2026-09-28T20:15:12Z,2026-10-08T16:25:17Z,9.840336,900,902,0.0022222222222222222,1.4227156979787228,False,True,https://api.fususone.com/api/public/organizations/volusiasheriff/stats/
fastest_percentage,45,claycountysheriff,subscribedCameras,previous,7,Connect Clay County,Clay County,FL,2026-09-28T20:11:12Z,2026-10-08T16:21:09Z,9.840243,3218,3225,0.002175264139216905,4.979551797995053,False,True,https://api.fususone.com/api/public/organizations/claycountysheriff/stats/
fastest_percentage,46,killeenpd,subscribedCameras,previous,1,KPD Connect,Killeen,TX,2026-09-28T20:12:37Z,2026-10-08T16:22:40Z,9.840312,497,498,0.002012072434607646,0.7113595223728921,False,True,https://api.fususone.com/api/public/organizations/killeenpd/stats/
fastest_percentage,47,renopd,subscribedCameras,previous,1,Connect Reno,Reno,NV,2026-09-28T20:14:12Z,2026-10-08T16:24:16Z,9.840324,513,514,0.001949317738791423,0.7113586856801427,False,True,https://api.fususone.com/api/public/organizations/renopd/stats/
fastest_percentage,48,baycounty,subscribedCameras,previous,2,Connect Bay County,Bay County,FL,2026-09-28T20:10:24Z,2026-10-08T16:20:19Z,9.84022,1128,1130,0.0017730496453900709,1.422732431971489,False,True,https://api.fususone.com/api/public/organizations/baycounty/stats/
fastest_percentage,49,littlerockpd,subscribedCameras,previous,3,Connect Little Rock,Little Rock,AR,2026-09-28T20:12:55Z,2026-10-08T16:22:58Z,9.840312,1901,1904,0.0015781167806417674,2.1340785671186766,False,True,https://api.fususone.com/api/public/organizations/littlerockpd/stats/
fastest_percentage,50,cityofomaha,subscribedCameras,previous,1,Connect Omaha,Omaha,NE,2026-09-28T20:11:06Z,2026-10-08T16:21:03Z,9.840243,686,687,0.0014577259475218659,0.7113645425707218,False,True,https://api.fususone.com/api/public/organizations/cityofomaha/stats/
fastest_percentage,51,dekalbcountyga,subscribedCameras,previous,1,Connect DeKalb County,DeKalb County,GA,2026-09-28T20:11:36Z,2026-10-08T16:21:33Z,9.840243,751,752,0.0013315579227696406,0.7113645425707218,False,True,https://api.fususone.com/api/public/organizations/dekalbcountyga/stats/
fastest_percentage,52,hammondpd,subscribedCameras,previous,1,Hammond BlueNET,Hammond,IN,2026-09-28T20:12:11Z,2026-10-08T16:22:14Z,9.840312,823,824,0.001215066828675577,0.7113595223728921,False,True,https://api.fususone.com/api/public/organizations/hammondpd/stats/
fastest_percentage,53,auroragov,subscribedCameras,previous,1,Connect Aurora,Aurora,CO,2026-09-28T20:10:21Z,2026-10-08T16:20:16Z,9.84022,935,936,0.0010695187165775401,0.7113662159857445,False,True,https://api.fususone.com/api/public/organizations/auroragov/stats/
largest_declines,1,turlockpd,subscribedCameras,previous,-63,Connect Turlock,Turlock,CA,2026-09-28T20:15:06Z,2026-10-08T16:25:11Z,9.840336,162,99,-0.3888888888888889,-44.81554448632977,False,True,https://api.fususone.com/api/public/organizations/turlockpd/stats/
largest_declines,2,richlandpdwa,subscribedCameras,previous,-42,Connect Richland,Richland,WA,2026-09-28T20:14:15Z,2026-10-08T16:24:19Z,9.840324,159,117,-0.2641509433962264,-29.877064798565993,False,True,https://api.fususone.com/api/public/organizations/richlandpdwa/stats/
largest_declines,3,anaheim,subscribedCameras,previous,-29,Connect Anaheim,Anaheim,CA,2026-09-28T20:10:12Z,2026-10-08T16:20:07Z,9.84022,655,626,-0.044274809160305344,-20.629620263586588,False,True,https://api.fususone.com/api/public/organizations/anaheim/stats/
largest_declines,4,chesterfieldcounty,subscribedCameras,previous,-27,Chesterfield Community Connect Program,Chesterfield County,VA,2026-09-28T20:10:54Z,2026-10-08T16:20:51Z,9.840243,958,931,-0.028183716075156576,-19.206842649409488,False,True,https://api.fususone.com/api/public/organizations/chesterfieldcounty/stats/
largest_declines,5,oaklawn,subscribedCameras,previous,-26,Connect Oak Lawn,Oak Lawn,IL,2026-09-28T20:13:40Z,2026-10-08T16:23:44Z,9.840324,789,763,-0.032953105196451206,-18.495325827683708,False,True,https://api.fususone.com/api/public/organizations/oaklawn/stats/
largest_declines,6,garypd,subscribedCameras,previous,-20,Connect Gary,Gary,IN,2026-09-28T20:12:02Z,2026-10-08T16:22:05Z,9.840312,754,734,-0.026525198938992044,-14.227190447457843,False,True,https://api.fususone.com/api/public/organizations/garypd/stats/
largest_declines,7,seattlepd,subscribedCameras,previous,-10,Connect Seattle,Seattle,WA,2026-09-28T20:14:40Z,2026-10-08T16:24:44Z,9.840324,673,663,-0.014858841010401188,-7.113586856801427,False,True,https://api.fususone.com/api/public/organizations/seattlepd/stats/
largest_declines,8,wichitapdks,subscribedCameras,previous,-9,Connected Wichita,Wichita,KS,2026-09-28T20:15:21Z,2026-10-08T16:25:26Z,9.840336,316,307,-0.028481012658227847,-6.402220640904252,False,True,https://api.fususone.com/api/public/organizations/wichitapdks/stats/
largest_declines,9,ontariopolice,subscribedCameras,previous,-7,Connect Ontario,Ontario,CA,2026-09-28T20:13:46Z,2026-10-08T16:23:50Z,9.840324,1264,1257,-0.005537974683544304,-4.979510799760999,False,True,https://api.fususone.com/api/public/organizations/ontariopolice/stats/
largest_declines,10,carencropd,subscribedCameras,previous,-4,Connect Carencro,Carencro,LA,2026-09-28T20:10:46Z,2026-10-08T16:20:43Z,9.840243,215,211,-0.018604651162790697,-2.845458170282887,False,True,https://api.fususone.com/api/public/organizations/carencropd/stats/
largest_declines,11,cityofmiamipd,subscribedCameras,previous,-4,Connect Miami,Miami,FL,2026-09-28T20:11:04Z,2026-10-08T16:21:01Z,9.840243,1207,1203,-0.0033140016570008283,-2.845458170282887,False,True,https://api.fususone.com/api/public/organizations/cityofmiamipd/stats/
largest_declines,12,peoriapdaz,subscribedCameras,previous,-4,Connect Peoria,Peoria,AZ,2026-09-28T20:13:58Z,2026-10-08T16:24:02Z,9.840324,394,390,-0.01015228426395939,-2.845434742720571,False,True,https://api.fususone.com/api/public/organizations/peoriapdaz/stats/
largest_declines,13,cityofroswell,subscribedCameras,previous,-3,Connect Roswell,Roswell,GA,2026-09-28T20:11:08Z,2026-10-08T16:21:05Z,9.840243,511,508,-0.005870841487279843,-2.1340936277121654,False,True,https://api.fususone.com/api/public/organizations/cityofroswell/stats/
largest_declines,14,orlando,subscribedCameras,previous,-3,Orlando Connect,Orlando,FL,2026-09-28T20:13:48Z,2026-10-08T16:23:52Z,9.840324,1003,1000,-0.0029910269192422734,-2.134076057040428,False,True,https://api.fususone.com/api/public/organizations/orlando/stats/
largest_declines,15,anokacountysomn,subscribedCameras,previous,-2,Anoka County Real Time Crime Center,Anoka County,MN,2026-09-28T20:10:14Z,2026-10-08T16:20:09Z,9.84022,634,632,-0.0031545741324921135,-1.422732431971489,False,True,https://api.fususone.com/api/public/organizations/anokacountysomn/stats/
largest_declines,16,glendorapdca,subscribedCameras,previous,-2,Connect Glendora,Glendora,CA,2026-09-28T20:12:03Z,2026-10-08T16:22:06Z,9.840312,101,99,-0.019801980198019802,-1.4227190447457843,False,True,https://api.fususone.com/api/public/organizations/glendorapdca/stats/
largest_declines,17,northlittlerock,subscribedCameras,previous,-2,Connect North Little Rock,North Little Rock,AR,2026-09-28T20:13:34Z,2026-10-08T16:23:38Z,9.840324,730,728,-0.0027397260273972603,-1.4227173713602854,False,True,https://api.fususone.com/api/public/organizations/northlittlerock/stats/
largest_declines,18,raleighncpd,subscribedCameras,previous,-2,CONNECTRALEIGH,Raleigh,NC,2026-09-28T20:14:09Z,2026-10-08T16:24:13Z,9.840324,1128,1126,-0.0017730496453900709,-1.4227173713602854,False,True,https://api.fususone.com/api/public/organizations/raleighncpd/stats/
largest_declines,19,rockymountpd,subscribedCameras,previous,-2,Connect Rocky Mount,Rocky Mount,NC,2026-09-28T20:14:21Z,2026-10-08T16:24:25Z,9.840324,616,614,-0.003246753246753247,-1.4227173713602854,False,True,https://api.fususone.com/api/public/organizations/rockymountpd/stats/
largest_declines,20,tempepd,subscribedCameras,previous,-2,Connect Tempe,Tempe,AZ,2026-09-28T20:15:01Z,2026-10-08T16:25:05Z,9.840324,907,905,-0.002205071664829107,-1.4227173713602854,False,True,https://api.fususone.com/api/public/organizations/tempepd/stats/
largest_declines,21,charlestonpd,subscribedCameras,previous,-1,Connect Charleston,Charleston,SC,2026-09-28T20:10:49Z,2026-10-08T16:20:46Z,9.840243,466,465,-0.002145922746781116,-0.7113645425707218,False,True,https://api.fususone.com/api/public/organizations/charlestonpd/stats/
largest_declines,22,coloradospringspd,subscribedCameras,previous,-1,Together COS,Colorado Springs,CO,2026-09-28T20:11:20Z,2026-10-08T16:21:17Z,9.840243,860,859,-0.0011627906976744186,-0.7113645425707218,False,True,https://api.fususone.com/api/public/organizations/coloradospringspd/stats/
largest_declines,23,escambiafl,subscribedCameras,previous,-1,Star Network,Escambia County,FL,2026-09-28T20:11:49Z,2026-10-08T16:21:48Z,9.840266,369,368,-0.0027100271002710027,-0.7113628691635723,False,True,https://api.fususone.com/api/public/organizations/escambiafl/stats/
largest_declines,24,lynchburgpd,subscribedCameras,previous,-1,Hill City Connect,Lynchburg,VA,2026-09-28T20:12:58Z,2026-10-08T16:23:01Z,9.840312,732,731,-0.001366120218579235,-0.7113595223728921,False,True,https://api.fususone.com/api/public/organizations/lynchburgpd/stats/
largest_declines,25,peoriapd,subscribedCameras,previous,-1,Connect Peoria,Peoria,IL,2026-09-28T20:13:57Z,2026-10-08T16:24:01Z,9.840324,537,536,-0.00186219739292365,-0.7113586856801427,False,True,https://api.fususone.com/api/public/organizations/peoriapd/stats/
largest_declines,26,pgcountypd,subscribedCameras,previous,-1,Connect Prince George's County,Prince George's County,MD,2026-09-28T20:14:00Z,2026-10-08T16:24:04Z,9.840324,1483,1482,-0.0006743088334457181,-0.7113586856801427,False,True,https://api.fususone.com/api/public/organizations/pgcountypd/stats/
